item_id,order_id,product_id,quantity,unit_price,discount_percent
ITEM000001,ORD000001,PROD0159,3,39556.37,11.3
ITEM000002,ORD000001,PROD0275,2,895.2,8.0
ITEM000003,ORD000001,PROD0280,3,11115.23,20.29
ITEM000004,ORD000001,PROD0368,1,1736.46,22.34
ITEM000005,ORD000002,PROD0272,1,1870.98,21.63
ITEM000006,ORD000003,PROD0427,2,10243.45,32.43
ITEM000007,ORD000003,PROD0046,5,12882.91,6.52
ITEM000008,ORD000003,PROD0074,5,1050.99,39.77
ITEM000009,ORD000004,PROD0057,5,764.52,19.04
ITEM000010,ORD000004,PROD0163,4,791.37,2.27
ITEM000011,ORD000005,PROD0469,1,63659.23,15.62
ITEM000012,ORD000005,PROD0290,2,3140.51,31.71
ITEM000013,ORD000006,PROD0055,2,8232.69,
ITEM000014,ORD000006,PROD0007,1,783.89,5.19
ITEM000015,ORD000006,PROD0252,2,1289.77,1.94
ITEM000016,ORD000006,PROD0015,4,262.37,0.33
ITEM000017,ORD000007,PROD0305,1,15292.33,0.44
ITEM000018,ORD000008,PROD0271,1,1001.84,1.15
ITEM000019,ORD000009,PROD0283,2,980.74,14.84
ITEM000020,ORD000010,PROD0101,2,754.9,24.93
ITEM000021,ORD000010,PROD0013,4,708.8,19.72
ITEM000022,ORD000010,PROD0159,5,42097.57,11.43
ITEM000023,ORD000011,PROD0339,2,770.43,0.65
ITEM000024,ORD000011,PROD0342,3,63975.56,11.34
ITEM000025,ORD000011,PROD0132,4,5591.0,31.77
ITEM000026,ORD000012,PROD0219,3,49593.15,9.39
ITEM000027,ORD000013,PROD0392,3,80205.33,0.42
ITEM000028,ORD000014,PROD0361,-4,12963.42,7.87
ITEM000029,ORD000014,PROD0023,1,1256.14,27.24
ITEM000030,ORD000015,PROD0329,1,21465.44,12.64
ITEM000031,ORD000015,PROD0238,3,71993.43,3.0
ITEM000032,ORD000016,PROD0149,1,7186.72,29.28
ITEM000033,ORD000016,PROD0046,4,14026.53,18.41
ITEM000034,ORD000016,PROD0349,5,17974.99,17.39
ITEM000035,ORD000017,PROD0417,2,1327.68,4.92
ITEM000036,ORD000017,PROD0437,4,76531.16,18.4
ITEM000037,ORD000017,PROD0004,1,2765.8,39.75
ITEM000038,ORD000018,PROD0385,3,974.28,25.7
ITEM000039,ORD000018,PROD0059,4,442.87,34.01
ITEM000040,ORD000018,PROD0340,2,1079.43,22.62
ITEM000041,ORD000018,PROD0136,5,2173.16,30.52
ITEM000042,ORD000019,PROD0165,2,697.52,36.74
ITEM000043,ORD000019,PROD0340,5,921.95,1.87
ITEM000044,ORD000019,PROD0070,0,979.49,16.93
ITEM000045,ORD000019,PROD0364,3,62244.3,11.88
ITEM000046,ORD000020,PROD0444,4,2816.31,3.36
ITEM000047,ORD000020,PROD0338,4,318.46,12.94
ITEM000048,ORD000021,PROD0084,-1,18986.46,28.66
ITEM000049,ORD000022,PROD0493,2,2317.75,39.72
ITEM000050,ORD000022,PROD0057,4,715.16,37.57
ITEM000051,ORD000022,PROD0346,1,347.77,11.95
ITEM000052,ORD000023,PROD0003,1,1926.59,13.4
ITEM000053,ORD000023,PROD0290,2,3636.55,32.96
ITEM000054,ORD000023,PROD0381,1,33965.93,0.74
ITEM000055,ORD000023,PROD0204,3,1150.84,16.81
ITEM000056,ORD000024,PROD0413,-2,12021.34,1.6
ITEM000057,ORD000025,PROD0389,3,14389.43,37.75
ITEM000058,ORD000025,PROD0381,1,41684.61,12.6
ITEM000059,ORD000026,PROD0048,5,37309.93,19.38
ITEM000060,ORD000026,PROD0243,5,8843.0,36.56
ITEM000061,ORD000027,PROD0271,3,897.75,11.28
ITEM000062,ORD000028,PROD0057,4,792.08,29.81
ITEM000063,ORD000028,PROD0118,2,67025.3,23.43
ITEM000064,ORD000029,PROD0315,3,1179.47,13.58
ITEM000065,ORD000030,PROD0340,4,908.22,36.77
ITEM000066,ORD000031,PROD0395,3,86840.74,33.07
ITEM000067,ORD000031,PROD0057,4,786.94,2.57
ITEM000068,ORD000032,PROD0460,4,17355.34,19.32
ITEM000069,ORD000032,PROD0247,1,62413.78,27.9
ITEM000070,ORD000033,PROD0340,3,932.42,39.18
ITEM000071,ORD000033,PROD0485,-4,73990.78,27.18
ITEM000072,ORD000034,PROD0290,4,3388.33,
ITEM000073,ORD000034,PROD0469,4,49985.79,21.72
ITEM000074,ORD000034,PROD0057,4,703.27,12.91
ITEM000075,ORD000034,PROD0349,4,17573.15,26.62
ITEM000076,ORD000035,PROD0159,3,41350.96,39.65
ITEM000077,ORD000035,PROD0219,1,46009.42,13.5
ITEM000078,ORD000035,PROD0189,2,3541.95,2.85
ITEM000079,ORD000035,PROD0118,2,60760.12,10.4
ITEM000080,ORD000036,PROD0476,2,11140.09,21.38
ITEM000081,ORD000036,PROD0228,3,11258.02,29.21
ITEM000082,ORD000036,PROD0477,1,32954.41,37.46
ITEM000083,ORD000036,PROD0089,1,19669.29,13.31
ITEM000084,ORD000037,PROD0013,3,656.07,26.72
ITEM000085,ORD000037,PROD0369,5,1391.42,33.79
ITEM000086,ORD000038,PROD0057,2,753.65,14.5
ITEM000087,ORD000038,PROD0238,1,65703.46,30.8
ITEM000088,ORD000038,PROD0219,1,57604.79,25.57
ITEM000089,ORD000038,PROD0114,3,2552.26,21.94
ITEM000090,ORD000039,PROD0002,3,4056.42,32.35
ITEM000091,ORD000039,PROD0101,5,748.65,13.28
ITEM000092,ORD000039,PROD0413,2,10361.7,9.09
ITEM000093,ORD000039,PROD0207,3,13075.71,24.39
ITEM000094,ORD000040,PROD0311,4,10145.14,27.47
ITEM000095,ORD000041,PROD0003,2,1903.99,25.66
ITEM000096,ORD000041,PROD0340,3,1115.05,9.79
ITEM000097,ORD000042,PROD0484,3,19326.45,24.91
ITEM000098,ORD000042,PROD0219,3,55179.04,33.97
ITEM000099,ORD000043,PROD0170,5,2408.27,36.59
ITEM000100,ORD000044,PROD0491,1,36058.21,11.8
ITEM000101,ORD000045,PROD0400,5,38287.48,23.75
ITEM000102,ORD000045,PROD0193,2,1624.3,26.15
ITEM000103,ORD000045,PROD0290,1,3798.96,9.12
ITEM000104,ORD000045,PROD0260,4,153.21,31.98
ITEM000105,ORD000046,PROD0018,3,23133.34,23.24
ITEM000106,ORD000046,PROD0028,4,1252.6,23.73
ITEM000107,ORD000046,PROD0396,5,3591.73,18.1
ITEM000108,ORD000046,PROD0229,1,1818.42,22.31
ITEM000109,ORD000047,PROD0059,2,474.18,17.73
ITEM000110,ORD000047,PROD0013,1,562.11,6.04
ITEM000111,ORD000047,PROD0330,-5,28521.33,33.99
ITEM000112,ORD000047,PROD0247,1,61670.33,31.56
ITEM000113,ORD000048,PROD0416,1,41271.99,32.34
ITEM000114,ORD000048,PROD0219,4,56427.0,23.84
ITEM000115,ORD000048,PROD0014,2,17432.99,22.19
ITEM000116,ORD000048,PROD0282,3,998.47,37.19
ITEM000117,ORD000049,PROD0283,1,1019.76,16.83
ITEM000118,ORD000049,PROD0227,5,374.84,39.86
ITEM000119,ORD000049,PROD0163,4,838.16,30.64
ITEM000120,ORD000050,PROD0048,1,30921.21,17.6
ITEM000121,ORD000050,PROD0163,5,893.34,35.09
ITEM000122,ORD000051,PROD0340,1,940.63,21.5
ITEM000123,ORD000051,PROD0033,4,8877.48,28.06
ITEM000124,ORD000051,PROD0476,3,15372.67,21.43
ITEM000125,ORD000052,PROD0294,5,58659.69,23.31
ITEM000126,ORD000052,PROD0432,5,48786.74,9.28
ITEM000127,ORD000052,PROD0388,3,202.46,16.48
ITEM000128,ORD000053,PROD0013,2,687.7,34.25
ITEM000129,ORD000053,PROD0392,2,61925.72,19.19
ITEM000130,ORD000053,PROD0222,1,1547.76,14.64
ITEM000131,ORD000054,PROD0277,2,2667.45,20.36
ITEM000132,ORD000054,PROD0372,1,48705.43,13.26
ITEM000133,ORD000055,PROD0304,2,723.46,15.04
ITEM000134,ORD000055,PROD0163,3,867.17,31.88
ITEM000135,ORD000055,PROD0219,3,44915.44,28.36
ITEM000136,ORD000056,PROD0163,3,890.13,36.86
ITEM000137,ORD000057,PROD0197,-3,275.43,6.46
ITEM000138,ORD000058,PROD0182,3,927.85,31.51
ITEM000139,ORD000059,PROD0319,1,333.79,22.5
ITEM000140,ORD000059,PROD0392,2,67154.98,5.01
ITEM000141,ORD000059,PROD0318,2,542.55,6.06
ITEM000142,ORD000060,PROD0483,5,2869.2,28.28
ITEM000143,ORD000060,PROD0252,4,1178.22,29.85
ITEM000144,ORD000060,PROD0188,1,58896.91,15.77
ITEM000145,ORD000061,PROD0392,2,82126.98,5.35
ITEM000146,ORD000061,PROD0096,5,1046.88,8.35
ITEM000147,ORD000062,PROD0251,4,18681.16,3.75
ITEM000148,ORD000062,PROD0288,3,1387.51,10.97
ITEM000149,ORD000062,PROD0059,3,392.66,15.82
ITEM000150,ORD000062,PROD0438,4,6752.51,15.35
ITEM000151,ORD000063,PROD0166,5,53459.94,36.18
ITEM000152,ORD000063,PROD0286,5,50648.07,19.44
ITEM000153,ORD000064,PROD0392,-1,67410.74,37.09
ITEM000154,ORD000064,PROD0469,1,57242.92,13.38
ITEM000155,ORD000064,PROD0344,3,2606.03,10.23
ITEM000156,ORD000065,PROD0057,0,823.12,18.75
ITEM000157,ORD000065,PROD0101,3,794.68,27.83
ITEM000158,ORD000065,PROD0219,2,50978.53,10.43
ITEM000159,ORD000065,PROD0219,5,49951.08,5.36
ITEM000160,ORD000066,PROD0007,2,682.65,17.0
ITEM000161,ORD000066,PROD0015,3,289.79,28.92
ITEM000162,ORD000066,PROD0479,2,2009.62,37.53
ITEM000163,ORD000067,PROD0219,1,48252.14,31.94
ITEM000164,ORD000067,PROD0217,4,171.58,12.05
ITEM000165,ORD000067,PROD0217,0,172.08,34.55
ITEM000166,ORD000067,PROD0311,1,10832.63,28.27
ITEM000167,ORD000068,PROD0013,1,568.15,34.97
ITEM000168,ORD000068,PROD0339,1,639.73,5.52
ITEM000169,ORD000068,PROD0045,-2,21286.23,16.35
ITEM000170,ORD000068,PROD0154,5,28903.43,39.32
ITEM000171,ORD000069,PROD0086,2,12955.34,11.12
ITEM000172,ORD000069,PROD0156,5,783.62,1.89
ITEM000173,ORD000070,PROD0045,5,24084.49,4.55
ITEM000174,ORD000071,PROD0088,2,23779.9,7.26
ITEM000175,ORD000071,PROD0486,2,265.46,13.42
ITEM000176,ORD000071,PROD0329,2,19436.54,11.94
ITEM000177,ORD000072,PROD0198,3,6916.47,7.73
ITEM000178,ORD000072,PROD0017,3,62818.26,25.47
ITEM000179,ORD000072,PROD0457,3,19236.24,25.0
ITEM000180,ORD000072,PROD0219,4,45317.79,27.53
ITEM000181,ORD000073,PROD0163,1,806.45,15.6
ITEM000182,ORD000073,PROD0379,5,738.57,16.66
ITEM000183,ORD000073,PROD0219,2,57682.2,27.92
ITEM000184,ORD000073,PROD0435,3,3090.62,28.79
ITEM000185,ORD000074,PROD0088,4,23815.47,30.63
ITEM000186,ORD000074,PROD0163,3,783.36,30.2
ITEM000187,ORD000074,PROD0471,1,369.04,25.64
ITEM000188,ORD000075,PROD0477,5,36698.63,8.5
ITEM000189,ORD000075,PROD0187,4,18903.3,16.52
ITEM000190,ORD000075,PROD0348,5,69418.74,24.64
ITEM000191,ORD000075,PROD0362,1,42341.55,8.98
ITEM000192,ORD000076,PROD0048,5,37005.79,3.54
ITEM000193,ORD000077,PROD0391,4,64348.38,31.0
ITEM000194,ORD000077,PROD0477,5,31460.67,22.16
ITEM000195,ORD000077,PROD0252,3,1157.32,39.17
ITEM000196,ORD000077,PROD0178,3,626.84,7.36
ITEM000197,ORD000078,PROD0353,2,1308.85,13.78
ITEM000198,ORD000078,PROD0467,1,1055.88,23.4
ITEM000199,ORD000079,PROD0007,5,700.01,3.2
ITEM000200,ORD000079,PROD0070,4,928.93,3.54
ITEM000201,ORD000079,PROD0496,5,36042.75,24.0
ITEM000202,ORD000080,PROD0049,-5,1091.33,16.05
ITEM000203,ORD000080,PROD0255,5,74232.53,7.79
ITEM000204,ORD000080,PROD0485,4,58179.05,8.2
ITEM000205,ORD000080,PROD0240,1,1959.97,27.65
ITEM000206,ORD000081,PROD0477,4,38033.24,39.76
ITEM000207,ORD000082,PROD0048,3,27503.62,26.52
ITEM000208,ORD000083,PROD0014,2,15909.34,21.19
ITEM000209,ORD000084,PROD0421,4,42372.09,29.92
ITEM000210,ORD000084,PROD0290,3,2815.66,30.79
ITEM000211,ORD000084,PROD0450,3,9739.36,39.86
ITEM000212,ORD000084,PROD0081,4,2293.56,19.43
ITEM000213,ORD000085,PROD0085,1,12586.08,3.96
ITEM000214,ORD000086,PROD0381,2,31805.1,27.27
ITEM000215,ORD000087,PROD0497,0,11719.79,38.83
ITEM000216,ORD000088,PROD0136,5,2239.57,12.68
ITEM000217,ORD000089,PROD0371,4,385.34,19.63
ITEM000218,ORD000090,PROD0075,5,568.34,36.72
ITEM000219,ORD000090,PROD0288,4,1283.45,11.45
ITEM000220,ORD000090,PROD0057,1,773.8,36.8
ITEM000221,ORD000090,PROD0015,4,296.22,2.66
ITEM000222,ORD000091,PROD0163,2,992.37,12.48
ITEM000223,ORD000091,PROD0057,4,777.78,28.3
ITEM000224,ORD000091,PROD0273,5,786.49,17.04
ITEM000225,ORD000092,PROD0490,1,4203.24,29.22
ITEM000226,ORD000092,PROD0163,4,898.84,20.19
ITEM000227,ORD000093,PROD0213,4,801.09,30.42
ITEM000228,ORD000093,PROD0163,1,785.92,3.32
ITEM000229,ORD000094,PROD0050,4,7859.67,16.84
ITEM000230,ORD000094,PROD0013,4,675.09,0.21
ITEM000231,ORD000094,PROD0490,5,4822.83,39.53
ITEM000232,ORD000095,PROD0219,1,50263.86,20.06
ITEM000233,ORD000096,PROD0430,2,423.95,7.24
ITEM000234,ORD000096,PROD0133,4,51655.95,7.7
ITEM000235,ORD000096,PROD0271,1,806.42,30.05
ITEM000236,ORD000097,PROD0101,1,975.01,13.88
ITEM000237,ORD000098,PROD0079,4,93565.08,25.73
ITEM000238,ORD000098,PROD0471,4,349.53,37.44
ITEM000239,ORD000098,PROD0219,5,57485.9,1.17
ITEM000240,ORD000099,PROD0420,3,6239.64,34.67
ITEM000241,ORD000100,PROD0144,2,8181.15,36.26
ITEM000242,ORD000100,PROD0123,4,73290.99,35.35
ITEM000243,ORD000101,PROD0065,5,552.38,15.42
ITEM000244,ORD000102,PROD0491,1,36404.33,22.33
ITEM000245,ORD000102,PROD0319,5,300.97,10.02
ITEM000246,ORD000102,PROD0105,5,739.99,13.28
ITEM000247,ORD000102,PROD0163,3,851.26,30.73
ITEM000248,ORD000103,PROD0074,1,1355.69,17.2
ITEM000249,ORD000103,PROD0337,2,817.88,17.17
ITEM000250,ORD000103,PROD0348,4,75618.96,30.25
ITEM000251,ORD000104,PROD0036,4,3152.01,16.73
ITEM000252,ORD000105,PROD0270,2,8982.46,20.48
ITEM000253,ORD000105,PROD0344,2,2990.44,11.83
ITEM000254,ORD000105,PROD0372,2,53824.91,0.37
ITEM000255,ORD000106,PROD0106,3,46673.69,0.19
ITEM000256,ORD000106,PROD0036,3,3580.95,9.86
ITEM000257,ORD000107,PROD0163,4,807.99,37.13
ITEM000258,ORD000108,PROD0253,2,259.12,2.46
ITEM000259,ORD000108,PROD0090,5,999.17,11.64
ITEM000260,ORD000108,PROD0098,5,17133.24,15.47
ITEM000261,ORD000108,PROD0011,5,22698.29,35.27
ITEM000262,ORD000109,PROD0209,3,1207.19,33.17
ITEM000263,ORD000110,PROD0185,2,16493.62,9.63
ITEM000264,ORD000111,PROD0169,1,642.62,32.78
ITEM000265,ORD000111,PROD0484,2,17330.6,12.08
ITEM000266,ORD000111,PROD0399,2,35235.52,23.4
ITEM000267,ORD000111,PROD0105,3,632.25,19.49
ITEM000268,ORD000112,PROD0020,5,1136.94,15.07
ITEM000269,ORD000113,PROD0165,3,668.61,29.6
ITEM000270,ORD000113,PROD0275,4,669.08,35.94
ITEM000271,ORD000113,PROD0135,2,926.57,38.49
ITEM000272,ORD000114,PROD0219,1,54255.59,17.64
ITEM000273,ORD000114,PROD0110,1,4932.55,14.11
ITEM000274,ORD000114,PROD0340,1,882.33,17.12
ITEM000275,ORD000114,PROD0198,2,7060.81,30.39
ITEM000276,ORD000115,PROD0375,1,764.64,19.07
ITEM000277,ORD000116,PROD0382,2,2041.95,4.56
ITEM000278,ORD000117,PROD0013,4,660.32,9.84
ITEM000279,ORD000117,PROD0333,3,694.77,5.52
ITEM000280,ORD000117,PROD0231,5,45745.34,19.92
ITEM000281,ORD000117,PROD0416,-2,39073.94,1.16
ITEM000282,ORD000118,PROD0404,2,88259.48,36.31
ITEM000283,ORD000118,PROD0109,2,61020.91,23.98
ITEM000284,ORD000118,PROD0420,2,7101.49,38.58
ITEM000285,ORD000118,PROD0048,2,34456.64,13.7
ITEM000286,ORD000119,PROD0450,2,9696.99,10.99
ITEM000287,ORD000119,PROD0393,2,87343.56,7.36
ITEM000288,ORD000119,PROD0381,3,33047.07,7.32
ITEM000289,ORD000120,PROD0096,2,1110.99,26.91
ITEM000290,ORD000120,PROD0355,4,18965.06,11.74
ITEM000291,ORD000120,PROD0059,5,472.41,4.81
ITEM000292,ORD000121,PROD0154,5,36124.83,13.08
ITEM000293,ORD000121,PROD0163,1,744.27,30.03
ITEM000294,ORD000122,PROD0068,3,81917.5,23.37
ITEM000295,ORD000122,PROD0333,2,732.68,12.05
ITEM000296,ORD000122,PROD0311,2,13373.1,35.72
ITEM000297,ORD000122,PROD0492,1,29246.35,19.71
ITEM000298,ORD000123,PROD0164,3,498.31,0.97
ITEM000299,ORD000123,PROD0285,3,15102.69,37.87
ITEM000300,ORD000124,PROD0372,2,48435.65,27.95
ITEM000301,ORD000124,PROD0024,4,30948.21,0.47
ITEM000302,ORD000125,PROD0322,0,10041.6,2.69
ITEM000303,ORD000125,PROD0381,1,32228.24,20.72
ITEM000304,ORD000126,PROD0050,5,9542.0,8.5
ITEM000305,ORD000126,PROD0326,5,2812.19,21.61
ITEM000306,ORD000126,PROD0344,2,3011.34,25.6
ITEM000307,ORD000127,PROD0446,5,38710.21,14.82
ITEM000308,ORD000127,PROD0256,1,1006.54,24.87
ITEM000309,ORD000127,PROD0043,2,3318.22,38.76
ITEM000310,ORD000128,PROD0050,4,8168.96,35.99
ITEM000311,ORD000129,PROD0243,5,8128.25,30.29
ITEM000312,ORD000130,PROD0118,3,59884.26,13.94
ITEM000313,ORD000130,PROD0224,2,2873.06,25.37
ITEM000314,ORD000130,PROD0230,3,56849.61,2.0
ITEM000315,ORD000131,PROD0048,3,31714.88,19.48
ITEM000316,ORD000132,PROD0013,5,729.33,31.61
ITEM000317,ORD000132,PROD0183,5,9090.42,28.07
ITEM000318,ORD000132,PROD0048,4,32922.23,39.11
ITEM000319,ORD000133,PROD0402,3,1264.74,8.08
ITEM000320,ORD000133,PROD0188,1,50904.49,13.31
ITEM000321,ORD000133,PROD0088,3,20846.48,13.91
ITEM000322,ORD000133,PROD0340,2,1028.62,9.9
ITEM000323,ORD000134,PROD0131,2,71959.55,28.02
ITEM000324,ORD000134,PROD0013,5,671.13,17.11
ITEM000325,ORD000135,PROD0003,-2,2122.38,31.55
ITEM000326,ORD000135,PROD0057,2,901.0,23.7
ITEM000327,ORD000136,PROD0117,3,64175.69,6.58
ITEM000328,ORD000136,PROD0232,4,1101.9,32.15
ITEM000329,ORD000137,PROD0477,5,28500.59,28.88
ITEM000330,ORD000137,PROD0218,5,12205.59,38.01
ITEM000331,ORD000138,PROD0217,1,217.86,11.7
ITEM000332,ORD000138,PROD0339,5,671.95,31.21
ITEM000333,ORD000138,PROD0209,1,1199.79,34.3
ITEM000334,ORD000138,PROD0139,2,48811.59,13.95
ITEM000335,ORD000139,PROD0493,5,2217.72,36.13
ITEM000336,ORD000139,PROD0328,4,214.48,24.4
ITEM000337,ORD000139,PROD0178,4,757.41,28.94
ITEM000338,ORD000139,PROD0422,-3,9723.36,24.6
ITEM000339,ORD000140,PROD0476,2,14771.61,28.51
ITEM000340,ORD000140,PROD0219,2,44801.43,3.04
ITEM000341,ORD000141,PROD0219,3,47427.8,2.0
ITEM000342,ORD000142,PROD0379,1,677.04,29.81
ITEM000343,ORD000142,PROD0027,2,782.01,1.31
ITEM000344,ORD000142,PROD0252,3,1405.41,23.91
ITEM000345,ORD000142,PROD0469,3,50892.32,8.28
ITEM000346,ORD000143,PROD0275,5,696.63,32.73
ITEM000347,ORD000144,PROD0493,3,2463.31,6.23
ITEM000348,ORD000144,PROD0042,4,5218.46,16.31
ITEM000349,ORD000144,PROD0372,4,47535.51,35.56
ITEM000350,ORD000144,PROD0496,2,42640.51,1.38
ITEM000351,ORD000145,PROD0011,1,19766.72,15.08
ITEM000352,ORD000145,PROD0038,3,1867.84,19.82
ITEM000353,ORD000146,PROD0348,2,88220.16,16.83
ITEM000354,ORD000146,PROD0093,2,1067.82,2.33
ITEM000355,ORD000147,PROD0238,2,72525.32,
ITEM000356,ORD000148,PROD0063,2,78092.73,2.58
ITEM000357,ORD000149,PROD0291,2,911.41,8.83
ITEM000358,ORD000149,PROD0197,4,257.1,25.71
ITEM000359,ORD000150,PROD0057,4,717.51,39.37
ITEM000360,ORD000151,PROD0373,3,360.69,34.87
ITEM000361,ORD000151,PROD0096,1,1172.34,21.94
ITEM000362,ORD000151,PROD0373,5,292.77,24.19
ITEM000363,ORD000152,PROD0488,5,31954.67,5.6
ITEM000364,ORD000152,PROD0101,3,1005.79,4.15
ITEM000365,ORD000152,PROD0197,1,298.23,34.79
ITEM000366,ORD000153,PROD0186,5,765.74,14.3
ITEM000367,ORD000153,PROD0311,2,13288.23,23.68
ITEM000368,ORD000154,PROD0204,-5,1058.84,27.97
ITEM000369,ORD000154,PROD0304,4,538.02,7.49
ITEM000370,ORD000154,PROD0277,0,2821.9,11.66
ITEM000371,ORD000154,PROD0392,1,73716.09,19.06
ITEM000372,ORD000155,PROD0160,4,2686.83,33.54
ITEM000373,ORD000155,PROD0163,1,920.8,36.74
ITEM000374,ORD000155,PROD0137,1,3962.9,13.19
ITEM000375,ORD000155,PROD0075,2,567.95,14.1
ITEM000376,ORD000156,PROD0241,1,764.34,17.14
ITEM000377,ORD000157,PROD0372,5,45110.33,28.16
ITEM000378,ORD000157,PROD0477,4,34655.29,1.99
ITEM000379,ORD000157,PROD0008,-2,127.33,4.07
ITEM000380,ORD000158,PROD0300,5,2597.74,19.74
ITEM000381,ORD000158,PROD0357,5,1342.38,6.48
ITEM000382,ORD000158,PROD0186,1,758.79,6.73
ITEM000383,ORD000159,PROD0303,2,4241.94,36.19
ITEM000384,ORD000159,PROD0196,5,651.74,37.81
ITEM000385,ORD000159,PROD0136,3,2160.57,3.68
ITEM000386,ORD000159,PROD0129,5,402.11,31.08
ITEM000387,ORD000160,PROD0344,4,2921.4,12.16
ITEM000388,ORD000161,PROD0117,3,80185.98,21.96
ITEM000389,ORD000161,PROD0400,5,32984.48,10.71
ITEM000390,ORD000162,PROD0253,3,301.27,25.2
ITEM000391,ORD000162,PROD0406,4,3671.7,9.61
ITEM000392,ORD000162,PROD0317,0,2730.8,20.32
ITEM000393,ORD000163,PROD0057,4,916.48,8.74
ITEM000394,ORD000163,PROD0114,4,2775.35,34.66
ITEM000395,ORD000164,PROD0365,3,27418.85,28.83
ITEM000396,ORD000165,PROD0178,1,619.72,6.89
ITEM000397,ORD000165,PROD0278,1,9951.09,36.59
ITEM000398,ORD000165,PROD0057,3,940.01,13.81
ITEM000399,ORD000166,PROD0107,1,71976.24,39.71
ITEM000400,ORD000167,PROD0327,1,15685.99,26.32
ITEM000401,ORD000168,PROD0153,1,1452.17,10.59
ITEM000402,ORD000169,PROD0400,5,37481.37,7.52
ITEM000403,ORD000169,PROD0345,2,12260.35,1.17
ITEM000404,ORD000170,PROD0178,4,624.15,17.37
ITEM000405,ORD000170,PROD0458,3,2687.61,14.54
ITEM000406,ORD000171,PROD0251,3,17520.15,10.38
ITEM000407,ORD000171,PROD0488,1,40437.28,3.14
ITEM000408,ORD000172,PROD0163,2,813.42,36.95
ITEM000409,ORD000172,PROD0219,1,50386.07,17.69
ITEM000410,ORD000172,PROD0498,1,12030.49,14.98
ITEM000411,ORD000173,PROD0364,1,64116.61,20.55
ITEM000412,ORD000173,PROD0227,4,421.52,24.86
ITEM000413,ORD000174,PROD0036,-2,3715.66,33.76
ITEM000414,ORD000174,PROD0273,4,869.93,12.43
ITEM000415,ORD000175,PROD0344,5,3184.24,36.58
ITEM000416,ORD000175,PROD0193,1,1669.17,8.61
ITEM000417,ORD000175,PROD0403,5,15010.1,20.08
ITEM000418,ORD000176,PROD0311,1,12402.7,9.69
ITEM000419,ORD000177,PROD0425,2,3180.21,9.85
ITEM000420,ORD000178,PROD0367,4,1249.02,4.41
ITEM000421,ORD000178,PROD0271,3,934.0,34.03
ITEM000422,ORD000178,PROD0142,5,4323.12,3.38
ITEM000423,ORD000179,PROD0318,4,479.68,12.83
ITEM000424,ORD000179,PROD0332,4,3370.42,31.29
ITEM000425,ORD000180,PROD0461,2,18315.24,5.65
ITEM000426,ORD000181,PROD0348,5,78204.55,22.0
ITEM000427,ORD000182,PROD0378,4,10487.73,30.92
ITEM000428,ORD000183,PROD0219,3,48732.01,24.75
ITEM000429,ORD000183,PROD0163,3,768.47,32.35
ITEM000430,ORD000183,PROD0053,5,1614.65,24.52
ITEM000431,ORD000183,PROD0352,3,316.73,12.65
ITEM000432,ORD000184,PROD0014,1,17779.45,28.75
ITEM000433,ORD000184,PROD0186,3,890.16,28.44
ITEM000434,ORD000184,PROD0379,1,667.34,33.2
ITEM000435,ORD000184,PROD0212,3,7501.13,15.01
ITEM000436,ORD000185,PROD0057,2,681.75,14.47
ITEM000437,ORD000185,PROD0013,2,643.93,30.09
ITEM000438,ORD000185,PROD0050,4,9436.26,9.5
ITEM000439,ORD000186,PROD0305,2,16688.5,18.63
ITEM000440,ORD000187,PROD0305,2,15289.65,5.18
ITEM000441,ORD000187,PROD0342,4,67738.0,17.35
ITEM000442,ORD000187,PROD0163,5,935.39,7.21
ITEM000443,ORD000188,PROD0036,5,2923.65,31.94
ITEM000444,ORD000188,PROD0121,5,75757.12,13.76
ITEM000445,ORD000188,PROD0050,4,7756.64,17.85
ITEM000446,ORD000189,PROD0337,5,906.68,17.03
ITEM000447,ORD000190,PROD0048,4,35347.07,8.75
ITEM000448,ORD000190,PROD0163,1,771.53,20.99
ITEM000449,ORD000190,PROD0400,2,29499.56,28.7
ITEM000450,ORD000190,PROD0319,3,399.0,15.25
ITEM000451,ORD000191,PROD0347,1,65956.55,31.17
ITEM000452,ORD000191,PROD0064,3,25908.77,4.51
ITEM000453,ORD000192,PROD0088,3,26416.56,15.53
ITEM000454,ORD000192,PROD0488,5,35485.48,8.66
ITEM000455,ORD000192,PROD0372,1,49109.84,27.32
ITEM000456,ORD000192,PROD0100,1,5826.15,7.24
ITEM000457,ORD000193,PROD0316,1,537.47,11.21
ITEM000458,ORD000194,PROD0015,2,309.95,18.07
ITEM000459,ORD000194,PROD0057,5,808.83,4.57
ITEM000460,ORD000194,PROD0371,1,426.57,27.09
ITEM000461,ORD000195,PROD0407,3,14406.56,24.01
ITEM000462,ORD000195,PROD0476,4,11705.18,34.15
ITEM000463,ORD000195,PROD0496,1,40656.04,4.08
ITEM000464,ORD000196,PROD0203,3,6481.06,39.73
ITEM000465,ORD000197,PROD0059,3,422.9,7.12
ITEM000466,ORD000198,PROD0048,5,33787.5,22.42
ITEM000467,ORD000198,PROD0260,5,203.8,25.93
ITEM000468,ORD000198,PROD0016,2,14557.64,8.29
ITEM000469,ORD000198,PROD0219,4,48471.05,27.82
ITEM000470,ORD000199,PROD0386,4,3020.94,9.68
ITEM000471,ORD000199,PROD0425,5,3397.7,12.42
ITEM000472,ORD000200,PROD0109,5,60556.88,20.64
ITEM000473,ORD000201,PROD0163,2,831.18,21.93
ITEM000474,ORD000201,PROD0057,2,907.63,36.43
ITEM000475,ORD000202,PROD0048,1,36060.25,7.37
ITEM000476,ORD000202,PROD0435,3,2953.28,35.92
ITEM000477,ORD000202,PROD0048,2,34929.37,1.49
ITEM000478,ORD000203,PROD0101,3,892.47,28.93
ITEM000479,ORD000203,PROD0155,4,419.84,9.69
ITEM000480,ORD000203,PROD0385,5,1161.86,38.32
ITEM000481,ORD000203,PROD0269,3,2447.55,21.54
ITEM000482,ORD000204,PROD0466,5,25039.38,4.3
ITEM000483,ORD000204,PROD0372,1,48349.56,2.66
ITEM000484,ORD000204,PROD0479,4,2302.31,5.44
ITEM000485,ORD000205,PROD0340,2,1170.99,25.85
ITEM000486,ORD000205,PROD0477,5,29461.32,28.87
ITEM000487,ORD000206,PROD0187,2,22729.99,12.34
ITEM000488,ORD000207,PROD0305,3,14682.94,22.11
ITEM000489,ORD000208,PROD0320,2,80850.06,33.47
ITEM000490,ORD000208,PROD0340,4,949.75,3.63
ITEM000491,ORD000209,PROD0311,4,13678.12,32.11
ITEM000492,ORD000209,PROD0151,5,686.78,35.89
ITEM000493,ORD000209,PROD0157,2,417.14,3.73
ITEM000494,ORD000209,PROD0018,2,23272.56,36.07
ITEM000495,ORD000210,PROD0304,3,585.42,23.12
ITEM000496,ORD000211,PROD0300,4,2707.52,23.32
ITEM000497,ORD000212,PROD0275,5,871.24,15.35
ITEM000498,ORD000212,PROD0043,5,2787.96,27.07
ITEM000499,ORD000212,PROD0381,3,39750.96,34.35
ITEM000500,ORD000212,PROD0166,5,65833.08,7.65
ITEM000501,ORD000213,PROD0477,4,31277.04,29.5
ITEM000502,ORD000213,PROD0456,1,1960.1,14.48
ITEM000503,ORD000214,PROD0112,4,12924.97,22.18
ITEM000504,ORD000214,PROD0214,1,64785.21,38.96
ITEM000505,ORD000214,PROD0300,5,3462.68,35.17
ITEM000506,ORD000215,PROD0111,5,5467.09,13.07
ITEM000507,ORD000216,PROD0411,3,544.71,32.1
ITEM000508,ORD000217,PROD0013,5,652.59,20.35
ITEM000509,ORD000218,PROD0494,5,1360.62,20.65
ITEM000510,ORD000218,PROD0214,5,72642.08,28.03
ITEM000511,ORD000218,PROD0421,4,38923.4,10.43
ITEM000512,ORD000219,PROD0036,2,3859.46,38.06
ITEM000513,ORD000220,PROD0048,3,31595.61,0.0
ITEM000514,ORD000220,PROD0245,1,1131.05,26.49
ITEM000515,ORD000220,PROD0441,2,203.29,38.62
ITEM000516,ORD000220,PROD0304,5,609.18,39.69
ITEM000517,ORD000221,PROD0305,4,17099.06,37.94
ITEM000518,ORD000222,PROD0013,3,700.88,17.39
ITEM000519,ORD000222,PROD0340,3,1042.69,38.36
ITEM000520,ORD000222,PROD0163,2,987.34,39.96
ITEM000521,ORD000223,PROD0359,3,262.8,25.17
ITEM000522,ORD000223,PROD0112,5,13276.56,34.38
ITEM000523,ORD000224,PROD0080,-2,12713.48,33.6
ITEM000524,ORD000224,PROD0036,4,3640.93,13.34
ITEM000525,ORD000224,PROD0284,3,18410.72,14.75
ITEM000526,ORD000224,PROD0456,3,2124.25,1.95
ITEM000527,ORD000225,PROD0189,2,2991.87,12.16
ITEM000528,ORD000225,PROD0295,5,18569.17,29.55
ITEM000529,ORD000225,PROD0048,2,28162.99,27.19
ITEM000530,ORD000226,PROD0213,1,677.86,34.66
ITEM000531,ORD000227,PROD0063,2,72473.12,17.78
ITEM000532,ORD000227,PROD0013,5,657.22,32.55
ITEM000533,ORD000227,PROD0219,3,54118.11,26.0
ITEM000534,ORD000227,PROD0411,2,588.37,17.85
ITEM000535,ORD000228,PROD0435,2,3175.7,22.3
ITEM000536,ORD000228,PROD0124,4,8102.21,12.33
ITEM000537,ORD000228,PROD0083,3,33811.05,26.07
ITEM000538,ORD000229,PROD0379,1,689.24,1.34
ITEM000539,ORD000230,PROD0163,2,854.96,13.74
ITEM000540,ORD000230,PROD0477,4,32124.07,7.21
ITEM000541,ORD000230,PROD0327,4,16905.99,36.62
ITEM000542,ORD000230,PROD0007,3,833.46,22.82
ITEM000543,ORD000231,PROD0349,5,18281.24,32.98
ITEM000544,ORD000232,PROD0408,1,426.99,12.73
ITEM000545,ORD000232,PROD0478,3,68693.59,29.21
ITEM000546,ORD000232,PROD0197,4,243.36,11.23
ITEM000547,ORD000232,PROD0266,4,12546.14,24.56
ITEM000548,ORD000233,PROD0163,5,809.4,25.68
ITEM000549,ORD000233,PROD0342,-2,66130.7,7.22
ITEM000550,ORD000234,PROD0196,1,657.81,27.22
ITEM000551,ORD000234,PROD0196,1,803.4,8.65
ITEM000552,ORD000234,PROD0171,4,23648.66,8.53
ITEM000553,ORD000234,PROD0040,5,56036.36,11.97
ITEM000554,ORD000235,PROD0003,3,1783.56,35.89
ITEM000555,ORD000235,PROD0059,5,459.49,14.29
ITEM000556,ORD000236,PROD0187,4,22817.22,3.61
ITEM000557,ORD000236,PROD0163,-2,854.75,14.21
ITEM000558,ORD000236,PROD0127,4,634.69,3.14
ITEM000559,ORD000236,PROD0290,5,3344.78,4.76
ITEM000560,ORD000237,PROD0163,5,887.45,12.14
ITEM000561,ORD000237,PROD0381,2,31328.55,15.0
ITEM000562,ORD000237,PROD0233,1,19212.26,24.83
ITEM000563,ORD000238,PROD0477,2,29495.16,22.88
ITEM000564,ORD000238,PROD0342,1,52722.96,2.6
ITEM000565,ORD000239,PROD0075,5,580.32,36.59
ITEM000566,ORD000239,PROD0283,4,991.25,30.53
ITEM000567,ORD000239,PROD0270,2,10057.51,18.89
ITEM000568,ORD000239,PROD0041,4,7890.02,13.29
ITEM000569,ORD000240,PROD0080,1,10814.67,2.36
ITEM000570,ORD000240,PROD0006,1,140.48,1.9
ITEM000571,ORD000240,PROD0352,5,322.35,12.79
ITEM000572,ORD000241,PROD0103,3,18877.13,31.32
ITEM000573,ORD000241,PROD0071,2,1214.88,36.19
ITEM000574,ORD000241,PROD0057,1,792.08,32.15
ITEM000575,ORD000241,PROD0485,4,72923.78,24.63
ITEM000576,ORD000242,PROD0057,1,747.61,32.97
ITEM000577,ORD000242,PROD0057,4,703.28,6.82
ITEM000578,ORD000243,PROD0477,2,28754.36,31.99
ITEM000579,ORD000243,PROD0352,5,283.73,25.37
ITEM000580,ORD000243,PROD0477,2,32326.02,18.23
ITEM000581,ORD000243,PROD0057,4,689.1,13.58
ITEM000582,ORD000244,PROD0116,4,681.87,13.99
ITEM000583,ORD000244,PROD0074,1,1285.92,35.38
ITEM000584,ORD000245,PROD0340,5,896.6,1.76
ITEM000585,ORD000246,PROD0381,-3,40326.12,31.33
ITEM000586,ORD000246,PROD0441,4,176.95,13.64
ITEM000587,ORD000247,PROD0118,5,60233.33,13.22
ITEM000588,ORD000248,PROD0085,4,10759.45,17.26
ITEM000589,ORD000248,PROD0230,5,62485.68,35.2
ITEM000590,ORD000248,PROD0340,5,1149.99,8.24
ITEM000591,ORD000249,PROD0190,2,2184.13,3.53
ITEM000592,ORD000250,PROD0252,3,1101.15,26.62
ITEM000593,ORD000250,PROD0439,-5,2398.29,20.36
ITEM000594,ORD000251,PROD0363,5,17099.4,12.91
ITEM000595,ORD000252,PROD0477,3,34748.24,4.88
ITEM000596,ORD000252,PROD0253,3,229.88,22.43
ITEM000597,ORD000253,PROD0477,2,32961.42,13.26
ITEM000598,ORD000254,PROD0219,3,54678.08,16.16
ITEM000599,ORD000254,PROD0353,3,1095.71,23.72
ITEM000600,ORD000254,PROD0372,5,61584.9,6.35
ITEM000601,ORD000254,PROD0342,1,70185.24,14.94
ITEM000602,ORD000255,PROD0197,4,301.66,19.81
ITEM000603,ORD000255,PROD0477,5,31512.62,29.36
ITEM000604,ORD000255,PROD0405,2,414.38,8.03
ITEM000605,ORD000256,PROD0451,3,2683.95,20.12
ITEM000606,ORD000256,PROD0128,3,40794.2,28.23
ITEM000607,ORD000256,PROD0238,2,74567.41,4.81
ITEM000608,ORD000257,PROD0381,4,37791.12,24.53
ITEM000609,ORD000258,PROD0029,4,2115.93,16.13
ITEM000610,ORD000258,PROD0197,1,320.77,38.22
ITEM000611,ORD000258,PROD0222,1,1533.97,1.51
ITEM000612,ORD000259,PROD0261,2,952.13,5.05
ITEM000613,ORD000259,PROD0243,3,10301.49,19.18
ITEM000614,ORD000259,PROD0015,3,299.2,38.2
ITEM000615,ORD000260,PROD0128,2,41857.73,2.88
ITEM000616,ORD000261,PROD0206,5,662.37,19.44
ITEM000617,ORD000261,PROD0163,1,789.71,35.7
ITEM000618,ORD000262,PROD0219,4,45891.17,5.44
ITEM000619,ORD000262,PROD0354,3,2094.27,23.97
ITEM000620,ORD000262,PROD0239,4,1529.54,27.31
ITEM000621,ORD000262,PROD0163,1,725.49,38.79
ITEM000622,ORD000263,PROD0252,4,1466.87,21.96
ITEM000623,ORD000263,PROD0057,3,729.57,15.91
ITEM000624,ORD000264,PROD0136,4,2470.82,0.9
ITEM000625,ORD000264,PROD0163,5,899.65,24.29
ITEM000626,ORD000264,PROD0219,2,47565.65,11.96
ITEM000627,ORD000265,PROD0163,4,901.29,7.11
ITEM000628,ORD000265,PROD0363,3,15991.34,17.6
ITEM000629,ORD000266,PROD0373,1,328.09,12.12
ITEM000630,ORD000266,PROD0305,3,16724.1,21.48
ITEM000631,ORD000266,PROD0048,5,36607.99,0.11
ITEM000632,ORD000266,PROD0367,1,1422.82,27.76
ITEM000633,ORD000267,PROD0163,4,814.11,26.56
ITEM000634,ORD000268,PROD0304,2,614.76,10.51
ITEM000635,ORD000268,PROD0396,5,3375.8,37.7
ITEM000636,ORD000268,PROD0219,1,48069.06,38.66
ITEM000637,ORD000269,PROD0044,3,1957.2,12.56
ITEM000638,ORD000269,PROD0057,3,778.69,31.01
ITEM000639,ORD000269,PROD0377,4,969.73,19.51
ITEM000640,ORD000270,PROD0310,2,740.31,30.94
ITEM000641,ORD000271,PROD0372,2,52267.98,31.48
ITEM000642,ORD000272,PROD0003,1,1592.34,39.88
ITEM000643,ORD000272,PROD0342,4,57056.63,32.37
ITEM000644,ORD000272,PROD0110,5,5466.44,13.6
ITEM000645,ORD000272,PROD0340,3,1013.33,1.48
ITEM000646,ORD000273,PROD0283,1,997.46,27.11
ITEM000647,ORD000273,PROD0013,1,551.6,31.62
ITEM000648,ORD000274,PROD0219,5,48576.03,12.55
ITEM000649,ORD000275,PROD0050,5,9488.3,21.99
ITEM000650,ORD000275,PROD0267,2,567.99,17.14
ITEM000651,ORD000276,PROD0436,5,609.39,2.31
ITEM000652,ORD000276,PROD0240,1,2044.1,13.82
ITEM000653,ORD000276,PROD0078,3,12245.02,36.43
ITEM000654,ORD000277,PROD0302,2,30034.67,36.92
ITEM000655,ORD000277,PROD0340,4,1088.91,2.5
ITEM000656,ORD000277,PROD0235,1,13624.75,26.94
ITEM000657,ORD000277,PROD0163,3,889.21,32.97
ITEM000658,ORD000278,PROD0070,4,1109.78,32.39
ITEM000659,ORD000278,PROD0340,2,1113.04,20.92
ITEM000660,ORD000278,PROD0266,2,11224.07,31.87
ITEM000661,ORD000279,PROD0292,2,213.79,4.33
ITEM000662,ORD000279,PROD0304,2,636.21,34.61
ITEM000663,ORD000279,PROD0361,3,10776.23,36.59
ITEM000664,ORD000280,PROD0165,3,689.25,20.83
ITEM000665,ORD000280,PROD0336,3,9598.04,18.01
ITEM000666,ORD000281,PROD0336,2,8044.65,21.59
ITEM000667,ORD000282,PROD0211,4,374.98,21.48
ITEM000668,ORD000282,PROD0425,3,4115.73,1.12
ITEM000669,ORD000283,PROD0082,1,10488.51,17.72
ITEM000670,ORD000283,PROD0462,1,448.74,15.8
ITEM000671,ORD000284,PROD0013,4,648.67,4.34
ITEM000672,ORD000284,PROD0372,5,51680.67,26.17
ITEM000673,ORD000284,PROD0025,1,58304.77,21.82
ITEM000674,ORD000284,PROD0176,3,2364.68,22.97
ITEM000675,ORD000285,PROD0171,3,26071.67,17.18
ITEM000676,ORD000285,PROD0271,1,745.97,30.11
ITEM000677,ORD000286,PROD0171,5,31685.94,28.39
ITEM000678,ORD000287,PROD0101,1,760.16,27.31
ITEM000679,ORD000288,PROD0350,5,10908.41,21.79
ITEM000680,ORD000289,PROD0477,2,33556.65,9.86
ITEM000681,ORD000289,PROD0303,2,4864.82,6.87
ITEM000682,ORD000289,PROD0057,5,711.11,22.02
ITEM000683,ORD000289,PROD0163,1,790.76,24.14
ITEM000684,ORD000290,PROD0247,3,60730.01,
ITEM000685,ORD000290,PROD0105,1,758.72,10.15
ITEM000686,ORD000290,PROD0370,-1,1417.56,6.52
ITEM000687,ORD000291,PROD0459,2,18653.46,3.47
ITEM000688,ORD000292,PROD0254,2,683.27,24.12
ITEM000689,ORD000292,PROD0476,4,11472.95,13.82
ITEM000690,ORD000292,PROD0459,3,19373.0,37.31
ITEM000691,ORD000292,PROD0163,3,982.55,25.38
ITEM000692,ORD000293,PROD0088,5,22810.47,18.14
ITEM000693,ORD000293,PROD0218,4,12339.1,11.19
ITEM000694,ORD000293,PROD0477,5,35710.23,25.4
ITEM000695,ORD000294,PROD0303,2,4987.44,10.57
ITEM000696,ORD000295,PROD0163,4,924.4,34.73
ITEM000697,ORD000295,PROD0001,5,20400.54,28.04
ITEM000698,ORD000295,PROD0345,1,12798.77,15.48
ITEM000699,ORD000295,PROD0415,1,26405.75,23.35
ITEM000700,ORD000296,PROD0386,1,2762.74,38.13
ITEM000701,ORD000296,PROD0174,3,43593.54,16.73
ITEM000702,ORD000296,PROD0228,2,13505.91,8.4
ITEM000703,ORD000297,PROD0477,2,35979.82,10.31
ITEM000704,ORD000297,PROD0238,-4,66855.55,17.35
ITEM000705,ORD000297,PROD0348,4,70314.68,37.26
ITEM000706,ORD000298,PROD0013,4,689.0,17.56
ITEM000707,ORD000298,PROD0013,5,665.51,5.77
ITEM000708,ORD000298,PROD0219,4,44532.32,2.21
ITEM000709,ORD000298,PROD0104,2,54124.06,7.5
ITEM000710,ORD000299,PROD0243,2,10788.06,7.7
ITEM000711,ORD000299,PROD0107,2,69131.41,10.09
ITEM000712,ORD000299,PROD0379,1,726.09,15.11
ITEM000713,ORD000299,PROD0120,1,465.16,5.22
ITEM000714,ORD000300,PROD0160,3,2293.28,9.7
ITEM000715,ORD000300,PROD0014,3,18539.08,22.23
ITEM000716,ORD000300,PROD0219,2,56941.91,25.27
ITEM000717,ORD000300,PROD0235,2,13558.47,36.18
ITEM000718,ORD000301,PROD0161,4,2493.61,5.28
ITEM000719,ORD000302,PROD0219,4,55520.38,17.87
ITEM000720,ORD000303,PROD0013,2,679.58,3.01
ITEM000721,ORD000303,PROD0456,3,1847.53,36.9
ITEM000722,ORD000304,PROD0243,5,9449.04,35.42
ITEM000723,ORD000304,PROD0401,3,858.96,22.7
ITEM000724,ORD000305,PROD0262,5,645.73,17.08
ITEM000725,ORD000305,PROD0363,-5,16119.11,0.18
ITEM000726,ORD000306,PROD0068,3,71222.31,0.85
ITEM000727,ORD000307,PROD0036,3,3776.19,2.67
ITEM000728,ORD000308,PROD0290,1,3487.26,16.23
ITEM000729,ORD000308,PROD0219,1,52116.09,16.23
ITEM000730,ORD000308,PROD0213,1,691.52,2.22
ITEM000731,ORD000308,PROD0367,5,1186.84,8.07
ITEM000732,ORD000309,PROD0223,2,337.15,21.4
ITEM000733,ORD000309,PROD0197,3,307.92,6.14
ITEM000734,ORD000309,PROD0219,5,45900.4,24.84
ITEM000735,ORD000310,PROD0163,5,915.31,33.88
ITEM000736,ORD000311,PROD0013,1,556.64,33.94
ITEM000737,ORD000311,PROD0344,2,2742.33,22.6
ITEM000738,ORD000312,PROD0261,4,1011.13,23.74
ITEM000739,ORD000312,PROD0242,3,213.09,3.09
ITEM000740,ORD000312,PROD0385,1,1179.59,0.78
ITEM000741,ORD000313,PROD0405,1,412.27,36.59
ITEM000742,ORD000313,PROD0392,5,79883.4,13.83
ITEM000743,ORD000313,PROD0472,1,249.95,38.1
ITEM000744,ORD000314,PROD0347,4,72014.15,6.87
ITEM000745,ORD000314,PROD0140,2,246.47,12.17
ITEM000746,ORD000314,PROD0233,4,15181.31,36.16
ITEM000747,ORD000314,PROD0420,5,6721.22,33.4
ITEM000748,ORD000315,PROD0365,5,22796.73,5.01
ITEM000749,ORD000316,PROD0477,1,35381.43,2.63
ITEM000750,ORD000316,PROD0219,2,49314.19,15.28
ITEM000751,ORD000316,PROD0339,3,596.19,1.32
ITEM000752,ORD000316,PROD0275,1,682.31,33.21
ITEM000753,ORD000317,PROD0328,2,184.8,30.09
ITEM000754,ORD000318,PROD0177,3,4234.57,16.84
ITEM000755,ORD000318,PROD0007,1,608.94,24.42
ITEM000756,ORD000319,PROD0285,3,19881.95,6.32
ITEM000757,ORD000319,PROD0108,3,3088.91,36.46
ITEM000758,ORD000319,PROD0219,3,56733.13,31.59
ITEM000759,ORD000320,PROD0352,2,333.9,28.79
ITEM000760,ORD000320,PROD0253,1,276.41,16.26
ITEM000761,ORD000321,PROD0144,4,7763.8,13.0
ITEM000762,ORD000321,PROD0476,3,14226.78,16.02
ITEM000763,ORD000321,PROD0057,1,868.92,14.55
ITEM000764,ORD000322,PROD0290,2,3104.51,0.77
ITEM000765,ORD000322,PROD0089,5,20498.76,27.56
ITEM000766,ORD000323,PROD0252,4,1192.74,33.04
ITEM000767,ORD000323,PROD0097,4,568.14,25.16
ITEM000768,ORD000323,PROD0088,2,20779.63,7.15
ITEM000769,ORD000323,PROD0219,5,45666.41,32.76
ITEM000770,ORD000324,PROD0101,1,735.86,32.86
ITEM000771,ORD000324,PROD0396,1,3195.41,21.37
ITEM000772,ORD000325,PROD0300,3,3226.96,32.71
ITEM000773,ORD000325,PROD0477,1,32788.3,14.85
ITEM000774,ORD000325,PROD0038,5,2082.63,19.45
ITEM000775,ORD000326,PROD0415,3,32819.28,29.72
ITEM000776,ORD000327,PROD0285,1,15776.39,4.4
ITEM000777,ORD000327,PROD0425,4,3379.61,15.69
ITEM000778,ORD000327,PROD0064,2,24656.0,0.7
ITEM000779,ORD000328,PROD0352,1,297.32,26.29
ITEM000780,ORD000329,PROD0103,1,15114.97,12.51
ITEM000781,ORD000329,PROD0017,4,59027.16,26.09
ITEM000782,ORD000329,PROD0219,2,42802.74,16.9
ITEM000783,ORD000329,PROD0222,5,1848.4,36.66
ITEM000784,ORD000330,PROD0349,2,18469.15,20.54
ITEM000785,ORD000330,PROD0047,1,10119.79,15.63
ITEM000786,ORD000330,PROD0476,1,13532.68,28.31
ITEM000787,ORD000330,PROD0039,3,3336.55,1.83
ITEM000788,ORD000331,PROD0315,4,999.64,6.41
ITEM000789,ORD000332,PROD0007,0,831.38,25.53
ITEM000790,ORD000333,PROD0213,4,778.59,0.71
ITEM000791,ORD000333,PROD0347,1,84302.59,30.75
ITEM000792,ORD000333,PROD0477,5,34202.19,14.85
ITEM000793,ORD000334,PROD0488,2,38138.89,10.41
ITEM000794,ORD000334,PROD0253,4,309.01,17.98
ITEM000795,ORD000334,PROD0253,1,293.03,17.24
ITEM000796,ORD000335,PROD0398,3,1695.92,20.15
ITEM000797,ORD000335,PROD0311,-2,10697.68,1.29
ITEM000798,ORD000335,PROD0409,3,8847.61,30.82
ITEM000799,ORD000336,PROD0381,2,30643.44,22.29
ITEM000800,ORD000336,PROD0374,1,1167.12,26.93
ITEM000801,ORD000336,PROD0048,1,30206.83,32.72
ITEM000802,ORD000336,PROD0013,3,541.85,20.29
ITEM000803,ORD000337,PROD0318,5,479.82,19.84
ITEM000804,ORD000338,PROD0235,3,16034.62,0.53
ITEM000805,ORD000338,PROD0371,2,341.63,1.2
ITEM000806,ORD000339,PROD0153,5,1588.26,19.67
ITEM000807,ORD000339,PROD0129,5,408.48,12.56
ITEM000808,ORD000340,PROD0057,2,845.97,31.94
ITEM000809,ORD000340,PROD0163,3,839.91,6.64
ITEM000810,ORD000340,PROD0052,3,2016.15,18.72
ITEM000811,ORD000340,PROD0488,3,32044.13,22.55
ITEM000812,ORD000341,PROD0048,2,32928.94,36.33
ITEM000813,ORD000341,PROD0187,5,19577.3,8.7
ITEM000814,ORD000341,PROD0238,3,65590.41,23.35
ITEM000815,ORD000342,PROD0190,4,2345.62,22.07
ITEM000816,ORD000342,PROD0424,-2,294.43,6.4
ITEM000817,ORD000343,PROD0114,4,3073.13,34.73
ITEM000818,ORD000343,PROD0034,2,1377.43,34.86
ITEM000819,ORD000344,PROD0340,4,973.83,36.8
ITEM000820,ORD000345,PROD0320,4,74344.63,37.23
ITEM000821,ORD000345,PROD0433,1,17611.66,32.17
ITEM000822,ORD000346,PROD0416,5,36257.44,19.45
ITEM000823,ORD000346,PROD0320,1,69395.23,3.14
ITEM000824,ORD000346,PROD0359,1,235.31,22.49
ITEM000825,ORD000347,PROD0477,1,32216.06,12.59
ITEM000826,ORD000348,PROD0151,0,710.14,29.79
ITEM000827,ORD000349,PROD0216,5,11798.87,0.87
ITEM000828,ORD000349,PROD0392,4,68711.08,37.85
ITEM000829,ORD000349,PROD0163,5,986.33,29.03
ITEM000830,ORD000349,PROD0091,4,4173.74,23.22
ITEM000831,ORD000350,PROD0003,2,2164.2,15.73
ITEM000832,ORD000350,PROD0288,4,1272.75,33.34
ITEM000833,ORD000350,PROD0059,4,464.69,28.11
ITEM000834,ORD000350,PROD0163,4,972.02,1.45
ITEM000835,ORD000351,PROD0305,1,14607.71,1.5
ITEM000836,ORD000351,PROD0011,3,19027.32,23.98
ITEM000837,ORD000351,PROD0166,5,65063.0,20.35
ITEM000838,ORD000351,PROD0219,2,56146.97,39.53
ITEM000839,ORD000352,PROD0383,1,2982.7,30.61
ITEM000840,ORD000352,PROD0219,3,50878.75,32.63
ITEM000841,ORD000352,PROD0211,1,284.3,30.36
ITEM000842,ORD000352,PROD0496,1,39568.05,11.46
ITEM000843,ORD000353,PROD0163,4,878.88,26.62
ITEM000844,ORD000353,PROD0318,3,501.85,22.7
ITEM000845,ORD000353,PROD0372,2,45500.67,36.27
ITEM000846,ORD000354,PROD0153,5,1628.16,16.17
ITEM000847,ORD000355,PROD0342,5,71325.84,9.41
ITEM000848,ORD000355,PROD0093,3,1057.55,6.19
ITEM000849,ORD000355,PROD0342,2,54980.51,32.91
ITEM000850,ORD000355,PROD0165,2,589.29,19.17
ITEM000851,ORD000356,PROD0318,1,430.13,10.94
ITEM000852,ORD000356,PROD0050,5,9394.87,17.22
ITEM000853,ORD000356,PROD0252,2,1140.72,5.01
ITEM000854,ORD000356,PROD0050,1,7615.7,22.29
ITEM000855,ORD000357,PROD0354,4,2092.89,27.76
ITEM000856,ORD000357,PROD0048,0,30564.29,34.96
ITEM000857,ORD000357,PROD0102,4,4315.4,28.97
ITEM000858,ORD000358,PROD0477,2,34900.05,33.35
ITEM000859,ORD000358,PROD0163,2,887.04,1.92
ITEM000860,ORD000358,PROD0477,1,37522.22,2.95
ITEM000861,ORD000358,PROD0267,3,520.17,29.88
ITEM000862,ORD000359,PROD0057,-2,704.35,26.9
ITEM000863,ORD000360,PROD0311,3,10634.65,22.92
ITEM000864,ORD000360,PROD0329,5,23586.87,7.87
ITEM000865,ORD000361,PROD0022,5,1644.51,37.76
ITEM000866,ORD000362,PROD0294,3,59040.55,2.81
ITEM000867,ORD000362,PROD0496,5,46467.19,0.84
ITEM000868,ORD000363,PROD0238,3,81476.3,25.52
ITEM000869,ORD000364,PROD0403,4,13184.15,25.11
ITEM000870,ORD000364,PROD0196,5,635.47,18.5
ITEM000871,ORD000365,PROD0057,1,889.23,26.34
ITEM000872,ORD000365,PROD0057,2,920.71,16.09
ITEM000873,ORD000366,PROD0064,2,27652.25,33.83
ITEM000874,ORD000367,PROD0476,5,12480.48,12.05
ITEM000875,ORD000367,PROD0363,4,14591.27,17.4
ITEM000876,ORD000368,PROD0031,2,76057.18,0.97
ITEM000877,ORD000369,PROD0158,1,861.49,13.91
ITEM000878,ORD000370,PROD0370,2,1506.15,37.16
ITEM000879,ORD000371,PROD0262,1,784.86,15.61
ITEM000880,ORD000371,PROD0059,4,416.09,5.83
ITEM000881,ORD000371,PROD0140,1,238.74,26.32
ITEM000882,ORD000372,PROD0219,4,45241.79,7.82
ITEM000883,ORD000372,PROD0488,3,41094.75,38.47
ITEM000884,ORD000372,PROD0117,1,73509.39,8.66
ITEM000885,ORD000372,PROD0471,5,350.1,15.72
ITEM000886,ORD000373,PROD0048,5,29110.23,8.21
ITEM000887,ORD000373,PROD0007,4,616.4,37.91
ITEM000888,ORD000373,PROD0262,3,658.56,20.45
ITEM000889,ORD000373,PROD0460,1,22112.14,28.64
ITEM000890,ORD000374,PROD0063,4,73154.15,11.62
ITEM000891,ORD000375,PROD0003,1,1663.79,22.02
ITEM000892,ORD000375,PROD0219,1,55032.09,19.6
ITEM000893,ORD000376,PROD0296,2,57533.76,14.14
ITEM000894,ORD000376,PROD0340,3,853.78,4.59
ITEM000895,ORD000377,PROD0340,2,890.43,8.39
ITEM000896,ORD000377,PROD0214,3,63019.88,
ITEM000897,ORD000377,PROD0320,3,81217.47,32.28
ITEM000898,ORD000378,PROD0367,5,1123.99,34.85
ITEM000899,ORD000378,PROD0097,4,656.91,18.85
ITEM000900,ORD000378,PROD0005,1,1129.39,10.11
ITEM000901,ORD000378,PROD0171,0,27337.55,27.43
ITEM000902,ORD000379,PROD0250,1,2665.37,23.2
ITEM000903,ORD000379,PROD0339,5,679.69,14.35
ITEM000904,ORD000379,PROD0010,4,14322.48,16.63
ITEM000905,ORD000380,PROD0050,3,9596.74,27.85
ITEM000906,ORD000380,PROD0381,1,37003.67,7.72
ITEM000907,ORD000381,PROD0302,3,23735.63,34.03
ITEM000908,ORD000381,PROD0496,3,38120.34,23.83
ITEM000909,ORD000381,PROD0048,3,28633.24,12.77
ITEM000910,ORD000381,PROD0409,5,9204.08,1.62
ITEM000911,ORD000382,PROD0129,-2,428.93,36.34
ITEM000912,ORD000382,PROD0456,-5,2404.08,30.37
ITEM000913,ORD000382,PROD0410,3,3610.09,24.37
ITEM000914,ORD000382,PROD0163,3,909.76,35.17
ITEM000915,ORD000383,PROD0253,4,264.78,34.1
ITEM000916,ORD000383,PROD0075,5,649.99,28.35
ITEM000917,ORD000383,PROD0219,4,57339.94,34.72
ITEM000918,ORD000384,PROD0001,3,20579.25,36.46
ITEM000919,ORD000384,PROD0359,2,263.08,8.06
ITEM000920,ORD000384,PROD0271,1,828.7,18.34
ITEM000921,ORD000384,PROD0028,5,1207.89,28.86
ITEM000922,ORD000385,PROD0130,1,4311.17,22.89
ITEM000923,ORD000385,PROD0219,5,55914.07,36.25
ITEM000924,ORD000385,PROD0175,2,49734.88,29.93
ITEM000925,ORD000385,PROD0327,2,16620.9,38.53
ITEM000926,ORD000386,PROD0228,3,10739.44,18.7
ITEM000927,ORD000386,PROD0015,-5,325.6,0.16
ITEM000928,ORD000386,PROD0269,5,2387.11,26.14
ITEM000929,ORD000386,PROD0129,3,411.87,4.41
ITEM000930,ORD000387,PROD0180,2,83994.24,25.61
ITEM000931,ORD000387,PROD0134,4,63021.67,4.37
ITEM000932,ORD000387,PROD0476,2,14310.43,20.62
ITEM000933,ORD000387,PROD0230,5,71971.59,24.24
ITEM000934,ORD000388,PROD0163,4,952.36,26.88
ITEM000935,ORD000388,PROD0318,1,512.08,39.84
ITEM000936,ORD000388,PROD0148,2,172.35,26.8
ITEM000937,ORD000388,PROD0411,4,543.88,25.47
ITEM000938,ORD000389,PROD0304,5,521.11,6.27
ITEM000939,ORD000390,PROD0132,2,5409.12,13.6
ITEM000940,ORD000390,PROD0163,2,927.44,38.48
ITEM000941,ORD000390,PROD0332,2,3721.19,27.77
ITEM000942,ORD000391,PROD0134,3,67955.02,5.59
ITEM000943,ORD000392,PROD0219,4,42761.93,1.34
ITEM000944,ORD000392,PROD0163,4,816.4,39.28
ITEM000945,ORD000392,PROD0187,1,19832.31,10.62
ITEM000946,ORD000393,PROD0253,4,296.25,22.04
ITEM000947,ORD000393,PROD0317,2,2398.1,31.43
ITEM000948,ORD000393,PROD0162,4,1322.24,34.77
ITEM000949,ORD000394,PROD0311,3,12333.48,22.3
ITEM000950,ORD000394,PROD0322,3,10301.5,13.6
ITEM000951,ORD000395,PROD0483,3,2403.09,19.49
ITEM000952,ORD000395,PROD0385,2,1056.41,16.4
ITEM000953,ORD000396,PROD0123,-1,81866.39,7.12
ITEM000954,ORD000397,PROD0178,2,667.97,37.17
ITEM000955,ORD000397,PROD0477,1,30458.75,13.49
ITEM000956,ORD000398,PROD0219,4,51388.73,0.95
ITEM000957,ORD000399,PROD0328,1,186.46,10.11
ITEM000958,ORD000399,PROD0218,2,11377.8,29.12
ITEM000959,ORD000399,PROD0078,2,13345.7,33.56
ITEM000960,ORD000400,PROD0262,0,709.81,13.49
ITEM000961,ORD000400,PROD0037,4,2764.02,22.37
ITEM000962,ORD000401,PROD0309,3,748.85,12.62
ITEM000963,ORD000401,PROD0161,5,2324.72,35.63
ITEM000964,ORD000402,PROD0178,5,616.43,1.03
ITEM000965,ORD000403,PROD0195,1,6278.33,28.15
ITEM000966,ORD000403,PROD0264,3,70608.27,22.71
ITEM000967,ORD000404,PROD0305,3,17634.9,10.28
ITEM000968,ORD000405,PROD0067,4,1316.89,18.77
ITEM000969,ORD000405,PROD0242,1,156.74,10.9
ITEM000970,ORD000405,PROD0219,1,54151.49,36.2
ITEM000971,ORD000406,PROD0477,3,30118.41,31.82
ITEM000972,ORD000406,PROD0382,4,1734.85,25.76
ITEM000973,ORD000406,PROD0050,3,7306.18,25.82
ITEM000974,ORD000406,PROD0013,4,610.14,8.05
ITEM000975,ORD000407,PROD0166,5,72482.02,5.77
ITEM000976,ORD000407,PROD0075,2,579.47,5.34
ITEM000977,ORD000407,PROD0103,3,16474.36,0.72
ITEM000978,ORD000407,PROD0038,3,2297.0,0.11
ITEM000979,ORD000408,PROD0002,4,3805.07,14.68
ITEM000980,ORD000408,PROD0219,1,43227.27,11.4
ITEM000981,ORD000408,PROD0488,4,37794.25,6.07
ITEM000982,ORD000408,PROD0187,3,21139.43,37.05
ITEM000983,ORD000409,PROD0015,1,284.21,1.12
ITEM000984,ORD000410,PROD0014,3,16111.68,30.5
ITEM000985,ORD000410,PROD0340,1,1052.62,6.89
ITEM000986,ORD000410,PROD0219,5,56249.13,26.98
ITEM000987,ORD000411,PROD0304,4,697.43,39.51
ITEM000988,ORD000411,PROD0117,3,81054.56,27.22
ITEM000989,ORD000411,PROD0119,1,59850.66,4.52
ITEM000990,ORD000412,PROD0207,3,11252.34,7.51
ITEM000991,ORD000412,PROD0374,2,1089.07,31.85
ITEM000992,ORD000413,PROD0166,0,54453.43,21.21
ITEM000993,ORD000413,PROD0366,4,511.0,32.0
ITEM000994,ORD000413,PROD0289,5,1212.03,24.49
ITEM000995,ORD000413,PROD0089,3,20754.67,29.38
ITEM000996,ORD000414,PROD0118,5,65877.11,8.36
ITEM000997,ORD000414,PROD0365,4,23541.96,36.05
ITEM000998,ORD000414,PROD0479,5,2637.52,2.83
ITEM000999,ORD000414,PROD0187,5,19530.99,29.08
ITEM001000,ORD000415,PROD0033,5,9870.73,8.39
ITEM001001,ORD000415,PROD0217,3,214.4,0.33
ITEM001002,ORD000416,PROD0057,3,909.72,37.93
ITEM001003,ORD000416,PROD0057,3,770.22,32.91
ITEM001004,ORD000417,PROD0470,1,13176.84,2.57
ITEM001005,ORD000417,PROD0131,3,86233.04,17.87
ITEM001006,ORD000417,PROD0139,4,53847.54,21.91
ITEM001007,ORD000417,PROD0219,2,54459.81,18.32
ITEM001008,ORD000418,PROD0392,2,68485.52,16.95
ITEM001009,ORD000419,PROD0290,5,3318.97,20.99
ITEM001010,ORD000419,PROD0163,5,791.44,11.8
ITEM001011,ORD000419,PROD0129,5,364.52,37.42
ITEM001012,ORD000419,PROD0492,1,26780.34,17.4
ITEM001013,ORD000420,PROD0318,5,400.07,9.97
ITEM001014,ORD000420,PROD0050,5,9607.6,24.16
ITEM001015,ORD000420,PROD0379,1,625.92,14.41
ITEM001016,ORD000421,PROD0057,2,716.23,37.68
ITEM001017,ORD000421,PROD0311,3,11184.3,38.71
ITEM001018,ORD000421,PROD0013,4,676.36,9.92
ITEM001019,ORD000421,PROD0207,4,14009.54,25.95
ITEM001020,ORD000422,PROD0432,2,44701.03,4.21
ITEM001021,ORD000422,PROD0089,4,20010.84,36.16
ITEM001022,ORD000422,PROD0383,4,4034.13,11.95
ITEM001023,ORD000422,PROD0226,4,2948.61,28.35
ITEM001024,ORD000423,PROD0059,5,478.07,37.53
ITEM001025,ORD000424,PROD0203,3,5522.08,15.6
ITEM001026,ORD000424,PROD0281,2,2192.59,39.74
ITEM001027,ORD000424,PROD0496,1,41955.54,3.17
ITEM001028,ORD000424,PROD0325,5,20660.81,3.65
ITEM001029,ORD000425,PROD0089,1,16695.13,15.27
ITEM001030,ORD000425,PROD0138,4,20906.14,37.79
ITEM001031,ORD000426,PROD0074,4,1060.7,28.9
ITEM001032,ORD000426,PROD0222,4,1942.25,17.51
ITEM001033,ORD000426,PROD0352,5,327.46,25.51
ITEM001034,ORD000427,PROD0219,4,47107.18,5.16
ITEM001035,ORD000427,PROD0411,1,550.0,13.59
ITEM001036,ORD000427,PROD0266,2,11775.35,25.44
ITEM001037,ORD000428,PROD0248,4,54067.24,28.37
ITEM001038,ORD000428,PROD0013,2,680.56,36.33
ITEM001039,ORD000429,PROD0490,4,5446.8,4.16
ITEM001040,ORD000429,PROD0252,1,1463.82,25.51
ITEM001041,ORD000430,PROD0430,5,397.66,34.95
ITEM001042,ORD000430,PROD0006,3,165.0,10.58
ITEM001043,ORD000430,PROD0219,2,45256.18,2.82
ITEM001044,ORD000430,PROD0132,3,6118.21,17.51
ITEM001045,ORD000431,PROD0446,5,31519.64,33.61
ITEM001046,ORD000431,PROD0129,3,370.54,25.45
ITEM001047,ORD000431,PROD0087,1,9561.02,23.04
ITEM001048,ORD000431,PROD0050,5,9271.05,15.04
ITEM001049,ORD000432,PROD0163,1,867.1,31.0
ITEM001050,ORD000432,PROD0243,1,8028.76,18.28
ITEM001051,ORD000433,PROD0163,2,841.59,6.63
ITEM001052,ORD000433,PROD0028,4,1075.82,24.84
ITEM001053,ORD000434,PROD0163,5,851.72,39.05
ITEM001054,ORD000434,PROD0163,2,963.95,22.53
ITEM001055,ORD000434,PROD0209,3,1298.66,11.45
ITEM001056,ORD000435,PROD0290,3,3794.86,35.88
ITEM001057,ORD000435,PROD0476,5,15218.77,30.99
ITEM001058,ORD000436,PROD0046,2,10925.01,14.97
ITEM001059,ORD000436,PROD0139,2,46387.5,5.42
ITEM001060,ORD000436,PROD0365,4,28166.7,30.98
ITEM001061,ORD000437,PROD0075,2,710.47,31.43
ITEM001062,ORD000438,PROD0435,2,2634.65,17.46
ITEM001063,ORD000438,PROD0409,5,10188.9,28.66
ITEM001064,ORD000438,PROD0455,2,49141.25,23.32
ITEM001065,ORD000439,PROD0131,5,82457.31,32.02
ITEM001066,ORD000440,PROD0162,1,1308.57,38.19
ITEM001067,ORD000440,PROD0085,2,11607.57,14.68
ITEM001068,ORD000441,PROD0276,4,8926.35,17.1
ITEM001069,ORD000441,PROD0073,2,37048.7,1.04
ITEM001070,ORD000442,PROD0439,5,2365.01,3.69
ITEM001071,ORD000443,PROD0252,5,1167.12,21.8
ITEM001072,ORD000443,PROD0028,4,1098.68,7.53
ITEM001073,ORD000443,PROD0049,5,1176.15,26.83
ITEM001074,ORD000444,PROD0479,2,2497.54,9.34
ITEM001075,ORD000444,PROD0425,1,3479.28,28.46
ITEM001076,ORD000444,PROD0027,1,728.21,21.91
ITEM001077,ORD000444,PROD0290,4,3736.05,34.67
ITEM001078,ORD000445,PROD0374,2,886.37,23.7
ITEM001079,ORD000445,PROD0477,5,29267.36,2.32
ITEM001080,ORD000446,PROD0163,3,910.0,6.08
ITEM001081,ORD000446,PROD0165,1,674.42,26.49
ITEM001082,ORD000446,PROD0222,1,1474.13,30.2
ITEM001083,ORD000446,PROD0484,5,22724.0,8.23
ITEM001084,ORD000447,PROD0012,5,2788.68,34.51
ITEM001085,ORD000447,PROD0178,2,719.81,27.6
ITEM001086,ORD000447,PROD0219,3,53611.0,1.06
ITEM001087,ORD000447,PROD0464,1,51608.15,7.3
ITEM001088,ORD000448,PROD0384,5,600.2,35.27
ITEM001089,ORD000449,PROD0290,2,3479.17,0.21
ITEM001090,ORD000449,PROD0074,3,1210.23,5.65
ITEM001091,ORD000450,PROD0352,1,321.86,35.77
ITEM001092,ORD000450,PROD0374,3,1209.82,30.04
ITEM001093,ORD000450,PROD0245,5,1280.23,35.12
ITEM001094,ORD000451,PROD0057,1,745.06,16.45
ITEM001095,ORD000451,PROD0233,3,16568.12,37.75
ITEM001096,ORD000452,PROD0101,2,940.15,18.29
ITEM001097,ORD000452,PROD0060,4,37830.61,
ITEM001098,ORD000452,PROD0354,1,2005.03,4.51
ITEM001099,ORD000452,PROD0091,1,3451.73,4.73
ITEM001100,ORD000453,PROD0425,1,4043.13,15.99
ITEM001101,ORD000454,PROD0163,3,911.65,10.33
ITEM001102,ORD000454,PROD0219,5,45557.5,37.72
ITEM001103,ORD000454,PROD0496,1,42665.25,7.94
ITEM001104,ORD000455,PROD0299,3,8322.25,16.41
ITEM001105,ORD000455,PROD0005,1,1450.86,25.74
ITEM001106,ORD000455,PROD0219,2,43981.19,23.48
ITEM001107,ORD000456,PROD0338,4,380.77,15.62
ITEM001108,ORD000456,PROD0242,1,196.03,27.17
ITEM001109,ORD000457,PROD0120,5,557.85,36.75
ITEM001110,ORD000457,PROD0245,4,970.1,34.25
ITEM001111,ORD000458,PROD0106,3,58364.78,29.82
ITEM001112,ORD000459,PROD0013,2,673.14,13.23
ITEM001113,ORD000459,PROD0163,3,911.81,14.22
ITEM001114,ORD000459,PROD0353,3,1100.83,39.24
ITEM001115,ORD000459,PROD0219,3,52848.93,13.71
ITEM001116,ORD000460,PROD0050,1,9965.63,10.84
ITEM001117,ORD000461,PROD0340,2,953.49,32.64
ITEM001118,ORD000461,PROD0248,4,54187.48,24.24
ITEM001119,ORD000461,PROD0336,1,9651.03,18.6
ITEM001120,ORD000462,PROD0050,3,9244.92,16.2
ITEM001121,ORD000463,PROD0013,5,585.96,27.95
ITEM001122,ORD000463,PROD0064,2,26187.18,5.99
ITEM001123,ORD000464,PROD0304,5,619.05,34.38
ITEM001124,ORD000464,PROD0260,2,183.89,35.41
ITEM001125,ORD000465,PROD0477,1,33667.63,35.34
ITEM001126,ORD000465,PROD0025,4,60436.55,20.87
ITEM001127,ORD000465,PROD0029,1,2379.78,4.64
ITEM001128,ORD000465,PROD0033,3,11823.03,3.27
ITEM001129,ORD000466,PROD0022,3,1599.19,30.7
ITEM001130,ORD000466,PROD0219,5,57145.73,30.62
ITEM001131,ORD000467,PROD0107,4,73519.03,33.55
ITEM001132,ORD000467,PROD0219,5,42463.94,5.88
ITEM001133,ORD000468,PROD0476,5,11800.91,6.54
ITEM001134,ORD000468,PROD0219,1,57340.32,16.48
ITEM001135,ORD000468,PROD0243,2,9101.39,22.84
ITEM001136,ORD000469,PROD0023,5,1175.45,28.69
ITEM001137,ORD000469,PROD0075,-4,767.63,30.28
ITEM001138,ORD000469,PROD0492,2,27060.35,21.11
ITEM001139,ORD000469,PROD0349,4,18845.95,8.99
ITEM001140,ORD000470,PROD0258,5,12675.65,23.75
ITEM001141,ORD000471,PROD0219,4,46495.03,7.04
ITEM001142,ORD000471,PROD0020,3,1336.82,13.61
ITEM001143,ORD000471,PROD0056,3,43850.98,23.92
ITEM001144,ORD000471,PROD0048,3,38088.35,0.14
ITEM001145,ORD000472,PROD0078,2,13805.2,17.5
ITEM001146,ORD000473,PROD0020,4,1182.53,13.81
ITEM001147,ORD000473,PROD0163,-2,837.38,36.42
ITEM001148,ORD000474,PROD0356,1,1259.09,3.46
ITEM001149,ORD000474,PROD0057,4,720.54,4.89
ITEM001150,ORD000474,PROD0252,5,1304.27,28.8
ITEM001151,ORD000474,PROD0411,4,497.84,5.44
ITEM001152,ORD000475,PROD0496,5,37494.22,6.37
ITEM001153,ORD000475,PROD0234,2,19357.38,13.48
ITEM001154,ORD000476,PROD0013,4,697.79,28.58
ITEM001155,ORD000477,PROD0057,1,736.3,10.68
ITEM001156,ORD000477,PROD0441,1,172.76,32.43
ITEM001157,ORD000477,PROD0130,1,3682.98,35.63
ITEM001158,ORD000478,PROD0128,1,34677.54,25.67
ITEM001159,ORD000479,PROD0219,4,48388.92,26.1
ITEM001160,ORD000480,PROD0414,3,667.33,3.83
ITEM001161,ORD000480,PROD0340,4,1110.26,11.57
ITEM001162,ORD000480,PROD0340,4,1056.42,38.73
ITEM001163,ORD000481,PROD0290,2,3058.17,25.43
ITEM001164,ORD000481,PROD0096,5,995.05,26.89
ITEM001165,ORD000481,PROD0328,-3,180.15,6.6
ITEM001166,ORD000482,PROD0361,4,12672.75,31.18
ITEM001167,ORD000482,PROD0347,1,69231.11,36.46
ITEM001168,ORD000482,PROD0183,1,9276.68,39.62
ITEM001169,ORD000483,PROD0043,5,3035.19,9.86
ITEM001170,ORD000483,PROD0163,1,885.51,12.42
ITEM001171,ORD000483,PROD0167,3,382.87,9.68
ITEM001172,ORD000483,PROD0139,4,53656.92,24.6
ITEM001173,ORD000484,PROD0005,3,1272.51,16.59
ITEM001174,ORD000484,PROD0317,1,2646.86,8.69
ITEM001175,ORD000484,PROD0350,2,9855.58,37.6
ITEM001176,ORD000485,PROD0097,2,727.7,31.79
ITEM001177,ORD000485,PROD0340,2,909.36,10.72
ITEM001178,ORD000485,PROD0489,-4,11344.37,3.84
ITEM001179,ORD000485,PROD0277,5,2339.27,29.09
ITEM001180,ORD000486,PROD0488,4,39806.66,17.89
ITEM001181,ORD000486,PROD0441,2,199.83,24.56
ITEM001182,ORD000487,PROD0042,1,5213.77,0.93
ITEM001183,ORD000487,PROD0046,3,12373.53,0.58
ITEM001184,ORD000487,PROD0219,3,45559.55,33.42
ITEM001185,ORD000488,PROD0381,2,38622.66,35.29
ITEM001186,ORD000488,PROD0377,3,1000.62,1.2
ITEM001187,ORD000488,PROD0205,1,1179.87,31.95
ITEM001188,ORD000488,PROD0214,5,62117.72,9.46
ITEM001189,ORD000489,PROD0394,5,3925.23,24.76
ITEM001190,ORD000489,PROD0176,1,2997.94,34.42
ITEM001191,ORD000490,PROD0130,2,4186.14,30.98
ITEM001192,ORD000490,PROD0114,3,2935.8,32.81
ITEM001193,ORD000490,PROD0171,5,30870.98,21.84
ITEM001194,ORD000490,PROD0428,0,79614.07,11.99
ITEM001195,ORD000491,PROD0219,3,45764.91,23.31
ITEM001196,ORD000491,PROD0438,2,7468.71,1.77
ITEM001197,ORD000492,PROD0340,5,1172.45,28.44
ITEM001198,ORD000492,PROD0303,1,5696.56,4.9
ITEM001199,ORD000492,PROD0097,2,611.6,28.6
ITEM001200,ORD000492,PROD0048,0,29786.7,34.5
ITEM001201,ORD000493,PROD0376,-5,666.29,39.66
ITEM001202,ORD000493,PROD0027,3,817.16,21.68
ITEM001203,ORD000493,PROD0252,1,1262.44,30.83
ITEM001204,ORD000494,PROD0291,1,1146.93,23.02
ITEM001205,ORD000494,PROD0351,5,1370.91,20.07
ITEM001206,ORD000494,PROD0219,-5,49397.83,12.45
ITEM001207,ORD000494,PROD0273,2,684.84,33.98
ITEM001208,ORD000495,PROD0009,1,1512.79,38.51
ITEM001209,ORD000495,PROD0392,2,62110.7,38.47
ITEM001210,ORD000495,PROD0431,3,245.6,39.68
ITEM001211,ORD000496,PROD0476,3,13168.61,6.18
ITEM001212,ORD000497,PROD0171,2,24324.78,29.63
ITEM001213,ORD000498,PROD0467,5,1364.72,2.94
ITEM001214,ORD000498,PROD0325,1,16697.47,25.73
ITEM001215,ORD000499,PROD0319,2,304.87,24.35
ITEM001216,ORD000500,PROD0070,5,911.27,36.61
ITEM001217,ORD000501,PROD0097,3,738.24,27.5
ITEM001218,ORD000501,PROD0497,1,13818.62,25.33
ITEM001219,ORD000502,PROD0425,3,3066.74,3.56
ITEM001220,ORD000502,PROD0015,-4,260.55,4.9
ITEM001221,ORD000502,PROD0372,5,61623.03,29.89
ITEM001222,ORD000502,PROD0411,1,617.82,4.09
ITEM001223,ORD000503,PROD0128,3,38986.83,1.19
ITEM001224,ORD000503,PROD0271,3,951.83,1.39
ITEM001225,ORD000504,PROD0123,5,71567.04,25.51
ITEM001226,ORD000504,PROD0163,4,896.18,10.97
ITEM001227,ORD000504,PROD0318,3,490.78,34.38
ITEM001228,ORD000504,PROD0459,2,15361.63,11.51
ITEM001229,ORD000505,PROD0280,3,12621.22,37.53
ITEM001230,ORD000505,PROD0219,4,50071.02,26.89
ITEM001231,ORD000505,PROD0233,1,17512.12,27.46
ITEM001232,ORD000505,PROD0391,1,74614.49,5.48
ITEM001233,ORD000506,PROD0204,3,1146.18,32.32
ITEM001234,ORD000506,PROD0247,4,63691.43,15.83
ITEM001235,ORD000506,PROD0411,3,594.34,14.56
ITEM001236,ORD000506,PROD0477,2,30709.16,38.44
ITEM001237,ORD000507,PROD0403,-1,14325.69,12.84
ITEM001238,ORD000507,PROD0410,4,3461.61,4.32
ITEM001239,ORD000507,PROD0019,1,14277.91,35.88
ITEM001240,ORD000508,PROD0075,3,578.56,13.18
ITEM001241,ORD000509,PROD0136,2,2264.84,4.94
ITEM001242,ORD000509,PROD0440,5,1387.5,29.77
ITEM001243,ORD000510,PROD0460,1,20665.05,36.13
ITEM001244,ORD000510,PROD0219,2,45161.59,35.04
ITEM001245,ORD000510,PROD0365,3,22179.97,37.12
ITEM001246,ORD000511,PROD0101,5,784.59,36.05
ITEM001247,ORD000511,PROD0221,1,7756.28,6.02
ITEM001248,ORD000512,PROD0163,5,842.93,8.68
ITEM001249,ORD000512,PROD0222,3,1684.03,34.67
ITEM001250,ORD000512,PROD0367,5,1190.24,29.96
ITEM001251,ORD000512,PROD0400,3,30662.22,25.58
ITEM001252,ORD000513,PROD0025,5,59283.94,22.14
ITEM001253,ORD000514,PROD0114,5,2895.97,38.49
ITEM001254,ORD000514,PROD0495,4,1100.91,28.34
ITEM001255,ORD000515,PROD0142,5,4714.6,5.18
ITEM001256,ORD000515,PROD0153,2,1316.34,14.4
ITEM001257,ORD000515,PROD0163,2,923.04,26.19
ITEM001258,ORD000515,PROD0139,1,59243.62,8.79
ITEM001259,ORD000516,PROD0007,3,698.18,23.64
ITEM001260,ORD000517,PROD0476,4,12652.36,8.54
ITEM001261,ORD000517,PROD0286,1,53170.82,9.08
ITEM001262,ORD000517,PROD0129,4,427.99,24.61
ITEM001263,ORD000517,PROD0013,2,539.34,11.78
ITEM001264,ORD000518,PROD0163,3,912.26,25.08
ITEM001265,ORD000518,PROD0237,4,811.41,28.42
ITEM001266,ORD000518,PROD0439,5,1935.87,10.21
ITEM001267,ORD000518,PROD0488,2,33460.94,34.7
ITEM001268,ORD000519,PROD0091,2,3194.08,10.56
ITEM001269,ORD000519,PROD0436,4,467.22,12.49
ITEM001270,ORD000520,PROD0383,3,3625.56,19.85
ITEM001271,ORD000520,PROD0010,4,13385.19,14.13
ITEM001272,ORD000521,PROD0166,2,66724.08,6.19
ITEM001273,ORD000521,PROD0069,5,3200.31,37.12
ITEM001274,ORD000521,PROD0222,5,1915.62,10.46
ITEM001275,ORD000521,PROD0197,2,299.9,0.44
ITEM001276,ORD000522,PROD0305,4,18209.72,1.47
ITEM001277,ORD000522,PROD0314,3,2833.59,3.78
ITEM001278,ORD000522,PROD0310,3,705.81,23.13
ITEM001279,ORD000523,PROD0050,3,8703.83,14.06
ITEM001280,ORD000524,PROD0070,4,808.63,27.29
ITEM001281,ORD000524,PROD0340,2,949.51,37.99
ITEM001282,ORD000524,PROD0337,5,920.95,39.39
ITEM001283,ORD000525,PROD0260,1,166.34,30.19
ITEM001284,ORD000525,PROD0088,2,25885.68,23.05
ITEM001285,ORD000525,PROD0178,4,679.51,8.38
ITEM001286,ORD000526,PROD0029,3,2461.05,23.82
ITEM001287,ORD000526,PROD0095,-5,43724.06,21.91
ITEM001288,ORD000526,PROD0141,4,48171.47,24.31
ITEM001289,ORD000526,PROD0392,1,80421.87,3.76
ITEM001290,ORD000527,PROD0163,1,860.39,7.95
ITEM001291,ORD000528,PROD0290,3,3595.31,3.48
ITEM001292,ORD000528,PROD0238,4,67889.2,10.0
ITEM001293,ORD000528,PROD0281,5,1895.56,39.25
ITEM001294,ORD000528,PROD0238,4,80051.18,15.24
ITEM001295,ORD000529,PROD0215,5,1206.28,32.04
ITEM001296,ORD000529,PROD0219,2,48573.96,20.36
ITEM001297,ORD000529,PROD0254,3,941.15,18.76
ITEM001298,ORD000529,PROD0355,4,17471.63,35.06
ITEM001299,ORD000530,PROD0050,5,8179.83,27.04
ITEM001300,ORD000531,PROD0348,1,87473.73,20.32
ITEM001301,ORD000531,PROD0249,5,17175.48,37.12
ITEM001302,ORD000532,PROD0083,4,37116.95,33.2
ITEM001303,ORD000532,PROD0271,2,956.84,10.86
ITEM001304,ORD000532,PROD0059,4,386.42,16.97
ITEM001305,ORD000532,PROD0434,3,2931.78,26.23
ITEM001306,ORD000533,PROD0396,4,3348.24,33.68
ITEM001307,ORD000533,PROD0104,3,63340.83,28.68
ITEM001308,ORD000533,PROD0013,4,605.45,0.22
ITEM001309,ORD000534,PROD0154,5,28604.24,9.48
ITEM001310,ORD000534,PROD0163,1,868.28,0.29
ITEM001311,ORD000534,PROD0093,3,1112.22,7.46
ITEM001312,ORD000534,PROD0111,3,5785.89,27.87
ITEM001313,ORD000535,PROD0219,1,49000.69,
ITEM001314,ORD000536,PROD0067,3,1547.56,1.84
ITEM001315,ORD000536,PROD0057,2,777.16,23.26
ITEM001316,ORD000537,PROD0472,4,270.49,31.55
ITEM001317,ORD000537,PROD0425,2,3887.8,5.46
ITEM001318,ORD000537,PROD0399,4,42972.13,5.87
ITEM001319,ORD000538,PROD0396,-1,2756.84,25.13
ITEM001320,ORD000538,PROD0219,5,50215.44,39.07
ITEM001321,ORD000538,PROD0438,4,7593.33,9.44
ITEM001322,ORD000539,PROD0038,3,2032.58,10.78
ITEM001323,ORD000539,PROD0238,-3,63667.46,32.34
ITEM001324,ORD000539,PROD0360,2,1028.42,18.69
ITEM001325,ORD000539,PROD0425,4,3563.7,3.41
ITEM001326,ORD000540,PROD0477,2,35083.77,3.79
ITEM001327,ORD000541,PROD0050,3,8622.15,20.84
ITEM001328,ORD000542,PROD0340,2,1168.14,17.84
ITEM001329,ORD000543,PROD0219,1,42620.53,33.8
ITEM001330,ORD000544,PROD0396,4,2964.24,8.2
ITEM001331,ORD000545,PROD0207,5,14250.48,9.12
ITEM001332,ORD000545,PROD0368,4,1754.15,11.39
ITEM001333,ORD000545,PROD0428,5,91870.84,2.31
ITEM001334,ORD000546,PROD0427,5,12091.26,15.6
ITEM001335,ORD000547,PROD0351,4,1148.68,24.97
ITEM001336,ORD000547,PROD0477,1,39466.18,36.04
ITEM001337,ORD000548,PROD0013,1,736.34,17.43
ITEM001338,ORD000548,PROD0401,5,715.11,29.73
ITEM001339,ORD000549,PROD0453,5,84146.36,7.83
ITEM001340,ORD000550,PROD0462,4,509.36,39.14
ITEM001341,ORD000550,PROD0273,3,781.42,2.4
ITEM001342,ORD000551,PROD0088,1,20647.22,24.37
ITEM001343,ORD000551,PROD0252,-1,1492.84,5.12
ITEM001344,ORD000551,PROD0477,1,29972.51,15.38
ITEM001345,ORD000551,PROD0392,5,61667.64,1.3
ITEM001346,ORD000552,PROD0461,5,19194.64,36.61
ITEM001347,ORD000553,PROD0275,5,899.91,6.01
ITEM001348,ORD000553,PROD0163,2,903.45,34.32
ITEM001349,ORD000553,PROD0219,2,55519.12,17.46
ITEM001350,ORD000553,PROD0054,1,13965.63,14.49
ITEM001351,ORD000554,PROD0372,1,58839.1,1.64
ITEM001352,ORD000554,PROD0229,5,1957.5,29.67
ITEM001353,ORD000554,PROD0048,1,35958.27,20.5
ITEM001354,ORD000554,PROD0351,3,1497.9,5.45
ITEM001355,ORD000555,PROD0340,-3,861.32,37.31
ITEM001356,ORD000555,PROD0476,3,12626.88,37.37
ITEM001357,ORD000555,PROD0163,1,856.23,26.56
ITEM001358,ORD000555,PROD0372,4,50320.43,10.86
ITEM001359,ORD000556,PROD0163,1,959.15,5.94
ITEM001360,ORD000556,PROD0269,4,2534.62,0.68
ITEM001361,ORD000557,PROD0434,5,3209.29,12.42
ITEM001362,ORD000557,PROD0190,1,2809.54,27.11
ITEM001363,ORD000557,PROD0195,1,6816.54,8.84
ITEM001364,ORD000558,PROD0372,3,52627.13,15.02
ITEM001365,ORD000558,PROD0057,2,887.7,15.89
ITEM001366,ORD000559,PROD0477,1,37500.19,4.13
ITEM001367,ORD000560,PROD0019,3,12176.74,11.59
ITEM001368,ORD000561,PROD0442,4,67845.65,16.96
ITEM001369,ORD000561,PROD0483,3,2405.21,19.35
ITEM001370,ORD000561,PROD0365,1,24340.3,14.24
ITEM001371,ORD000562,PROD0013,1,616.4,3.55
ITEM001372,ORD000563,PROD0252,1,1426.11,23.32
ITEM001373,ORD000563,PROD0252,5,1478.15,2.74
ITEM001374,ORD000563,PROD0013,5,649.24,25.85
ITEM001375,ORD000563,PROD0038,5,2117.25,4.32
ITEM001376,ORD000564,PROD0013,1,614.02,27.44
ITEM001377,ORD000564,PROD0340,4,1159.65,
ITEM001378,ORD000565,PROD0245,5,1179.5,38.08
ITEM001379,ORD000565,PROD0288,3,1484.15,3.97
ITEM001380,ORD000566,PROD0202,3,28381.86,29.57
ITEM001381,ORD000566,PROD0142,2,4703.89,16.19
ITEM001382,ORD000566,PROD0129,4,448.09,10.31
ITEM001383,ORD000566,PROD0078,2,15479.28,17.36
ITEM001384,ORD000567,PROD0232,5,1019.93,12.09
ITEM001385,ORD000567,PROD0060,4,37147.97,37.99
ITEM001386,ORD000567,PROD0283,5,1198.88,3.67
ITEM001387,ORD000568,PROD0181,2,15165.65,6.1
ITEM001388,ORD000568,PROD0381,5,39460.04,10.73
ITEM001389,ORD000568,PROD0171,5,27176.76,26.45
ITEM001390,ORD000568,PROD0411,2,563.83,25.21
ITEM001391,ORD000569,PROD0125,2,1216.67,18.71
ITEM001392,ORD000569,PROD0340,1,1104.29,2.57
ITEM001393,ORD000570,PROD0470,5,13850.98,9.78
ITEM001394,ORD000570,PROD0378,4,10086.18,13.02
ITEM001395,ORD000570,PROD0317,3,2903.73,15.41
ITEM001396,ORD000570,PROD0017,1,54276.28,15.82
ITEM001397,ORD000571,PROD0122,5,13925.59,36.62
ITEM001398,ORD000571,PROD0013,3,615.1,35.31
ITEM001399,ORD000571,PROD0068,2,61247.32,17.25
ITEM001400,ORD000571,PROD0342,2,69462.17,25.26
ITEM001401,ORD000572,PROD0322,3,9477.31,9.42
ITEM001402,ORD000572,PROD0421,5,34992.48,7.5
ITEM001403,ORD000572,PROD0073,4,41336.33,39.8
ITEM001404,ORD000573,PROD0322,1,9578.9,8.18
ITEM001405,ORD000573,PROD0179,5,35041.85,32.94
ITEM001406,ORD000573,PROD0163,1,749.04,36.01
ITEM001407,ORD000573,PROD0408,4,343.0,13.35
ITEM001408,ORD000574,PROD0340,5,964.24,32.07
ITEM001409,ORD000575,PROD0013,1,725.21,35.87
ITEM001410,ORD000575,PROD0050,-1,7343.81,30.05
ITEM001411,ORD000576,PROD0050,4,8785.61,8.05
ITEM001412,ORD000576,PROD0132,2,5817.37,24.38
ITEM001413,ORD000577,PROD0385,4,1007.78,1.73
ITEM001414,ORD000577,PROD0179,3,34882.91,30.51
ITEM001415,ORD000578,PROD0163,4,755.42,26.98
ITEM001416,ORD000578,PROD0447,2,20076.69,0.31
ITEM001417,ORD000578,PROD0163,4,922.56,23.16
ITEM001418,ORD000579,PROD0371,1,429.68,15.32
ITEM001419,ORD000580,PROD0392,3,83310.71,32.14
ITEM001420,ORD000580,PROD0469,3,47449.95,23.31
ITEM001421,ORD000581,PROD0430,4,392.17,23.27
ITEM001422,ORD000582,PROD0340,2,923.06,10.6
ITEM001423,ORD000583,PROD0294,1,64439.23,1.38
ITEM001424,ORD000583,PROD0372,3,60997.35,1.31
ITEM001425,ORD000583,PROD0015,3,260.94,9.91
ITEM001426,ORD000584,PROD0365,4,20994.91,12.11
ITEM001427,ORD000584,PROD0430,5,337.36,30.84
ITEM001428,ORD000585,PROD0476,2,11262.2,33.14
ITEM001429,ORD000585,PROD0207,2,11564.43,24.9
ITEM001430,ORD000585,PROD0329,2,22610.48,22.62
ITEM001431,ORD000585,PROD0214,5,79723.86,18.16
ITEM001432,ORD000586,PROD0013,4,655.16,27.58
ITEM001433,ORD000586,PROD0013,1,675.3,35.7
ITEM001434,ORD000586,PROD0372,5,55722.39,2.95
ITEM001435,ORD000587,PROD0136,5,2558.02,28.91
ITEM001436,ORD000587,PROD0163,3,913.91,33.12
ITEM001437,ORD000587,PROD0163,3,770.18,34.1
ITEM001438,ORD000587,PROD0426,3,51789.56,18.76
ITEM001439,ORD000588,PROD0197,2,294.78,32.75
ITEM001440,ORD000588,PROD0363,4,18389.56,2.59
ITEM001441,ORD000588,PROD0228,-1,13808.11,24.25
ITEM001442,ORD000589,PROD0205,1,869.05,0.14
ITEM001443,ORD000589,PROD0310,2,651.84,16.25
ITEM001444,ORD000590,PROD0163,5,949.27,34.05
ITEM001445,ORD000591,PROD0129,2,429.08,35.24
ITEM001446,ORD000592,PROD0197,5,295.1,1.13
ITEM001447,ORD000592,PROD0085,5,11669.83,22.52
ITEM001448,ORD000592,PROD0271,1,769.69,33.77
ITEM001449,ORD000593,PROD0178,5,776.95,31.88
ITEM001450,ORD000593,PROD0374,3,1088.11,4.23
ITEM001451,ORD000593,PROD0125,5,1314.41,14.52
ITEM001452,ORD000594,PROD0348,4,78227.48,39.22
ITEM001453,ORD000594,PROD0282,5,1049.66,37.8
ITEM001454,ORD000595,PROD0093,4,944.89,30.07
ITEM001455,ORD000595,PROD0057,1,690.59,15.2
ITEM001456,ORD000595,PROD0304,4,545.66,3.56
ITEM001457,ORD000596,PROD0089,1,17184.84,30.59
ITEM001458,ORD000596,PROD0093,4,973.92,29.52
ITEM001459,ORD000597,PROD0101,3,816.4,2.13
ITEM001460,ORD000597,PROD0129,4,423.65,4.55
ITEM001461,ORD000597,PROD0181,5,16115.05,4.89
ITEM001462,ORD000598,PROD0385,2,992.24,20.43
ITEM001463,ORD000598,PROD0476,5,14569.69,32.44
ITEM001464,ORD000599,PROD0155,4,557.96,22.5
ITEM001465,ORD000600,PROD0031,3,61076.44,8.26
ITEM001466,ORD000600,PROD0472,3,235.52,23.5
ITEM001467,ORD000601,PROD0057,5,845.89,15.22
ITEM001468,ORD000601,PROD0163,4,893.33,7.88
ITEM001469,ORD000601,PROD0185,4,15620.21,21.48
ITEM001470,ORD000601,PROD0178,2,754.98,36.63
ITEM001471,ORD000602,PROD0022,1,1670.82,31.18
ITEM001472,ORD000603,PROD0290,5,3151.19,0.06
ITEM001473,ORD000603,PROD0384,5,620.2,24.9
ITEM001474,ORD000603,PROD0477,5,36895.59,38.13
ITEM001475,ORD000604,PROD0382,1,2210.66,19.98
ITEM001476,ORD000604,PROD0142,1,4227.09,33.48
ITEM001477,ORD000604,PROD0476,4,14108.08,13.37
ITEM001478,ORD000605,PROD0496,2,35730.96,13.67
ITEM001479,ORD000605,PROD0171,2,29835.13,11.38
ITEM001480,ORD000605,PROD0425,2,3893.91,15.4
ITEM001481,ORD000605,PROD0469,3,61925.93,27.41
ITEM001482,ORD000606,PROD0191,2,1109.2,39.41
ITEM001483,ORD000607,PROD0050,2,7767.45,29.53
ITEM001484,ORD000607,PROD0001,3,17948.65,15.97
ITEM001485,ORD000607,PROD0013,4,655.79,21.15
ITEM001486,ORD000608,PROD0128,2,34335.4,32.14
ITEM001487,ORD000608,PROD0163,1,976.18,30.36
ITEM001488,ORD000608,PROD0050,1,9060.15,21.95
ITEM001489,ORD000609,PROD0068,5,78602.06,23.4
ITEM001490,ORD000609,PROD0334,2,4241.28,10.81
ITEM001491,ORD000609,PROD0050,1,7249.57,14.47
ITEM001492,ORD000610,PROD0264,2,74466.7,36.23
ITEM001493,ORD000610,PROD0398,4,1587.45,2.07
ITEM001494,ORD000611,PROD0340,5,992.27,16.13
ITEM001495,ORD000611,PROD0246,2,10885.62,23.99
ITEM001496,ORD000611,PROD0170,3,3028.62,36.53
ITEM001497,ORD000612,PROD0339,3,693.19,4.55
ITEM001498,ORD000612,PROD0447,1,16131.7,8.71
ITEM001499,ORD000612,PROD0403,2,15022.76,7.32
ITEM001500,ORD000613,PROD0347,3,69741.57,19.06
ITEM001501,ORD000614,PROD0499,2,3099.86,38.7
ITEM001502,ORD000614,PROD0057,4,824.04,18.96
ITEM001503,ORD000615,PROD0290,5,3566.67,28.24
ITEM001504,ORD000615,PROD0340,3,1149.54,35.06
ITEM001505,ORD000616,PROD0425,4,3098.11,11.68
ITEM001506,ORD000616,PROD0011,1,22727.94,2.92
ITEM001507,ORD000616,PROD0392,4,78173.48,31.93
ITEM001508,ORD000616,PROD0057,4,754.65,17.47
ITEM001509,ORD000617,PROD0271,4,859.63,28.38
ITEM001510,ORD000617,PROD0248,2,52198.94,22.05
ITEM001511,ORD000618,PROD0459,2,17995.93,26.04
ITEM001512,ORD000618,PROD0219,1,57538.81,9.29
ITEM001513,ORD000619,PROD0371,5,339.47,9.41
ITEM001514,ORD000619,PROD0345,5,14942.73,7.65
ITEM001515,ORD000619,PROD0340,-3,1086.5,18.77
ITEM001516,ORD000619,PROD0311,-3,11804.6,22.34
ITEM001517,ORD000620,PROD0254,5,855.37,7.91
ITEM001518,ORD000620,PROD0166,4,60589.13,21.87
ITEM001519,ORD000620,PROD0162,1,1384.62,22.1
ITEM001520,ORD000621,PROD0353,3,1003.09,7.85
ITEM001521,ORD000621,PROD0075,3,560.29,3.85
ITEM001522,ORD000621,PROD0313,-1,2776.23,16.43
ITEM001523,ORD000622,PROD0323,4,1577.57,29.37
ITEM001524,ORD000623,PROD0349,4,15226.9,36.22
ITEM001525,ORD000623,PROD0122,4,14739.82,18.64
ITEM001526,ORD000623,PROD0013,2,676.94,4.48
ITEM001527,ORD000624,PROD0023,5,1374.58,22.81
ITEM001528,ORD000624,PROD0477,4,31831.36,12.81
ITEM001529,ORD000624,PROD0399,2,36101.8,23.25
ITEM001530,ORD000624,PROD0423,2,1544.6,33.65
ITEM001531,ORD000625,PROD0452,5,39481.21,2.15
ITEM001532,ORD000626,PROD0374,3,1078.37,9.4
ITEM001533,ORD000626,PROD0045,2,25116.4,38.07
ITEM001534,ORD000626,PROD0327,2,16790.97,3.03
ITEM001535,ORD000627,PROD0213,3,657.07,25.38
ITEM001536,ORD000628,PROD0304,2,649.39,24.26
ITEM001537,ORD000628,PROD0466,2,24832.64,25.77
ITEM001538,ORD000628,PROD0118,3,74859.34,16.45
ITEM001539,ORD000628,PROD0013,-4,534.18,0.48
ITEM001540,ORD000629,PROD0050,3,8181.49,12.14
ITEM001541,ORD000629,PROD0219,2,57408.31,9.28
ITEM001542,ORD000630,PROD0358,4,1184.54,15.11
ITEM001543,ORD000630,PROD0340,5,1113.31,23.28
ITEM001544,ORD000630,PROD0251,4,18452.92,17.52
ITEM001545,ORD000630,PROD0024,4,27189.42,8.52
ITEM001546,ORD000631,PROD0288,2,1539.51,8.99
ITEM001547,ORD000631,PROD0050,3,7945.77,20.39
ITEM001548,ORD000632,PROD0403,1,13513.89,1.22
ITEM001549,ORD000632,PROD0263,3,68337.39,25.06
ITEM001550,ORD000632,PROD0163,3,848.88,36.29
ITEM001551,ORD000632,PROD0493,2,2672.75,1.32
ITEM001552,ORD000633,PROD0276,5,9151.05,22.54
ITEM001553,ORD000633,PROD0477,3,30949.57,0.34
ITEM001554,ORD000633,PROD0351,1,1532.19,22.36
ITEM001555,ORD000634,PROD0335,3,461.79,26.95
ITEM001556,ORD000635,PROD0214,5,82036.07,18.24
ITEM001557,ORD000636,PROD0305,2,17693.17,30.49
ITEM001558,ORD000636,PROD0013,1,691.51,30.24
ITEM001559,ORD000637,PROD0495,3,1226.14,14.68
ITEM001560,ORD000638,PROD0447,1,17232.59,22.08
ITEM001561,ORD000639,PROD0237,3,861.9,30.78
ITEM001562,ORD000640,PROD0020,5,1241.53,32.21
ITEM001563,ORD000640,PROD0220,1,3420.01,18.53
ITEM001564,ORD000640,PROD0134,1,64411.9,33.6
ITEM001565,ORD000640,PROD0371,5,380.32,10.25
ITEM001566,ORD000641,PROD0357,1,1663.13,20.54
ITEM001567,ORD000642,PROD0208,5,15164.96,10.44
ITEM001568,ORD000642,PROD0057,3,805.44,37.16
ITEM001569,ORD000642,PROD0020,3,1353.1,32.56
ITEM001570,ORD000642,PROD0337,1,945.92,18.55
ITEM001571,ORD000643,PROD0020,2,1235.78,7.91
ITEM001572,ORD000643,PROD0163,4,820.08,31.76
ITEM001573,ORD000643,PROD0163,3,819.69,6.19
ITEM001574,ORD000643,PROD0399,1,38675.62,36.04
ITEM001575,ORD000644,PROD0166,2,62070.4,8.16
ITEM001576,ORD000645,PROD0430,3,360.25,16.95
ITEM001577,ORD000645,PROD0311,3,13547.96,26.79
ITEM001578,ORD000645,PROD0196,4,620.29,26.72
ITEM001579,ORD000646,PROD0128,1,33709.56,13.18
ITEM001580,ORD000646,PROD0365,3,29109.5,21.2
ITEM001581,ORD000646,PROD0291,1,914.71,32.68
ITEM001582,ORD000647,PROD0071,2,1060.63,9.2
ITEM001583,ORD000648,PROD0339,3,775.58,20.71
ITEM001584,ORD000649,PROD0155,5,543.29,35.67
ITEM001585,ORD000649,PROD0392,3,68877.0,11.22
ITEM001586,ORD000649,PROD0219,3,49388.02,15.62
ITEM001587,ORD000649,PROD0110,3,5495.77,0.35
ITEM001588,ORD000650,PROD0172,2,58673.6,14.57
ITEM001589,ORD000650,PROD0088,2,22919.97,22.5
ITEM001590,ORD000651,PROD0310,5,734.65,35.44
ITEM001591,ORD000651,PROD0219,3,55521.49,7.92
ITEM001592,ORD000651,PROD0042,5,4394.24,39.45
ITEM001593,ORD000652,PROD0219,2,48704.2,26.74
ITEM001594,ORD000652,PROD0048,2,32503.85,2.27
ITEM001595,ORD000652,PROD0020,5,1491.43,23.9
ITEM001596,ORD000653,PROD0477,4,38843.33,27.43
ITEM001597,ORD000653,PROD0041,5,10171.03,29.04
ITEM001598,ORD000653,PROD0383,3,3682.57,18.26
ITEM001599,ORD000654,PROD0063,1,80080.64,27.24
ITEM001600,ORD000655,PROD0206,2,630.28,27.31
ITEM001601,ORD000655,PROD0057,2,840.77,5.17
ITEM001602,ORD000656,PROD0186,1,924.7,1.62
ITEM001603,ORD000656,PROD0171,1,29420.1,9.26
ITEM001604,ORD000656,PROD0050,1,7275.23,32.19
ITEM001605,ORD000656,PROD0277,3,2122.77,14.26
ITEM001606,ORD000657,PROD0208,4,16784.54,7.3
ITEM001607,ORD000657,PROD0155,2,446.97,18.27
ITEM001608,ORD000658,PROD0342,2,62448.38,23.14
ITEM001609,ORD000658,PROD0477,0,29746.37,17.64
ITEM001610,ORD000659,PROD0078,3,15210.8,15.41
ITEM001611,ORD000659,PROD0318,3,448.74,14.45
ITEM001612,ORD000659,PROD0111,3,6461.84,22.38
ITEM001613,ORD000660,PROD0098,5,20917.56,24.91
ITEM001614,ORD000660,PROD0219,2,55363.52,19.05
ITEM001615,ORD000660,PROD0477,3,38882.36,39.15
ITEM001616,ORD000660,PROD0338,3,382.93,27.87
ITEM001617,ORD000661,PROD0246,5,8630.78,1.1
ITEM001618,ORD000661,PROD0219,1,55711.74,39.02
ITEM001619,ORD000661,PROD0110,3,6820.6,5.26
ITEM001620,ORD000661,PROD0392,5,79504.69,14.03
ITEM001621,ORD000662,PROD0380,2,15534.41,22.03
ITEM001622,ORD000662,PROD0381,5,40706.73,13.45
ITEM001623,ORD000662,PROD0381,2,33753.6,20.53
ITEM001624,ORD000662,PROD0219,4,47227.89,13.52
ITEM001625,ORD000663,PROD0261,3,787.32,36.35
ITEM001626,ORD000663,PROD0111,3,5440.29,7.12
ITEM001627,ORD000663,PROD0163,1,864.43,1.57
ITEM001628,ORD000664,PROD0307,3,1068.05,27.55
ITEM001629,ORD000664,PROD0057,4,810.74,11.84
ITEM001630,ORD000665,PROD0048,4,35796.46,17.66
ITEM001631,ORD000665,PROD0252,4,1473.79,34.6
ITEM001632,ORD000665,PROD0410,3,3523.24,38.31
ITEM001633,ORD000666,PROD0305,4,17896.86,11.59
ITEM001634,ORD000666,PROD0213,5,681.84,12.68
ITEM001635,ORD000666,PROD0015,3,331.01,4.38
ITEM001636,ORD000666,PROD0163,5,900.68,10.35
ITEM001637,ORD000667,PROD0247,1,51824.73,23.57
ITEM001638,ORD000667,PROD0026,4,28418.05,7.14
ITEM001639,ORD000667,PROD0340,1,1043.24,37.62
ITEM001640,ORD000667,PROD0483,4,2848.51,31.05
ITEM001641,ORD000668,PROD0171,2,27775.05,9.97
ITEM001642,ORD000668,PROD0373,5,315.07,23.48
ITEM001643,ORD000668,PROD0057,3,762.23,0.28
ITEM001644,ORD000669,PROD0434,4,2688.98,26.13
ITEM001645,ORD000670,PROD0013,3,716.85,9.84
ITEM001646,ORD000670,PROD0163,5,766.39,37.45
ITEM001647,ORD000671,PROD0427,1,13057.97,17.05
ITEM001648,ORD000671,PROD0128,3,36654.78,17.81
ITEM001649,ORD000671,PROD0376,1,721.42,39.67
ITEM001650,ORD000671,PROD0132,4,5702.11,33.04
ITEM001651,ORD000672,PROD0222,4,1824.52,14.31
ITEM001652,ORD000672,PROD0219,1,46439.47,14.99
ITEM001653,ORD000673,PROD0050,5,7652.46,10.96
ITEM001654,ORD000673,PROD0163,1,778.9,24.17
ITEM001655,ORD000673,PROD0063,3,67438.95,25.32
ITEM001656,ORD000673,PROD0341,5,296.36,33.63
ITEM001657,ORD000674,PROD0153,1,1673.61,8.46
ITEM001658,ORD000675,PROD0136,5,2368.4,16.8
ITEM001659,ORD000676,PROD0028,3,1267.19,26.0
ITEM001660,ORD000676,PROD0004,5,2449.3,3.38
ITEM001661,ORD000676,PROD0334,3,4357.93,36.83
ITEM001662,ORD000676,PROD0477,4,36775.22,28.78
ITEM001663,ORD000677,PROD0219,5,47951.33,26.85
ITEM001664,ORD000677,PROD0419,4,6688.68,37.06
ITEM001665,ORD000677,PROD0163,5,793.88,5.37
ITEM001666,ORD000678,PROD0497,3,12394.38,0.2
ITEM001667,ORD000678,PROD0340,1,967.72,23.8
ITEM001668,ORD000678,PROD0375,5,784.92,1.39
ITEM001669,ORD000678,PROD0219,4,46508.38,6.49
ITEM001670,ORD000679,PROD0111,5,5040.09,32.83
ITEM001671,ORD000679,PROD0398,1,2119.23,20.33
ITEM001672,ORD000679,PROD0178,5,639.4,12.79
ITEM001673,ORD000680,PROD0163,1,872.63,16.48
ITEM001674,ORD000680,PROD0115,5,63324.89,18.12
ITEM001675,ORD000680,PROD0247,4,58789.06,9.66
ITEM001676,ORD000681,PROD0477,4,38576.87,39.48
ITEM001677,ORD000681,PROD0245,3,1242.07,17.49
ITEM001678,ORD000681,PROD0219,2,50224.62,36.16
ITEM001679,ORD000681,PROD0275,1,864.6,17.29
ITEM001680,ORD000682,PROD0476,4,12452.19,23.68
ITEM001681,ORD000682,PROD0441,3,219.16,14.48
ITEM001682,ORD000682,PROD0480,4,17924.38,24.25
ITEM001683,ORD000682,PROD0041,2,10250.33,33.97
ITEM001684,ORD000683,PROD0329,3,23901.05,34.55
ITEM001685,ORD000684,PROD0243,2,10037.15,31.03
ITEM001686,ORD000684,PROD0302,3,26603.06,15.31
ITEM001687,ORD000685,PROD0191,1,906.25,16.32
ITEM001688,ORD000685,PROD0101,3,783.21,7.54
ITEM001689,ORD000685,PROD0051,5,17892.0,9.4
ITEM001690,ORD000686,PROD0153,5,1708.5,10.95
ITEM001691,ORD000686,PROD0057,3,756.4,1.97
ITEM001692,ORD000686,PROD0007,5,832.69,37.67
ITEM001693,ORD000687,PROD0013,1,584.81,3.44
ITEM001694,ORD000687,PROD0007,5,721.07,28.1
ITEM001695,ORD000687,PROD0475,4,4437.67,19.58
ITEM001696,ORD000687,PROD0118,4,67409.45,37.88
ITEM001697,ORD000688,PROD0252,4,1143.07,15.59
ITEM001698,ORD000688,PROD0163,5,904.41,29.8
ITEM001699,ORD000688,PROD0125,1,1178.59,13.83
ITEM001700,ORD000689,PROD0088,2,21340.78,17.47
ITEM001701,ORD000690,PROD0222,4,1930.42,35.38
ITEM001702,ORD000690,PROD0405,5,431.89,36.76
ITEM001703,ORD000690,PROD0050,3,10020.95,31.5
ITEM001704,ORD000691,PROD0477,1,37333.47,37.62
ITEM001705,ORD000692,PROD0013,4,721.89,13.01
ITEM001706,ORD000692,PROD0003,3,1751.87,8.62
ITEM001707,ORD000693,PROD0089,5,16701.44,3.72
ITEM001708,ORD000693,PROD0338,1,419.82,6.01
ITEM001709,ORD000693,PROD0477,5,32840.6,20.34
ITEM001710,ORD000694,PROD0470,4,12206.91,8.73
ITEM001711,ORD000694,PROD0163,1,724.63,26.62
ITEM001712,ORD000694,PROD0488,4,34938.16,17.84
ITEM001713,ORD000694,PROD0180,1,75401.17,12.36
ITEM001714,ORD000695,PROD0107,4,58512.05,28.47
ITEM001715,ORD000696,PROD0305,4,18075.67,37.53
ITEM001716,ORD000696,PROD0163,2,922.62,19.8
ITEM001717,ORD000696,PROD0496,5,36634.97,33.73
ITEM001718,ORD000697,PROD0163,3,941.74,31.56
ITEM001719,ORD000697,PROD0376,2,701.09,12.59
ITEM001720,ORD000697,PROD0413,5,13257.86,0.35
ITEM001721,ORD000697,PROD0484,1,17374.45,19.2
ITEM001722,ORD000698,PROD0411,2,495.68,1.8
ITEM001723,ORD000698,PROD0057,2,795.46,18.87
ITEM001724,ORD000698,PROD0096,2,1004.92,0.65
ITEM001725,ORD000699,PROD0303,2,4454.08,25.52
ITEM001726,ORD000699,PROD0342,3,65568.76,22.28
ITEM001727,ORD000699,PROD0389,5,14454.32,2.18
ITEM001728,ORD000700,PROD0313,4,3064.24,0.96
ITEM001729,ORD000700,PROD0206,3,641.97,15.09
ITEM001730,ORD000701,PROD0201,1,53052.14,12.37
ITEM001731,ORD000701,PROD0222,3,1923.23,13.08
ITEM001732,ORD000702,PROD0378,5,10433.58,15.21
ITEM001733,ORD000702,PROD0057,2,896.06,6.35
ITEM001734,ORD000702,PROD0477,4,36397.23,24.23
ITEM001735,ORD000703,PROD0347,2,72913.24,9.64
ITEM001736,ORD000704,PROD0190,3,2165.72,23.98
ITEM001737,ORD000704,PROD0038,4,1885.29,20.09
ITEM001738,ORD000704,PROD0361,5,12380.04,24.64
ITEM001739,ORD000704,PROD0485,3,66338.54,27.21
ITEM001740,ORD000705,PROD0036,5,3852.55,3.47
ITEM001741,ORD000705,PROD0128,5,42563.36,34.75
ITEM001742,ORD000705,PROD0246,5,8975.36,16.83
ITEM001743,ORD000706,PROD0305,2,17142.33,38.78
ITEM001744,ORD000706,PROD0483,1,2697.23,6.31
ITEM001745,ORD000707,PROD0034,5,1305.82,0.24
ITEM001746,ORD000708,PROD0163,2,773.98,25.49
ITEM001747,ORD000709,PROD0137,5,3048.19,1.82
ITEM001748,ORD000710,PROD0219,1,42113.74,0.73
ITEM001749,ORD000710,PROD0110,4,6181.32,36.16
ITEM001750,ORD000710,PROD0007,1,772.06,30.07
ITEM001751,ORD000710,PROD0219,2,55669.61,11.76
ITEM001752,ORD000711,PROD0118,5,63321.18,14.91
ITEM001753,ORD000711,PROD0134,4,68911.77,39.05
ITEM001754,ORD000712,PROD0006,5,142.43,33.75
ITEM001755,ORD000712,PROD0290,-5,3485.35,34.78
ITEM001756,ORD000712,PROD0084,5,17191.51,8.2
ITEM001757,ORD000712,PROD0318,3,392.23,8.59
ITEM001758,ORD000713,PROD0247,3,49411.81,6.41
ITEM001759,ORD000714,PROD0440,1,1055.04,13.85
ITEM001760,ORD000715,PROD0059,1,412.42,16.04
ITEM001761,ORD000715,PROD0050,4,8455.29,16.46
ITEM001762,ORD000716,PROD0068,2,62052.38,30.16
ITEM001763,ORD000717,PROD0372,1,48040.29,19.33
ITEM001764,ORD000717,PROD0477,1,30736.22,14.44
ITEM001765,ORD000718,PROD0372,-3,46102.18,12.89
ITEM001766,ORD000718,PROD0238,2,70375.67,19.58
ITEM001767,ORD000718,PROD0374,4,1051.81,29.35
ITEM001768,ORD000719,PROD0497,4,13142.05,1.61
ITEM001769,ORD000719,PROD0101,1,815.9,17.67
ITEM001770,ORD000720,PROD0108,5,3025.42,33.87
ITEM001771,ORD000720,PROD0101,1,726.26,33.06
ITEM001772,ORD000720,PROD0197,4,252.78,24.72
ITEM001773,ORD000720,PROD0013,4,592.65,18.76
ITEM001774,ORD000721,PROD0422,1,10712.72,26.73
ITEM001775,ORD000721,PROD0163,4,940.34,22.25
ITEM001776,ORD000721,PROD0298,3,1167.08,26.41
ITEM001777,ORD000722,PROD0245,2,974.02,4.82
ITEM001778,ORD000722,PROD0050,3,10050.37,16.27
ITEM001779,ORD000722,PROD0179,1,30191.21,10.72
ITEM001780,ORD000723,PROD0046,2,10808.0,12.26
ITEM001781,ORD000724,PROD0430,1,398.51,
ITEM001782,ORD000724,PROD0163,4,777.82,18.42
ITEM001783,ORD000724,PROD0425,1,3867.74,23.52
ITEM001784,ORD000724,PROD0239,5,1331.77,28.35
ITEM001785,ORD000725,PROD0477,2,35302.65,28.02
ITEM001786,ORD000725,PROD0293,3,12387.46,9.71
ITEM001787,ORD000725,PROD0318,5,420.15,15.36
ITEM001788,ORD000725,PROD0126,2,1407.46,28.91
ITEM001789,ORD000726,PROD0053,1,1409.67,26.46
ITEM001790,ORD000726,PROD0380,2,16291.35,9.03
ITEM001791,ORD000726,PROD0153,4,1281.63,4.17
ITEM001792,ORD000727,PROD0128,3,32677.63,14.98
ITEM001793,ORD000727,PROD0118,3,74055.88,8.47
ITEM001794,ORD000728,PROD0070,3,867.46,10.65
ITEM001795,ORD000728,PROD0342,3,66918.77,37.36
ITEM001796,ORD000728,PROD0048,5,31031.23,13.3
ITEM001797,ORD000728,PROD0059,5,472.24,34.25
ITEM001798,ORD000729,PROD0103,3,14992.55,4.92
ITEM001799,ORD000729,PROD0128,5,38076.94,15.5
ITEM001800,ORD000729,PROD0272,4,2202.49,8.17
ITEM001801,ORD000729,PROD0459,4,17828.63,32.48
ITEM001802,ORD000730,PROD0022,1,1466.2,26.04
ITEM001803,ORD000731,PROD0423,5,1360.39,9.38
ITEM001804,ORD000731,PROD0219,2,55992.0,39.91
ITEM001805,ORD000732,PROD0057,3,788.76,19.14
ITEM001806,ORD000733,PROD0477,1,31846.16,36.84
ITEM001807,ORD000733,PROD0007,5,706.01,15.1
ITEM001808,ORD000733,PROD0292,4,219.76,35.24
ITEM001809,ORD000733,PROD0425,4,3084.95,1.48
ITEM001810,ORD000734,PROD0034,4,1568.67,4.1
ITEM001811,ORD000734,PROD0155,2,426.97,36.39
ITEM001812,ORD000734,PROD0075,2,765.42,21.65
ITEM001813,ORD000734,PROD0479,2,2333.48,6.91
ITEM001814,ORD000735,PROD0124,5,9754.24,34.02
ITEM001815,ORD000736,PROD0290,4,3656.37,1.3
ITEM001816,ORD000736,PROD0025,3,51805.23,25.67
ITEM001817,ORD000736,PROD0219,5,45555.75,39.19
ITEM001818,ORD000736,PROD0061,3,36155.87,23.98
ITEM001819,ORD000737,PROD0314,2,3121.92,28.09
ITEM001820,ORD000737,PROD0061,3,30887.97,18.77
ITEM001821,ORD000737,PROD0304,2,693.45,18.76
ITEM001822,ORD000738,PROD0013,5,651.49,
ITEM001823,ORD000739,PROD0258,3,12991.87,1.02
ITEM001824,ORD000739,PROD0163,4,867.61,17.02
ITEM001825,ORD000740,PROD0089,4,17604.71,36.27
ITEM001826,ORD000740,PROD0036,1,2990.86,15.58
ITEM001827,ORD000740,PROD0166,3,69199.51,35.06
ITEM001828,ORD000740,PROD0129,1,428.23,24.26
ITEM001829,ORD000741,PROD0164,3,421.42,18.13
ITEM001830,ORD000741,PROD0271,4,733.18,27.27
ITEM001831,ORD000741,PROD0372,2,53117.4,22.41
ITEM001832,ORD000741,PROD0346,2,350.72,37.73
ITEM001833,ORD000742,PROD0193,1,2008.35,12.98
ITEM001834,ORD000742,PROD0057,2,808.96,30.43
ITEM001835,ORD000742,PROD0163,5,758.86,34.94
ITEM001836,ORD000743,PROD0057,5,899.46,0.04
ITEM001837,ORD000744,PROD0163,2,913.11,29.59
ITEM001838,ORD000745,PROD0097,3,717.07,27.03
ITEM001839,ORD000745,PROD0219,3,53013.45,2.81
ITEM001840,ORD000745,PROD0204,3,939.12,0.9
ITEM001841,ORD000746,PROD0124,1,8872.71,19.84
ITEM001842,ORD000746,PROD0236,3,3371.98,7.54
ITEM001843,ORD000747,PROD0136,5,2735.8,35.37
ITEM001844,ORD000748,PROD0085,2,13742.42,11.68
ITEM001845,ORD000748,PROD0307,4,1060.27,0.64
ITEM001846,ORD000749,PROD0038,5,2191.6,27.37
ITEM001847,ORD000749,PROD0264,4,91386.24,16.53
ITEM001848,ORD000750,PROD0217,3,224.88,12.45
ITEM001849,ORD000750,PROD0163,2,960.89,4.43
ITEM001850,ORD000750,PROD0425,3,3304.3,4.32
ITEM001851,ORD000750,PROD0168,3,12577.5,1.97
ITEM001852,ORD000751,PROD0077,1,430.85,39.34
ITEM001853,ORD000751,PROD0311,1,11105.42,10.02
ITEM001854,ORD000752,PROD0007,1,710.59,29.85
ITEM001855,ORD000752,PROD0393,2,78859.38,39.14
ITEM001856,ORD000752,PROD0253,3,247.27,35.15
ITEM001857,ORD000752,PROD0216,5,10800.08,13.09
ITEM001858,ORD000753,PROD0163,2,899.76,38.31
ITEM001859,ORD000753,PROD0087,1,10925.84,21.48
ITEM001860,ORD000754,PROD0271,5,974.1,24.13
ITEM001861,ORD000755,PROD0328,5,197.48,23.36
ITEM001862,ORD000755,PROD0395,3,79077.69,30.7
ITEM001863,ORD000755,PROD0400,3,29038.91,12.13
ITEM001864,ORD000755,PROD0434,5,3173.1,13.21
ITEM001865,ORD000756,PROD0379,4,658.8,13.87
ITEM001866,ORD000757,PROD0165,5,713.74,19.6
ITEM001867,ORD000757,PROD0477,2,38463.8,2.29
ITEM001868,ORD000757,PROD0318,1,460.77,10.79
ITEM001869,ORD000758,PROD0324,1,728.93,29.86
ITEM001870,ORD000759,PROD0385,4,1216.37,12.94
ITEM001871,ORD000759,PROD0163,5,894.43,8.05
ITEM001872,ORD000760,PROD0219,3,56162.09,27.2
ITEM001873,ORD000760,PROD0441,5,193.12,18.72
ITEM001874,ORD000760,PROD0163,4,829.73,22.39
ITEM001875,ORD000760,PROD0144,2,6709.25,15.52
ITEM001876,ORD000761,PROD0163,3,960.05,34.54
ITEM001877,ORD000762,PROD0269,2,2236.44,14.86
ITEM001878,ORD000762,PROD0057,4,786.21,37.95
ITEM001879,ORD000763,PROD0456,3,2097.27,35.09
ITEM001880,ORD000763,PROD0251,5,16700.08,24.26
ITEM001881,ORD000763,PROD0082,2,11391.98,25.08
ITEM001882,ORD000763,PROD0085,2,12696.38,22.54
ITEM001883,ORD000764,PROD0056,1,37090.77,23.46
ITEM001884,ORD000764,PROD0006,2,142.68,3.62
ITEM001885,ORD000764,PROD0425,1,3296.76,13.84
ITEM001886,ORD000765,PROD0193,-2,1622.59,7.54
ITEM001887,ORD000766,PROD0304,4,592.45,11.57
ITEM001888,ORD000766,PROD0236,1,3529.4,33.52
ITEM001889,ORD000767,PROD0422,-2,9598.13,30.1
ITEM001890,ORD000767,PROD0238,3,75155.4,8.28
ITEM001891,ORD000768,PROD0333,3,722.3,22.27
ITEM001892,ORD000768,PROD0057,-5,938.2,33.72
ITEM001893,ORD000769,PROD0222,2,1982.69,7.99
ITEM001894,ORD000769,PROD0318,1,400.08,20.1
ITEM001895,ORD000769,PROD0219,2,51346.53,15.73
ITEM001896,ORD000770,PROD0219,2,49789.48,13.05
ITEM001897,ORD000770,PROD0163,4,767.35,26.71
ITEM001898,ORD000770,PROD0496,2,36116.64,25.32
ITEM001899,ORD000771,PROD0314,3,2601.55,27.57
ITEM001900,ORD000772,PROD0189,5,3885.66,32.25
ITEM001901,ORD000772,PROD0112,5,12125.38,31.59
ITEM001902,ORD000772,PROD0425,2,3478.49,11.68
ITEM001903,ORD000773,PROD0219,5,44145.99,20.11
ITEM001904,ORD000774,PROD0459,1,14770.1,19.87
ITEM001905,ORD000775,PROD0110,4,6301.92,33.57
ITEM001906,ORD000776,PROD0477,4,36233.76,13.11
ITEM001907,ORD000776,PROD0476,1,14017.99,22.51
ITEM001908,ORD000777,PROD0264,3,74781.15,19.21
ITEM001909,ORD000777,PROD0186,2,809.33,17.48
ITEM001910,ORD000777,PROD0008,1,155.45,3.62
ITEM001911,ORD000778,PROD0344,5,3111.93,22.57
ITEM001912,ORD000778,PROD0352,5,366.95,0.61
ITEM001913,ORD000778,PROD0373,4,276.29,22.48
ITEM001914,ORD000779,PROD0186,4,894.46,
ITEM001915,ORD000779,PROD0456,2,2412.66,37.74
ITEM001916,ORD000780,PROD0177,2,3703.62,7.97
ITEM001917,ORD000780,PROD0139,2,48124.71,
ITEM001918,ORD000780,PROD0263,3,75123.78,19.62
ITEM001919,ORD000780,PROD0425,4,3237.96,10.43
ITEM001920,ORD000781,PROD0276,3,7247.14,37.85
ITEM001921,ORD000781,PROD0128,5,37259.43,38.68
ITEM001922,ORD000782,PROD0358,5,1025.08,33.99
ITEM001923,ORD000783,PROD0057,2,838.13,5.11
ITEM001924,ORD000784,PROD0372,1,60797.65,12.23
ITEM001925,ORD000784,PROD0372,3,51837.31,29.33
ITEM001926,ORD000784,PROD0028,1,1173.56,18.03
ITEM001927,ORD000784,PROD0476,4,12239.5,25.23
ITEM001928,ORD000785,PROD0110,5,5679.69,38.78
ITEM001929,ORD000785,PROD0129,5,377.5,15.12
ITEM001930,ORD000785,PROD0094,1,2776.45,26.41
ITEM001931,ORD000786,PROD0163,1,732.52,1.67
ITEM001932,ORD000786,PROD0276,1,9406.11,23.1
ITEM001933,ORD000787,PROD0153,5,1504.8,29.15
ITEM001934,ORD000787,PROD0370,5,1218.01,39.49
ITEM001935,ORD000788,PROD0013,2,661.06,37.52
ITEM001936,ORD000788,PROD0410,-3,4168.98,8.5
ITEM001937,ORD000788,PROD0487,5,71188.0,27.99
ITEM001938,ORD000788,PROD0238,4,70576.68,22.74
ITEM001939,ORD000789,PROD0340,4,907.53,0.18
ITEM001940,ORD000789,PROD0476,5,13551.72,33.0
ITEM001941,ORD000789,PROD0392,1,72387.67,16.24
ITEM001942,ORD000789,PROD0028,5,1007.64,1.33
ITEM001943,ORD000790,PROD0239,4,1530.01,1.34
ITEM001944,ORD000790,PROD0355,1,16404.41,17.52
ITEM001945,ORD000791,PROD0271,3,904.3,37.15
ITEM001946,ORD000792,PROD0355,2,18077.83,33.66
ITEM001947,ORD000792,PROD0120,3,488.06,30.62
ITEM001948,ORD000792,PROD0342,3,71636.85,20.73
ITEM001949,ORD000793,PROD0057,5,792.69,4.5
ITEM001950,ORD000793,PROD0477,1,36887.11,17.31
ITEM001951,ORD000793,PROD0378,3,10840.3,11.47
ITEM001952,ORD000794,PROD0305,4,13403.39,21.28
ITEM001953,ORD000795,PROD0222,1,1548.44,17.36
ITEM001954,ORD000795,PROD0068,5,71156.77,36.87
ITEM001955,ORD000796,PROD0165,2,662.53,9.77
ITEM001956,ORD000796,PROD0441,3,169.1,12.67
ITEM001957,ORD000796,PROD0163,5,844.98,16.1
ITEM001958,ORD000797,PROD0400,2,31268.01,29.56
ITEM001959,ORD000798,PROD0039,5,2636.96,6.43
ITEM001960,ORD000798,PROD0227,5,402.38,10.04
ITEM001961,ORD000798,PROD0389,2,15687.62,27.38
ITEM001962,ORD000798,PROD0496,4,42242.87,16.53
ITEM001963,ORD000799,PROD0468,2,18075.53,11.22
ITEM001964,ORD000799,PROD0340,2,905.98,0.04
ITEM001965,ORD000800,PROD0073,5,37067.74,36.46
ITEM001966,ORD000800,PROD0163,5,791.28,35.9
ITEM001967,ORD000800,PROD0466,1,25556.37,16.09
ITEM001968,ORD000800,PROD0457,2,15462.31,26.71
ITEM001969,ORD000801,PROD0150,5,1258.34,4.01
ITEM001970,ORD000802,PROD0311,2,10244.51,2.39
ITEM001971,ORD000802,PROD0419,5,7354.03,25.0
ITEM001972,ORD000802,PROD0171,5,29616.06,6.99
ITEM001973,ORD000802,PROD0061,4,32350.51,26.04
ITEM001974,ORD000803,PROD0476,4,14009.16,9.76
ITEM001975,ORD000803,PROD0139,4,44551.25,35.69
ITEM001976,ORD000803,PROD0007,4,830.3,33.01
ITEM001977,ORD000803,PROD0441,5,191.77,32.28
ITEM001978,ORD000804,PROD0425,2,3810.36,38.03
ITEM001979,ORD000804,PROD0187,4,21787.74,5.75
ITEM001980,ORD000805,PROD0147,1,2713.07,24.61
ITEM001981,ORD000805,PROD0477,5,30108.52,
ITEM001982,ORD000805,PROD0197,4,238.16,31.62
ITEM001983,ORD000806,PROD0446,-5,32162.98,4.16
ITEM001984,ORD000806,PROD0314,5,2643.73,15.19
ITEM001985,ORD000806,PROD0456,1,1976.18,21.83
ITEM001986,ORD000806,PROD0494,2,1415.98,3.05
ITEM001987,ORD000807,PROD0462,2,494.6,13.86
ITEM001988,ORD000807,PROD0416,1,31754.44,0.61
ITEM001989,ORD000808,PROD0289,2,1205.4,39.62
ITEM001990,ORD000808,PROD0353,4,1253.14,13.59
ITEM001991,ORD000809,PROD0372,1,53837.57,12.67
ITEM001992,ORD000809,PROD0392,5,64389.36,30.34
ITEM001993,ORD000810,PROD0398,5,1679.15,7.24
ITEM001994,ORD000811,PROD0057,4,906.07,32.61
ITEM001995,ORD000811,PROD0201,1,47318.96,19.09
ITEM001996,ORD000811,PROD0340,5,940.1,11.81
ITEM001997,ORD000812,PROD0163,2,920.75,32.56
ITEM001998,ORD000812,PROD0105,3,629.27,37.26
ITEM001999,ORD000813,PROD0219,3,47934.02,10.64
ITEM002000,ORD000813,PROD0253,-5,257.13,8.99
ITEM002001,ORD000814,PROD0304,3,687.85,33.18
ITEM002002,ORD000814,PROD0014,1,15952.47,33.19
ITEM002003,ORD000814,PROD0227,1,385.17,12.6
ITEM002004,ORD000814,PROD0462,2,528.31,19.33
ITEM002005,ORD000815,PROD0260,1,164.77,19.38
ITEM002006,ORD000815,PROD0341,3,244.63,35.59
ITEM002007,ORD000815,PROD0466,3,29856.77,8.32
ITEM002008,ORD000815,PROD0129,4,400.38,8.76
ITEM002009,ORD000816,PROD0367,4,1419.73,22.33
ITEM002010,ORD000817,PROD0205,5,1069.77,34.3
ITEM002011,ORD000817,PROD0328,-3,214.69,8.64
ITEM002012,ORD000818,PROD0050,4,7281.76,19.33
ITEM002013,ORD000818,PROD0055,4,9651.35,37.41
ITEM002014,ORD000818,PROD0352,4,329.74,12.6
ITEM002015,ORD000819,PROD0111,4,5131.97,33.2
ITEM002016,ORD000820,PROD0359,2,212.67,14.32
ITEM002017,ORD000820,PROD0057,4,867.02,39.27
ITEM002018,ORD000821,PROD0436,1,517.5,32.39
ITEM002019,ORD000821,PROD0343,3,19752.4,26.88
ITEM002020,ORD000821,PROD0422,5,9165.38,39.32
ITEM002021,ORD000821,PROD0025,4,56224.85,19.17
ITEM002022,ORD000822,PROD0044,2,2207.75,13.72
ITEM002023,ORD000822,PROD0451,5,2566.09,34.61
ITEM002024,ORD000822,PROD0392,4,77026.44,25.0
ITEM002025,ORD000822,PROD0091,2,3562.94,20.11
ITEM002026,ORD000823,PROD0316,4,662.64,4.03
ITEM002027,ORD000823,PROD0219,2,45310.4,1.28
ITEM002028,ORD000823,PROD0163,4,991.92,37.64
ITEM002029,ORD000823,PROD0392,5,76754.3,5.74
ITEM002030,ORD000824,PROD0059,5,427.04,20.36
ITEM002031,ORD000825,PROD0119,5,65582.38,1.03
ITEM002032,ORD000825,PROD0048,5,34848.69,7.73
ITEM002033,ORD000826,PROD0340,4,939.95,21.18
ITEM002034,ORD000827,PROD0484,1,16687.59,10.22
ITEM002035,ORD000827,PROD0470,-3,11255.34,2.36
ITEM002036,ORD000827,PROD0013,4,622.04,34.46
ITEM002037,ORD000827,PROD0346,1,306.38,19.45
ITEM002038,ORD000828,PROD0067,3,1360.89,18.14
ITEM002039,ORD000828,PROD0126,4,1545.71,5.97
ITEM002040,ORD000829,PROD0382,5,2052.94,16.44
ITEM002041,ORD000830,PROD0496,3,41904.54,33.45
ITEM002042,ORD000830,PROD0477,2,39173.54,2.68
ITEM002043,ORD000830,PROD0340,5,909.9,25.9
ITEM002044,ORD000831,PROD0339,1,675.23,16.05
ITEM002045,ORD000831,PROD0048,2,30494.67,38.52
ITEM002046,ORD000831,PROD0165,1,684.0,3.98
ITEM002047,ORD000831,PROD0416,2,37326.2,17.51
ITEM002048,ORD000832,PROD0261,4,968.28,29.65
ITEM002049,ORD000832,PROD0187,3,21972.27,6.29
ITEM002050,ORD000832,PROD0467,2,1246.66,19.48
ITEM002051,ORD000832,PROD0219,2,43748.02,5.75
ITEM002052,ORD000833,PROD0477,2,32821.62,12.36
ITEM002053,ORD000833,PROD0441,4,168.33,32.28
ITEM002054,ORD000834,PROD0490,2,4226.28,27.75
ITEM002055,ORD000834,PROD0340,1,1080.87,36.41
ITEM002056,ORD000835,PROD0340,4,1136.57,6.19
ITEM002057,ORD000836,PROD0394,4,4407.34,12.92
ITEM002058,ORD000837,PROD0101,3,902.85,4.56
ITEM002059,ORD000837,PROD0488,3,34159.67,38.65
ITEM002060,ORD000837,PROD0465,1,793.24,9.59
ITEM002061,ORD000838,PROD0477,2,33453.38,32.26
ITEM002062,ORD000839,PROD0140,3,223.06,4.77
ITEM002063,ORD000839,PROD0496,3,40542.01,38.56
ITEM002064,ORD000839,PROD0477,4,28817.09,10.68
ITEM002065,ORD000839,PROD0371,5,353.2,27.95
ITEM002066,ORD000840,PROD0476,4,12501.99,9.86
ITEM002067,ORD000840,PROD0013,3,664.25,3.5
ITEM002068,ORD000841,PROD0340,5,968.19,10.02
ITEM002069,ORD000841,PROD0025,4,69355.58,34.73
ITEM002070,ORD000841,PROD0163,1,894.09,27.51
ITEM002071,ORD000841,PROD0476,1,12932.33,3.08
ITEM002072,ORD000842,PROD0369,2,1221.62,10.47
ITEM002073,ORD000842,PROD0214,5,77397.36,4.29
ITEM002074,ORD000842,PROD0050,4,8879.26,10.9
ITEM002075,ORD000842,PROD0252,3,1474.95,37.94
ITEM002076,ORD000843,PROD0392,5,81478.0,24.06
ITEM002077,ORD000844,PROD0236,5,2706.7,34.9
ITEM002078,ORD000845,PROD0247,2,51776.38,1.01
ITEM002079,ORD000846,PROD0340,3,1143.98,8.85
ITEM002080,ORD000847,PROD0392,1,74323.28,31.12
ITEM002081,ORD000847,PROD0047,5,10466.03,5.48
ITEM002082,ORD000847,PROD0057,3,935.72,33.18
ITEM002083,ORD000847,PROD0057,3,711.55,15.86
ITEM002084,ORD000848,PROD0396,5,2964.4,10.54
ITEM002085,ORD000848,PROD0344,2,2974.27,5.95
ITEM002086,ORD000848,PROD0035,4,1078.82,14.16
ITEM002087,ORD000848,PROD0431,4,238.37,36.76
ITEM002088,ORD000849,PROD0012,5,3398.73,9.4
ITEM002089,ORD000849,PROD0326,1,2826.62,21.13
ITEM002090,ORD000850,PROD0075,2,744.84,39.85
ITEM002091,ORD000850,PROD0449,5,542.95,3.76
ITEM002092,ORD000850,PROD0048,5,29723.95,31.17
ITEM002093,ORD000851,PROD0246,1,8966.19,8.0
ITEM002094,ORD000851,PROD0441,2,162.68,37.02
ITEM002095,ORD000851,PROD0326,5,2901.06,20.4
ITEM002096,ORD000852,PROD0203,4,6248.35,26.57
ITEM002097,ORD000853,PROD0477,2,33258.87,9.44
ITEM002098,ORD000853,PROD0219,3,45295.72,29.58
ITEM002099,ORD000854,PROD0479,4,2427.33,31.16
ITEM002100,ORD000854,PROD0457,2,19022.49,34.44
ITEM002101,ORD000854,PROD0328,2,176.49,36.57
ITEM002102,ORD000855,PROD0315,3,1064.15,26.68
ITEM002103,ORD000855,PROD0496,3,47400.53,1.23
ITEM002104,ORD000855,PROD0477,1,36598.66,26.52
ITEM002105,ORD000855,PROD0219,1,50862.44,19.45
ITEM002106,ORD000856,PROD0219,1,51864.37,26.47
ITEM002107,ORD000856,PROD0002,3,3453.1,22.31
ITEM002108,ORD000856,PROD0381,4,38071.98,24.83
ITEM002109,ORD000856,PROD0097,3,754.96,23.66
ITEM002110,ORD000857,PROD0057,4,715.12,18.24
ITEM002111,ORD000857,PROD0212,2,8264.61,20.85
ITEM002112,ORD000858,PROD0043,3,3713.67,1.39
ITEM002113,ORD000858,PROD0075,4,602.63,21.68
ITEM002114,ORD000859,PROD0066,3,13228.99,25.03
ITEM002115,ORD000859,PROD0370,5,1217.88,30.11
ITEM002116,ORD000859,PROD0169,2,756.86,13.61
ITEM002117,ORD000860,PROD0057,3,940.34,16.79
ITEM002118,ORD000861,PROD0271,4,804.34,31.72
ITEM002119,ORD000861,PROD0365,4,25176.3,36.78
ITEM002120,ORD000861,PROD0430,3,379.9,31.41
ITEM002121,ORD000861,PROD0485,5,56065.25,9.19
ITEM002122,ORD000862,PROD0038,2,2053.7,5.51
ITEM002123,ORD000863,PROD0440,5,1160.72,27.16
ITEM002124,ORD000863,PROD0340,2,1031.45,0.81
ITEM002125,ORD000863,PROD0305,1,13213.59,20.18
ITEM002126,ORD000863,PROD0190,2,2126.94,12.93
ITEM002127,ORD000864,PROD0427,1,12920.01,3.93
ITEM002128,ORD000864,PROD0322,-5,9911.41,28.53
ITEM002129,ORD000864,PROD0163,2,907.56,19.35
ITEM002130,ORD000865,PROD0434,5,3049.2,28.15
ITEM002131,ORD000865,PROD0141,1,49524.46,18.27
ITEM002132,ORD000865,PROD0057,2,769.41,10.24
ITEM002133,ORD000866,PROD0163,4,977.35,19.36
ITEM002134,ORD000866,PROD0113,2,3469.72,13.39
ITEM002135,ORD000867,PROD0014,1,17874.02,17.5
ITEM002136,ORD000867,PROD0002,1,4298.4,7.29
ITEM002137,ORD000867,PROD0477,5,33006.96,10.57
ITEM002138,ORD000868,PROD0279,3,941.64,35.92
ITEM002139,ORD000868,PROD0219,2,53749.33,15.6
ITEM002140,ORD000868,PROD0392,1,78842.04,7.89
ITEM002141,ORD000868,PROD0417,2,1403.12,17.82
ITEM002142,ORD000869,PROD0219,1,46750.38,3.74
ITEM002143,ORD000869,PROD0219,2,50041.03,18.45
ITEM002144,ORD000869,PROD0477,1,33032.13,10.41
ITEM002145,ORD000869,PROD0379,4,594.71,30.84
ITEM002146,ORD000870,PROD0163,3,908.51,1.53
ITEM002147,ORD000870,PROD0296,4,67727.48,39.95
ITEM002148,ORD000870,PROD0174,1,37364.72,27.15
ITEM002149,ORD000870,PROD0019,1,13152.69,20.06
ITEM002150,ORD000871,PROD0365,2,28251.0,19.06
ITEM002151,ORD000871,PROD0322,4,8264.8,36.88
ITEM002152,ORD000871,PROD0365,5,25822.98,18.43
ITEM002153,ORD000872,PROD0163,5,857.91,3.57
ITEM002154,ORD000872,PROD0270,5,9136.59,13.03
ITEM002155,ORD000872,PROD0071,-4,1304.09,26.27
ITEM002156,ORD000873,PROD0372,2,59578.03,22.88
ITEM002157,ORD000873,PROD0122,1,12757.76,33.77
ITEM002158,ORD000874,PROD0219,2,42904.27,21.05
ITEM002159,ORD000874,PROD0291,5,1024.66,3.4
ITEM002160,ORD000874,PROD0495,5,1072.7,27.71
ITEM002161,ORD000875,PROD0339,4,637.08,35.93
ITEM002162,ORD000875,PROD0376,2,593.78,7.09
ITEM002163,ORD000876,PROD0163,4,753.73,14.98
ITEM002164,ORD000876,PROD0163,4,966.43,16.42
ITEM002165,ORD000877,PROD0125,3,1106.08,6.04
ITEM002166,ORD000877,PROD0048,1,27497.03,29.04
ITEM002167,ORD000877,PROD0247,4,64005.77,32.75
ITEM002168,ORD000877,PROD0354,3,2344.17,12.8
ITEM002169,ORD000878,PROD0253,4,282.33,38.65
ITEM002170,ORD000879,PROD0036,5,3035.54,38.19
ITEM002171,ORD000879,PROD0404,3,88601.46,37.44
ITEM002172,ORD000879,PROD0395,5,73806.64,38.11
ITEM002173,ORD000879,PROD0425,4,3193.71,4.58
ITEM002174,ORD000880,PROD0001,3,18265.49,19.95
ITEM002175,ORD000880,PROD0153,2,1442.01,12.78
ITEM002176,ORD000880,PROD0115,-4,56503.94,19.13
ITEM002177,ORD000881,PROD0059,3,368.93,9.45
ITEM002178,ORD000881,PROD0166,3,63769.6,3.73
ITEM002179,ORD000881,PROD0219,4,53261.59,17.65
ITEM002180,ORD000881,PROD0163,3,839.37,27.2
ITEM002181,ORD000882,PROD0215,5,956.01,10.56
ITEM002182,ORD000882,PROD0276,4,8113.04,7.24
ITEM002183,ORD000882,PROD0219,2,49403.45,5.66
ITEM002184,ORD000883,PROD0211,1,314.27,3.26
ITEM002185,ORD000883,PROD0253,3,271.51,26.75
ITEM002186,ORD000883,PROD0096,5,1085.45,36.73
ITEM002187,ORD000883,PROD0007,1,674.21,22.02
ITEM002188,ORD000884,PROD0348,2,67365.01,11.62
ITEM002189,ORD000884,PROD0311,1,13251.98,9.37
ITEM002190,ORD000884,PROD0462,4,582.18,35.09
ITEM002191,ORD000885,PROD0286,5,53056.57,15.84
ITEM002192,ORD000885,PROD0222,1,1840.04,21.01
ITEM002193,ORD000885,PROD0365,4,23606.53,5.85
ITEM002194,ORD000886,PROD0492,4,27223.03,18.75
ITEM002195,ORD000886,PROD0304,2,625.59,16.48
ITEM002196,ORD000886,PROD0311,5,13739.61,39.04
ITEM002197,ORD000886,PROD0357,3,1687.62,1.85
ITEM002198,ORD000887,PROD0057,1,843.46,17.66
ITEM002199,ORD000887,PROD0070,4,1096.61,6.33
ITEM002200,ORD000887,PROD0103,3,16246.45,17.01
ITEM002201,ORD000887,PROD0219,5,46739.2,29.0
ITEM002202,ORD000888,PROD0129,5,435.75,31.46
ITEM002203,ORD000888,PROD0219,5,42102.92,19.79
ITEM002204,ORD000889,PROD0339,3,744.02,24.74
ITEM002205,ORD000889,PROD0205,5,941.63,18.14
ITEM002206,ORD000890,PROD0163,1,936.29,7.27
ITEM002207,ORD000891,PROD0155,5,491.73,37.25
ITEM002208,ORD000892,PROD0100,5,5542.74,39.14
ITEM002209,ORD000892,PROD0062,4,47258.88,34.83
ITEM002210,ORD000892,PROD0077,5,397.96,16.32
ITEM002211,ORD000893,PROD0488,5,35938.26,6.48
ITEM002212,ORD000893,PROD0197,1,296.08,14.86
ITEM002213,ORD000894,PROD0214,3,65708.04,12.74
ITEM002214,ORD000894,PROD0303,4,5672.51,39.09
ITEM002215,ORD000894,PROD0068,5,75921.22,21.92
ITEM002216,ORD000895,PROD0390,2,51691.18,11.68
ITEM002217,ORD000895,PROD0219,-5,43967.25,11.53
ITEM002218,ORD000895,PROD0381,1,31443.68,37.45
ITEM002219,ORD000896,PROD0050,5,8302.43,27.22
ITEM002220,ORD000896,PROD0163,4,816.0,25.92
ITEM002221,ORD000897,PROD0207,1,13919.42,12.48
ITEM002222,ORD000897,PROD0013,5,662.71,0.92
ITEM002223,ORD000897,PROD0259,4,11054.87,24.95
ITEM002224,ORD000898,PROD0351,5,1483.76,9.01
ITEM002225,ORD000898,PROD0089,3,17052.99,12.18
ITEM002226,ORD000898,PROD0226,4,3169.77,9.43
ITEM002227,ORD000899,PROD0431,3,231.81,31.34
ITEM002228,ORD000899,PROD0340,2,980.84,1.63
ITEM002229,ORD000899,PROD0163,-5,878.82,28.06
ITEM002230,ORD000900,PROD0219,3,44239.36,23.01
ITEM002231,ORD000900,PROD0205,5,1059.72,19.91
ITEM002232,ORD000900,PROD0271,4,996.23,36.44
ITEM002233,ORD000900,PROD0448,5,44331.88,27.17
ITEM002234,ORD000901,PROD0017,3,54807.46,39.81
ITEM002235,ORD000901,PROD0101,3,766.98,17.66
ITEM002236,ORD000901,PROD0215,2,931.25,23.36
ITEM002237,ORD000902,PROD0219,5,47460.55,20.22
ITEM002238,ORD000902,PROD0050,2,9787.11,19.84
ITEM002239,ORD000902,PROD0013,4,587.45,10.6
ITEM002240,ORD000903,PROD0213,3,843.16,30.64
ITEM002241,ORD000903,PROD0201,3,46496.35,25.31
ITEM002242,ORD000903,PROD0381,3,39216.41,3.45
ITEM002243,ORD000904,PROD0409,4,10634.19,20.24
ITEM002244,ORD000905,PROD0011,5,18413.21,23.77
ITEM002245,ORD000905,PROD0349,2,15555.86,0.1
ITEM002246,ORD000906,PROD0314,4,2568.7,10.81
ITEM002247,ORD000906,PROD0204,3,924.08,14.13
ITEM002248,ORD000906,PROD0252,4,1158.8,8.31
ITEM002249,ORD000907,PROD0425,1,3433.81,14.06
ITEM002250,ORD000908,PROD0371,-3,416.86,16.08
ITEM002251,ORD000908,PROD0303,3,5050.25,6.88
ITEM002252,ORD000908,PROD0057,4,700.11,27.69
ITEM002253,ORD000909,PROD0219,2,56766.6,18.05
ITEM002254,ORD000909,PROD0436,4,487.51,11.66
ITEM002255,ORD000910,PROD0463,1,3029.27,30.49
ITEM002256,ORD000910,PROD0212,3,9313.33,23.01
ITEM002257,ORD000910,PROD0284,2,22267.24,35.39
ITEM002258,ORD000911,PROD0186,0,772.45,27.47
ITEM002259,ORD000911,PROD0305,5,17693.56,7.66
ITEM002260,ORD000911,PROD0456,2,2278.77,23.87
ITEM002261,ORD000911,PROD0145,5,4685.06,7.99
ITEM002262,ORD000912,PROD0228,4,10741.4,6.3
ITEM002263,ORD000913,PROD0429,2,3486.32,29.5
ITEM002264,ORD000914,PROD0477,3,29215.65,35.76
ITEM002265,ORD000914,PROD0246,4,8884.63,34.41
ITEM002266,ORD000914,PROD0037,-4,3270.88,16.81
ITEM002267,ORD000915,PROD0163,1,794.49,39.55
ITEM002268,ORD000915,PROD0057,4,910.89,5.78
ITEM002269,ORD000915,PROD0163,5,891.84,38.33
ITEM002270,ORD000915,PROD0304,2,712.63,5.01
ITEM002271,ORD000916,PROD0013,4,596.85,19.86
ITEM002272,ORD000916,PROD0176,5,2963.62,24.47
ITEM002273,ORD000916,PROD0071,5,1355.8,1.98
ITEM002274,ORD000917,PROD0250,5,3330.81,6.56
ITEM002275,ORD000917,PROD0209,2,1264.86,18.14
ITEM002276,ORD000917,PROD0357,2,1631.62,38.16
ITEM002277,ORD000917,PROD0015,4,319.6,19.3
ITEM002278,ORD000918,PROD0219,3,49895.92,20.94
ITEM002279,ORD000918,PROD0238,2,62779.18,4.69
ITEM002280,ORD000918,PROD0064,2,25307.42,26.82
ITEM002281,ORD000919,PROD0118,5,60888.44,22.03
ITEM002282,ORD000919,PROD0448,3,48461.75,20.23
ITEM002283,ORD000919,PROD0153,4,1580.78,32.56
ITEM002284,ORD000920,PROD0350,4,10520.5,23.95
ITEM002285,ORD000920,PROD0219,3,47241.51,36.72
ITEM002286,ORD000921,PROD0163,4,717.4,24.68
ITEM002287,ORD000921,PROD0075,2,648.82,31.74
ITEM002288,ORD000921,PROD0496,1,45552.73,4.4
ITEM002289,ORD000921,PROD0324,-3,858.98,1.95
ITEM002290,ORD000922,PROD0041,2,9475.16,13.08
ITEM002291,ORD000923,PROD0059,4,382.69,3.09
ITEM002292,ORD000923,PROD0129,4,452.54,4.68
ITEM002293,ORD000923,PROD0015,2,291.8,19.01
ITEM002294,ORD000923,PROD0050,3,9476.48,10.0
ITEM002295,ORD000924,PROD0278,-3,11544.77,2.94
ITEM002296,ORD000925,PROD0003,3,2094.58,32.34
ITEM002297,ORD000926,PROD0386,3,3306.32,31.99
ITEM002298,ORD000926,PROD0070,1,833.76,37.14
ITEM002299,ORD000927,PROD0219,4,43135.49,0.87
ITEM002300,ORD000927,PROD0059,4,385.37,26.57
ITEM002301,ORD000927,PROD0163,3,737.46,19.84
ITEM002302,ORD000927,PROD0476,4,14803.87,13.92
ITEM002303,ORD000928,PROD0155,5,478.59,36.98
ITEM002304,ORD000929,PROD0178,2,748.08,12.69
ITEM002305,ORD000930,PROD0025,3,53329.85,32.24
ITEM002306,ORD000931,PROD0441,4,221.06,37.41
ITEM002307,ORD000931,PROD0471,3,412.57,0.02
ITEM002308,ORD000931,PROD0273,3,711.21,19.02
ITEM002309,ORD000932,PROD0116,1,855.98,36.25
ITEM002310,ORD000932,PROD0171,1,25239.36,18.08
ITEM002311,ORD000933,PROD0318,1,470.07,9.78
ITEM002312,ORD000934,PROD0163,-3,947.76,2.55
ITEM002313,ORD000934,PROD0372,3,56486.9,15.95
ITEM002314,ORD000934,PROD0449,2,459.8,16.85
ITEM002315,ORD000934,PROD0128,3,40543.78,33.7
ITEM002316,ORD000935,PROD0436,3,550.73,5.78
ITEM002317,ORD000935,PROD0238,1,61746.71,35.29
ITEM002318,ORD000935,PROD0030,5,5115.9,20.74
ITEM002319,ORD000936,PROD0047,5,10466.16,27.58
ITEM002320,ORD000936,PROD0057,4,906.27,7.53
ITEM002321,ORD000936,PROD0048,3,32034.71,17.21
ITEM002322,ORD000937,PROD0048,2,34798.77,26.13
ITEM002323,ORD000937,PROD0304,4,579.78,25.31
ITEM002324,ORD000937,PROD0007,5,723.96,19.34
ITEM002325,ORD000938,PROD0215,1,1000.74,9.1
ITEM002326,ORD000938,PROD0048,3,34612.79,33.51
ITEM002327,ORD000938,PROD0126,5,1209.62,24.12
ITEM002328,ORD000939,PROD0220,3,3300.1,32.35
ITEM002329,ORD000939,PROD0382,3,1846.02,8.57
ITEM002330,ORD000939,PROD0463,3,2416.09,27.86
ITEM002331,ORD000939,PROD0010,2,14369.15,31.51
ITEM002332,ORD000940,PROD0274,5,9058.25,10.68
ITEM002333,ORD000941,PROD0178,2,593.4,25.4
ITEM002334,ORD000941,PROD0034,1,1647.45,10.78
ITEM002335,ORD000941,PROD0344,4,3279.23,25.84
ITEM002336,ORD000941,PROD0013,1,732.45,3.56
ITEM002337,ORD000942,PROD0219,5,51016.05,31.14
ITEM002338,ORD000943,PROD0107,3,54523.26,13.85
ITEM002339,ORD000943,PROD0340,3,918.75,4.93
ITEM002340,ORD000944,PROD0340,3,1165.47,6.98
ITEM002341,ORD000944,PROD0219,3,43885.89,19.6
ITEM002342,ORD000944,PROD0459,3,14923.98,10.11
ITEM002343,ORD000944,PROD0271,3,975.81,18.21
ITEM002344,ORD000945,PROD0057,3,694.41,38.37
ITEM002345,ORD000945,PROD0100,1,6076.21,14.36
ITEM002346,ORD000945,PROD0333,5,790.37,8.95
ITEM002347,ORD000946,PROD0219,3,49028.89,28.87
ITEM002348,ORD000946,PROD0477,1,37142.6,9.57
ITEM002349,ORD000947,PROD0105,-1,624.11,13.13
ITEM002350,ORD000948,PROD0068,5,65897.19,31.05
ITEM002351,ORD000949,PROD0061,2,29887.77,36.25
ITEM002352,ORD000950,PROD0237,4,881.71,30.57
ITEM002353,ORD000950,PROD0088,1,25717.04,21.07
ITEM002354,ORD000951,PROD0477,5,30696.04,39.5
ITEM002355,ORD000951,PROD0477,2,34574.28,0.26
ITEM002356,ORD000951,PROD0272,3,2163.05,37.02
ITEM002357,ORD000951,PROD0144,5,8442.18,
ITEM002358,ORD000952,PROD0493,2,2505.44,31.72
ITEM002359,ORD000952,PROD0322,4,9233.85,12.53
ITEM002360,ORD000952,PROD0422,-1,12154.13,36.55
ITEM002361,ORD000953,PROD0306,2,13130.72,22.07
ITEM002362,ORD000953,PROD0050,5,8676.44,29.84
ITEM002363,ORD000953,PROD0159,2,42030.7,19.69
ITEM002364,ORD000954,PROD0478,3,63102.33,14.84
ITEM002365,ORD000954,PROD0048,2,36869.83,30.87
ITEM002366,ORD000955,PROD0330,4,31784.35,3.62
ITEM002367,ORD000955,PROD0494,1,1351.98,23.61
ITEM002368,ORD000955,PROD0096,4,1040.69,7.61
ITEM002369,ORD000955,PROD0101,1,862.66,37.92
ITEM002370,ORD000956,PROD0013,5,550.08,35.85
ITEM002371,ORD000956,PROD0470,1,13046.5,15.65
ITEM002372,ORD000957,PROD0487,3,65422.11,19.13
ITEM002373,ORD000957,PROD0436,1,632.19,33.38
ITEM002374,ORD000957,PROD0281,2,1911.04,17.65
ITEM002375,ORD000957,PROD0051,2,21564.04,1.37
ITEM002376,ORD000958,PROD0416,-3,35459.25,39.14
ITEM002377,ORD000959,PROD0243,3,10475.1,38.06
ITEM002378,ORD000959,PROD0498,5,14514.39,17.89
ITEM002379,ORD000959,PROD0073,3,46732.73,14.46
ITEM002380,ORD000959,PROD0449,3,449.39,11.22
ITEM002381,ORD000960,PROD0014,4,18227.65,23.87
ITEM002382,ORD000960,PROD0472,2,230.83,3.14
ITEM002383,ORD000961,PROD0350,4,11523.15,2.89
ITEM002384,ORD000961,PROD0376,3,769.72,39.05
ITEM002385,ORD000961,PROD0444,3,2847.4,14.35
ITEM002386,ORD000962,PROD0238,5,63683.18,14.45
ITEM002387,ORD000962,PROD0496,5,43388.09,17.0
ITEM002388,ORD000962,PROD0195,2,5288.69,24.1
ITEM002389,ORD000962,PROD0039,2,3029.73,32.58
ITEM002390,ORD000963,PROD0021,3,69643.55,12.33
ITEM002391,ORD000963,PROD0477,1,33298.91,25.28
ITEM002392,ORD000963,PROD0219,4,54615.09,33.33
ITEM002393,ORD000964,PROD0339,2,763.12,18.34
ITEM002394,ORD000965,PROD0163,1,982.61,11.7
ITEM002395,ORD000965,PROD0193,5,1751.88,10.05
ITEM002396,ORD000966,PROD0073,1,45738.49,31.81
ITEM002397,ORD000966,PROD0299,3,8197.85,23.83
ITEM002398,ORD000967,PROD0353,5,1062.77,36.62
ITEM002399,ORD000967,PROD0238,-3,80021.02,0.2
ITEM002400,ORD000967,PROD0170,5,2996.79,35.28
ITEM002401,ORD000967,PROD0057,5,880.5,19.77
ITEM002402,ORD000968,PROD0355,4,18156.12,22.89
ITEM002403,ORD000968,PROD0215,2,887.92,4.46
ITEM002404,ORD000968,PROD0243,2,8358.69,12.26
ITEM002405,ORD000968,PROD0219,4,48456.17,3.26
ITEM002406,ORD000969,PROD0449,3,417.71,25.95
ITEM002407,ORD000969,PROD0213,4,835.35,21.24
ITEM002408,ORD000970,PROD0155,3,423.48,31.45
ITEM002409,ORD000970,PROD0349,4,17398.15,34.23
ITEM002410,ORD000970,PROD0219,1,49370.05,18.01
ITEM002411,ORD000970,PROD0477,3,29031.54,27.89
ITEM002412,ORD000971,PROD0118,5,64769.52,12.83
ITEM002413,ORD000971,PROD0055,2,8182.67,10.68
ITEM002414,ORD000971,PROD0128,3,36146.18,15.62
ITEM002415,ORD000972,PROD0089,0,20807.48,36.19
ITEM002416,ORD000972,PROD0500,2,60017.12,6.42
ITEM002417,ORD000972,PROD0219,2,50128.5,26.89
ITEM002418,ORD000972,PROD0219,5,56936.63,37.54
ITEM002419,ORD000973,PROD0395,4,63471.71,21.61
ITEM002420,ORD000973,PROD0075,3,653.34,36.18
ITEM002421,ORD000973,PROD0400,2,40174.65,38.42
ITEM002422,ORD000973,PROD0178,3,605.47,31.24
ITEM002423,ORD000974,PROD0057,4,811.8,2.59
ITEM002424,ORD000974,PROD0078,5,15460.79,27.46
ITEM002425,ORD000974,PROD0163,1,762.72,13.95
ITEM002426,ORD000975,PROD0219,2,49830.23,0.85
ITEM002427,ORD000976,PROD0357,-5,1720.63,8.34
ITEM002428,ORD000976,PROD0142,4,3950.22,30.32
ITEM002429,ORD000977,PROD0047,4,8223.63,36.31
ITEM002430,ORD000977,PROD0050,5,9194.45,10.51
ITEM002431,ORD000977,PROD0496,5,43259.66,3.78
ITEM002432,ORD000978,PROD0271,1,749.52,7.54
ITEM002433,ORD000978,PROD0392,1,78055.84,15.39
ITEM002434,ORD000978,PROD0203,2,6666.36,11.6
ITEM002435,ORD000979,PROD0344,3,2746.49,12.0
ITEM002436,ORD000979,PROD0343,5,18348.64,29.4
ITEM002437,ORD000980,PROD0434,2,2820.44,18.16
ITEM002438,ORD000980,PROD0031,1,61824.65,7.91
ITEM002439,ORD000981,PROD0129,3,463.64,9.84
ITEM002440,ORD000981,PROD0175,4,59469.36,35.4
ITEM002441,ORD000982,PROD0425,2,3103.08,17.7
ITEM002442,ORD000982,PROD0219,5,49639.02,2.08
ITEM002443,ORD000982,PROD0166,2,69883.06,38.29
ITEM002444,ORD000983,PROD0409,3,8651.24,20.55
ITEM002445,ORD000983,PROD0135,1,783.28,2.76
ITEM002446,ORD000984,PROD0112,4,13449.24,16.89
ITEM002447,ORD000984,PROD0471,4,388.18,1.2
ITEM002448,ORD000984,PROD0163,1,965.65,12.93
ITEM002449,ORD000985,PROD0209,1,1264.5,27.78
ITEM002450,ORD000985,PROD0342,4,71932.06,36.21
ITEM002451,ORD000985,PROD0189,4,2964.52,37.75
ITEM002452,ORD000985,PROD0340,4,1178.64,33.35
ITEM002453,ORD000986,PROD0036,1,3774.21,11.58
ITEM002454,ORD000987,PROD0034,5,1580.99,34.6
ITEM002455,ORD000987,PROD0327,1,13616.64,15.25
ITEM002456,ORD000988,PROD0473,3,11678.17,10.83
ITEM002457,ORD000988,PROD0344,4,3196.53,28.45
ITEM002458,ORD000988,PROD0377,3,1004.08,29.85
ITEM002459,ORD000988,PROD0340,3,1037.49,38.48
ITEM002460,ORD000989,PROD0020,4,1552.7,31.95
ITEM002461,ORD000989,PROD0128,4,43523.77,16.69
ITEM002462,ORD000989,PROD0118,3,69796.62,14.0
ITEM002463,ORD000989,PROD0060,3,36156.66,35.07
ITEM002464,ORD000990,PROD0360,4,1073.15,4.24
ITEM002465,ORD000990,PROD0219,1,49657.48,31.55
ITEM002466,ORD000990,PROD0163,1,868.95,34.51
ITEM002467,ORD000990,PROD0219,4,50594.84,34.01
ITEM002468,ORD000991,PROD0123,1,79701.43,11.16
ITEM002469,ORD000992,PROD0365,4,27076.93,21.55
ITEM002470,ORD000992,PROD0417,1,1175.27,26.32
ITEM002471,ORD000992,PROD0438,3,7430.33,17.77
ITEM002472,ORD000993,PROD0023,5,1347.14,36.26
ITEM002473,ORD000993,PROD0488,1,38764.68,17.17
ITEM002474,ORD000993,PROD0124,5,8927.56,9.03
ITEM002475,ORD000994,PROD0174,1,41768.01,18.36
ITEM002476,ORD000994,PROD0013,-4,695.01,27.51
ITEM002477,ORD000994,PROD0163,5,982.09,17.95
ITEM002478,ORD000994,PROD0113,3,3241.83,21.18
ITEM002479,ORD000995,PROD0219,4,42288.93,24.16
ITEM002480,ORD000995,PROD0402,2,1336.93,10.36
ITEM002481,ORD000995,PROD0301,1,15055.88,7.07
ITEM002482,ORD000995,PROD0219,4,45155.13,38.92
ITEM002483,ORD000996,PROD0450,1,9023.12,13.81
ITEM002484,ORD000997,PROD0392,4,76608.69,39.56
ITEM002485,ORD000997,PROD0041,2,9633.65,5.16
ITEM002486,ORD000997,PROD0189,5,3785.27,19.64
ITEM002487,ORD000998,PROD0419,2,8513.49,15.93
ITEM002488,ORD000999,PROD0100,3,5192.41,24.91
ITEM002489,ORD001000,PROD0206,1,694.76,39.3
ITEM002490,ORD001000,PROD0389,4,12980.24,15.43
ITEM002491,ORD001000,PROD0055,4,8100.16,5.77
ITEM002492,ORD001000,PROD0057,3,767.9,39.77
ITEM002493,ORD001001,PROD0288,4,1238.76,32.78
ITEM002494,ORD001001,PROD0458,4,2732.35,21.43
ITEM002495,ORD001001,PROD0443,1,12714.5,17.48
ITEM002496,ORD001001,PROD0138,2,17776.65,31.6
ITEM002497,ORD001002,PROD0359,1,217.0,33.46
ITEM002498,ORD001003,PROD0340,4,1049.78,22.61
ITEM002499,ORD001004,PROD0219,1,51686.66,24.42
ITEM002500,ORD001004,PROD0404,5,76114.14,18.8
ITEM002501,ORD001005,PROD0057,3,802.33,0.18
ITEM002502,ORD001006,PROD0158,1,898.39,24.93
ITEM002503,ORD001007,PROD0466,4,27906.44,30.99
ITEM002504,ORD001007,PROD0069,4,2825.33,
ITEM002505,ORD001007,PROD0153,3,1372.21,14.43
ITEM002506,ORD001008,PROD0452,3,29707.85,3.67
ITEM002507,ORD001008,PROD0226,-3,3101.25,14.46
ITEM002508,ORD001008,PROD0426,1,66736.0,3.51
ITEM002509,ORD001009,PROD0399,1,36531.01,0.13
ITEM002510,ORD001010,PROD0488,3,39675.14,24.15
ITEM002511,ORD001011,PROD0386,4,2521.24,30.97
ITEM002512,ORD001011,PROD0448,4,49967.6,24.47
ITEM002513,ORD001012,PROD0325,2,16759.69,2.05
ITEM002514,ORD001012,PROD0187,1,17047.39,33.91
ITEM002515,ORD001013,PROD0283,1,966.55,39.54
ITEM002516,ORD001013,PROD0097,5,658.72,11.9
ITEM002517,ORD001014,PROD0328,3,187.99,27.72
ITEM002518,ORD001014,PROD0381,4,34862.64,1.27
ITEM002519,ORD001014,PROD0157,3,328.21,26.12
ITEM002520,ORD001015,PROD0290,4,3400.88,26.95
ITEM002521,ORD001015,PROD0082,2,10333.87,20.73
ITEM002522,ORD001015,PROD0105,-4,726.64,5.81
ITEM002523,ORD001015,PROD0346,-4,343.41,0.23
ITEM002524,ORD001016,PROD0372,4,54659.69,12.13
ITEM002525,ORD001016,PROD0219,1,44029.89,19.07
ITEM002526,ORD001017,PROD0477,-5,30667.52,8.21
ITEM002527,ORD001017,PROD0078,5,12486.7,5.89
ITEM002528,ORD001017,PROD0421,1,37971.17,23.23
ITEM002529,ORD001017,PROD0219,4,42364.28,36.89
ITEM002530,ORD001018,PROD0253,4,283.96,21.1
ITEM002531,ORD001019,PROD0222,4,1795.2,0.45
ITEM002532,ORD001019,PROD0440,5,1179.02,35.01
ITEM002533,ORD001020,PROD0153,3,1713.74,15.1
ITEM002534,ORD001021,PROD0196,4,771.36,11.42
ITEM002535,ORD001022,PROD0496,2,41869.78,21.25
ITEM002536,ORD001022,PROD0345,3,14647.82,36.33
ITEM002537,ORD001022,PROD0248,3,41697.96,7.7
ITEM002538,ORD001022,PROD0381,4,36843.09,15.48
ITEM002539,ORD001023,PROD0028,1,1329.24,29.09
ITEM002540,ORD001023,PROD0157,5,393.63,8.9
ITEM002541,ORD001024,PROD0345,2,11835.89,39.03
ITEM002542,ORD001024,PROD0340,4,1126.65,35.07
ITEM002543,ORD001024,PROD0219,1,46216.43,19.46
ITEM002544,ORD001024,PROD0048,4,34163.26,32.74
ITEM002545,ORD001025,PROD0412,4,2531.81,23.77
ITEM002546,ORD001026,PROD0110,4,6511.6,9.04
ITEM002547,ORD001026,PROD0163,4,954.86,21.12
ITEM002548,ORD001026,PROD0470,3,12720.31,35.88
ITEM002549,ORD001027,PROD0208,4,13718.44,27.92
ITEM002550,ORD001027,PROD0155,2,472.71,34.16
ITEM002551,ORD001027,PROD0163,4,933.7,22.9
ITEM002552,ORD001028,PROD0058,4,1323.95,17.34
ITEM002553,ORD001028,PROD0153,1,1667.62,28.69
ITEM002554,ORD001028,PROD0252,5,1385.3,5.4
ITEM002555,ORD001028,PROD0242,5,201.67,25.88
ITEM002556,ORD001029,PROD0074,4,1166.1,14.42
ITEM002557,ORD001029,PROD0127,5,563.96,26.07
ITEM002558,ORD001029,PROD0147,2,3172.53,
ITEM002559,ORD001029,PROD0015,4,247.39,15.61
ITEM002560,ORD001030,PROD0032,1,1102.75,0.25
ITEM002561,ORD001030,PROD0200,5,1895.98,37.71
ITEM002562,ORD001030,PROD0111,4,4784.74,34.17
ITEM002563,ORD001030,PROD0349,3,16523.79,6.25
ITEM002564,ORD001031,PROD0069,3,3226.6,20.26
ITEM002565,ORD001031,PROD0335,1,537.88,6.31
ITEM002566,ORD001031,PROD0177,4,4124.06,29.98
ITEM002567,ORD001032,PROD0355,1,15686.45,26.76
ITEM002568,ORD001032,PROD0304,1,593.43,39.15
ITEM002569,ORD001032,PROD0459,3,15800.3,30.51
ITEM002570,ORD001032,PROD0057,3,795.83,7.7
ITEM002571,ORD001033,PROD0323,1,1258.77,20.33
ITEM002572,ORD001033,PROD0435,5,2547.97,14.37
ITEM002573,ORD001033,PROD0253,5,307.17,10.41
ITEM002574,ORD001033,PROD0163,5,803.83,6.59
ITEM002575,ORD001034,PROD0178,-2,796.53,26.35
ITEM002576,ORD001035,PROD0277,3,2496.96,9.09
ITEM002577,ORD001035,PROD0488,3,37965.0,17.14
ITEM002578,ORD001036,PROD0339,1,727.43,18.9
ITEM002579,ORD001036,PROD0122,4,15813.09,19.23
ITEM002580,ORD001036,PROD0380,2,20197.02,22.52
ITEM002581,ORD001036,PROD0214,-1,81069.5,23.86
ITEM002582,ORD001037,PROD0137,5,3249.23,2.64
ITEM002583,ORD001037,PROD0054,2,12879.51,38.42
ITEM002584,ORD001037,PROD0372,2,62082.72,0.07
ITEM002585,ORD001038,PROD0253,3,275.81,29.74
ITEM002586,ORD001038,PROD0328,4,198.63,5.9
ITEM002587,ORD001038,PROD0136,3,2909.31,27.67
ITEM002588,ORD001038,PROD0011,2,22867.2,23.64
ITEM002589,ORD001039,PROD0104,5,64813.94,10.78
ITEM002590,ORD001039,PROD0011,1,20313.17,25.49
ITEM002591,ORD001039,PROD0070,2,896.06,3.15
ITEM002592,ORD001040,PROD0488,2,36904.88,18.23
ITEM002593,ORD001040,PROD0163,1,721.49,28.86
ITEM002594,ORD001040,PROD0476,2,12792.9,37.27
ITEM002595,ORD001040,PROD0433,2,19357.08,6.12
ITEM002596,ORD001041,PROD0282,4,934.55,39.95
ITEM002597,ORD001041,PROD0304,5,610.4,6.52
ITEM002598,ORD001041,PROD0075,4,680.21,22.63
ITEM002599,ORD001041,PROD0234,3,18694.79,23.45
ITEM002600,ORD001042,PROD0215,5,1117.66,32.34
ITEM002601,ORD001042,PROD0010,3,13460.84,23.09
ITEM002602,ORD001042,PROD0475,5,4022.1,38.31
ITEM002603,ORD001043,PROD0349,2,14908.29,22.97
ITEM002604,ORD001043,PROD0028,3,1205.47,15.32
ITEM002605,ORD001043,PROD0406,4,4378.65,5.7
ITEM002606,ORD001044,PROD0377,5,779.58,30.84
ITEM002607,ORD001045,PROD0019,1,10984.5,9.09
ITEM002608,ORD001045,PROD0016,4,15120.25,0.11
ITEM002609,ORD001045,PROD0442,4,78796.26,29.21
ITEM002610,ORD001045,PROD0261,2,1004.32,19.92
ITEM002611,ORD001046,PROD0372,5,48187.5,7.78
ITEM002612,ORD001046,PROD0438,3,6811.14,19.68
ITEM002613,ORD001046,PROD0013,5,597.28,34.44
ITEM002614,ORD001046,PROD0311,1,10922.64,26.39
ITEM002615,ORD001047,PROD0066,2,11164.73,22.99
ITEM002616,ORD001047,PROD0403,4,16157.29,14.19
ITEM002617,ORD001047,PROD0101,5,903.2,2.35
ITEM002618,ORD001047,PROD0450,1,7566.95,1.22
ITEM002619,ORD001048,PROD0215,4,1212.91,11.11
ITEM002620,ORD001048,PROD0188,1,58875.39,29.13
ITEM002621,ORD001048,PROD0382,3,2262.6,
ITEM002622,ORD001048,PROD0495,3,1082.84,12.16
ITEM002623,ORD001049,PROD0163,2,841.48,19.06
ITEM002624,ORD001049,PROD0036,1,2867.2,0.84
ITEM002625,ORD001049,PROD0346,1,298.79,34.9
ITEM002626,ORD001049,PROD0073,4,37995.23,33.51
ITEM002627,ORD001050,PROD0096,4,1120.79,0.51
ITEM002628,ORD001050,PROD0434,5,2654.25,28.37
ITEM002629,ORD001050,PROD0446,5,33535.18,32.12
ITEM002630,ORD001051,PROD0427,1,11799.33,24.16
ITEM002631,ORD001051,PROD0416,3,37261.84,4.78
ITEM002632,ORD001051,PROD0260,4,201.63,8.11
ITEM002633,ORD001052,PROD0187,5,16961.61,18.45
ITEM002634,ORD001052,PROD0402,2,1470.14,8.76
ITEM002635,ORD001052,PROD0355,3,18530.96,22.53
ITEM002636,ORD001053,PROD0118,3,63277.3,29.63
ITEM002637,ORD001053,PROD0201,3,44744.86,27.84
ITEM002638,ORD001054,PROD0258,3,11023.42,23.62
ITEM002639,ORD001055,PROD0392,2,64948.98,29.07
ITEM002640,ORD001056,PROD0168,5,15131.39,21.43
ITEM002641,ORD001056,PROD0070,4,891.44,33.19
ITEM002642,ORD001056,PROD0392,4,75490.1,2.24
ITEM002643,ORD001057,PROD0318,1,509.82,25.55
ITEM002644,ORD001057,PROD0243,1,10461.29,2.51
ITEM002645,ORD001058,PROD0340,5,974.15,36.11
ITEM002646,ORD001059,PROD0202,5,28956.88,27.29
ITEM002647,ORD001059,PROD0163,2,882.49,19.78
ITEM002648,ORD001059,PROD0043,1,3638.88,17.36
ITEM002649,ORD001060,PROD0011,4,20500.66,16.91
ITEM002650,ORD001061,PROD0447,3,20594.6,25.55
ITEM002651,ORD001062,PROD0045,4,22690.16,11.13
ITEM002652,ORD001062,PROD0186,1,938.34,29.62
ITEM002653,ORD001062,PROD0163,1,756.48,19.38
ITEM002654,ORD001062,PROD0488,4,34699.33,1.34
ITEM002655,ORD001063,PROD0163,5,922.02,13.9
ITEM002656,ORD001064,PROD0068,3,63374.22,18.73
ITEM002657,ORD001064,PROD0477,5,35198.38,20.24
ITEM002658,ORD001064,PROD0497,5,10784.46,34.44
ITEM002659,ORD001064,PROD0101,5,797.42,17.72
ITEM002660,ORD001065,PROD0017,3,53806.18,20.25
ITEM002661,ORD001065,PROD0313,3,2781.98,10.24
ITEM002662,ORD001065,PROD0042,1,4524.24,34.31
ITEM002663,ORD001065,PROD0277,3,2729.15,24.9
ITEM002664,ORD001066,PROD0492,2,30295.49,18.82
ITEM002665,ORD001066,PROD0361,2,11868.54,6.67
ITEM002666,ORD001066,PROD0330,2,34118.94,5.79
ITEM002667,ORD001067,PROD0383,5,3540.46,17.49
ITEM002668,ORD001067,PROD0219,-3,55956.71,16.81
ITEM002669,ORD001067,PROD0339,5,736.25,31.28
ITEM002670,ORD001068,PROD0013,5,707.74,14.61
ITEM002671,ORD001068,PROD0207,2,11860.95,0.93
ITEM002672,ORD001068,PROD0355,3,19063.45,28.96
ITEM002673,ORD001069,PROD0163,2,863.96,37.48
ITEM002674,ORD001070,PROD0496,1,40898.03,34.0
ITEM002675,ORD001070,PROD0214,2,60565.65,33.18
ITEM002676,ORD001070,PROD0476,3,13049.59,21.79
ITEM002677,ORD001070,PROD0195,1,6597.38,23.6
ITEM002678,ORD001071,PROD0238,3,78660.58,37.4
ITEM002679,ORD001072,PROD0383,2,3799.06,15.61
ITEM002680,ORD001073,PROD0337,2,819.14,30.39
ITEM002681,ORD001073,PROD0136,3,2235.0,6.76
ITEM002682,ORD001073,PROD0479,3,2444.08,27.06
ITEM002683,ORD001073,PROD0054,4,14976.81,17.9
ITEM002684,ORD001074,PROD0013,5,680.99,24.21
ITEM002685,ORD001074,PROD0031,5,79884.6,24.65
ITEM002686,ORD001074,PROD0057,-4,836.11,27.76
ITEM002687,ORD001074,PROD0164,1,444.59,26.04
ITEM002688,ORD001075,PROD0165,4,590.0,1.38
ITEM002689,ORD001075,PROD0287,2,2172.38,21.85
ITEM002690,ORD001075,PROD0381,5,30443.94,20.76
ITEM002691,ORD001076,PROD0238,1,60937.21,29.78
ITEM002692,ORD001077,PROD0340,4,856.21,13.35
ITEM002693,ORD001077,PROD0222,3,1577.31,5.37
ITEM002694,ORD001078,PROD0064,4,27417.94,8.5
ITEM002695,ORD001078,PROD0477,1,37041.43,36.89
ITEM002696,ORD001079,PROD0101,2,975.57,18.76
ITEM002697,ORD001079,PROD0163,5,928.99,4.69
ITEM002698,ORD001079,PROD0362,5,32786.43,18.51
ITEM002699,ORD001080,PROD0048,4,29101.4,12.37
ITEM002700,ORD001080,PROD0020,1,1430.02,4.53
ITEM002701,ORD001081,PROD0150,2,1365.83,21.78
ITEM002702,ORD001082,PROD0240,-2,2336.8,8.75
ITEM002703,ORD001083,PROD0167,4,379.7,22.13
ITEM002704,ORD001084,PROD0260,-1,164.4,35.95
ITEM002705,ORD001085,PROD0361,4,9823.71,7.8
ITEM002706,ORD001085,PROD0032,1,1122.86,26.11
ITEM002707,ORD001086,PROD0407,1,13621.16,15.53
ITEM002708,ORD001087,PROD0394,4,3495.12,6.27
ITEM002709,ORD001087,PROD0131,5,63663.82,29.43
ITEM002710,ORD001088,PROD0101,-3,995.01,38.19
ITEM002711,ORD001088,PROD0194,1,310.44,23.05
ITEM002712,ORD001088,PROD0050,3,7921.27,37.9
ITEM002713,ORD001089,PROD0311,4,10000.54,34.59
ITEM002714,ORD001089,PROD0476,3,14568.27,3.73
ITEM002715,ORD001090,PROD0255,4,84947.81,2.0
ITEM002716,ORD001090,PROD0100,3,6272.03,24.2
ITEM002717,ORD001090,PROD0434,-1,2396.54,22.1
ITEM002718,ORD001091,PROD0331,1,186.29,20.78
ITEM002719,ORD001091,PROD0127,1,529.16,25.33
ITEM002720,ORD001092,PROD0227,3,407.89,25.71
ITEM002721,ORD001092,PROD0220,-5,3755.67,
ITEM002722,ORD001092,PROD0163,5,881.15,29.77
ITEM002723,ORD001093,PROD0420,1,8034.42,36.77
ITEM002724,ORD001094,PROD0172,4,65431.51,11.22
ITEM002725,ORD001094,PROD0174,2,34439.88,25.09
ITEM002726,ORD001095,PROD0349,3,17516.11,34.82
ITEM002727,ORD001095,PROD0361,-2,11453.26,35.53
ITEM002728,ORD001096,PROD0036,2,2835.63,9.1
ITEM002729,ORD001096,PROD0355,3,15822.07,28.43
ITEM002730,ORD001096,PROD0050,4,9795.98,2.58
ITEM002731,ORD001096,PROD0264,5,76318.37,25.13
ITEM002732,ORD001097,PROD0342,4,58997.87,36.45
ITEM002733,ORD001097,PROD0392,5,76605.23,3.71
ITEM002734,ORD001097,PROD0284,2,20789.34,20.86
ITEM002735,ORD001097,PROD0201,1,46712.48,0.24
ITEM002736,ORD001098,PROD0020,2,1316.14,12.92
ITEM002737,ORD001098,PROD0315,3,897.01,7.46
ITEM002738,ORD001098,PROD0013,3,649.29,10.64
ITEM002739,ORD001098,PROD0171,4,32286.74,21.97
ITEM002740,ORD001099,PROD0212,2,9048.32,16.24
ITEM002741,ORD001100,PROD0013,5,720.02,26.07
ITEM002742,ORD001101,PROD0477,1,29934.56,11.4
ITEM002743,ORD001101,PROD0186,4,959.46,32.66
ITEM002744,ORD001101,PROD0163,3,726.93,27.22
ITEM002745,ORD001101,PROD0499,2,3996.05,22.94
ITEM002746,ORD001102,PROD0219,5,41799.15,17.28
ITEM002747,ORD001102,PROD0236,1,3348.78,34.33
ITEM002748,ORD001102,PROD0163,2,716.73,29.0
ITEM002749,ORD001103,PROD0407,1,12699.96,34.18
ITEM002750,ORD001103,PROD0163,2,861.62,35.27
ITEM002751,ORD001103,PROD0163,4,717.82,29.36
ITEM002752,ORD001104,PROD0100,-3,6131.82,29.5
ITEM002753,ORD001105,PROD0381,1,37477.44,29.38
ITEM002754,ORD001105,PROD0415,5,33391.11,39.13
ITEM002755,ORD001105,PROD0462,-3,500.33,17.46
ITEM002756,ORD001105,PROD0496,2,48108.33,18.83
ITEM002757,ORD001106,PROD0110,3,6389.92,19.81
ITEM002758,ORD001106,PROD0275,2,789.24,16.36
ITEM002759,ORD001106,PROD0219,3,44266.71,1.72
ITEM002760,ORD001107,PROD0259,3,12101.59,27.33
ITEM002761,ORD001108,PROD0023,-2,1145.12,17.93
ITEM002762,ORD001108,PROD0422,5,9566.19,32.43
ITEM002763,ORD001108,PROD0304,1,673.06,25.09
ITEM002764,ORD001109,PROD0381,3,32330.55,29.97
ITEM002765,ORD001109,PROD0348,2,71162.92,38.8
ITEM002766,ORD001109,PROD0123,2,68874.56,28.63
ITEM002767,ORD001109,PROD0354,1,1915.27,11.48
ITEM002768,ORD001110,PROD0013,4,572.36,30.0
ITEM002769,ORD001110,PROD0153,3,1420.69,16.7
ITEM002770,ORD001111,PROD0024,4,23608.95,7.04
ITEM002771,ORD001111,PROD0219,1,53350.29,35.52
ITEM002772,ORD001112,PROD0013,3,591.69,35.6
ITEM002773,ORD001112,PROD0456,5,1789.46,31.69
ITEM002774,ORD001113,PROD0223,2,351.24,32.26
ITEM002775,ORD001114,PROD0202,3,30596.75,37.57
ITEM002776,ORD001114,PROD0093,2,1138.95,27.58
ITEM002777,ORD001115,PROD0214,2,63130.09,29.78
ITEM002778,ORD001115,PROD0163,1,895.08,31.48
ITEM002779,ORD001116,PROD0311,4,11441.78,29.01
ITEM002780,ORD001117,PROD0252,2,1138.35,5.26
ITEM002781,ORD001117,PROD0302,5,28624.85,13.81
ITEM002782,ORD001117,PROD0264,5,76578.3,7.0
ITEM002783,ORD001117,PROD0219,2,48179.57,36.55
ITEM002784,ORD001118,PROD0181,4,12807.24,18.88
ITEM002785,ORD001118,PROD0339,5,621.08,1.21
ITEM002786,ORD001118,PROD0191,2,1023.46,17.77
ITEM002787,ORD001118,PROD0277,5,2533.82,2.31
ITEM002788,ORD001119,PROD0479,4,2547.54,10.96
ITEM002789,ORD001119,PROD0112,4,11907.92,9.72
ITEM002790,ORD001120,PROD0013,3,564.57,34.39
ITEM002791,ORD001120,PROD0202,2,34869.18,27.8
ITEM002792,ORD001121,PROD0025,4,61443.45,11.08
ITEM002793,ORD001122,PROD0253,3,313.56,39.38
ITEM002794,ORD001122,PROD0013,4,646.35,12.3
ITEM002795,ORD001123,PROD0091,5,3533.39,37.07
ITEM002796,ORD001123,PROD0052,-4,1756.53,16.64
ITEM002797,ORD001124,PROD0304,4,664.38,1.97
ITEM002798,ORD001124,PROD0219,4,42755.7,8.77
ITEM002799,ORD001124,PROD0183,2,9383.83,14.86
ITEM002800,ORD001125,PROD0163,4,809.28,20.98
ITEM002801,ORD001125,PROD0337,3,794.68,21.43
ITEM002802,ORD001125,PROD0388,2,220.55,35.05
ITEM002803,ORD001126,PROD0361,4,12906.77,
ITEM002804,ORD001126,PROD0416,1,37717.75,32.48
ITEM002805,ORD001127,PROD0380,5,18888.48,30.36
ITEM002806,ORD001127,PROD0479,4,2277.73,11.67
ITEM002807,ORD001127,PROD0381,1,42243.83,3.6
ITEM002808,ORD001128,PROD0228,3,11830.99,16.53
ITEM002809,ORD001129,PROD0468,4,13797.02,8.28
ITEM002810,ORD001129,PROD0328,5,190.72,18.84
ITEM002811,ORD001129,PROD0137,1,3469.74,14.94
ITEM002812,ORD001129,PROD0156,4,653.7,2.85
ITEM002813,ORD001130,PROD0320,3,83015.03,13.5
ITEM002814,ORD001130,PROD0089,3,20124.88,0.27
ITEM002815,ORD001130,PROD0201,1,48061.79,26.96
ITEM002816,ORD001130,PROD0163,4,988.2,27.72
ITEM002817,ORD001131,PROD0165,5,616.55,8.52
ITEM002818,ORD001131,PROD0450,5,9411.04,13.3
ITEM002819,ORD001131,PROD0123,4,80941.6,39.98
ITEM002820,ORD001132,PROD0079,5,91012.4,24.32
ITEM002821,ORD001132,PROD0204,1,1019.36,37.49
ITEM002822,ORD001132,PROD0050,3,8549.35,4.32
ITEM002823,ORD001133,PROD0193,3,1666.46,4.21
ITEM002824,ORD001133,PROD0172,2,65511.29,34.64
ITEM002825,ORD001134,PROD0436,3,573.94,2.81
ITEM002826,ORD001134,PROD0381,3,33694.1,24.43
ITEM002827,ORD001135,PROD0219,4,47115.55,22.28
ITEM002828,ORD001136,PROD0020,4,1409.99,39.01
ITEM002829,ORD001136,PROD0030,1,6284.35,3.96
ITEM002830,ORD001137,PROD0219,4,47717.17,26.26
ITEM002831,ORD001137,PROD0352,2,362.03,19.18
ITEM002832,ORD001137,PROD0271,3,855.75,4.73
ITEM002833,ORD001137,PROD0410,3,3457.79,21.52
ITEM002834,ORD001138,PROD0456,5,1924.5,17.87
ITEM002835,ORD001138,PROD0477,4,31034.56,21.84
ITEM002836,ORD001138,PROD0222,4,1985.6,30.64
ITEM002837,ORD001139,PROD0253,3,232.62,12.94
ITEM002838,ORD001139,PROD0345,5,14672.85,11.64
ITEM002839,ORD001140,PROD0219,3,48905.32,6.02
ITEM002840,ORD001140,PROD0024,3,28092.29,21.98
ITEM002841,ORD001141,PROD0217,5,233.25,10.1
ITEM002842,ORD001142,PROD0214,5,63943.34,12.57
ITEM002843,ORD001142,PROD0274,1,9672.76,21.4
ITEM002844,ORD001143,PROD0446,1,34119.75,26.89
ITEM002845,ORD001144,PROD0493,4,2468.62,39.99
ITEM002846,ORD001144,PROD0370,4,1446.75,39.3
ITEM002847,ORD001145,PROD0233,4,15273.42,34.03
ITEM002848,ORD001146,PROD0456,5,2337.56,4.78
ITEM002849,ORD001146,PROD0081,4,2538.81,24.6
ITEM002850,ORD001146,PROD0013,4,582.29,22.68
ITEM002851,ORD001146,PROD0372,3,48998.31,9.94
ITEM002852,ORD001147,PROD0136,4,2250.22,21.63
ITEM002853,ORD001147,PROD0033,5,9259.57,36.72
ITEM002854,ORD001147,PROD0005,5,1054.65,9.84
ITEM002855,ORD001148,PROD0136,5,2436.89,1.58
ITEM002856,ORD001149,PROD0434,3,2553.56,37.98
ITEM002857,ORD001149,PROD0050,4,8116.51,27.81
ITEM002858,ORD001150,PROD0232,1,1112.19,17.96
ITEM002859,ORD001150,PROD0477,2,34760.25,33.16
ITEM002860,ORD001150,PROD0413,-2,11542.19,22.06
ITEM002861,ORD001150,PROD0158,4,831.61,28.69
ITEM002862,ORD001151,PROD0016,-1,14010.5,3.11
ITEM002863,ORD001151,PROD0302,4,29713.89,25.54
ITEM002864,ORD001151,PROD0057,4,749.09,14.48
ITEM002865,ORD001152,PROD0050,1,9094.93,11.22
ITEM002866,ORD001153,PROD0326,3,2864.45,24.08
ITEM002867,ORD001153,PROD0229,5,1705.96,12.0
ITEM002868,ORD001153,PROD0163,3,772.8,28.6
ITEM002869,ORD001153,PROD0050,4,10018.26,19.86
ITEM002870,ORD001154,PROD0409,5,8548.67,31.8
ITEM002871,ORD001155,PROD0351,1,1224.7,3.53
ITEM002872,ORD001155,PROD0155,5,464.29,10.42
ITEM002873,ORD001156,PROD0369,3,1295.43,24.67
ITEM002874,ORD001156,PROD0305,5,13651.21,30.85
ITEM002875,ORD001156,PROD0304,2,552.27,12.62
ITEM002876,ORD001157,PROD0100,3,5888.04,5.11
ITEM002877,ORD001157,PROD0158,1,910.29,36.44
ITEM002878,ORD001157,PROD0049,1,1093.22,9.72
ITEM002879,ORD001158,PROD0333,1,813.75,29.25
ITEM002880,ORD001158,PROD0477,2,36710.44,35.74
ITEM002881,ORD001158,PROD0369,3,1273.66,15.3
ITEM002882,ORD001159,PROD0282,3,1048.82,27.66
ITEM002883,ORD001159,PROD0392,5,74393.88,2.87
ITEM002884,ORD001159,PROD0163,5,984.76,21.88
ITEM002885,ORD001160,PROD0376,1,676.7,19.29
ITEM002886,ORD001160,PROD0404,4,74188.19,34.16
ITEM002887,ORD001161,PROD0392,5,75264.55,11.7
ITEM002888,ORD001161,PROD0301,4,14766.95,16.78
ITEM002889,ORD001161,PROD0328,-4,200.44,8.37
ITEM002890,ORD001161,PROD0048,5,33118.74,32.9
ITEM002891,ORD001162,PROD0318,3,395.58,5.07
ITEM002892,ORD001163,PROD0441,2,221.98,33.04
ITEM002893,ORD001164,PROD0219,5,49591.35,25.16
ITEM002894,ORD001164,PROD0450,4,7881.9,19.35
ITEM002895,ORD001164,PROD0309,1,824.87,30.29
ITEM002896,ORD001165,PROD0461,1,20939.62,25.21
ITEM002897,ORD001165,PROD0448,4,41987.97,19.34
ITEM002898,ORD001165,PROD0219,3,50862.78,14.67
ITEM002899,ORD001165,PROD0340,1,1028.05,30.48
ITEM002900,ORD001166,PROD0032,5,1026.47,6.33
ITEM002901,ORD001167,PROD0020,3,1548.57,35.05
ITEM002902,ORD001168,PROD0089,-4,15947.0,11.87
ITEM002903,ORD001168,PROD0318,4,405.02,39.65
ITEM002904,ORD001168,PROD0351,4,1541.75,31.63
ITEM002905,ORD001169,PROD0477,4,31049.58,6.58
ITEM002906,ORD001169,PROD0245,4,958.91,20.15
ITEM002907,ORD001169,PROD0290,5,3796.99,26.21
ITEM002908,ORD001169,PROD0349,3,18023.4,17.14
ITEM002909,ORD001170,PROD0217,-5,192.65,9.01
ITEM002910,ORD001170,PROD0178,3,687.14,36.85
ITEM002911,ORD001170,PROD0476,1,15370.01,28.65
ITEM002912,ORD001171,PROD0352,5,386.58,16.09
ITEM002913,ORD001171,PROD0370,3,1344.55,10.58
ITEM002914,ORD001172,PROD0285,1,17408.46,0.09
ITEM002915,ORD001172,PROD0477,3,33626.03,32.5
ITEM002916,ORD001172,PROD0203,1,6051.76,5.58
ITEM002917,ORD001173,PROD0421,2,32820.67,13.96
ITEM002918,ORD001173,PROD0219,4,57116.69,34.62
ITEM002919,ORD001173,PROD0459,3,18752.39,32.55
ITEM002920,ORD001173,PROD0007,5,817.1,3.16
ITEM002921,ORD001174,PROD0220,2,3234.83,27.26
ITEM002922,ORD001174,PROD0471,1,365.78,16.19
ITEM002923,ORD001174,PROD0253,4,305.14,38.97
ITEM002924,ORD001175,PROD0038,4,1960.63,18.06
ITEM002925,ORD001175,PROD0215,4,874.7,17.33
ITEM002926,ORD001176,PROD0048,2,32458.14,12.43
ITEM002927,ORD001176,PROD0163,3,891.13,12.7
ITEM002928,ORD001176,PROD0166,5,63989.82,19.3
ITEM002929,ORD001177,PROD0039,4,3147.79,38.97
ITEM002930,ORD001177,PROD0311,1,12748.53,0.68
ITEM002931,ORD001177,PROD0340,4,1168.21,14.05
ITEM002932,ORD001178,PROD0290,2,3799.12,12.28
ITEM002933,ORD001179,PROD0163,1,878.63,38.58
ITEM002934,ORD001179,PROD0340,2,1075.48,30.94
ITEM002935,ORD001180,PROD0471,5,483.22,30.97
ITEM002936,ORD001180,PROD0247,1,60875.58,16.35
ITEM002937,ORD001181,PROD0013,5,722.71,25.56
ITEM002938,ORD001181,PROD0476,5,12311.2,17.4
ITEM002939,ORD001182,PROD0209,2,1448.1,36.08
ITEM002940,ORD001182,PROD0340,2,1001.53,29.81
ITEM002941,ORD001182,PROD0290,3,3083.1,5.6
ITEM002942,ORD001182,PROD0348,1,79060.38,6.89
ITEM002943,ORD001183,PROD0194,5,293.56,10.59
ITEM002944,ORD001184,PROD0057,2,808.02,7.49
ITEM002945,ORD001184,PROD0053,5,1676.35,16.1
ITEM002946,ORD001184,PROD0118,4,60709.32,10.45
ITEM002947,ORD001184,PROD0197,2,300.52,16.04
ITEM002948,ORD001185,PROD0187,4,17916.58,9.9
ITEM002949,ORD001186,PROD0296,3,56951.29,25.05
ITEM002950,ORD001186,PROD0291,4,1017.68,21.06
ITEM002951,ORD001187,PROD0193,5,1853.36,26.66
ITEM002952,ORD001187,PROD0217,5,171.66,24.27
ITEM002953,ORD001187,PROD0302,2,29168.02,11.48
ITEM002954,ORD001187,PROD0360,4,994.78,35.2
ITEM002955,ORD001188,PROD0049,3,1119.13,10.48
ITEM002956,ORD001188,PROD0365,1,26315.38,31.04
ITEM002957,ORD001188,PROD0256,1,955.03,20.26
ITEM002958,ORD001189,PROD0234,1,18180.77,18.99
ITEM002959,ORD001189,PROD0208,1,14659.69,20.08
ITEM002960,ORD001189,PROD0402,5,1357.71,10.86
ITEM002961,ORD001190,PROD0007,-2,731.02,32.08
ITEM002962,ORD001190,PROD0243,2,10265.66,16.09
ITEM002963,ORD001190,PROD0280,3,12201.11,6.18
ITEM002964,ORD001191,PROD0194,4,310.06,38.65
ITEM002965,ORD001191,PROD0476,4,12154.09,16.56
ITEM002966,ORD001191,PROD0252,-5,1253.98,34.75
ITEM002967,ORD001191,PROD0368,0,1782.64,13.29
ITEM002968,ORD001192,PROD0247,5,54151.66,31.44
ITEM002969,ORD001192,PROD0293,-2,11875.86,2.82
ITEM002970,ORD001193,PROD0454,2,2352.42,28.3
ITEM002971,ORD001194,PROD0059,1,409.62,2.71
ITEM002972,ORD001194,PROD0253,2,264.99,26.53
ITEM002973,ORD001194,PROD0339,2,633.78,13.29
ITEM002974,ORD001194,PROD0103,4,17659.44,35.83
ITEM002975,ORD001195,PROD0305,3,14474.53,24.38
ITEM002976,ORD001195,PROD0352,3,386.42,13.94
ITEM002977,ORD001195,PROD0057,2,818.33,25.91
ITEM002978,ORD001195,PROD0047,-5,9608.18,12.85
ITEM002979,ORD001196,PROD0163,2,718.78,28.78
ITEM002980,ORD001196,PROD0361,5,13259.29,22.65
ITEM002981,ORD001196,PROD0057,4,692.2,24.61
ITEM002982,ORD001196,PROD0045,3,21578.21,2.84
ITEM002983,ORD001197,PROD0219,3,44174.66,21.44
ITEM002984,ORD001198,PROD0013,2,539.01,31.19
ITEM002985,ORD001198,PROD0163,1,864.4,7.42
ITEM002986,ORD001198,PROD0018,1,21448.53,3.21
ITEM002987,ORD001199,PROD0425,3,4145.56,26.3
ITEM002988,ORD001199,PROD0163,3,991.28,0.98
ITEM002989,ORD001199,PROD0127,-1,611.71,13.58
ITEM002990,ORD001200,PROD0050,2,7827.37,24.83
ITEM002991,ORD001201,PROD0376,1,709.39,4.64
ITEM002992,ORD001201,PROD0174,2,40673.03,17.0
ITEM002993,ORD001201,PROD0163,4,982.16,21.31
ITEM002994,ORD001202,PROD0171,1,32059.92,13.33
ITEM002995,ORD001202,PROD0242,5,157.69,2.27
ITEM002996,ORD001202,PROD0404,4,74389.63,3.22
ITEM002997,ORD001202,PROD0124,1,9972.44,0.62
ITEM002998,ORD001203,PROD0434,2,2803.49,39.71
ITEM002999,ORD001203,PROD0355,4,20863.07,14.4
ITEM003000,ORD001203,PROD0057,5,816.58,21.62
ITEM003001,ORD001203,PROD0477,3,36890.52,21.01
ITEM003002,ORD001204,PROD0434,1,2853.25,7.03
ITEM003003,ORD001204,PROD0183,2,8109.2,20.39
ITEM003004,ORD001204,PROD0125,5,1242.64,11.47
ITEM003005,ORD001205,PROD0163,4,805.45,1.61
ITEM003006,ORD001205,PROD0163,1,743.17,25.93
ITEM003007,ORD001205,PROD0305,3,17478.05,22.55
ITEM003008,ORD001206,PROD0318,2,427.89,24.58
ITEM003009,ORD001207,PROD0342,1,53533.69,15.1
ITEM003010,ORD001207,PROD0219,2,56840.34,21.82
ITEM003011,ORD001207,PROD0427,5,11957.84,10.33
ITEM003012,ORD001207,PROD0260,3,167.13,25.43
ITEM003013,ORD001208,PROD0340,5,1019.12,3.26
ITEM003014,ORD001208,PROD0041,4,10384.06,38.7
ITEM003015,ORD001208,PROD0325,2,18975.94,25.38
ITEM003016,ORD001208,PROD0025,5,63763.54,1.11
ITEM003017,ORD001209,PROD0057,3,792.87,11.97
ITEM003018,ORD001210,PROD0473,5,14221.79,16.94
ITEM003019,ORD001210,PROD0253,2,299.84,1.39
ITEM003020,ORD001210,PROD0214,5,64914.37,23.26
ITEM003021,ORD001211,PROD0350,3,12365.04,8.07
ITEM003022,ORD001211,PROD0339,2,577.91,20.0
ITEM003023,ORD001212,PROD0496,4,47009.83,4.11
ITEM003024,ORD001212,PROD0272,4,2212.01,2.19
ITEM003025,ORD001212,PROD0219,1,51851.34,1.78
ITEM003026,ORD001212,PROD0374,4,1171.76,8.31
ITEM003027,ORD001213,PROD0003,4,1982.92,28.98
ITEM003028,ORD001213,PROD0031,2,67407.63,37.7
ITEM003029,ORD001213,PROD0062,3,48445.29,10.76
ITEM003030,ORD001213,PROD0347,1,90370.56,26.74
ITEM003031,ORD001214,PROD0013,3,681.26,2.05
ITEM003032,ORD001214,PROD0057,2,873.47,6.15
ITEM003033,ORD001214,PROD0013,3,596.12,1.82
ITEM003034,ORD001215,PROD0477,-5,39461.35,10.65
ITEM003035,ORD001216,PROD0219,2,55292.82,19.67
ITEM003036,ORD001216,PROD0193,2,2009.31,14.31
ITEM003037,ORD001217,PROD0271,2,740.31,24.5
ITEM003038,ORD001217,PROD0140,5,258.44,13.81
ITEM003039,ORD001217,PROD0340,0,916.86,24.95
ITEM003040,ORD001218,PROD0184,5,66474.69,10.07
ITEM003041,ORD001218,PROD0163,-3,742.24,16.49
ITEM003042,ORD001219,PROD0374,5,1055.8,25.82
ITEM003043,ORD001219,PROD0476,4,14892.96,28.5
ITEM003044,ORD001219,PROD0060,3,34542.21,9.56
ITEM003045,ORD001220,PROD0427,5,13150.96,29.56
ITEM003046,ORD001221,PROD0163,1,735.53,5.88
ITEM003047,ORD001221,PROD0410,1,3750.06,6.31
ITEM003048,ORD001222,PROD0128,2,40884.62,11.92
ITEM003049,ORD001223,PROD0062,2,50040.45,28.1
ITEM003050,ORD001223,PROD0046,5,11184.58,26.37
ITEM003051,ORD001224,PROD0163,4,892.5,9.33
ITEM003052,ORD001224,PROD0057,4,766.97,39.9
ITEM003053,ORD001225,PROD0449,3,499.53,15.03
ITEM003054,ORD001225,PROD0367,5,1379.07,37.36
ITEM003055,ORD001225,PROD0027,5,678.1,1.59
ITEM003056,ORD001226,PROD0450,1,7794.18,36.4
ITEM003057,ORD001226,PROD0163,2,844.81,37.3
ITEM003058,ORD001227,PROD0074,3,1061.31,22.89
ITEM003059,ORD001227,PROD0426,2,55605.19,20.1
ITEM003060,ORD001227,PROD0202,2,31879.38,21.2
ITEM003061,ORD001227,PROD0237,2,1024.09,7.06
ITEM003062,ORD001228,PROD0277,2,2114.66,23.24
ITEM003063,ORD001228,PROD0469,1,62235.1,39.95
ITEM003064,ORD001228,PROD0063,2,70640.37,10.07
ITEM003065,ORD001229,PROD0326,5,2947.58,36.2
ITEM003066,ORD001229,PROD0163,2,791.66,7.57
ITEM003067,ORD001229,PROD0219,2,43381.33,32.5
ITEM003068,ORD001229,PROD0425,5,3253.78,23.3
ITEM003069,ORD001230,PROD0348,-5,86358.52,9.69
ITEM003070,ORD001231,PROD0163,5,848.25,39.65
ITEM003071,ORD001231,PROD0460,2,17357.55,0.56
ITEM003072,ORD001231,PROD0252,1,1472.48,12.14
ITEM003073,ORD001232,PROD0330,3,29613.01,10.76
ITEM003074,ORD001232,PROD0163,3,894.07,15.24
ITEM003075,ORD001232,PROD0411,1,542.51,5.21
ITEM003076,ORD001232,PROD0386,3,2968.92,4.42
ITEM003077,ORD001233,PROD0163,3,828.22,26.39
ITEM003078,ORD001233,PROD0450,5,8547.41,29.56
ITEM003079,ORD001233,PROD0145,2,3497.51,33.65
ITEM003080,ORD001234,PROD0363,-2,18390.7,12.81
ITEM003081,ORD001234,PROD0349,4,14621.72,8.83
ITEM003082,ORD001234,PROD0340,2,1148.12,35.59
ITEM003083,ORD001235,PROD0381,1,30936.09,16.45
ITEM003084,ORD001235,PROD0462,3,554.97,3.12
ITEM003085,ORD001236,PROD0496,4,37967.8,17.52
ITEM003086,ORD001236,PROD0204,4,1105.67,16.54
ITEM003087,ORD001237,PROD0013,1,733.61,1.59
ITEM003088,ORD001237,PROD0013,3,557.9,15.67
ITEM003089,ORD001238,PROD0048,4,35311.76,0.79
ITEM003090,ORD001238,PROD0266,1,14357.64,27.51
ITEM003091,ORD001239,PROD0468,1,14713.21,0.65
ITEM003092,ORD001239,PROD0136,1,2883.4,1.6
ITEM003093,ORD001239,PROD0334,1,3654.6,0.37
ITEM003094,ORD001240,PROD0247,-4,47579.11,17.23
ITEM003095,ORD001240,PROD0163,1,745.92,37.49
ITEM003096,ORD001240,PROD0011,3,19498.78,18.97
ITEM003097,ORD001240,PROD0025,5,65415.34,13.4
ITEM003098,ORD001241,PROD0064,1,26342.11,24.65
ITEM003099,ORD001241,PROD0013,4,551.64,10.19
ITEM003100,ORD001241,PROD0219,3,56941.36,1.44
ITEM003101,ORD001241,PROD0451,1,2272.33,1.27
ITEM003102,ORD001242,PROD0158,2,924.91,20.7
ITEM003103,ORD001242,PROD0013,5,656.28,9.21
ITEM003104,ORD001242,PROD0013,5,669.23,9.5
ITEM003105,ORD001243,PROD0477,3,36256.46,23.8
ITEM003106,ORD001244,PROD0059,5,459.05,39.76
ITEM003107,ORD001245,PROD0231,3,48370.52,23.65
ITEM003108,ORD001245,PROD0290,3,3641.3,13.23
ITEM003109,ORD001246,PROD0197,4,294.06,17.34
ITEM003110,ORD001246,PROD0174,3,37964.43,1.5
ITEM003111,ORD001246,PROD0366,2,474.11,32.77
ITEM003112,ORD001246,PROD0349,4,16533.52,15.42
ITEM003113,ORD001247,PROD0007,2,606.93,24.39
ITEM003114,ORD001248,PROD0036,2,3564.69,39.73
ITEM003115,ORD001248,PROD0068,2,72960.23,33.15
ITEM003116,ORD001248,PROD0059,2,369.82,29.34
ITEM003117,ORD001249,PROD0305,1,17572.14,34.54
ITEM003118,ORD001249,PROD0196,1,617.2,10.83
ITEM003119,ORD001249,PROD0290,2,3578.11,39.98
ITEM003120,ORD001249,PROD0219,1,53858.44,35.52
ITEM003121,ORD001250,PROD0013,4,610.94,0.34
ITEM003122,ORD001250,PROD0163,1,860.51,36.86
ITEM003123,ORD001250,PROD0016,4,13084.45,1.92
ITEM003124,ORD001251,PROD0163,3,986.16,12.47
ITEM003125,ORD001252,PROD0372,3,59910.17,1.93
ITEM003126,ORD001252,PROD0069,5,3149.24,15.96
ITEM003127,ORD001252,PROD0365,3,25077.74,16.52
ITEM003128,ORD001253,PROD0102,1,4551.73,33.34
ITEM003129,ORD001254,PROD0366,3,454.35,39.87
ITEM003130,ORD001255,PROD0075,2,659.61,32.74
ITEM003131,ORD001255,PROD0476,2,14858.84,21.54
ITEM003132,ORD001255,PROD0174,5,43924.35,11.65
ITEM003133,ORD001256,PROD0439,3,2194.15,13.0
ITEM003134,ORD001256,PROD0154,4,28930.33,
ITEM003135,ORD001256,PROD0019,1,13304.01,34.25
ITEM003136,ORD001257,PROD0300,1,3330.04,10.28
ITEM003137,ORD001257,PROD0368,-5,1490.96,18.56
ITEM003138,ORD001258,PROD0050,1,8363.46,15.85
ITEM003139,ORD001258,PROD0450,2,7265.35,26.86
ITEM003140,ORD001258,PROD0178,2,599.15,18.65
ITEM003141,ORD001259,PROD0055,3,7391.39,34.29
ITEM003142,ORD001259,PROD0344,2,2427.86,31.81
ITEM003143,ORD001259,PROD0163,1,753.28,15.32
ITEM003144,ORD001259,PROD0178,5,639.08,7.68
ITEM003145,ORD001260,PROD0163,1,958.44,21.64
ITEM003146,ORD001260,PROD0187,3,21894.53,28.64
ITEM003147,ORD001260,PROD0326,2,2869.78,1.48
ITEM003148,ORD001261,PROD0228,2,12085.44,12.24
ITEM003149,ORD001262,PROD0048,3,35059.19,0.52
ITEM003150,ORD001262,PROD0271,5,903.98,33.88
ITEM003151,ORD001263,PROD0155,2,530.08,19.68
ITEM003152,ORD001264,PROD0013,4,533.95,24.87
ITEM003153,ORD001264,PROD0057,3,763.69,5.23
ITEM003154,ORD001264,PROD0252,1,1238.77,11.78
ITEM003155,ORD001264,PROD0337,5,964.35,36.21
ITEM003156,ORD001265,PROD0489,5,13490.37,39.96
ITEM003157,ORD001265,PROD0239,2,1536.01,13.23
ITEM003158,ORD001265,PROD0336,2,9728.97,37.42
ITEM003159,ORD001265,PROD0008,1,162.77,28.22
ITEM003160,ORD001266,PROD0477,1,29257.23,32.07
ITEM003161,ORD001266,PROD0104,3,65989.83,5.96
ITEM003162,ORD001266,PROD0352,1,320.86,19.85
ITEM003163,ORD001266,PROD0147,3,2905.04,18.31
ITEM003164,ORD001267,PROD0238,2,61883.63,2.38
ITEM003165,ORD001267,PROD0018,4,20579.57,0.02
ITEM003166,ORD001268,PROD0485,4,60346.65,15.7
ITEM003167,ORD001268,PROD0093,3,996.98,11.23
ITEM003168,ORD001269,PROD0405,2,449.88,28.35
ITEM003169,ORD001270,PROD0477,2,31355.68,3.01
ITEM003170,ORD001270,PROD0340,4,1073.66,15.47
ITEM003171,ORD001271,PROD0013,3,632.0,12.26
ITEM003172,ORD001271,PROD0021,5,72880.84,20.43
ITEM003173,ORD001271,PROD0418,5,1160.06,5.06
ITEM003174,ORD001271,PROD0291,4,1230.93,10.43
ITEM003175,ORD001272,PROD0476,1,13168.24,7.73
ITEM003176,ORD001272,PROD0435,5,3092.56,32.74
ITEM003177,ORD001272,PROD0305,3,15305.68,26.71
ITEM003178,ORD001273,PROD0068,3,68464.59,0.56
ITEM003179,ORD001273,PROD0266,5,14960.54,24.81
ITEM003180,ORD001273,PROD0178,2,650.06,23.14
ITEM003181,ORD001273,PROD0163,4,960.84,35.05
ITEM003182,ORD001274,PROD0026,4,28911.71,24.27
ITEM003183,ORD001275,PROD0128,5,34938.44,34.65
ITEM003184,ORD001276,PROD0420,5,7036.64,25.94
ITEM003185,ORD001277,PROD0054,4,15059.46,12.72
ITEM003186,ORD001278,PROD0387,5,568.09,32.81
ITEM003187,ORD001278,PROD0005,5,1330.8,35.6
ITEM003188,ORD001279,PROD0243,2,9384.76,37.52
ITEM003189,ORD001280,PROD0149,1,7734.57,18.24
ITEM003190,ORD001280,PROD0477,4,29361.47,6.27
ITEM003191,ORD001281,PROD0166,1,61762.82,19.81
ITEM003192,ORD001281,PROD0011,2,21434.93,33.74
ITEM003193,ORD001282,PROD0427,4,12729.9,26.44
ITEM003194,ORD001282,PROD0247,4,60124.37,6.89
ITEM003195,ORD001282,PROD0221,4,6612.94,7.25
ITEM003196,ORD001282,PROD0183,5,10150.81,27.48
ITEM003197,ORD001283,PROD0042,5,4149.56,13.36
ITEM003198,ORD001283,PROD0339,3,608.11,2.21
ITEM003199,ORD001283,PROD0376,1,602.06,10.05
ITEM003200,ORD001283,PROD0497,1,12436.66,12.59
ITEM003201,ORD001284,PROD0477,5,34612.96,31.29
ITEM003202,ORD001284,PROD0214,4,60602.15,26.7
ITEM003203,ORD001285,PROD0089,4,20593.94,9.75
ITEM003204,ORD001286,PROD0444,3,2983.51,38.44
ITEM003205,ORD001286,PROD0339,2,728.82,4.01
ITEM003206,ORD001286,PROD0142,3,4276.32,11.69
ITEM003207,ORD001286,PROD0280,4,12514.4,28.12
ITEM003208,ORD001287,PROD0199,2,66725.08,1.64
ITEM003209,ORD001287,PROD0385,3,1021.33,34.57
ITEM003210,ORD001287,PROD0434,5,2951.84,9.22
ITEM003211,ORD001288,PROD0193,3,2043.5,12.38
ITEM003212,ORD001288,PROD0434,4,2406.71,5.29
ITEM003213,ORD001289,PROD0364,1,71119.11,0.92
ITEM003214,ORD001289,PROD0496,5,39798.39,3.05
ITEM003215,ORD001289,PROD0065,2,518.74,13.65
ITEM003216,ORD001289,PROD0318,2,473.0,8.28
ITEM003217,ORD001290,PROD0044,2,2208.75,24.61
ITEM003218,ORD001291,PROD0048,3,36918.26,19.6
ITEM003219,ORD001292,PROD0252,4,1420.1,1.52
ITEM003220,ORD001292,PROD0422,3,9056.46,34.81
ITEM003221,ORD001292,PROD0036,2,3571.41,10.97
ITEM003222,ORD001292,PROD0190,4,2825.27,29.41
ITEM003223,ORD001293,PROD0125,5,1127.71,27.34
ITEM003224,ORD001293,PROD0482,5,2769.72,34.57
ITEM003225,ORD001293,PROD0138,4,19045.51,5.15
ITEM003226,ORD001294,PROD0488,2,34462.17,22.8
ITEM003227,ORD001294,PROD0435,-5,2438.81,30.25
ITEM003228,ORD001294,PROD0491,-4,37601.02,15.4
ITEM003229,ORD001295,PROD0163,2,949.45,19.72
ITEM003230,ORD001295,PROD0003,1,1941.98,13.39
ITEM003231,ORD001295,PROD0493,3,2801.21,13.76
ITEM003232,ORD001296,PROD0474,5,810.0,25.87
ITEM003233,ORD001296,PROD0483,3,2233.95,10.59
ITEM003234,ORD001297,PROD0160,1,3008.62,8.41
ITEM003235,ORD001297,PROD0013,4,598.91,31.27
ITEM003236,ORD001297,PROD0463,3,2823.27,0.06
ITEM003237,ORD001298,PROD0339,4,745.77,24.98
ITEM003238,ORD001299,PROD0057,3,942.72,15.15
ITEM003239,ORD001299,PROD0013,2,673.97,0.56
ITEM003240,ORD001299,PROD0230,5,65933.78,36.47
ITEM003241,ORD001300,PROD0219,5,54400.73,1.8
ITEM003242,ORD001300,PROD0091,1,3560.23,22.07
ITEM003243,ORD001300,PROD0255,5,85144.77,18.28
ITEM003244,ORD001301,PROD0388,1,178.85,26.15
ITEM003245,ORD001302,PROD0156,5,754.92,28.38
ITEM003246,ORD001303,PROD0003,5,2180.14,26.29
ITEM003247,ORD001304,PROD0331,5,197.14,29.01
ITEM003248,ORD001304,PROD0162,2,1269.55,12.93
ITEM003249,ORD001305,PROD0128,2,33202.88,27.7
ITEM003250,ORD001306,PROD0022,1,1770.16,4.85
ITEM003251,ORD001306,PROD0118,4,69655.73,34.04
ITEM003252,ORD001306,PROD0101,1,794.06,37.12
ITEM003253,ORD001306,PROD0327,2,16286.62,16.52
ITEM003254,ORD001307,PROD0231,-1,55931.34,2.57
ITEM003255,ORD001307,PROD0094,1,3387.83,15.26
ITEM003256,ORD001307,PROD0291,4,1030.18,21.93
ITEM003257,ORD001308,PROD0171,3,26163.59,35.64
ITEM003258,ORD001308,PROD0222,3,1851.09,12.55
ITEM003259,ORD001309,PROD0163,1,884.97,29.18
ITEM003260,ORD001310,PROD0205,2,946.55,7.17
ITEM003261,ORD001311,PROD0072,1,2742.22,14.91
ITEM003262,ORD001311,PROD0477,4,32305.25,29.91
ITEM003263,ORD001311,PROD0036,1,3175.29,28.73
ITEM003264,ORD001311,PROD0059,2,417.74,3.84
ITEM003265,ORD001312,PROD0057,4,887.99,22.66
ITEM003266,ORD001312,PROD0058,5,1289.69,39.56
ITEM003267,ORD001312,PROD0372,2,56554.07,12.49
ITEM003268,ORD001313,PROD0230,2,54675.77,30.48
ITEM003269,ORD001313,PROD0344,2,2623.81,33.99
ITEM003270,ORD001313,PROD0007,1,633.04,12.3
ITEM003271,ORD001313,PROD0111,5,5861.7,38.58
ITEM003272,ORD001314,PROD0351,-4,1500.85,26.42
ITEM003273,ORD001314,PROD0352,4,344.77,24.5
ITEM003274,ORD001315,PROD0340,5,964.31,3.11
ITEM003275,ORD001315,PROD0007,4,712.44,15.21
ITEM003276,ORD001315,PROD0213,2,722.56,37.82
ITEM003277,ORD001315,PROD0462,3,554.42,37.95
ITEM003278,ORD001316,PROD0050,2,7499.42,19.34
ITEM003279,ORD001316,PROD0005,2,1160.31,22.8
ITEM003280,ORD001317,PROD0089,3,19109.2,35.8
ITEM003281,ORD001317,PROD0201,5,48497.18,27.13
ITEM003282,ORD001318,PROD0265,1,957.65,32.28
ITEM003283,ORD001318,PROD0452,1,37208.01,18.15
ITEM003284,ORD001318,PROD0021,1,59343.74,36.89
ITEM003285,ORD001318,PROD0070,2,893.83,33.62
ITEM003286,ORD001319,PROD0340,2,1093.42,18.47
ITEM003287,ORD001319,PROD0163,1,720.8,25.08
ITEM003288,ORD001319,PROD0488,5,41001.85,1.96
ITEM003289,ORD001320,PROD0401,5,878.54,37.49
ITEM003290,ORD001320,PROD0401,4,781.47,21.55
ITEM003291,ORD001320,PROD0499,1,3443.06,2.71
ITEM003292,ORD001320,PROD0219,2,48706.97,11.53
ITEM003293,ORD001321,PROD0165,2,547.59,25.36
ITEM003294,ORD001321,PROD0231,5,54100.24,13.08
ITEM003295,ORD001321,PROD0396,3,3514.28,14.08
ITEM003296,ORD001322,PROD0302,4,21991.0,19.05
ITEM003297,ORD001322,PROD0018,3,19238.79,39.64
ITEM003298,ORD001322,PROD0080,3,13807.88,38.46
ITEM003299,ORD001322,PROD0050,5,7749.21,5.09
ITEM003300,ORD001323,PROD0163,2,893.91,19.92
ITEM003301,ORD001323,PROD0239,2,1291.53,36.5
ITEM003302,ORD001323,PROD0353,3,1022.7,31.28
ITEM003303,ORD001324,PROD0015,4,246.99,1.68
ITEM003304,ORD001324,PROD0163,1,912.99,16.77
ITEM003305,ORD001325,PROD0477,3,33298.12,39.65
ITEM003306,ORD001325,PROD0349,5,15718.65,
ITEM003307,ORD001325,PROD0013,4,715.14,28.83
ITEM003308,ORD001325,PROD0466,3,29758.83,15.88
ITEM003309,ORD001326,PROD0029,1,2513.36,27.1
ITEM003310,ORD001326,PROD0258,1,11212.55,16.48
ITEM003311,ORD001326,PROD0074,1,1332.79,12.6
ITEM003312,ORD001327,PROD0271,5,772.97,17.22
ITEM003313,ORD001327,PROD0477,2,35962.52,1.31
ITEM003314,ORD001327,PROD0456,1,1934.0,6.64
ITEM003315,ORD001327,PROD0116,5,865.51,22.66
ITEM003316,ORD001328,PROD0476,4,11833.84,15.68
ITEM003317,ORD001328,PROD0304,5,656.59,20.11
ITEM003318,ORD001328,PROD0020,2,1173.18,27.48
ITEM003319,ORD001328,PROD0477,3,34304.51,8.41
ITEM003320,ORD001329,PROD0128,1,41883.02,7.48
ITEM003321,ORD001330,PROD0247,3,54380.32,28.52
ITEM003322,ORD001330,PROD0177,3,4029.54,23.42
ITEM003323,ORD001330,PROD0270,2,8742.51,26.81
ITEM003324,ORD001330,PROD0170,1,2977.9,2.91
ITEM003325,ORD001331,PROD0316,3,632.37,29.93
ITEM003326,ORD001331,PROD0124,1,9117.24,18.34
ITEM003327,ORD001331,PROD0163,4,771.0,9.51
ITEM003328,ORD001331,PROD0074,4,1299.98,39.29
ITEM003329,ORD001332,PROD0139,3,56868.99,23.73
ITEM003330,ORD001333,PROD0355,2,19673.92,19.41
ITEM003331,ORD001333,PROD0050,5,9533.85,24.11
ITEM003332,ORD001333,PROD0217,5,221.14,37.77
ITEM003333,ORD001334,PROD0437,3,74036.61,22.08
ITEM003334,ORD001334,PROD0425,4,4148.17,27.19
ITEM003335,ORD001335,PROD0425,5,4103.95,34.5
ITEM003336,ORD001335,PROD0203,5,6496.23,11.31
ITEM003337,ORD001335,PROD0349,4,18214.58,25.42
ITEM003338,ORD001336,PROD0420,4,7185.33,21.68
ITEM003339,ORD001336,PROD0271,2,840.32,32.46
ITEM003340,ORD001337,PROD0007,4,654.06,18.81
ITEM003341,ORD001337,PROD0057,2,690.47,5.68
ITEM003342,ORD001337,PROD0388,2,180.9,23.15
ITEM003343,ORD001338,PROD0496,5,45507.63,10.4
ITEM003344,ORD001338,PROD0190,5,2792.95,9.86
ITEM003345,ORD001338,PROD0260,2,208.2,27.16
ITEM003346,ORD001338,PROD0466,5,25555.74,4.19
ITEM003347,ORD001339,PROD0470,1,13672.45,30.05
ITEM003348,ORD001339,PROD0253,1,231.17,28.93
ITEM003349,ORD001339,PROD0497,3,13663.88,14.38
ITEM003350,ORD001339,PROD0172,2,52738.56,19.37
ITEM003351,ORD001340,PROD0048,3,30772.26,31.09
ITEM003352,ORD001340,PROD0426,2,55445.8,10.14
ITEM003353,ORD001341,PROD0163,1,909.71,6.94
ITEM003354,ORD001341,PROD0407,1,15861.19,17.04
ITEM003355,ORD001341,PROD0477,4,38982.77,23.0
ITEM003356,ORD001341,PROD0147,1,3351.38,3.43
ITEM003357,ORD001342,PROD0312,2,234.27,28.39
ITEM003358,ORD001342,PROD0486,3,228.48,37.49
ITEM003359,ORD001343,PROD0498,4,14919.33,16.82
ITEM003360,ORD001343,PROD0163,5,886.35,15.16
ITEM003361,ORD001343,PROD0267,2,560.57,39.34
ITEM003362,ORD001344,PROD0335,0,541.55,10.76
ITEM003363,ORD001344,PROD0114,5,2687.33,17.19
ITEM003364,ORD001344,PROD0219,3,53964.76,34.31
ITEM003365,ORD001345,PROD0480,5,15843.15,20.53
ITEM003366,ORD001345,PROD0434,1,3013.63,8.16
ITEM003367,ORD001346,PROD0013,3,566.49,13.08
ITEM003368,ORD001347,PROD0101,1,857.3,38.24
ITEM003369,ORD001347,PROD0093,2,1085.4,39.85
ITEM003370,ORD001348,PROD0479,1,2405.01,37.19
ITEM003371,ORD001348,PROD0163,1,838.2,34.61
ITEM003372,ORD001348,PROD0476,2,13875.94,32.03
ITEM003373,ORD001348,PROD0479,2,2468.84,5.32
ITEM003374,ORD001349,PROD0163,1,867.47,12.15
ITEM003375,ORD001349,PROD0325,1,18227.7,20.57
ITEM003376,ORD001349,PROD0352,3,323.3,36.81
ITEM003377,ORD001350,PROD0163,5,769.53,8.92
ITEM003378,ORD001350,PROD0137,4,3501.96,12.75
ITEM003379,ORD001350,PROD0215,2,879.23,19.93
ITEM003380,ORD001350,PROD0003,3,1955.65,6.96
ITEM003381,ORD001351,PROD0422,4,11378.88,39.49
ITEM003382,ORD001351,PROD0494,3,1407.89,24.51
ITEM003383,ORD001351,PROD0359,4,203.9,35.41
ITEM003384,ORD001352,PROD0338,-3,361.75,31.17
ITEM003385,ORD001352,PROD0398,3,1960.46,38.98
ITEM003386,ORD001352,PROD0002,1,3652.19,9.36
ITEM003387,ORD001352,PROD0456,2,1972.27,33.82
ITEM003388,ORD001353,PROD0163,5,830.36,3.56
ITEM003389,ORD001353,PROD0476,5,14392.15,27.09
ITEM003390,ORD001353,PROD0225,2,10713.65,7.59
ITEM003391,ORD001354,PROD0290,4,3848.74,34.39
ITEM003392,ORD001354,PROD0163,3,908.86,24.26
ITEM003393,ORD001355,PROD0186,5,841.46,26.3
ITEM003394,ORD001355,PROD0163,3,894.31,7.85
ITEM003395,ORD001355,PROD0221,4,6411.82,17.49
ITEM003396,ORD001355,PROD0479,3,2204.94,10.77
ITEM003397,ORD001356,PROD0197,5,287.02,5.14
ITEM003398,ORD001357,PROD0101,5,950.16,6.02
ITEM003399,ORD001357,PROD0339,4,626.8,30.75
ITEM003400,ORD001357,PROD0095,5,37212.72,36.43
ITEM003401,ORD001357,PROD0151,1,810.01,15.58
ITEM003402,ORD001358,PROD0247,4,64325.67,37.94
ITEM003403,ORD001358,PROD0352,4,358.97,8.04
ITEM003404,ORD001359,PROD0201,2,57139.92,38.58
ITEM003405,ORD001359,PROD0258,3,11639.33,23.31
ITEM003406,ORD001359,PROD0311,1,12852.81,19.51
ITEM003407,ORD001359,PROD0480,4,16870.95,10.88
ITEM003408,ORD001360,PROD0219,5,49891.18,5.74
ITEM003409,ORD001361,PROD0290,5,2777.49,31.32
ITEM003410,ORD001361,PROD0207,4,14996.87,28.33
ITEM003411,ORD001362,PROD0050,2,8592.73,24.53
ITEM003412,ORD001362,PROD0163,3,909.69,11.33
ITEM003413,ORD001362,PROD0169,2,639.28,22.32
ITEM003414,ORD001363,PROD0163,1,872.97,7.99
ITEM003415,ORD001363,PROD0057,1,704.74,16.22
ITEM003416,ORD001363,PROD0117,3,83440.9,14.65
ITEM003417,ORD001363,PROD0109,1,66612.39,29.57
ITEM003418,ORD001364,PROD0085,2,13295.77,1.7
ITEM003419,ORD001364,PROD0409,1,10585.4,33.28
ITEM003420,ORD001365,PROD0042,1,4318.93,22.76
ITEM003421,ORD001365,PROD0025,4,68361.93,4.54
ITEM003422,ORD001366,PROD0246,1,11747.81,36.74
ITEM003423,ORD001367,PROD0498,1,14438.09,33.61
ITEM003424,ORD001367,PROD0214,2,80714.14,10.82
ITEM003425,ORD001367,PROD0027,2,769.23,18.05
ITEM003426,ORD001367,PROD0173,5,1614.54,32.29
ITEM003427,ORD001368,PROD0221,5,6811.81,19.0
ITEM003428,ORD001368,PROD0032,5,1003.63,26.2
ITEM003429,ORD001369,PROD0367,4,1122.7,9.42
ITEM003430,ORD001369,PROD0374,-1,1180.16,34.01
ITEM003431,ORD001369,PROD0096,2,1147.95,12.8
ITEM003432,ORD001370,PROD0243,2,8139.74,15.65
ITEM003433,ORD001370,PROD0340,5,925.81,13.25
ITEM003434,ORD001370,PROD0030,1,6282.58,36.14
ITEM003435,ORD001371,PROD0328,3,195.35,
ITEM003436,ORD001371,PROD0163,5,936.58,38.94
ITEM003437,ORD001371,PROD0061,4,36354.87,2.19
ITEM003438,ORD001372,PROD0353,5,1174.39,38.45
ITEM003439,ORD001372,PROD0004,1,2414.03,20.33
ITEM003440,ORD001372,PROD0495,5,1272.72,32.7
ITEM003441,ORD001373,PROD0441,4,167.6,2.23
ITEM003442,ORD001373,PROD0197,2,319.99,7.23
ITEM003443,ORD001373,PROD0219,5,48526.3,36.24
ITEM003444,ORD001374,PROD0057,2,908.34,28.68
ITEM003445,ORD001374,PROD0303,4,5769.07,2.56
ITEM003446,ORD001374,PROD0273,5,814.23,22.67
ITEM003447,ORD001374,PROD0032,3,995.87,17.1
ITEM003448,ORD001375,PROD0364,2,78927.65,11.68
ITEM003449,ORD001375,PROD0245,4,1280.55,35.95
ITEM003450,ORD001375,PROD0219,3,53297.63,14.61
ITEM003451,ORD001375,PROD0177,5,3853.05,13.48
ITEM003452,ORD001376,PROD0153,3,1348.95,12.42
ITEM003453,ORD001377,PROD0166,5,64548.76,21.82
ITEM003454,ORD001377,PROD0142,1,4267.55,8.81
ITEM003455,ORD001377,PROD0396,3,2876.26,16.7
ITEM003456,ORD001378,PROD0001,-2,22084.65,24.58
ITEM003457,ORD001378,PROD0064,2,22002.18,32.68
ITEM003458,ORD001378,PROD0125,2,1318.17,12.97
ITEM003459,ORD001379,PROD0227,4,355.88,3.9
ITEM003460,ORD001379,PROD0477,5,31482.12,21.85
ITEM003461,ORD001379,PROD0299,3,9919.62,22.82
ITEM003462,ORD001380,PROD0203,3,6172.6,24.0
ITEM003463,ORD001381,PROD0247,3,55548.86,22.85
ITEM003464,ORD001381,PROD0247,3,55971.72,30.65
ITEM003465,ORD001382,PROD0449,2,457.58,21.71
ITEM003466,ORD001382,PROD0476,1,11352.67,12.89
ITEM003467,ORD001382,PROD0301,4,11939.85,2.46
ITEM003468,ORD001383,PROD0290,5,3170.96,39.68
ITEM003469,ORD001383,PROD0349,1,14772.49,27.04
ITEM003470,ORD001383,PROD0392,2,81056.97,16.28
ITEM003471,ORD001384,PROD0407,2,14739.69,14.93
ITEM003472,ORD001385,PROD0281,4,2068.69,
ITEM003473,ORD001386,PROD0403,4,15244.72,34.3
ITEM003474,ORD001386,PROD0459,3,16735.75,32.65
ITEM003475,ORD001386,PROD0244,5,6718.78,12.53
ITEM003476,ORD001386,PROD0163,5,945.3,29.48
ITEM003477,ORD001387,PROD0441,1,186.52,26.91
ITEM003478,ORD001387,PROD0273,1,742.16,19.89
ITEM003479,ORD001388,PROD0061,1,30840.21,24.96
ITEM003480,ORD001389,PROD0496,4,45578.67,31.24
ITEM003481,ORD001389,PROD0122,2,13954.84,26.42
ITEM003482,ORD001389,PROD0219,5,50764.41,27.71
ITEM003483,ORD001390,PROD0446,1,34785.76,25.2
ITEM003484,ORD001390,PROD0422,1,11441.53,18.93
ITEM003485,ORD001390,PROD0319,2,308.06,11.02
ITEM003486,ORD001390,PROD0208,1,15522.92,30.88
ITEM003487,ORD001391,PROD0352,5,336.15,28.99
ITEM003488,ORD001391,PROD0477,1,30335.5,7.24
ITEM003489,ORD001392,PROD0233,2,17938.25,19.63
ITEM003490,ORD001392,PROD0372,3,46762.03,32.12
ITEM003491,ORD001392,PROD0137,3,3210.53,0.59
ITEM003492,ORD001393,PROD0227,3,343.32,28.26
ITEM003493,ORD001393,PROD0374,2,1163.52,9.54
ITEM003494,ORD001394,PROD0089,1,15929.98,18.92
ITEM003495,ORD001394,PROD0340,4,1059.7,13.9
ITEM003496,ORD001394,PROD0186,2,745.75,13.39
ITEM003497,ORD001395,PROD0289,3,1278.69,15.42
ITEM003498,ORD001395,PROD0300,1,2948.08,32.94
ITEM003499,ORD001395,PROD0218,4,12012.24,25.45
ITEM003500,ORD001395,PROD0090,5,842.17,9.81
ITEM003501,ORD001396,PROD0299,2,7700.76,15.08
ITEM003502,ORD001397,PROD0013,5,557.35,11.41
ITEM003503,ORD001397,PROD0476,3,12234.91,11.12
ITEM003504,ORD001397,PROD0057,2,759.51,11.55
ITEM003505,ORD001398,PROD0496,4,45165.58,22.76
ITEM003506,ORD001398,PROD0477,3,37458.75,10.34
ITEM003507,ORD001398,PROD0385,5,1120.29,12.73
ITEM003508,ORD001399,PROD0141,1,46327.89,35.8
ITEM003509,ORD001399,PROD0490,5,4926.54,37.57
ITEM003510,ORD001399,PROD0372,5,57419.89,21.08
ITEM003511,ORD001399,PROD0219,2,49408.98,29.51
ITEM003512,ORD001400,PROD0410,1,3285.57,30.5
ITEM003513,ORD001400,PROD0342,2,69185.03,11.52
ITEM003514,ORD001400,PROD0101,4,967.94,11.9
ITEM003515,ORD001401,PROD0163,1,943.44,17.18
ITEM003516,ORD001401,PROD0271,5,983.81,19.58
ITEM003517,ORD001401,PROD0100,1,5194.47,36.64
ITEM003518,ORD001401,PROD0304,5,595.08,38.77
ITEM003519,ORD001402,PROD0477,3,34280.24,14.78
ITEM003520,ORD001402,PROD0022,5,1572.01,20.64
ITEM003521,ORD001403,PROD0238,5,79816.1,4.8
ITEM003522,ORD001404,PROD0134,1,75404.58,26.32
ITEM003523,ORD001404,PROD0311,3,13686.38,7.5
ITEM003524,ORD001405,PROD0340,4,1102.67,2.02
ITEM003525,ORD001405,PROD0253,2,308.97,7.84
ITEM003526,ORD001405,PROD0371,1,414.77,29.62
ITEM003527,ORD001405,PROD0100,2,5200.42,0.15
ITEM003528,ORD001406,PROD0365,3,22340.4,22.91
ITEM003529,ORD001406,PROD0219,1,56104.94,19.83
ITEM003530,ORD001406,PROD0477,5,33215.32,12.13
ITEM003531,ORD001406,PROD0496,2,47360.26,11.24
ITEM003532,ORD001407,PROD0067,4,1131.92,3.08
ITEM003533,ORD001407,PROD0458,1,2211.42,19.72
ITEM003534,ORD001407,PROD0048,1,31740.32,1.93
ITEM003535,ORD001408,PROD0486,4,261.88,26.61
ITEM003536,ORD001408,PROD0047,4,8653.67,1.35
ITEM003537,ORD001408,PROD0425,3,3893.5,23.42
ITEM003538,ORD001409,PROD0496,3,38991.94,25.56
ITEM003539,ORD001409,PROD0352,3,342.94,9.07
ITEM003540,ORD001409,PROD0066,1,10813.48,7.75
ITEM003541,ORD001409,PROD0485,1,60588.5,20.85
ITEM003542,ORD001410,PROD0477,1,36422.19,17.63
ITEM003543,ORD001410,PROD0169,3,699.42,27.06
ITEM003544,ORD001411,PROD0261,4,855.31,28.15
ITEM003545,ORD001411,PROD0165,4,687.77,14.16
ITEM003546,ORD001412,PROD0087,3,10477.71,35.57
ITEM003547,ORD001413,PROD0207,3,15366.73,15.36
ITEM003548,ORD001413,PROD0059,4,486.06,25.76
ITEM003549,ORD001414,PROD0389,3,15877.06,11.77
ITEM003550,ORD001414,PROD0339,4,645.23,14.65
ITEM003551,ORD001414,PROD0239,2,1267.47,37.71
ITEM003552,ORD001415,PROD0013,3,663.97,24.89
ITEM003553,ORD001415,PROD0098,1,17301.83,13.73
ITEM003554,ORD001415,PROD0254,1,778.7,29.24
ITEM003555,ORD001415,PROD0129,1,373.8,29.65
ITEM003556,ORD001416,PROD0285,5,18780.75,21.25
ITEM003557,ORD001416,PROD0163,3,914.16,25.8
ITEM003558,ORD001416,PROD0197,5,264.28,17.96
ITEM003559,ORD001416,PROD0364,2,69263.19,6.48
ITEM003560,ORD001417,PROD0348,2,87424.84,19.1
ITEM003561,ORD001418,PROD0267,5,577.37,35.59
ITEM003562,ORD001418,PROD0425,4,4039.07,9.3
ITEM003563,ORD001418,PROD0049,5,1158.96,20.9
ITEM003564,ORD001419,PROD0163,5,743.62,34.25
ITEM003565,ORD001419,PROD0187,5,17215.58,13.45
ITEM003566,ORD001419,PROD0454,1,2033.6,24.91
ITEM003567,ORD001420,PROD0075,5,568.77,2.22
ITEM003568,ORD001420,PROD0069,2,3077.22,25.25
ITEM003569,ORD001420,PROD0153,1,1484.2,28.4
ITEM003570,ORD001420,PROD0311,1,10161.73,21.22
ITEM003571,ORD001421,PROD0057,5,875.5,2.83
ITEM003572,ORD001421,PROD0034,1,1293.82,19.38
ITEM003573,ORD001422,PROD0238,4,68311.08,19.04
ITEM003574,ORD001423,PROD0093,4,1080.93,17.9
ITEM003575,ORD001423,PROD0219,1,48272.09,15.99
ITEM003576,ORD001423,PROD0308,3,537.56,18.48
ITEM003577,ORD001423,PROD0092,4,16264.39,21.77
ITEM003578,ORD001424,PROD0238,2,66622.08,19.99
ITEM003579,ORD001425,PROD0004,2,2307.71,28.09
ITEM003580,ORD001426,PROD0434,1,3256.95,1.43
ITEM003581,ORD001426,PROD0406,5,4394.46,22.65
ITEM003582,ORD001427,PROD0003,4,1817.41,19.07
ITEM003583,ORD001428,PROD0131,1,69930.89,39.69
ITEM003584,ORD001429,PROD0252,3,1416.54,30.92
ITEM003585,ORD001429,PROD0467,5,1342.51,17.84
ITEM003586,ORD001430,PROD0010,3,15104.92,32.58
ITEM003587,ORD001430,PROD0163,3,985.03,28.64
ITEM003588,ORD001430,PROD0318,3,511.37,20.99
ITEM003589,ORD001430,PROD0219,-3,47158.67,35.21
ITEM003590,ORD001431,PROD0307,2,1018.14,9.09
ITEM003591,ORD001431,PROD0296,4,56759.84,27.45
ITEM003592,ORD001431,PROD0003,1,1591.34,25.5
ITEM003593,ORD001432,PROD0372,4,52352.14,18.49
ITEM003594,ORD001433,PROD0068,-5,77257.91,36.48
ITEM003595,ORD001433,PROD0013,3,702.8,27.92
ITEM003596,ORD001434,PROD0174,4,38113.69,25.31
ITEM003597,ORD001434,PROD0340,3,1129.32,36.28
ITEM003598,ORD001434,PROD0118,1,74643.28,39.91
ITEM003599,ORD001434,PROD0118,3,77283.67,29.32
ITEM003600,ORD001435,PROD0219,1,53200.95,25.33
ITEM003601,ORD001435,PROD0081,5,2094.94,33.69
ITEM003602,ORD001435,PROD0418,2,1336.83,32.23
ITEM003603,ORD001436,PROD0477,5,31273.75,34.45
ITEM003604,ORD001436,PROD0369,4,1239.65,11.01
ITEM003605,ORD001436,PROD0447,1,15716.51,12.01
ITEM003606,ORD001436,PROD0163,5,951.27,8.05
ITEM003607,ORD001437,PROD0492,2,24970.02,28.93
ITEM003608,ORD001437,PROD0171,2,28057.68,20.95
ITEM003609,ORD001438,PROD0394,3,4485.77,5.95
ITEM003610,ORD001438,PROD0378,5,9712.67,9.31
ITEM003611,ORD001438,PROD0303,5,4329.92,18.28
ITEM003612,ORD001438,PROD0048,1,30722.23,29.95
ITEM003613,ORD001439,PROD0410,3,3344.34,21.95
ITEM003614,ORD001439,PROD0247,4,62917.81,2.57
ITEM003615,ORD001439,PROD0275,-3,898.74,35.48
ITEM003616,ORD001439,PROD0281,2,2208.71,2.57
ITEM003617,ORD001440,PROD0022,3,1633.86,5.57
ITEM003618,ORD001441,PROD0354,3,2294.6,17.86
ITEM003619,ORD001441,PROD0075,5,554.66,37.37
ITEM003620,ORD001442,PROD0191,1,920.63,29.86
ITEM003621,ORD001442,PROD0101,4,892.04,10.65
ITEM003622,ORD001442,PROD0073,3,43438.17,31.76
ITEM003623,ORD001442,PROD0385,1,1210.76,29.35
ITEM003624,ORD001443,PROD0187,2,18719.39,33.32
ITEM003625,ORD001444,PROD0163,4,793.01,23.36
ITEM003626,ORD001445,PROD0056,5,44393.0,26.07
ITEM003627,ORD001445,PROD0282,5,1242.68,7.49
ITEM003628,ORD001445,PROD0163,1,906.81,6.06
ITEM003629,ORD001446,PROD0143,4,19940.96,33.47
ITEM003630,ORD001447,PROD0385,5,1078.57,28.85
ITEM003631,ORD001447,PROD0290,2,3185.34,7.07
ITEM003632,ORD001447,PROD0102,2,3882.1,0.34
ITEM003633,ORD001448,PROD0311,2,12743.24,7.33
ITEM003634,ORD001448,PROD0178,4,629.05,7.03
ITEM003635,ORD001449,PROD0163,4,914.48,39.99
ITEM003636,ORD001449,PROD0050,1,8488.96,14.59
ITEM003637,ORD001449,PROD0057,5,759.31,3.46
ITEM003638,ORD001450,PROD0153,5,1557.26,2.74
ITEM003639,ORD001450,PROD0333,3,820.68,27.23
ITEM003640,ORD001450,PROD0019,3,12463.72,39.77
ITEM003641,ORD001451,PROD0344,5,2865.92,26.93
ITEM003642,ORD001451,PROD0050,-2,7463.48,23.98
ITEM003643,ORD001452,PROD0315,4,1094.72,27.79
ITEM003644,ORD001452,PROD0048,4,29773.92,23.6
ITEM003645,ORD001452,PROD0353,4,1073.51,27.36
ITEM003646,ORD001452,PROD0498,4,13842.79,11.01
ITEM003647,ORD001453,PROD0399,1,38383.34,12.79
ITEM003648,ORD001453,PROD0340,1,953.09,5.01
ITEM003649,ORD001453,PROD0174,1,41209.75,16.35
ITEM003650,ORD001454,PROD0351,2,1352.08,17.1
ITEM003651,ORD001454,PROD0043,1,3457.92,9.62
ITEM003652,ORD001454,PROD0477,3,29288.72,38.13
ITEM003653,ORD001455,PROD0013,3,626.11,30.53
ITEM003654,ORD001455,PROD0350,3,11262.6,35.95
ITEM003655,ORD001456,PROD0428,1,81803.5,7.0
ITEM003656,ORD001456,PROD0425,2,4130.45,13.3
ITEM003657,ORD001456,PROD0219,4,49765.56,39.99
ITEM003658,ORD001457,PROD0013,4,678.95,15.46
ITEM003659,ORD001457,PROD0163,3,857.57,37.94
ITEM003660,ORD001457,PROD0289,2,1204.41,10.19
ITEM003661,ORD001458,PROD0305,2,14425.11,30.1
ITEM003662,ORD001459,PROD0235,2,16227.46,15.51
ITEM003663,ORD001459,PROD0438,-2,7784.7,20.55
ITEM003664,ORD001459,PROD0299,5,8949.69,27.08
ITEM003665,ORD001459,PROD0057,1,702.62,8.82
ITEM003666,ORD001460,PROD0477,5,34356.27,0.11
ITEM003667,ORD001461,PROD0219,4,47430.96,1.28
ITEM003668,ORD001462,PROD0333,2,745.68,23.88
ITEM003669,ORD001462,PROD0051,2,19669.26,31.84
ITEM003670,ORD001462,PROD0432,1,44468.15,3.11
ITEM003671,ORD001462,PROD0288,3,1616.81,13.05
ITEM003672,ORD001463,PROD0327,2,14417.45,24.67
ITEM003673,ORD001463,PROD0196,1,677.29,12.82
ITEM003674,ORD001463,PROD0196,1,770.84,18.23
ITEM003675,ORD001463,PROD0367,2,1169.95,34.74
ITEM003676,ORD001464,PROD0136,-3,2335.89,8.07
ITEM003677,ORD001464,PROD0340,5,950.92,20.2
ITEM003678,ORD001465,PROD0305,3,14610.02,5.7
ITEM003679,ORD001465,PROD0443,2,13090.65,7.08
ITEM003680,ORD001465,PROD0449,5,531.66,18.84
ITEM003681,ORD001466,PROD0020,3,1466.86,26.61
ITEM003682,ORD001466,PROD0247,3,59019.89,36.79
ITEM003683,ORD001466,PROD0094,3,3173.6,3.13
ITEM003684,ORD001467,PROD0163,5,780.15,31.07
ITEM003685,ORD001467,PROD0425,4,3112.52,35.89
ITEM003686,ORD001468,PROD0195,4,5888.54,30.93
ITEM003687,ORD001468,PROD0396,2,3346.93,39.16
ITEM003688,ORD001468,PROD0329,3,20249.91,29.41
ITEM003689,ORD001468,PROD0252,4,1184.39,30.48
ITEM003690,ORD001469,PROD0456,3,1934.59,13.41
ITEM003691,ORD001470,PROD0219,4,52667.9,5.41
ITEM003692,ORD001470,PROD0016,1,12431.67,36.05
ITEM003693,ORD001471,PROD0413,3,12310.72,19.94
ITEM003694,ORD001472,PROD0238,3,70610.25,28.18
ITEM003695,ORD001472,PROD0349,5,15789.42,34.95
ITEM003696,ORD001472,PROD0468,3,17024.52,24.49
ITEM003697,ORD001472,PROD0271,2,979.07,22.84
ITEM003698,ORD001473,PROD0243,2,10002.46,26.82
ITEM003699,ORD001474,PROD0235,5,15756.34,0.71
ITEM003700,ORD001474,PROD0477,3,38859.88,1.99
ITEM003701,ORD001474,PROD0057,3,705.96,17.72
ITEM003702,ORD001474,PROD0414,2,814.43,22.51
ITEM003703,ORD001475,PROD0205,5,952.42,39.75
ITEM003704,ORD001475,PROD0377,5,999.8,19.11
ITEM003705,ORD001475,PROD0155,4,487.61,5.74
ITEM003706,ORD001475,PROD0213,2,744.06,34.3
ITEM003707,ORD001476,PROD0182,3,783.46,4.82
ITEM003708,ORD001476,PROD0476,2,15104.47,32.92
ITEM003709,ORD001476,PROD0428,3,87471.09,7.13
ITEM003710,ORD001477,PROD0013,5,688.68,38.9
ITEM003711,ORD001478,PROD0129,4,482.09,10.06
ITEM003712,ORD001478,PROD0383,2,3820.48,25.34
ITEM003713,ORD001479,PROD0441,5,188.02,33.06
ITEM003714,ORD001479,PROD0031,4,69158.61,32.58
ITEM003715,ORD001479,PROD0139,5,46253.23,4.14
ITEM003716,ORD001480,PROD0244,3,5403.05,30.67
ITEM003717,ORD001480,PROD0349,5,16520.65,5.75
ITEM003718,ORD001480,PROD0316,3,647.78,24.89
ITEM003719,ORD001481,PROD0042,2,4338.76,19.37
ITEM003720,ORD001481,PROD0155,4,514.33,33.44
ITEM003721,ORD001481,PROD0091,4,3607.3,38.89
ITEM003722,ORD001482,PROD0261,2,927.95,24.2
ITEM003723,ORD001483,PROD0344,0,2860.61,6.85
ITEM003724,ORD001483,PROD0425,3,3922.31,20.23
ITEM003725,ORD001483,PROD0477,1,28416.35,20.03
ITEM003726,ORD001483,PROD0193,3,2002.34,33.34
ITEM003727,ORD001484,PROD0313,4,3254.17,33.28
ITEM003728,ORD001485,PROD0340,2,1047.46,28.87
ITEM003729,ORD001485,PROD0166,4,69617.83,27.4
ITEM003730,ORD001485,PROD0163,4,989.56,11.48
ITEM003731,ORD001485,PROD0339,3,651.1,10.43
ITEM003732,ORD001486,PROD0085,1,14078.46,13.84
ITEM003733,ORD001486,PROD0010,2,11907.13,9.54
ITEM003734,ORD001486,PROD0348,3,65717.71,38.71
ITEM003735,ORD001487,PROD0101,5,804.24,16.88
ITEM003736,ORD001487,PROD0311,-4,11787.94,39.2
ITEM003737,ORD001487,PROD0329,4,20574.0,5.78
ITEM003738,ORD001487,PROD0371,4,398.56,26.21
ITEM003739,ORD001488,PROD0286,2,55347.51,8.12
ITEM003740,ORD001488,PROD0344,4,2906.53,28.79
ITEM003741,ORD001488,PROD0264,3,80885.66,8.42
ITEM003742,ORD001488,PROD0203,4,6578.88,9.98
ITEM003743,ORD001489,PROD0219,2,57394.44,4.56
ITEM003744,ORD001489,PROD0013,3,725.17,1.22
ITEM003745,ORD001490,PROD0476,5,11886.55,15.78
ITEM003746,ORD001490,PROD0343,4,19444.25,2.26
ITEM003747,ORD001491,PROD0352,5,331.61,26.83
ITEM003748,ORD001491,PROD0277,1,2153.36,26.08
ITEM003749,ORD001491,PROD0459,5,17171.73,1.32
ITEM003750,ORD001491,PROD0219,4,42242.8,15.52
ITEM003751,ORD001492,PROD0107,5,58624.47,15.58
ITEM003752,ORD001492,PROD0242,1,203.46,30.17
ITEM003753,ORD001493,PROD0264,2,67568.95,7.3
ITEM003754,ORD001493,PROD0417,3,1415.05,15.87
ITEM003755,ORD001494,PROD0013,5,626.29,33.74
ITEM003756,ORD001494,PROD0340,-1,965.43,24.88
ITEM003757,ORD001494,PROD0227,5,377.36,10.71
ITEM003758,ORD001495,PROD0338,1,413.79,12.42
ITEM003759,ORD001495,PROD0353,5,1070.2,33.45
ITEM003760,ORD001495,PROD0159,3,44349.17,28.63
ITEM003761,ORD001496,PROD0218,2,9756.14,36.3
ITEM003762,ORD001496,PROD0037,2,3591.21,5.91
ITEM003763,ORD001496,PROD0219,1,47451.75,16.78
ITEM003764,ORD001496,PROD0496,4,42253.85,21.5
ITEM003765,ORD001497,PROD0050,5,8244.06,0.39
ITEM003766,ORD001497,PROD0230,2,70289.21,19.92
ITEM003767,ORD001497,PROD0017,5,55209.12,14.64
ITEM003768,ORD001498,PROD0475,5,3717.57,5.75
ITEM003769,ORD001498,PROD0156,3,800.74,3.84
ITEM003770,ORD001498,PROD0242,3,193.4,32.07
ITEM003771,ORD001499,PROD0311,4,13407.54,37.51
ITEM003772,ORD001499,PROD0035,3,948.85,0.53
ITEM003773,ORD001499,PROD0325,3,18336.43,17.26
ITEM003774,ORD001500,PROD0456,1,2236.6,19.39
ITEM003775,ORD001500,PROD0391,1,68047.25,0.99
ITEM003776,ORD001500,PROD0381,5,33152.71,5.29
ITEM003777,ORD001500,PROD0499,5,3512.63,15.86
ITEM003778,ORD001501,PROD0005,5,1307.44,2.99
ITEM003779,ORD001501,PROD0158,5,964.32,22.84
ITEM003780,ORD001502,PROD0016,5,15365.69,22.69
ITEM003781,ORD001502,PROD0287,5,2567.63,0.62
ITEM003782,ORD001502,PROD0245,4,1291.89,2.78
ITEM003783,ORD001502,PROD0456,1,2230.1,20.41
ITEM003784,ORD001503,PROD0013,2,612.61,37.06
ITEM003785,ORD001503,PROD0163,5,991.88,25.05
ITEM003786,ORD001503,PROD0163,2,953.48,26.91
ITEM003787,ORD001503,PROD0467,4,1002.6,17.31
ITEM003788,ORD001504,PROD0013,1,602.2,25.76
ITEM003789,ORD001504,PROD0198,5,8212.29,22.92
ITEM003790,ORD001504,PROD0266,3,14782.66,6.08
ITEM003791,ORD001505,PROD0340,2,955.71,31.04
ITEM003792,ORD001506,PROD0392,-1,60789.34,18.22
ITEM003793,ORD001506,PROD0128,3,32829.42,9.12
ITEM003794,ORD001506,PROD0031,1,72621.71,30.48
ITEM003795,ORD001506,PROD0219,5,44669.02,34.25
ITEM003796,ORD001507,PROD0047,2,9057.11,30.73
ITEM003797,ORD001507,PROD0151,2,654.96,17.72
ITEM003798,ORD001508,PROD0190,5,2408.31,1.36
ITEM003799,ORD001508,PROD0163,1,868.24,22.25
ITEM003800,ORD001508,PROD0470,2,13820.02,33.29
ITEM003801,ORD001509,PROD0464,3,62165.23,27.53
ITEM003802,ORD001510,PROD0217,1,175.62,38.67
ITEM003803,ORD001510,PROD0128,1,43517.0,39.19
ITEM003804,ORD001510,PROD0050,1,9124.97,16.25
ITEM003805,ORD001511,PROD0115,-1,63310.61,33.42
ITEM003806,ORD001511,PROD0189,4,3095.03,14.48
ITEM003807,ORD001511,PROD0153,4,1446.72,19.85
ITEM003808,ORD001512,PROD0290,2,2822.16,31.9
ITEM003809,ORD001512,PROD0385,4,979.28,38.9
ITEM003810,ORD001512,PROD0151,5,756.39,15.4
ITEM003811,ORD001513,PROD0181,5,15443.21,30.07
ITEM003812,ORD001513,PROD0312,2,205.35,13.82
ITEM003813,ORD001514,PROD0477,2,38385.94,7.51
ITEM003814,ORD001515,PROD0212,2,9432.57,29.89
ITEM003815,ORD001515,PROD0166,4,64544.56,13.85
ITEM003816,ORD001516,PROD0316,3,528.09,12.18
ITEM003817,ORD001516,PROD0149,4,6511.71,22.99
ITEM003818,ORD001516,PROD0352,3,320.88,32.4
ITEM003819,ORD001517,PROD0222,3,1567.14,3.45
ITEM003820,ORD001518,PROD0122,5,14211.83,11.58
ITEM003821,ORD001518,PROD0051,2,22483.84,2.67
ITEM003822,ORD001518,PROD0371,1,393.05,15.23
ITEM003823,ORD001519,PROD0147,2,2746.74,33.73
ITEM003824,ORD001520,PROD0167,4,374.8,27.4
ITEM003825,ORD001520,PROD0034,2,1619.73,38.87
ITEM003826,ORD001520,PROD0344,3,2493.21,2.75
ITEM003827,ORD001521,PROD0050,1,8289.31,13.79
ITEM003828,ORD001521,PROD0163,3,791.72,21.71
ITEM003829,ORD001521,PROD0170,4,2280.25,29.06
ITEM003830,ORD001521,PROD0232,2,973.32,2.74
ITEM003831,ORD001522,PROD0238,2,78565.52,0.93
ITEM003832,ORD001522,PROD0013,3,722.28,
ITEM003833,ORD001522,PROD0004,3,2752.92,26.96
ITEM003834,ORD001523,PROD0411,2,546.35,25.53
ITEM003835,ORD001524,PROD0392,2,71150.63,33.31
ITEM003836,ORD001524,PROD0161,2,1990.15,35.62
ITEM003837,ORD001525,PROD0121,2,72394.95,16.73
ITEM003838,ORD001526,PROD0121,3,71673.61,22.53
ITEM003839,ORD001526,PROD0369,1,1480.95,32.37
ITEM003840,ORD001526,PROD0139,4,51050.65,24.4
ITEM003841,ORD001527,PROD0057,1,748.99,26.19
ITEM003842,ORD001527,PROD0467,1,1131.03,34.18
ITEM003843,ORD001527,PROD0203,1,6326.63,6.26
ITEM003844,ORD001527,PROD0136,4,2831.69,21.6
ITEM003845,ORD001528,PROD0059,2,431.26,36.53
ITEM003846,ORD001528,PROD0305,5,14730.02,22.49
ITEM003847,ORD001529,PROD0024,4,27033.58,24.91
ITEM003848,ORD001529,PROD0178,2,653.77,20.52
ITEM003849,ORD001529,PROD0322,2,10473.85,16.31
ITEM003850,ORD001530,PROD0020,1,1162.8,2.86
ITEM003851,ORD001530,PROD0363,5,16940.95,25.64
ITEM003852,ORD001530,PROD0122,3,13025.2,31.71
ITEM003853,ORD001530,PROD0372,4,50875.89,28.49
ITEM003854,ORD001531,PROD0441,5,221.34,14.87
ITEM003855,ORD001531,PROD0013,3,707.58,13.58
ITEM003856,ORD001531,PROD0163,3,850.47,33.99
ITEM003857,ORD001531,PROD0202,5,31257.54,29.39
ITEM003858,ORD001532,PROD0219,4,57192.33,4.22
ITEM003859,ORD001532,PROD0318,2,402.03,35.61
ITEM003860,ORD001532,PROD0089,3,17795.33,32.53
ITEM003861,ORD001533,PROD0057,3,721.82,39.05
ITEM003862,ORD001533,PROD0186,2,764.23,5.1
ITEM003863,ORD001534,PROD0085,3,12306.92,4.99
ITEM003864,ORD001534,PROD0219,4,55556.67,30.63
ITEM003865,ORD001534,PROD0328,5,218.33,21.47
ITEM003866,ORD001535,PROD0340,3,978.14,24.43
ITEM003867,ORD001535,PROD0077,5,451.96,35.06
ITEM003868,ORD001536,PROD0036,2,3301.88,14.16
ITEM003869,ORD001536,PROD0057,5,938.65,31.13
ITEM003870,ORD001536,PROD0004,2,2335.42,39.5
ITEM003871,ORD001536,PROD0007,5,751.38,39.13
ITEM003872,ORD001537,PROD0007,4,771.28,15.68
ITEM003873,ORD001537,PROD0254,1,857.84,4.93
ITEM003874,ORD001537,PROD0256,4,925.78,9.38
ITEM003875,ORD001538,PROD0013,3,589.8,36.51
ITEM003876,ORD001539,PROD0458,4,2761.58,6.63
ITEM003877,ORD001539,PROD0053,5,1679.69,17.38
ITEM003878,ORD001539,PROD0442,5,71785.41,2.78
ITEM003879,ORD001539,PROD0465,4,686.4,3.37
ITEM003880,ORD001540,PROD0413,5,11123.53,27.38
ITEM003881,ORD001540,PROD0084,3,13902.49,1.81
ITEM003882,ORD001540,PROD0018,2,21605.88,1.66
ITEM003883,ORD001541,PROD0247,5,58049.23,20.86
ITEM003884,ORD001541,PROD0456,3,1914.02,6.68
ITEM003885,ORD001541,PROD0163,5,956.48,25.71
ITEM003886,ORD001542,PROD0249,1,17987.08,28.82
ITEM003887,ORD001543,PROD0155,3,531.46,14.33
ITEM003888,ORD001544,PROD0007,2,625.0,10.91
ITEM003889,ORD001544,PROD0277,2,2420.45,35.56
ITEM003890,ORD001544,PROD0187,3,19714.15,27.97
ITEM003891,ORD001545,PROD0134,-4,62561.01,11.57
ITEM003892,ORD001545,PROD0243,3,8237.08,14.7
ITEM003893,ORD001546,PROD0238,2,66591.89,39.82
ITEM003894,ORD001546,PROD0067,5,1363.76,6.1
ITEM003895,ORD001546,PROD0369,3,1283.29,21.48
ITEM003896,ORD001546,PROD0219,5,44169.14,28.24
ITEM003897,ORD001547,PROD0163,3,968.77,13.66
ITEM003898,ORD001547,PROD0050,3,7385.48,
ITEM003899,ORD001548,PROD0452,4,31026.2,7.2
ITEM003900,ORD001548,PROD0219,1,49549.28,9.61
ITEM003901,ORD001548,PROD0083,3,43791.76,32.31
ITEM003902,ORD001549,PROD0466,2,25378.44,3.66
ITEM003903,ORD001549,PROD0100,5,5048.76,6.32
ITEM003904,ORD001549,PROD0202,3,26746.64,35.22
ITEM003905,ORD001550,PROD0304,3,653.63,3.04
ITEM003906,ORD001550,PROD0304,4,560.51,16.04
ITEM003907,ORD001551,PROD0163,3,922.15,30.19
ITEM003908,ORD001551,PROD0057,2,767.61,12.84
ITEM003909,ORD001552,PROD0365,3,25597.05,38.94
ITEM003910,ORD001552,PROD0247,2,65177.49,
ITEM003911,ORD001552,PROD0139,3,60206.23,27.68
ITEM003912,ORD001552,PROD0304,1,586.47,18.41
ITEM003913,ORD001553,PROD0445,4,303.37,0.84
ITEM003914,ORD001553,PROD0128,1,33376.59,5.01
ITEM003915,ORD001553,PROD0295,4,18191.95,37.3
ITEM003916,ORD001553,PROD0075,3,741.82,8.11
ITEM003917,ORD001554,PROD0285,3,16784.76,37.08
ITEM003918,ORD001554,PROD0229,1,2041.33,9.3
ITEM003919,ORD001554,PROD0219,5,54142.46,
ITEM003920,ORD001554,PROD0191,1,1130.66,11.86
ITEM003921,ORD001555,PROD0423,3,1302.91,38.04
ITEM003922,ORD001556,PROD0382,5,1990.44,6.01
ITEM003923,ORD001557,PROD0230,2,56166.52,12.54
ITEM003924,ORD001557,PROD0148,1,175.38,2.8
ITEM003925,ORD001557,PROD0289,2,1306.5,37.97
ITEM003926,ORD001557,PROD0013,3,643.31,22.74
ITEM003927,ORD001558,PROD0135,4,917.9,38.41
ITEM003928,ORD001558,PROD0035,4,826.75,26.0
ITEM003929,ORD001559,PROD0303,1,5580.37,25.05
ITEM003930,ORD001559,PROD0013,2,561.47,14.87
ITEM003931,ORD001559,PROD0098,5,20340.07,27.95
ITEM003932,ORD001560,PROD0365,2,24789.64,24.06
ITEM003933,ORD001560,PROD0496,4,41131.87,9.83
ITEM003934,ORD001560,PROD0248,2,45683.57,34.9
ITEM003935,ORD001560,PROD0186,3,729.5,15.07
ITEM003936,ORD001561,PROD0013,1,613.41,27.04
ITEM003937,ORD001561,PROD0252,5,1225.51,20.23
ITEM003938,ORD001562,PROD0063,1,76786.1,0.19
ITEM003939,ORD001563,PROD0267,1,672.95,30.19
ITEM003940,ORD001563,PROD0477,4,33285.81,25.03
ITEM003941,ORD001564,PROD0355,3,16966.13,9.56
ITEM003942,ORD001564,PROD0207,5,14662.57,26.0
ITEM003943,ORD001564,PROD0340,3,940.9,31.36
ITEM003944,ORD001564,PROD0166,4,56449.3,2.33
ITEM003945,ORD001565,PROD0491,4,31208.22,4.15
ITEM003946,ORD001565,PROD0489,4,12524.07,1.51
ITEM003947,ORD001565,PROD0474,3,684.23,13.05
ITEM003948,ORD001566,PROD0238,4,60750.94,2.93
ITEM003949,ORD001566,PROD0187,3,21910.76,20.02
ITEM003950,ORD001567,PROD0400,5,30906.12,31.04
ITEM003951,ORD001568,PROD0477,3,34213.16,22.04
ITEM003952,ORD001569,PROD0402,3,1121.88,30.64
ITEM003953,ORD001570,PROD0300,4,3121.62,0.59
ITEM003954,ORD001570,PROD0478,2,63562.71,9.11
ITEM003955,ORD001570,PROD0219,1,47764.34,22.44
ITEM003956,ORD001571,PROD0430,4,404.56,34.15
ITEM003957,ORD001571,PROD0477,4,30967.85,1.83
ITEM003958,ORD001571,PROD0007,3,800.26,39.59
ITEM003959,ORD001572,PROD0498,1,12138.53,27.89
ITEM003960,ORD001572,PROD0063,1,77735.67,9.36
ITEM003961,ORD001573,PROD0151,5,737.7,31.86
ITEM003962,ORD001573,PROD0097,1,691.68,23.63
ITEM003963,ORD001573,PROD0344,2,2983.93,10.33
ITEM003964,ORD001574,PROD0319,1,312.4,15.56
ITEM003965,ORD001575,PROD0003,1,2015.88,22.25
ITEM003966,ORD001575,PROD0188,5,56271.7,25.64
ITEM003967,ORD001575,PROD0275,5,796.28,33.33
ITEM003968,ORD001575,PROD0048,4,31563.94,11.23
ITEM003969,ORD001576,PROD0163,3,836.44,3.32
ITEM003970,ORD001577,PROD0421,4,39016.48,23.32
ITEM003971,ORD001577,PROD0477,5,39184.95,4.38
ITEM003972,ORD001577,PROD0057,-5,732.59,17.56
ITEM003973,ORD001577,PROD0172,5,67040.25,17.51
ITEM003974,ORD001578,PROD0378,3,10954.05,28.78
ITEM003975,ORD001578,PROD0015,4,315.71,14.65
ITEM003976,ORD001578,PROD0402,4,1444.78,15.36
ITEM003977,ORD001579,PROD0048,4,31983.61,13.41
ITEM003978,ORD001579,PROD0477,1,39213.67,0.72
ITEM003979,ORD001579,PROD0311,5,12566.64,14.69
ITEM003980,ORD001580,PROD0388,2,218.78,5.49
ITEM003981,ORD001580,PROD0035,2,820.09,24.3
ITEM003982,ORD001581,PROD0242,4,207.15,30.4
ITEM003983,ORD001581,PROD0231,1,56566.21,38.15
ITEM003984,ORD001581,PROD0277,4,2636.46,33.05
ITEM003985,ORD001582,PROD0025,5,54859.48,0.38
ITEM003986,ORD001583,PROD0014,4,16899.47,29.41
ITEM003987,ORD001584,PROD0048,3,30650.77,5.92
ITEM003988,ORD001585,PROD0013,5,683.15,2.25
ITEM003989,ORD001585,PROD0219,1,51329.74,24.19
ITEM003990,ORD001585,PROD0271,1,885.06,20.87
ITEM003991,ORD001585,PROD0239,4,1338.97,37.95
ITEM003992,ORD001586,PROD0171,4,27421.46,28.37
ITEM003993,ORD001586,PROD0273,5,811.87,31.54
ITEM003994,ORD001587,PROD0163,5,789.57,21.59
ITEM003995,ORD001588,PROD0046,3,11221.43,30.09
ITEM003996,ORD001588,PROD0163,4,934.92,12.88
ITEM003997,ORD001588,PROD0139,1,57950.12,34.76
ITEM003998,ORD001589,PROD0208,3,16927.42,35.49
ITEM003999,ORD001589,PROD0262,1,745.54,28.61
ITEM004000,ORD001589,PROD0059,3,372.46,31.59
ITEM004001,ORD001589,PROD0089,2,21771.8,3.01
ITEM004002,ORD001590,PROD0138,4,17086.93,7.84
ITEM004003,ORD001591,PROD0474,4,686.68,9.09
ITEM004004,ORD001591,PROD0315,3,873.62,15.87
ITEM004005,ORD001591,PROD0387,2,608.98,37.67
ITEM004006,ORD001591,PROD0466,5,27843.31,19.49
ITEM004007,ORD001592,PROD0020,5,1525.57,3.04
ITEM004008,ORD001592,PROD0259,5,10915.69,35.64
ITEM004009,ORD001593,PROD0026,5,23876.28,1.59
ITEM004010,ORD001593,PROD0163,2,917.18,5.32
ITEM004011,ORD001593,PROD0497,1,13041.32,18.15
ITEM004012,ORD001593,PROD0271,-3,921.14,32.17
ITEM004013,ORD001594,PROD0128,4,36243.05,36.3
ITEM004014,ORD001594,PROD0450,4,8518.04,34.81
ITEM004015,ORD001594,PROD0050,5,8133.64,8.48
ITEM004016,ORD001595,PROD0078,2,12349.83,28.1
ITEM004017,ORD001595,PROD0477,1,33490.19,35.64
ITEM004018,ORD001595,PROD0489,2,10458.68,36.94
ITEM004019,ORD001596,PROD0219,3,51483.71,21.81
ITEM004020,ORD001596,PROD0074,3,1049.99,25.98
ITEM004021,ORD001596,PROD0223,1,343.44,19.05
ITEM004022,ORD001596,PROD0135,5,930.33,21.97
ITEM004023,ORD001597,PROD0163,5,930.21,22.71
ITEM004024,ORD001597,PROD0243,5,8373.73,3.65
ITEM004025,ORD001597,PROD0071,2,1187.99,18.68
ITEM004026,ORD001598,PROD0121,3,82601.05,26.61
ITEM004027,ORD001598,PROD0211,2,316.85,3.09
ITEM004028,ORD001599,PROD0078,4,14713.14,38.16
ITEM004029,ORD001600,PROD0434,1,3261.65,20.22
ITEM004030,ORD001600,PROD0169,3,748.97,0.37
ITEM004031,ORD001600,PROD0013,3,699.99,16.14
ITEM004032,ORD001600,PROD0028,4,1034.83,16.19
ITEM004033,ORD001601,PROD0163,1,737.58,34.35
ITEM004034,ORD001602,PROD0295,4,20177.04,33.23
ITEM004035,ORD001602,PROD0224,1,3134.09,33.52
ITEM004036,ORD001603,PROD0219,3,54548.61,18.52
ITEM004037,ORD001604,PROD0163,2,955.71,5.35
ITEM004038,ORD001604,PROD0477,2,32574.67,24.04
ITEM004039,ORD001604,PROD0253,2,310.97,21.72
ITEM004040,ORD001605,PROD0057,1,916.43,20.02
ITEM004041,ORD001605,PROD0036,5,3107.79,39.02
ITEM004042,ORD001606,PROD0394,4,3895.7,27.47
ITEM004043,ORD001606,PROD0252,5,1195.51,26.5
ITEM004044,ORD001606,PROD0247,2,61964.28,29.06
ITEM004045,ORD001607,PROD0163,1,856.84,20.64
ITEM004046,ORD001607,PROD0087,4,11344.14,30.28
ITEM004047,ORD001608,PROD0049,4,1203.23,36.59
ITEM004048,ORD001608,PROD0284,5,18865.1,1.16
ITEM004049,ORD001608,PROD0178,5,767.35,38.95
ITEM004050,ORD001608,PROD0057,3,906.02,20.08
ITEM004051,ORD001609,PROD0068,3,66071.73,9.7
ITEM004052,ORD001609,PROD0238,2,65273.6,37.87
ITEM004053,ORD001609,PROD0268,1,13051.94,3.2
ITEM004054,ORD001609,PROD0070,3,1034.76,25.82
ITEM004055,ORD001610,PROD0089,1,18849.2,28.6
ITEM004056,ORD001611,PROD0497,1,12478.56,18.08
ITEM004057,ORD001611,PROD0034,1,1229.89,29.01
ITEM004058,ORD001612,PROD0136,5,2870.16,17.05
ITEM004059,ORD001612,PROD0437,3,67075.35,31.06
ITEM004060,ORD001613,PROD0057,5,943.28,32.44
ITEM004061,ORD001613,PROD0342,4,71352.45,21.92
ITEM004062,ORD001614,PROD0290,3,3733.44,24.51
ITEM004063,ORD001615,PROD0128,2,33103.48,5.97
ITEM004064,ORD001615,PROD0163,5,853.61,6.74
ITEM004065,ORD001616,PROD0245,2,1043.12,18.69
ITEM004066,ORD001616,PROD0214,4,61364.71,29.22
ITEM004067,ORD001616,PROD0395,3,67499.2,13.74
ITEM004068,ORD001616,PROD0477,5,32038.98,9.22
ITEM004069,ORD001617,PROD0385,2,1248.82,11.94
ITEM004070,ORD001617,PROD0139,4,54147.91,11.19
ITEM004071,ORD001617,PROD0136,1,2569.72,0.58
ITEM004072,ORD001617,PROD0252,4,1245.35,7.5
ITEM004073,ORD001618,PROD0013,1,568.7,7.37
ITEM004074,ORD001618,PROD0063,4,75800.6,20.65
ITEM004075,ORD001618,PROD0013,4,581.58,28.56
ITEM004076,ORD001619,PROD0013,3,664.35,29.13
ITEM004077,ORD001619,PROD0050,3,9554.9,28.45
ITEM004078,ORD001619,PROD0057,1,835.83,34.48
ITEM004079,ORD001619,PROD0496,1,42270.89,34.88
ITEM004080,ORD001620,PROD0163,2,750.25,23.03
ITEM004081,ORD001621,PROD0238,3,70986.53,17.88
ITEM004082,ORD001622,PROD0425,5,3346.57,32.98
ITEM004083,ORD001623,PROD0369,2,1507.57,16.75
ITEM004084,ORD001624,PROD0230,5,65303.77,31.15
ITEM004085,ORD001624,PROD0477,-4,30604.33,33.17
ITEM004086,ORD001624,PROD0057,-3,762.34,32.89
ITEM004087,ORD001624,PROD0050,1,8540.2,13.98
ITEM004088,ORD001625,PROD0466,4,31125.15,30.66
ITEM004089,ORD001625,PROD0201,5,46755.92,30.93
ITEM004090,ORD001625,PROD0349,5,15240.64,6.63
ITEM004091,ORD001626,PROD0009,1,1519.82,30.4
ITEM004092,ORD001627,PROD0076,4,887.35,18.99
ITEM004093,ORD001627,PROD0068,2,82249.24,26.52
ITEM004094,ORD001627,PROD0099,2,35787.64,39.86
ITEM004095,ORD001628,PROD0163,3,745.88,14.76
ITEM004096,ORD001628,PROD0195,1,6754.8,1.43
ITEM004097,ORD001628,PROD0274,1,10159.31,25.76
ITEM004098,ORD001629,PROD0290,2,3451.4,23.12
ITEM004099,ORD001629,PROD0051,4,22562.74,3.45
ITEM004100,ORD001630,PROD0300,1,3204.96,14.82
ITEM004101,ORD001630,PROD0219,2,43146.82,8.93
ITEM004102,ORD001630,PROD0057,1,732.29,10.98
ITEM004103,ORD001631,PROD0008,5,152.18,28.6
ITEM004104,ORD001631,PROD0142,3,3850.94,38.04
ITEM004105,ORD001631,PROD0496,1,42019.26,38.47
ITEM004106,ORD001632,PROD0412,1,2389.29,7.7
ITEM004107,ORD001632,PROD0139,5,56255.77,23.1
ITEM004108,ORD001633,PROD0240,2,2534.11,12.54
ITEM004109,ORD001634,PROD0203,1,5480.68,15.53
ITEM004110,ORD001635,PROD0170,1,3008.34,22.25
ITEM004111,ORD001635,PROD0052,1,1543.28,17.23
ITEM004112,ORD001635,PROD0253,5,246.63,7.93
ITEM004113,ORD001636,PROD0477,2,34845.15,39.54
ITEM004114,ORD001637,PROD0050,4,8573.72,36.06
ITEM004115,ORD001637,PROD0384,3,712.3,1.15
ITEM004116,ORD001637,PROD0368,5,2003.16,13.73
ITEM004117,ORD001637,PROD0017,3,51394.39,28.32
ITEM004118,ORD001638,PROD0183,2,10181.57,3.87
ITEM004119,ORD001638,PROD0013,2,637.21,21.85
ITEM004120,ORD001638,PROD0449,2,520.64,37.43
ITEM004121,ORD001639,PROD0222,1,1548.54,25.05
ITEM004122,ORD001639,PROD0476,5,13302.44,3.44
ITEM004123,ORD001639,PROD0215,1,904.48,2.13
ITEM004124,ORD001639,PROD0431,4,215.19,39.78
ITEM004125,ORD001640,PROD0220,-1,3615.4,2.49
ITEM004126,ORD001641,PROD0100,2,4637.76,21.9
ITEM004127,ORD001642,PROD0036,2,3599.82,22.83
ITEM004128,ORD001643,PROD0264,4,79227.24,9.99
ITEM004129,ORD001644,PROD0477,1,31999.21,35.27
ITEM004130,ORD001644,PROD0253,3,304.21,29.77
ITEM004131,ORD001644,PROD0463,5,3165.42,35.36
ITEM004132,ORD001644,PROD0296,3,62810.45,27.51
ITEM004133,ORD001645,PROD0427,2,13002.17,33.71
ITEM004134,ORD001646,PROD0050,5,8560.25,5.42
ITEM004135,ORD001646,PROD0333,4,813.34,22.66
ITEM004136,ORD001646,PROD0342,4,61180.1,20.09
ITEM004137,ORD001646,PROD0340,4,972.7,37.05
ITEM004138,ORD001647,PROD0411,3,541.04,19.62
ITEM004139,ORD001647,PROD0339,-5,740.9,36.1
ITEM004140,ORD001647,PROD0349,2,16092.92,31.21
ITEM004141,ORD001648,PROD0254,3,754.36,28.76
ITEM004142,ORD001648,PROD0253,3,261.37,25.79
ITEM004143,ORD001649,PROD0122,3,14654.76,39.8
ITEM004144,ORD001649,PROD0057,1,747.2,17.55
ITEM004145,ORD001649,PROD0059,5,446.4,39.33
ITEM004146,ORD001650,PROD0270,3,9748.45,20.0
ITEM004147,ORD001650,PROD0093,5,1038.64,1.28
ITEM004148,ORD001651,PROD0407,1,15334.07,26.49
ITEM004149,ORD001652,PROD0100,5,5076.93,12.41
ITEM004150,ORD001652,PROD0003,3,1918.82,4.96
ITEM004151,ORD001652,PROD0357,5,1412.86,23.43
ITEM004152,ORD001653,PROD0196,1,783.9,16.7
ITEM004153,ORD001653,PROD0340,4,1077.94,0.43
ITEM004154,ORD001654,PROD0252,1,1308.69,33.89
ITEM004155,ORD001654,PROD0421,1,36262.42,3.06
ITEM004156,ORD001655,PROD0050,3,7987.78,23.94
ITEM004157,ORD001655,PROD0013,5,697.8,26.73
ITEM004158,ORD001655,PROD0063,5,68294.61,12.53
ITEM004159,ORD001655,PROD0153,1,1334.74,37.53
ITEM004160,ORD001656,PROD0462,3,495.48,32.26
ITEM004161,ORD001656,PROD0111,3,5062.93,31.75
ITEM004162,ORD001656,PROD0352,4,292.13,7.86
ITEM004163,ORD001657,PROD0342,-3,62223.85,17.86
ITEM004164,ORD001657,PROD0088,0,20768.77,39.3
ITEM004165,ORD001657,PROD0163,-4,824.63,15.71
ITEM004166,ORD001657,PROD0197,4,309.07,32.89
ITEM004167,ORD001658,PROD0151,3,684.56,37.46
ITEM004168,ORD001659,PROD0334,3,3799.33,26.75
ITEM004169,ORD001660,PROD0349,5,14272.77,15.14
ITEM004170,ORD001660,PROD0057,4,870.46,8.18
ITEM004171,ORD001660,PROD0038,5,1875.4,6.92
ITEM004172,ORD001661,PROD0489,5,10619.34,1.04
ITEM004173,ORD001661,PROD0047,1,10784.73,3.8
ITEM004174,ORD001661,PROD0089,2,19199.23,32.03
ITEM004175,ORD001662,PROD0057,3,828.17,4.44
ITEM004176,ORD001662,PROD0462,3,476.25,5.6
ITEM004177,ORD001663,PROD0003,2,1597.51,4.51
ITEM004178,ORD001663,PROD0471,2,437.89,19.75
ITEM004179,ORD001664,PROD0178,5,737.44,32.39
ITEM004180,ORD001664,PROD0057,2,933.8,28.13
ITEM004181,ORD001664,PROD0111,2,5068.66,14.09
ITEM004182,ORD001664,PROD0357,2,1777.23,27.92
ITEM004183,ORD001665,PROD0342,1,72139.72,31.73
ITEM004184,ORD001665,PROD0040,5,63090.53,21.53
ITEM004185,ORD001665,PROD0307,4,1075.55,3.87
ITEM004186,ORD001666,PROD0273,5,635.18,25.75
ITEM004187,ORD001666,PROD0499,4,3672.9,28.67
ITEM004188,ORD001667,PROD0477,4,31219.73,22.25
ITEM004189,ORD001667,PROD0228,3,10633.21,39.97
ITEM004190,ORD001668,PROD0477,4,34436.47,10.33
ITEM004191,ORD001668,PROD0040,2,55486.59,13.77
ITEM004192,ORD001668,PROD0319,3,293.74,7.06
ITEM004193,ORD001668,PROD0050,3,8075.89,11.11
ITEM004194,ORD001669,PROD0156,5,585.94,19.31
ITEM004195,ORD001669,PROD0124,5,8060.27,26.75
ITEM004196,ORD001669,PROD0198,1,7383.64,6.93
ITEM004197,ORD001670,PROD0313,1,2866.11,21.92
ITEM004198,ORD001670,PROD0131,2,68596.23,37.03
ITEM004199,ORD001671,PROD0004,5,2821.08,39.26
ITEM004200,ORD001671,PROD0224,4,2813.53,23.76
ITEM004201,ORD001672,PROD0062,2,46391.33,0.16
ITEM004202,ORD001672,PROD0271,2,939.32,19.64
ITEM004203,ORD001673,PROD0348,5,78223.16,23.21
ITEM004204,ORD001674,PROD0012,2,3221.18,36.98
ITEM004205,ORD001675,PROD0410,5,3779.77,9.91
ITEM004206,ORD001675,PROD0339,3,729.15,31.59
ITEM004207,ORD001675,PROD0412,-5,2242.05,25.95
ITEM004208,ORD001676,PROD0007,5,720.35,13.89
ITEM004209,ORD001677,PROD0057,5,782.56,31.85
ITEM004210,ORD001677,PROD0261,1,1042.12,14.33
ITEM004211,ORD001677,PROD0057,4,910.17,0.86
ITEM004212,ORD001678,PROD0480,3,16926.06,17.68
ITEM004213,ORD001678,PROD0265,4,966.05,28.83
ITEM004214,ORD001678,PROD0050,1,8203.23,24.09
ITEM004215,ORD001678,PROD0129,3,442.85,39.43
ITEM004216,ORD001679,PROD0243,4,10037.01,37.58
ITEM004217,ORD001679,PROD0072,5,3259.34,26.93
ITEM004218,ORD001679,PROD0271,4,976.09,17.57
ITEM004219,ORD001679,PROD0219,1,42268.22,25.77
ITEM004220,ORD001680,PROD0101,4,776.56,24.96
ITEM004221,ORD001681,PROD0068,3,66027.61,12.82
ITEM004222,ORD001681,PROD0476,4,13927.98,4.41
ITEM004223,ORD001681,PROD0128,4,34704.12,13.71
ITEM004224,ORD001681,PROD0456,5,1863.48,13.52
ITEM004225,ORD001682,PROD0290,4,3559.58,4.7
ITEM004226,ORD001683,PROD0311,5,11523.83,8.72
ITEM004227,ORD001683,PROD0124,1,10620.2,2.32
ITEM004228,ORD001683,PROD0049,2,1296.87,33.51
ITEM004229,ORD001683,PROD0170,5,2928.46,26.64
ITEM004230,ORD001684,PROD0304,3,619.81,18.01
ITEM004231,ORD001685,PROD0432,5,45447.59,25.66
ITEM004232,ORD001685,PROD0163,5,912.89,38.99
ITEM004233,ORD001685,PROD0128,5,38494.28,0.23
ITEM004234,ORD001686,PROD0287,5,2188.96,38.86
ITEM004235,ORD001686,PROD0038,2,2191.17,0.69
ITEM004236,ORD001686,PROD0340,4,1082.42,32.75
ITEM004237,ORD001686,PROD0311,1,11553.19,17.9
ITEM004238,ORD001687,PROD0207,-1,12711.5,32.18
ITEM004239,ORD001688,PROD0404,4,68440.16,11.57
ITEM004240,ORD001688,PROD0339,2,723.3,14.57
ITEM004241,ORD001689,PROD0170,3,2878.97,10.23
ITEM004242,ORD001689,PROD0226,4,3217.08,4.97
ITEM004243,ORD001689,PROD0471,5,434.42,28.2
ITEM004244,ORD001689,PROD0066,4,10444.61,0.92
ITEM004245,ORD001690,PROD0219,2,48435.33,13.42
ITEM004246,ORD001691,PROD0037,5,3338.6,17.6
ITEM004247,ORD001692,PROD0420,4,7501.92,12.44
ITEM004248,ORD001692,PROD0219,1,54277.54,37.71
ITEM004249,ORD001692,PROD0163,4,837.51,13.54
ITEM004250,ORD001693,PROD0247,4,61489.61,14.11
ITEM004251,ORD001693,PROD0024,-5,27843.85,33.8
ITEM004252,ORD001693,PROD0313,5,2690.6,37.23
ITEM004253,ORD001694,PROD0061,3,36587.38,13.97
ITEM004254,ORD001694,PROD0401,2,794.86,31.75
ITEM004255,ORD001694,PROD0218,4,10672.95,33.87
ITEM004256,ORD001694,PROD0070,2,1102.17,12.83
ITEM004257,ORD001695,PROD0005,3,1421.66,39.92
ITEM004258,ORD001695,PROD0360,4,1078.09,13.09
ITEM004259,ORD001695,PROD0290,1,3570.13,39.67
ITEM004260,ORD001695,PROD0365,2,24370.52,25.85
ITEM004261,ORD001696,PROD0002,4,3738.98,13.43
ITEM004262,ORD001696,PROD0452,4,29820.2,31.77
ITEM004263,ORD001696,PROD0401,1,917.21,38.83
ITEM004264,ORD001696,PROD0091,2,3765.6,2.06
ITEM004265,ORD001697,PROD0013,4,701.95,31.23
ITEM004266,ORD001697,PROD0471,3,483.36,3.1
ITEM004267,ORD001698,PROD0160,5,2526.46,27.46
ITEM004268,ORD001698,PROD0120,2,583.38,6.03
ITEM004269,ORD001699,PROD0116,4,870.49,7.76
ITEM004270,ORD001699,PROD0342,2,56102.45,39.29
ITEM004271,ORD001699,PROD0229,1,1889.45,3.35
ITEM004272,ORD001699,PROD0452,3,37618.73,32.93
ITEM004273,ORD001700,PROD0477,1,36792.86,7.62
ITEM004274,ORD001700,PROD0079,1,68280.57,23.72
ITEM004275,ORD001701,PROD0296,4,68644.62,30.21
ITEM004276,ORD001701,PROD0163,1,828.36,5.45
ITEM004277,ORD001701,PROD0488,4,39132.42,39.18
ITEM004278,ORD001702,PROD0163,5,954.5,39.78
ITEM004279,ORD001702,PROD0053,2,1436.3,18.0
ITEM004280,ORD001702,PROD0170,2,2448.91,31.98
ITEM004281,ORD001702,PROD0163,5,737.19,29.75
ITEM004282,ORD001703,PROD0027,5,644.18,0.35
ITEM004283,ORD001704,PROD0345,4,13742.51,1.9
ITEM004284,ORD001704,PROD0340,1,886.38,27.74
ITEM004285,ORD001705,PROD0013,1,538.18,10.5
ITEM004286,ORD001706,PROD0073,3,46120.06,35.94
ITEM004287,ORD001706,PROD0178,1,661.0,14.33
ITEM004288,ORD001706,PROD0299,5,7802.37,7.31
ITEM004289,ORD001707,PROD0163,3,773.48,34.67
ITEM004290,ORD001707,PROD0371,4,361.18,15.96
ITEM004291,ORD001708,PROD0479,5,2670.94,9.44
ITEM004292,ORD001708,PROD0433,3,18758.25,10.47
ITEM004293,ORD001708,PROD0484,1,22160.59,10.61
ITEM004294,ORD001709,PROD0252,2,1159.49,10.84
ITEM004295,ORD001710,PROD0129,3,456.43,31.41
ITEM004296,ORD001710,PROD0290,3,3718.9,27.99
ITEM004297,ORD001710,PROD0296,5,60273.32,5.3
ITEM004298,ORD001711,PROD0024,5,24545.63,21.4
ITEM004299,ORD001711,PROD0377,1,920.11,29.33
ITEM004300,ORD001711,PROD0124,2,9867.34,31.13
ITEM004301,ORD001711,PROD0207,1,14719.3,17.66
ITEM004302,ORD001712,PROD0021,4,68461.58,24.46
ITEM004303,ORD001712,PROD0118,2,71094.93,38.74
ITEM004304,ORD001713,PROD0395,5,65056.06,6.33
ITEM004305,ORD001714,PROD0226,-3,3148.08,9.45
ITEM004306,ORD001715,PROD0163,4,815.03,27.39
ITEM004307,ORD001715,PROD0056,3,51070.89,16.28
ITEM004308,ORD001715,PROD0476,4,14191.23,35.02
ITEM004309,ORD001716,PROD0396,3,3553.2,34.74
ITEM004310,ORD001716,PROD0036,3,3730.6,8.14
ITEM004311,ORD001717,PROD0121,2,85781.08,11.36
ITEM004312,ORD001717,PROD0039,2,3176.43,27.47
ITEM004313,ORD001717,PROD0477,1,31716.99,2.15
ITEM004314,ORD001718,PROD0019,5,13425.14,22.64
ITEM004315,ORD001718,PROD0471,1,369.15,12.35
ITEM004316,ORD001719,PROD0197,5,318.95,36.64
ITEM004317,ORD001719,PROD0430,5,363.52,28.3
ITEM004318,ORD001719,PROD0022,1,1779.79,19.23
ITEM004319,ORD001719,PROD0339,4,630.54,23.91
ITEM004320,ORD001720,PROD0057,3,738.9,6.47
ITEM004321,ORD001721,PROD0201,4,46079.18,17.05
ITEM004322,ORD001721,PROD0466,1,27616.53,20.6
ITEM004323,ORD001722,PROD0290,3,3055.24,19.75
ITEM004324,ORD001723,PROD0165,2,722.28,37.48
ITEM004325,ORD001723,PROD0458,5,2665.47,
ITEM004326,ORD001723,PROD0472,-3,254.19,38.68
ITEM004327,ORD001724,PROD0017,5,50663.3,23.06
ITEM004328,ORD001724,PROD0264,5,87807.67,28.44
ITEM004329,ORD001724,PROD0171,1,28640.74,27.14
ITEM004330,ORD001724,PROD0444,5,3601.14,29.37
ITEM004331,ORD001725,PROD0315,4,1123.85,37.86
ITEM004332,ORD001725,PROD0403,2,16963.97,25.52
ITEM004333,ORD001726,PROD0340,1,1144.94,32.76
ITEM004334,ORD001726,PROD0016,0,15121.04,37.78
ITEM004335,ORD001726,PROD0497,4,12944.02,33.79
ITEM004336,ORD001727,PROD0223,3,347.36,14.35
ITEM004337,ORD001727,PROD0438,4,7142.78,12.33
ITEM004338,ORD001727,PROD0219,1,43243.42,36.3
ITEM004339,ORD001728,PROD0393,1,86188.38,24.4
ITEM004340,ORD001728,PROD0056,2,38689.11,1.35
ITEM004341,ORD001728,PROD0252,1,1218.3,16.15
ITEM004342,ORD001728,PROD0007,5,754.02,23.85
ITEM004343,ORD001729,PROD0311,2,13022.38,12.08
ITEM004344,ORD001729,PROD0477,4,32641.33,9.68
ITEM004345,ORD001729,PROD0468,4,17743.69,8.24
ITEM004346,ORD001730,PROD0140,1,228.07,20.72
ITEM004347,ORD001730,PROD0163,3,959.02,17.21
ITEM004348,ORD001730,PROD0219,4,44210.45,29.58
ITEM004349,ORD001730,PROD0038,-1,1939.14,26.32
ITEM004350,ORD001731,PROD0339,5,739.27,3.06
ITEM004351,ORD001731,PROD0352,1,287.52,18.7
ITEM004352,ORD001732,PROD0497,5,13290.17,34.79
ITEM004353,ORD001733,PROD0075,2,661.12,12.88
ITEM004354,ORD001733,PROD0057,4,909.03,1.0
ITEM004355,ORD001734,PROD0219,3,52010.82,16.39
ITEM004356,ORD001734,PROD0163,3,763.43,6.89
ITEM004357,ORD001735,PROD0296,3,67469.02,25.03
ITEM004358,ORD001736,PROD0219,5,52909.0,30.16
ITEM004359,ORD001737,PROD0344,4,2903.0,16.41
ITEM004360,ORD001738,PROD0403,3,13899.17,37.84
ITEM004361,ORD001738,PROD0014,1,15137.14,28.77
ITEM004362,ORD001739,PROD0477,-3,34610.21,36.93
ITEM004363,ORD001740,PROD0193,4,1611.78,36.33
ITEM004364,ORD001740,PROD0139,3,55576.06,2.21
ITEM004365,ORD001741,PROD0036,4,3059.98,35.76
ITEM004366,ORD001741,PROD0362,5,32635.93,9.97
ITEM004367,ORD001741,PROD0007,1,768.23,18.9
ITEM004368,ORD001742,PROD0348,3,79825.2,8.1
ITEM004369,ORD001742,PROD0057,1,934.81,15.95
ITEM004370,ORD001742,PROD0381,5,34236.62,36.2
ITEM004371,ORD001742,PROD0057,2,725.32,10.72
ITEM004372,ORD001743,PROD0419,5,7621.97,3.26
ITEM004373,ORD001743,PROD0266,5,13373.81,26.82
ITEM004374,ORD001743,PROD0477,5,29826.55,30.17
ITEM004375,ORD001743,PROD0050,4,8881.64,3.75
ITEM004376,ORD001744,PROD0057,1,925.0,37.47
ITEM004377,ORD001744,PROD0342,2,65715.35,26.48
ITEM004378,ORD001745,PROD0213,1,661.86,39.62
ITEM004379,ORD001745,PROD0469,4,58892.8,6.61
ITEM004380,ORD001745,PROD0163,4,904.29,10.12
ITEM004381,ORD001746,PROD0305,4,15782.81,5.8
ITEM004382,ORD001746,PROD0457,0,20228.99,25.92
ITEM004383,ORD001746,PROD0003,4,2169.36,26.57
ITEM004384,ORD001747,PROD0477,5,32370.88,3.75
ITEM004385,ORD001747,PROD0349,2,16398.46,8.9
ITEM004386,ORD001747,PROD0365,1,25774.86,37.21
ITEM004387,ORD001748,PROD0374,4,897.74,33.26
ITEM004388,ORD001748,PROD0048,4,33950.82,4.79
ITEM004389,ORD001748,PROD0455,4,50821.03,35.17
ITEM004390,ORD001749,PROD0057,2,750.84,4.63
ITEM004391,ORD001749,PROD0110,2,6777.5,29.08
ITEM004392,ORD001749,PROD0012,3,2564.67,15.66
ITEM004393,ORD001750,PROD0219,1,47533.92,12.15
ITEM004394,ORD001750,PROD0339,5,740.28,28.37
ITEM004395,ORD001750,PROD0340,4,1009.64,28.47
ITEM004396,ORD001751,PROD0392,5,83434.4,
ITEM004397,ORD001752,PROD0100,5,4747.17,31.18
ITEM004398,ORD001752,PROD0381,2,30641.34,31.09
ITEM004399,ORD001753,PROD0075,2,632.68,17.64
ITEM004400,ORD001754,PROD0476,1,13603.74,35.97
ITEM004401,ORD001754,PROD0487,1,75371.96,28.07
ITEM004402,ORD001755,PROD0101,5,919.62,21.01
ITEM004403,ORD001755,PROD0057,5,820.05,34.97
ITEM004404,ORD001755,PROD0013,3,566.88,22.47
ITEM004405,ORD001755,PROD0459,5,18671.56,2.7
ITEM004406,ORD001756,PROD0247,4,55662.46,37.96
ITEM004407,ORD001756,PROD0416,3,41706.14,4.8
ITEM004408,ORD001756,PROD0013,2,600.99,12.92
ITEM004409,ORD001757,PROD0007,5,630.52,5.42
ITEM004410,ORD001757,PROD0065,2,480.28,37.1
ITEM004411,ORD001758,PROD0219,3,56279.34,33.7
ITEM004412,ORD001758,PROD0372,2,57891.94,28.04
ITEM004413,ORD001759,PROD0348,2,75495.68,17.57
ITEM004414,ORD001760,PROD0054,1,14376.91,11.0
ITEM004415,ORD001760,PROD0075,4,752.88,36.26
ITEM004416,ORD001760,PROD0363,4,13616.1,27.63
ITEM004417,ORD001760,PROD0205,5,1080.46,11.61
ITEM004418,ORD001761,PROD0288,4,1501.82,30.74
ITEM004419,ORD001761,PROD0359,5,241.54,0.51
ITEM004420,ORD001762,PROD0243,1,11011.82,39.22
ITEM004421,ORD001762,PROD0085,1,12975.24,29.8
ITEM004422,ORD001762,PROD0071,5,1109.36,25.0
ITEM004423,ORD001762,PROD0219,3,55756.51,27.74
ITEM004424,ORD001763,PROD0368,2,2015.55,28.36
ITEM004425,ORD001763,PROD0136,4,2807.11,12.47
ITEM004426,ORD001763,PROD0174,5,37331.96,5.03
ITEM004427,ORD001764,PROD0050,5,8566.7,7.64
ITEM004428,ORD001764,PROD0399,5,36930.83,8.17
ITEM004429,ORD001764,PROD0219,4,55518.95,7.07
ITEM004430,ORD001764,PROD0066,2,10450.69,31.92
ITEM004431,ORD001765,PROD0163,1,847.14,6.85
ITEM004432,ORD001766,PROD0283,4,930.95,20.3
ITEM004433,ORD001767,PROD0219,5,44525.01,10.17
ITEM004434,ORD001767,PROD0048,2,29190.25,7.45
ITEM004435,ORD001768,PROD0243,1,9537.54,24.71
ITEM004436,ORD001769,PROD0463,5,2909.42,3.9
ITEM004437,ORD001769,PROD0352,5,288.05,14.01
ITEM004438,ORD001769,PROD0190,5,2804.77,4.49
ITEM004439,ORD001769,PROD0048,4,33774.4,39.97
ITEM004440,ORD001770,PROD0392,-2,61970.38,28.87
ITEM004441,ORD001770,PROD0290,2,3235.54,36.26
ITEM004442,ORD001770,PROD0163,3,826.17,32.26
ITEM004443,ORD001771,PROD0339,1,577.62,34.58
ITEM004444,ORD001771,PROD0340,5,1170.99,38.62
ITEM004445,ORD001772,PROD0014,3,19225.83,32.47
ITEM004446,ORD001772,PROD0441,4,172.0,11.42
ITEM004447,ORD001772,PROD0392,1,82305.2,23.06
ITEM004448,ORD001773,PROD0114,4,2957.86,17.67
ITEM004449,ORD001773,PROD0076,4,742.75,
ITEM004450,ORD001773,PROD0182,-3,907.25,27.78
ITEM004451,ORD001774,PROD0219,2,49133.14,4.45
ITEM004452,ORD001775,PROD0093,3,888.59,28.71
ITEM004453,ORD001776,PROD0169,3,598.33,12.03
ITEM004454,ORD001776,PROD0128,2,34183.65,28.52
ITEM004455,ORD001776,PROD0056,2,49161.5,3.28
ITEM004456,ORD001777,PROD0435,4,3289.5,37.02
ITEM004457,ORD001777,PROD0163,1,784.3,31.76
ITEM004458,ORD001777,PROD0163,4,908.5,17.5
ITEM004459,ORD001778,PROD0436,3,470.78,25.8
ITEM004460,ORD001779,PROD0213,4,768.67,13.43
ITEM004461,ORD001779,PROD0340,3,1048.52,12.8
ITEM004462,ORD001779,PROD0271,5,910.87,17.03
ITEM004463,ORD001780,PROD0290,1,3130.82,35.85
ITEM004464,ORD001781,PROD0305,2,16707.88,25.62
ITEM004465,ORD001781,PROD0365,4,23345.59,27.27
ITEM004466,ORD001781,PROD0013,3,689.49,20.3
ITEM004467,ORD001782,PROD0425,2,3343.71,28.24
ITEM004468,ORD001782,PROD0487,3,60204.21,18.16
ITEM004469,ORD001782,PROD0476,4,12616.49,30.26
ITEM004470,ORD001783,PROD0243,2,10542.17,5.98
ITEM004471,ORD001784,PROD0117,1,68295.55,11.1
ITEM004472,ORD001784,PROD0186,4,810.6,8.04
ITEM004473,ORD001784,PROD0219,5,46892.94,29.03
ITEM004474,ORD001785,PROD0124,2,8397.75,12.99
ITEM004475,ORD001786,PROD0220,2,3951.64,32.27
ITEM004476,ORD001786,PROD0159,5,35187.77,3.51
ITEM004477,ORD001787,PROD0057,-1,824.05,0.78
ITEM004478,ORD001788,PROD0178,4,775.5,20.46
ITEM004479,ORD001788,PROD0118,5,74170.9,38.96
ITEM004480,ORD001788,PROD0340,-3,1105.82,34.54
ITEM004481,ORD001788,PROD0139,3,56944.85,5.32
ITEM004482,ORD001789,PROD0163,2,769.82,39.21
ITEM004483,ORD001790,PROD0030,4,6112.19,15.04
ITEM004484,ORD001790,PROD0281,2,2209.37,26.76
ITEM004485,ORD001790,PROD0219,1,52635.0,36.26
ITEM004486,ORD001790,PROD0010,5,12563.32,4.68
ITEM004487,ORD001791,PROD0217,2,218.66,8.2
ITEM004488,ORD001792,PROD0421,5,33857.6,33.48
ITEM004489,ORD001792,PROD0303,2,5592.41,4.26
ITEM004490,ORD001792,PROD0349,4,16075.98,7.48
ITEM004491,ORD001793,PROD0325,2,21050.66,6.37
ITEM004492,ORD001793,PROD0340,4,1159.13,36.86
ITEM004493,ORD001793,PROD0492,1,23644.72,22.67
ITEM004494,ORD001793,PROD0472,5,281.66,35.4
ITEM004495,ORD001794,PROD0102,5,3438.28,29.22
ITEM004496,ORD001794,PROD0381,3,37847.47,26.5
ITEM004497,ORD001794,PROD0121,-1,70162.68,1.5
ITEM004498,ORD001795,PROD0002,2,3727.73,0.89
ITEM004499,ORD001795,PROD0054,1,12939.56,11.45
ITEM004500,ORD001795,PROD0283,1,985.73,11.38
ITEM004501,ORD001795,PROD0142,3,4194.75,20.69
ITEM004502,ORD001796,PROD0059,3,366.0,3.79
ITEM004503,ORD001796,PROD0163,4,954.33,24.8
ITEM004504,ORD001797,PROD0356,4,1264.84,10.05
ITEM004505,ORD001797,PROD0219,3,53167.9,39.65
ITEM004506,ORD001797,PROD0075,5,674.29,13.35
ITEM004507,ORD001797,PROD0163,3,752.34,12.25
ITEM004508,ORD001798,PROD0336,2,8945.31,6.8
ITEM004509,ORD001799,PROD0219,2,53409.34,32.76
ITEM004510,ORD001799,PROD0057,1,714.95,12.16
ITEM004511,ORD001800,PROD0455,2,54505.63,0.11
ITEM004512,ORD001800,PROD0477,4,31268.77,1.2
ITEM004513,ORD001801,PROD0351,1,1504.17,2.47
ITEM004514,ORD001801,PROD0048,1,27859.41,30.22
ITEM004515,ORD001801,PROD0013,5,688.17,23.5
ITEM004516,ORD001802,PROD0013,4,650.1,21.16
ITEM004517,ORD001802,PROD0477,5,34017.57,26.83
ITEM004518,ORD001802,PROD0163,4,950.81,13.42
ITEM004519,ORD001803,PROD0153,2,1351.05,3.46
ITEM004520,ORD001803,PROD0388,4,170.84,11.17
ITEM004521,ORD001803,PROD0365,4,22359.9,35.65
ITEM004522,ORD001804,PROD0488,4,38157.18,29.87
ITEM004523,ORD001805,PROD0318,4,460.02,7.07
ITEM004524,ORD001805,PROD0271,2,868.66,39.79
ITEM004525,ORD001806,PROD0304,4,562.15,19.32
ITEM004526,ORD001806,PROD0201,4,42868.76,20.37
ITEM004527,ORD001806,PROD0388,3,225.59,15.54
ITEM004528,ORD001807,PROD0163,5,891.41,1.14
ITEM004529,ORD001808,PROD0356,5,1298.93,26.77
ITEM004530,ORD001808,PROD0434,2,2668.8,28.43
ITEM004531,ORD001808,PROD0219,1,43406.07,15.83
ITEM004532,ORD001808,PROD0342,3,71131.48,19.75
ITEM004533,ORD001809,PROD0253,5,261.11,3.46
ITEM004534,ORD001810,PROD0024,5,23379.34,18.25
ITEM004535,ORD001811,PROD0348,5,88299.84,30.33
ITEM004536,ORD001812,PROD0074,3,1157.48,31.12
ITEM004537,ORD001812,PROD0368,-5,1765.2,10.63
ITEM004538,ORD001812,PROD0057,5,789.01,31.02
ITEM004539,ORD001813,PROD0340,1,875.42,6.92
ITEM004540,ORD001813,PROD0013,4,699.0,38.0
ITEM004541,ORD001813,PROD0406,2,3545.3,39.27
ITEM004542,ORD001814,PROD0162,2,1443.83,17.71
ITEM004543,ORD001815,PROD0350,3,11922.3,30.83
ITEM004544,ORD001816,PROD0238,4,67716.59,22.65
ITEM004545,ORD001817,PROD0163,3,904.2,7.58
ITEM004546,ORD001817,PROD0098,3,17214.76,38.36
ITEM004547,ORD001818,PROD0078,2,16142.74,0.85
ITEM004548,ORD001818,PROD0339,4,665.05,4.38
ITEM004549,ORD001818,PROD0331,5,198.75,27.6
ITEM004550,ORD001818,PROD0139,2,49545.2,26.0
ITEM004551,ORD001819,PROD0374,4,1159.83,29.18
ITEM004552,ORD001819,PROD0496,5,39553.89,6.46
ITEM004553,ORD001820,PROD0335,5,427.3,17.35
ITEM004554,ORD001820,PROD0163,2,838.9,11.35
ITEM004555,ORD001820,PROD0163,5,975.76,11.89
ITEM004556,ORD001820,PROD0349,5,13903.24,28.95
ITEM004557,ORD001821,PROD0048,5,34711.54,35.02
ITEM004558,ORD001821,PROD0498,2,12230.86,8.43
ITEM004559,ORD001821,PROD0421,3,32631.92,24.75
ITEM004560,ORD001821,PROD0479,2,2438.99,33.95
ITEM004561,ORD001822,PROD0163,2,765.05,26.04
ITEM004562,ORD001822,PROD0005,3,1139.09,37.11
ITEM004563,ORD001823,PROD0238,4,70198.58,7.3
ITEM004564,ORD001823,PROD0332,2,4016.56,1.34
ITEM004565,ORD001823,PROD0300,3,2747.49,1.89
ITEM004566,ORD001824,PROD0304,3,633.24,14.36
ITEM004567,ORD001824,PROD0017,4,49506.11,15.1
ITEM004568,ORD001824,PROD0304,3,559.03,36.81
ITEM004569,ORD001824,PROD0281,3,2006.47,8.79
ITEM004570,ORD001825,PROD0139,3,49239.13,15.59
ITEM004571,ORD001825,PROD0219,3,46670.25,8.36
ITEM004572,ORD001825,PROD0245,1,1187.28,9.18
ITEM004573,ORD001826,PROD0381,5,40072.64,29.27
ITEM004574,ORD001826,PROD0063,4,77162.57,27.09
ITEM004575,ORD001827,PROD0028,3,1209.0,17.14
ITEM004576,ORD001828,PROD0177,2,3238.15,27.37
ITEM004577,ORD001828,PROD0342,1,71709.02,13.94
ITEM004578,ORD001828,PROD0111,4,6400.32,8.84
ITEM004579,ORD001828,PROD0162,1,1502.57,6.19
ITEM004580,ORD001829,PROD0416,3,38921.32,22.7
ITEM004581,ORD001829,PROD0490,4,5484.69,36.61
ITEM004582,ORD001830,PROD0372,1,50294.1,23.2
ITEM004583,ORD001830,PROD0349,5,18068.06,6.6
ITEM004584,ORD001831,PROD0304,4,566.16,25.57
ITEM004585,ORD001831,PROD0287,2,2540.87,28.07
ITEM004586,ORD001831,PROD0230,3,61574.25,32.79
ITEM004587,ORD001832,PROD0408,2,417.76,21.28
ITEM004588,ORD001832,PROD0181,1,13273.75,15.76
ITEM004589,ORD001832,PROD0477,5,35857.1,2.27
ITEM004590,ORD001832,PROD0101,4,884.9,14.03
ITEM004591,ORD001833,PROD0265,5,1258.72,27.93
ITEM004592,ORD001834,PROD0311,1,10356.73,15.62
ITEM004593,ORD001834,PROD0057,1,799.25,6.71
ITEM004594,ORD001834,PROD0329,5,22927.97,8.75
ITEM004595,ORD001835,PROD0015,4,262.31,3.49
ITEM004596,ORD001836,PROD0013,5,594.42,1.46
ITEM004597,ORD001837,PROD0244,5,5855.94,25.59
ITEM004598,ORD001837,PROD0178,1,780.69,2.85
ITEM004599,ORD001838,PROD0208,2,12555.84,27.49
ITEM004600,ORD001838,PROD0485,1,60420.4,5.99
ITEM004601,ORD001838,PROD0057,5,908.07,21.31
ITEM004602,ORD001838,PROD0178,1,724.0,11.3
ITEM004603,ORD001839,PROD0033,2,9256.49,1.4
ITEM004604,ORD001839,PROD0304,1,674.83,5.73
ITEM004605,ORD001839,PROD0174,2,41448.75,33.84
ITEM004606,ORD001840,PROD0020,1,1268.69,33.5
ITEM004607,ORD001840,PROD0219,3,47621.0,29.54
ITEM004608,ORD001840,PROD0201,3,48591.2,20.58
ITEM004609,ORD001840,PROD0381,3,40783.64,17.39
ITEM004610,ORD001841,PROD0251,4,17975.58,24.13
ITEM004611,ORD001841,PROD0057,3,845.68,1.65
ITEM004612,ORD001841,PROD0476,5,14923.35,29.26
ITEM004613,ORD001842,PROD0493,4,2668.42,11.42
ITEM004614,ORD001842,PROD0485,2,73524.8,17.98
ITEM004615,ORD001842,PROD0325,4,18439.18,21.53
ITEM004616,ORD001842,PROD0217,1,231.66,33.47
ITEM004617,ORD001843,PROD0166,2,60955.21,8.39
ITEM004618,ORD001843,PROD0340,1,1069.05,31.85
ITEM004619,ORD001843,PROD0441,1,173.65,7.32
ITEM004620,ORD001844,PROD0271,5,997.14,1.23
ITEM004621,ORD001844,PROD0212,2,9975.04,30.26
ITEM004622,ORD001844,PROD0084,5,17974.66,29.61
ITEM004623,ORD001844,PROD0340,1,962.81,23.59
ITEM004624,ORD001845,PROD0290,1,3736.2,29.77
ITEM004625,ORD001845,PROD0219,1,45887.99,1.97
ITEM004626,ORD001846,PROD0340,1,1047.36,9.03
ITEM004627,ORD001846,PROD0057,4,913.62,24.93
ITEM004628,ORD001846,PROD0057,2,796.26,27.51
ITEM004629,ORD001846,PROD0093,2,949.82,29.98
ITEM004630,ORD001847,PROD0477,3,32914.12,19.96
ITEM004631,ORD001847,PROD0281,4,2274.59,12.78
ITEM004632,ORD001848,PROD0305,5,13154.38,6.05
ITEM004633,ORD001849,PROD0059,5,391.35,28.48
ITEM004634,ORD001849,PROD0341,5,291.29,1.68
ITEM004635,ORD001850,PROD0497,5,12769.56,19.23
ITEM004636,ORD001851,PROD0311,4,13299.06,20.75
ITEM004637,ORD001851,PROD0041,3,10287.62,37.86
ITEM004638,ORD001852,PROD0113,4,3064.4,30.32
ITEM004639,ORD001852,PROD0219,3,46935.28,6.21
ITEM004640,ORD001852,PROD0222,1,1789.6,17.57
ITEM004641,ORD001853,PROD0006,5,149.87,32.41
ITEM004642,ORD001854,PROD0483,1,3000.45,39.32
ITEM004643,ORD001854,PROD0163,4,803.52,15.06
ITEM004644,ORD001855,PROD0131,5,64095.86,31.5
ITEM004645,ORD001855,PROD0470,1,13443.98,25.35
ITEM004646,ORD001855,PROD0074,2,1380.17,6.81
ITEM004647,ORD001856,PROD0381,1,36925.01,38.64
ITEM004648,ORD001856,PROD0014,2,14341.82,7.16
ITEM004649,ORD001856,PROD0163,4,745.93,13.0
ITEM004650,ORD001857,PROD0447,-5,20585.6,1.68
ITEM004651,ORD001857,PROD0190,3,2100.01,14.94
ITEM004652,ORD001858,PROD0304,3,640.13,29.93
ITEM004653,ORD001858,PROD0120,3,562.26,35.59
ITEM004654,ORD001858,PROD0252,3,1450.12,6.44
ITEM004655,ORD001859,PROD0139,2,47828.16,34.47
ITEM004656,ORD001859,PROD0031,-4,63132.73,5.68
ITEM004657,ORD001859,PROD0155,3,427.06,17.47
ITEM004658,ORD001860,PROD0352,3,374.52,20.32
ITEM004659,ORD001861,PROD0059,1,497.8,12.46
ITEM004660,ORD001861,PROD0129,3,459.1,30.09
ITEM004661,ORD001862,PROD0412,3,2654.33,16.83
ITEM004662,ORD001862,PROD0101,1,1003.2,36.02
ITEM004663,ORD001863,PROD0247,1,48357.29,13.99
ITEM004664,ORD001863,PROD0422,5,10554.32,21.42
ITEM004665,ORD001863,PROD0353,3,1239.59,26.19
ITEM004666,ORD001864,PROD0210,2,461.23,33.39
ITEM004667,ORD001864,PROD0340,3,974.09,13.64
ITEM004668,ORD001865,PROD0447,-5,15593.03,7.6
ITEM004669,ORD001865,PROD0358,5,1170.57,23.76
ITEM004670,ORD001866,PROD0477,4,36677.33,27.33
ITEM004671,ORD001866,PROD0271,1,794.51,29.21
ITEM004672,ORD001867,PROD0271,2,865.58,32.87
ITEM004673,ORD001867,PROD0385,1,1181.84,29.01
ITEM004674,ORD001867,PROD0372,4,60090.38,24.27
ITEM004675,ORD001867,PROD0085,3,10765.8,33.99
ITEM004676,ORD001868,PROD0084,3,16474.25,33.0
ITEM004677,ORD001868,PROD0381,2,41559.06,35.9
ITEM004678,ORD001868,PROD0013,2,594.71,34.26
ITEM004679,ORD001869,PROD0163,2,892.04,29.85
ITEM004680,ORD001869,PROD0322,3,9282.33,28.13
ITEM004681,ORD001870,PROD0466,5,28080.7,33.36
ITEM004682,ORD001870,PROD0152,3,1334.98,28.36
ITEM004683,ORD001871,PROD0344,3,3296.0,26.0
ITEM004684,ORD001871,PROD0219,5,51649.92,34.05
ITEM004685,ORD001871,PROD0425,3,3187.23,39.0
ITEM004686,ORD001871,PROD0306,3,10978.33,7.55
ITEM004687,ORD001872,PROD0136,3,2349.18,22.69
ITEM004688,ORD001873,PROD0339,3,679.86,19.7
ITEM004689,ORD001873,PROD0050,1,7974.76,39.21
ITEM004690,ORD001874,PROD0381,2,39903.28,25.72
ITEM004691,ORD001875,PROD0164,5,455.62,34.08
ITEM004692,ORD001875,PROD0115,3,60187.1,8.53
ITEM004693,ORD001875,PROD0476,4,13877.85,0.84
ITEM004694,ORD001876,PROD0252,5,1324.04,3.21
ITEM004695,ORD001876,PROD0310,3,785.05,30.92
ITEM004696,ORD001877,PROD0461,4,17709.48,5.7
ITEM004697,ORD001877,PROD0393,2,87681.38,36.35
ITEM004698,ORD001878,PROD0068,2,64707.03,6.2
ITEM004699,ORD001878,PROD0022,2,1616.06,38.68
ITEM004700,ORD001878,PROD0057,5,774.92,14.67
ITEM004701,ORD001878,PROD0059,2,459.37,20.17
ITEM004702,ORD001879,PROD0395,1,81280.16,20.88
ITEM004703,ORD001880,PROD0219,3,54130.77,22.93
ITEM004704,ORD001880,PROD0219,1,43026.84,5.77
ITEM004705,ORD001881,PROD0057,3,700.08,8.66
ITEM004706,ORD001881,PROD0075,4,709.4,12.86
ITEM004707,ORD001881,PROD0399,2,44611.93,36.05
ITEM004708,ORD001881,PROD0436,4,529.0,2.26
ITEM004709,ORD001882,PROD0253,2,238.38,14.43
ITEM004710,ORD001882,PROD0163,0,742.94,30.3
ITEM004711,ORD001882,PROD0367,3,1251.62,16.46
ITEM004712,ORD001883,PROD0497,4,10548.82,19.0
ITEM004713,ORD001883,PROD0101,2,804.81,19.82
ITEM004714,ORD001884,PROD0175,1,49818.88,39.5
ITEM004715,ORD001884,PROD0390,5,47144.52,5.97
ITEM004716,ORD001884,PROD0067,3,1272.34,19.08
ITEM004717,ORD001885,PROD0176,3,2765.18,0.64
ITEM004718,ORD001885,PROD0013,5,718.88,31.22
ITEM004719,ORD001886,PROD0126,4,1524.28,23.98
ITEM004720,ORD001886,PROD0094,3,3403.18,4.21
ITEM004721,ORD001887,PROD0340,4,985.94,21.02
ITEM004722,ORD001887,PROD0304,4,552.77,8.34
ITEM004723,ORD001888,PROD0187,2,19629.2,29.46
ITEM004724,ORD001889,PROD0496,1,43920.32,29.48
ITEM004725,ORD001889,PROD0129,2,379.53,31.44
ITEM004726,ORD001889,PROD0477,4,35066.99,31.68
ITEM004727,ORD001889,PROD0261,1,954.0,1.54
ITEM004728,ORD001890,PROD0088,5,21048.11,20.0
ITEM004729,ORD001890,PROD0318,4,446.04,4.34
ITEM004730,ORD001891,PROD0352,5,298.19,13.13
ITEM004731,ORD001892,PROD0163,5,905.03,31.23
ITEM004732,ORD001893,PROD0390,5,42865.14,10.44
ITEM004733,ORD001893,PROD0365,5,25795.83,31.03
ITEM004734,ORD001893,PROD0307,4,1112.49,28.09
ITEM004735,ORD001894,PROD0247,2,57382.05,35.27
ITEM004736,ORD001895,PROD0349,4,16518.44,9.21
ITEM004737,ORD001895,PROD0219,1,48097.28,14.71
ITEM004738,ORD001895,PROD0307,2,1070.06,20.02
ITEM004739,ORD001895,PROD0025,2,56369.01,0.18
ITEM004740,ORD001896,PROD0273,4,878.74,26.27
ITEM004741,ORD001896,PROD0243,5,9230.61,2.74
ITEM004742,ORD001896,PROD0013,1,565.34,1.05
ITEM004743,ORD001896,PROD0479,3,2461.3,38.9
ITEM004744,ORD001897,PROD0219,5,54999.32,7.33
ITEM004745,ORD001898,PROD0392,2,67412.54,7.89
ITEM004746,ORD001898,PROD0081,5,2711.75,28.47
ITEM004747,ORD001898,PROD0176,4,2863.48,22.31
ITEM004748,ORD001898,PROD0488,4,34388.15,22.11
ITEM004749,ORD001899,PROD0329,-4,21770.96,32.5
ITEM004750,ORD001900,PROD0057,2,881.55,15.54
ITEM004751,ORD001900,PROD0057,4,934.24,36.09
ITEM004752,ORD001900,PROD0279,4,1077.17,9.29
ITEM004753,ORD001900,PROD0346,1,277.93,18.79
ITEM004754,ORD001901,PROD0015,1,255.19,28.01
ITEM004755,ORD001902,PROD0093,2,921.72,1.18
ITEM004756,ORD001902,PROD0059,3,394.71,25.33
ITEM004757,ORD001903,PROD0060,1,35503.1,35.36
ITEM004758,ORD001904,PROD0163,3,810.81,31.06
ITEM004759,ORD001904,PROD0342,4,63270.08,12.94
ITEM004760,ORD001904,PROD0311,2,10570.95,19.28
ITEM004761,ORD001904,PROD0219,2,42510.75,27.7
ITEM004762,ORD001905,PROD0048,2,29925.05,37.65
ITEM004763,ORD001905,PROD0136,5,2172.47,23.91
ITEM004764,ORD001905,PROD0247,2,56988.82,2.86
ITEM004765,ORD001905,PROD0263,1,70467.36,16.96
ITEM004766,ORD001906,PROD0434,5,2736.77,12.56
ITEM004767,ORD001907,PROD0274,4,8042.16,31.51
ITEM004768,ORD001907,PROD0478,4,63635.17,20.28
ITEM004769,ORD001908,PROD0089,2,20392.87,25.66
ITEM004770,ORD001908,PROD0256,4,1026.77,0.13
ITEM004771,ORD001908,PROD0457,2,16018.78,30.99
ITEM004772,ORD001909,PROD0302,1,22784.34,37.72
ITEM004773,ORD001909,PROD0476,5,11264.6,15.01
ITEM004774,ORD001909,PROD0339,3,773.3,24.62
ITEM004775,ORD001910,PROD0451,3,2170.17,18.75
ITEM004776,ORD001910,PROD0219,3,44292.24,4.36
ITEM004777,ORD001911,PROD0217,1,181.12,4.63
ITEM004778,ORD001912,PROD0115,4,63722.02,1.94
ITEM004779,ORD001912,PROD0340,1,1082.48,20.83
ITEM004780,ORD001913,PROD0057,1,737.02,19.62
ITEM004781,ORD001913,PROD0050,2,10028.73,0.22
ITEM004782,ORD001913,PROD0319,3,301.59,22.06
ITEM004783,ORD001913,PROD0263,5,62071.51,5.78
ITEM004784,ORD001914,PROD0436,3,470.27,25.93
ITEM004785,ORD001914,PROD0485,5,64074.42,5.58
ITEM004786,ORD001915,PROD0163,3,752.19,26.96
ITEM004787,ORD001915,PROD0243,5,9024.35,9.68
ITEM004788,ORD001915,PROD0434,2,2979.1,38.78
ITEM004789,ORD001916,PROD0394,3,4496.3,29.83
ITEM004790,ORD001916,PROD0412,4,2785.89,37.2
ITEM004791,ORD001916,PROD0057,1,714.27,13.24
ITEM004792,ORD001916,PROD0423,4,1295.0,13.5
ITEM004793,ORD001917,PROD0089,2,16162.09,27.39
ITEM004794,ORD001918,PROD0128,5,42576.2,7.24
ITEM004795,ORD001919,PROD0156,3,775.61,20.05
ITEM004796,ORD001919,PROD0243,5,10740.1,37.99
ITEM004797,ORD001919,PROD0339,5,575.27,31.37
ITEM004798,ORD001919,PROD0238,5,80925.01,33.31
ITEM004799,ORD001920,PROD0367,4,1417.09,23.19
ITEM004800,ORD001920,PROD0259,3,9975.85,5.31
ITEM004801,ORD001920,PROD0238,2,73038.87,19.88
ITEM004802,ORD001921,PROD0240,1,2547.01,38.79
ITEM004803,ORD001922,PROD0477,4,37283.28,22.57
ITEM004804,ORD001922,PROD0163,1,864.59,33.53
ITEM004805,ORD001923,PROD0378,2,9441.1,14.3
ITEM004806,ORD001924,PROD0369,1,1453.48,6.91
ITEM004807,ORD001924,PROD0057,1,715.26,33.41
ITEM004808,ORD001924,PROD0307,5,1083.04,27.09
ITEM004809,ORD001925,PROD0010,4,14690.94,0.14
ITEM004810,ORD001926,PROD0219,4,50983.49,25.37
ITEM004811,ORD001926,PROD0044,-4,1811.22,7.61
ITEM004812,ORD001926,PROD0020,2,1144.9,0.36
ITEM004813,ORD001926,PROD0011,4,18204.27,38.51
ITEM004814,ORD001927,PROD0454,2,2614.8,14.59
ITEM004815,ORD001927,PROD0057,2,685.19,39.07
ITEM004816,ORD001928,PROD0198,4,8087.85,38.68
ITEM004817,ORD001928,PROD0370,2,1198.17,1.39
ITEM004818,ORD001928,PROD0352,3,327.43,35.94
ITEM004819,ORD001928,PROD0002,1,3818.33,4.52
ITEM004820,ORD001929,PROD0376,4,715.33,24.86
ITEM004821,ORD001930,PROD0219,1,54232.56,15.52
ITEM004822,ORD001930,PROD0370,5,1331.57,30.95
ITEM004823,ORD001930,PROD0290,4,3677.9,38.98
ITEM004824,ORD001930,PROD0328,2,208.19,34.6
ITEM004825,ORD001931,PROD0279,2,988.43,0.21
ITEM004826,ORD001931,PROD0231,3,52199.58,23.54
ITEM004827,ORD001932,PROD0115,3,61559.85,14.34
ITEM004828,ORD001932,PROD0169,4,804.47,11.06
ITEM004829,ORD001932,PROD0363,1,16812.84,37.23
ITEM004830,ORD001932,PROD0425,5,3209.04,1.9
ITEM004831,ORD001933,PROD0141,3,45495.11,12.6
ITEM004832,ORD001934,PROD0430,4,344.2,28.77
ITEM004833,ORD001935,PROD0219,4,47940.79,36.69
ITEM004834,ORD001935,PROD0093,5,1149.8,8.39
ITEM004835,ORD001935,PROD0165,5,683.99,29.11
ITEM004836,ORD001936,PROD0147,3,3147.06,31.3
ITEM004837,ORD001936,PROD0416,4,39825.77,4.24
ITEM004838,ORD001937,PROD0197,3,244.52,34.67
ITEM004839,ORD001937,PROD0213,3,762.7,20.2
ITEM004840,ORD001938,PROD0185,2,16546.09,38.55
ITEM004841,ORD001939,PROD0464,4,56799.76,12.94
ITEM004842,ORD001939,PROD0174,5,44611.91,6.39
ITEM004843,ORD001939,PROD0477,4,32720.57,30.27
ITEM004844,ORD001940,PROD0447,-2,15956.57,10.51
ITEM004845,ORD001940,PROD0051,4,16521.07,11.98
ITEM004846,ORD001940,PROD0005,5,1216.9,0.66
ITEM004847,ORD001940,PROD0318,2,419.79,14.85
ITEM004848,ORD001941,PROD0088,5,22992.77,5.5
ITEM004849,ORD001942,PROD0425,1,3440.1,12.46
ITEM004850,ORD001942,PROD0254,5,790.7,14.56
ITEM004851,ORD001942,PROD0425,1,3409.62,31.56
ITEM004852,ORD001943,PROD0349,-4,17346.69,22.25
ITEM004853,ORD001944,PROD0257,2,42682.95,20.16
ITEM004854,ORD001944,PROD0238,2,70596.19,19.56
ITEM004855,ORD001944,PROD0049,4,1163.83,1.73
ITEM004856,ORD001945,PROD0238,3,78440.9,36.48
ITEM004857,ORD001945,PROD0425,1,3703.97,4.42
ITEM004858,ORD001946,PROD0496,5,45121.77,32.13
ITEM004859,ORD001946,PROD0027,2,670.01,30.47
ITEM004860,ORD001946,PROD0147,3,2999.28,2.1
ITEM004861,ORD001947,PROD0201,5,57286.07,13.65
ITEM004862,ORD001947,PROD0348,1,87898.7,15.96
ITEM004863,ORD001948,PROD0470,4,13381.46,17.55
ITEM004864,ORD001948,PROD0198,1,6977.21,27.04
ITEM004865,ORD001948,PROD0421,3,41642.73,0.68
ITEM004866,ORD001948,PROD0243,4,8064.89,27.99
ITEM004867,ORD001949,PROD0085,5,10832.79,31.6
ITEM004868,ORD001949,PROD0176,2,2658.47,14.88
ITEM004869,ORD001949,PROD0252,5,1488.26,22.12
ITEM004870,ORD001949,PROD0402,-5,1461.35,15.67
ITEM004871,ORD001950,PROD0401,5,772.99,29.46
ITEM004872,ORD001951,PROD0080,3,14174.49,23.12
ITEM004873,ORD001951,PROD0219,1,43675.59,7.52
ITEM004874,ORD001951,PROD0496,2,44442.62,16.11
ITEM004875,ORD001951,PROD0040,5,60829.97,8.25
ITEM004876,ORD001952,PROD0174,4,38300.33,11.82
ITEM004877,ORD001952,PROD0050,1,9466.08,38.82
ITEM004878,ORD001952,PROD0264,5,69831.17,30.89
ITEM004879,ORD001952,PROD0050,3,9503.2,32.03
ITEM004880,ORD001953,PROD0187,1,17748.69,32.54
ITEM004881,ORD001954,PROD0288,4,1528.64,31.03
ITEM004882,ORD001954,PROD0222,2,1898.27,7.11
ITEM004883,ORD001954,PROD0488,5,33218.11,12.18
ITEM004884,ORD001954,PROD0219,2,42704.41,18.91
ITEM004885,ORD001955,PROD0057,3,803.19,25.54
ITEM004886,ORD001955,PROD0219,1,57265.12,21.72
ITEM004887,ORD001955,PROD0367,3,1376.82,35.14
ITEM004888,ORD001955,PROD0171,0,27808.88,25.6
ITEM004889,ORD001956,PROD0465,2,814.84,14.98
ITEM004890,ORD001956,PROD0225,3,9889.69,34.49
ITEM004891,ORD001956,PROD0488,4,31035.54,27.16
ITEM004892,ORD001957,PROD0147,3,2546.45,20.3
ITEM004893,ORD001957,PROD0089,-2,17469.27,15.14
ITEM004894,ORD001957,PROD0247,2,62416.68,11.22
ITEM004895,ORD001957,PROD0191,1,1174.8,35.66
ITEM004896,ORD001958,PROD0284,1,17966.18,5.87
ITEM004897,ORD001958,PROD0171,2,26488.32,14.59
ITEM004898,ORD001958,PROD0003,1,2040.76,21.83
ITEM004899,ORD001958,PROD0406,4,3944.74,38.39
ITEM004900,ORD001959,PROD0245,1,1263.52,0.84
ITEM004901,ORD001960,PROD0433,2,19634.6,22.03
ITEM004902,ORD001961,PROD0340,5,979.23,12.08
ITEM004903,ORD001962,PROD0254,2,908.06,4.52
ITEM004904,ORD001962,PROD0400,4,33241.66,15.94
ITEM004905,ORD001962,PROD0061,5,39181.48,0.4
ITEM004906,ORD001962,PROD0477,4,34945.37,5.38
ITEM004907,ORD001963,PROD0420,1,7397.33,15.14
ITEM004908,ORD001963,PROD0013,1,673.86,33.8
ITEM004909,ORD001963,PROD0476,1,11387.55,3.5
ITEM004910,ORD001964,PROD0410,1,3814.58,10.84
ITEM004911,ORD001964,PROD0013,3,728.66,6.4
ITEM004912,ORD001964,PROD0035,4,985.64,36.91
ITEM004913,ORD001964,PROD0049,3,1151.7,38.43
ITEM004914,ORD001965,PROD0017,5,65226.33,39.61
ITEM004915,ORD001966,PROD0057,2,751.48,31.66
ITEM004916,ORD001966,PROD0342,1,60010.56,7.07
ITEM004917,ORD001967,PROD0434,4,2835.14,21.62
ITEM004918,ORD001968,PROD0353,3,1149.93,23.52
ITEM004919,ORD001968,PROD0067,1,1148.09,14.0
ITEM004920,ORD001969,PROD0034,5,1286.89,4.55
ITEM004921,ORD001969,PROD0476,4,11127.75,8.96
ITEM004922,ORD001969,PROD0148,2,227.03,2.38
ITEM004923,ORD001970,PROD0219,4,53685.95,23.22
ITEM004924,ORD001970,PROD0013,4,680.75,
ITEM004925,ORD001970,PROD0201,5,51280.44,36.29
ITEM004926,ORD001971,PROD0348,1,69323.2,2.05
ITEM004927,ORD001972,PROD0169,4,615.3,6.04
ITEM004928,ORD001973,PROD0013,2,564.2,0.53
ITEM004929,ORD001974,PROD0010,5,15114.64,25.49
ITEM004930,ORD001974,PROD0103,3,18918.98,32.05
ITEM004931,ORD001975,PROD0327,5,15771.44,19.27
ITEM004932,ORD001976,PROD0270,5,7799.69,21.17
ITEM004933,ORD001976,PROD0029,1,2519.91,20.3
ITEM004934,ORD001977,PROD0352,4,283.26,24.66
ITEM004935,ORD001978,PROD0434,5,3064.5,14.73
ITEM004936,ORD001978,PROD0413,5,13385.11,20.94
ITEM004937,ORD001978,PROD0477,4,30926.01,21.49
ITEM004938,ORD001978,PROD0392,5,63225.97,6.82
ITEM004939,ORD001979,PROD0118,5,62328.05,31.71
ITEM004940,ORD001979,PROD0005,2,1259.69,
ITEM004941,ORD001979,PROD0216,2,12789.95,25.24
ITEM004942,ORD001980,PROD0136,1,2829.61,5.39
ITEM004943,ORD001980,PROD0113,4,3619.99,30.34
ITEM004944,ORD001980,PROD0352,5,370.26,11.01
ITEM004945,ORD001980,PROD0392,1,77278.5,4.74
ITEM004946,ORD001981,PROD0488,4,37085.65,16.86
ITEM004947,ORD001982,PROD0040,1,58010.44,33.42
ITEM004948,ORD001982,PROD0325,5,18048.12,19.74
ITEM004949,ORD001983,PROD0163,4,880.94,7.23
ITEM004950,ORD001983,PROD0166,1,71577.79,0.55
ITEM004951,ORD001983,PROD0128,3,38407.84,10.75
ITEM004952,ORD001984,PROD0050,4,7847.02,32.05
ITEM004953,ORD001984,PROD0219,-5,44776.78,21.16
ITEM004954,ORD001984,PROD0163,5,896.2,38.55
ITEM004955,ORD001984,PROD0277,3,2827.03,4.54
ITEM004956,ORD001985,PROD0456,5,2433.45,5.34
ITEM004957,ORD001986,PROD0255,1,76296.88,20.66
ITEM004958,ORD001986,PROD0475,4,4512.47,2.14
ITEM004959,ORD001986,PROD0253,1,269.61,10.92
ITEM004960,ORD001986,PROD0050,5,8293.8,37.17
ITEM004961,ORD001987,PROD0380,2,20517.86,8.13
ITEM004962,ORD001987,PROD0203,3,6704.88,37.21
ITEM004963,ORD001988,PROD0174,5,44534.88,8.67
ITEM004964,ORD001988,PROD0177,5,3404.96,26.74
ITEM004965,ORD001988,PROD0064,5,25747.05,0.68
ITEM004966,ORD001988,PROD0340,4,1116.48,35.45
ITEM004967,ORD001989,PROD0243,4,10057.79,32.86
ITEM004968,ORD001989,PROD0050,4,9641.75,27.61
ITEM004969,ORD001990,PROD0374,1,1002.67,11.85
ITEM004970,ORD001991,PROD0107,1,53582.62,23.49
ITEM004971,ORD001991,PROD0024,2,24730.05,16.26
ITEM004972,ORD001991,PROD0099,4,41393.24,26.54
ITEM004973,ORD001991,PROD0434,2,2586.06,3.71
ITEM004974,ORD001992,PROD0500,5,46240.13,2.78
ITEM004975,ORD001992,PROD0340,2,872.31,14.06
ITEM004976,ORD001993,PROD0124,5,10641.51,13.31
ITEM004977,ORD001994,PROD0013,5,582.85,18.01
ITEM004978,ORD001994,PROD0238,2,75539.19,31.95
ITEM004979,ORD001995,PROD0222,3,1772.98,34.62
ITEM004980,ORD001995,PROD0111,1,6402.34,18.25
ITEM004981,ORD001995,PROD0183,2,9881.58,14.64
ITEM004982,ORD001996,PROD0491,5,40490.12,23.72
ITEM004983,ORD001997,PROD0050,3,7615.16,28.9
ITEM004984,ORD001998,PROD0349,3,15445.16,16.7
ITEM004985,ORD001998,PROD0013,3,537.58,26.38
ITEM004986,ORD001998,PROD0472,1,291.66,9.58
ITEM004987,ORD001998,PROD0352,2,329.81,35.38
ITEM004988,ORD001999,PROD0171,4,23869.46,
ITEM004989,ORD001999,PROD0468,4,17266.2,22.2
ITEM004990,ORD001999,PROD0141,3,49972.56,2.27
ITEM004991,ORD001999,PROD0225,4,10576.83,10.0
ITEM004992,ORD002000,PROD0321,3,383.8,36.2
ITEM004993,ORD002000,PROD0477,4,32424.56,6.42
ITEM004994,ORD002000,PROD0013,3,546.84,35.29
ITEM004995,ORD002001,PROD0163,2,848.39,6.83
ITEM004996,ORD002002,PROD0219,1,54177.2,6.96
ITEM004997,ORD002003,PROD0140,1,264.2,14.38
ITEM004998,ORD002003,PROD0228,1,11167.7,17.84
ITEM004999,ORD002004,PROD0100,2,5407.68,17.79
ITEM005000,ORD002004,PROD0219,5,56337.39,34.77
ITEM005001,ORD002004,PROD0476,3,12514.92,12.94
ITEM005002,ORD002004,PROD0258,3,9844.66,16.84
ITEM005003,ORD002005,PROD0247,3,49197.66,20.51
ITEM005004,ORD002005,PROD0182,3,772.81,11.94
ITEM005005,ORD002006,PROD0352,1,380.4,23.16
ITEM005006,ORD002006,PROD0219,5,52917.54,38.25
ITEM005007,ORD002006,PROD0238,4,58847.98,11.53
ITEM005008,ORD002007,PROD0293,2,15729.7,13.76
ITEM005009,ORD002008,PROD0219,1,53339.38,34.4
ITEM005010,ORD002008,PROD0461,1,17260.82,12.32
ITEM005011,ORD002008,PROD0219,4,47443.11,11.04
ITEM005012,ORD002009,PROD0011,4,21367.08,9.0
ITEM005013,ORD002009,PROD0434,3,2493.14,20.78
ITEM005014,ORD002009,PROD0408,3,401.14,7.5
ITEM005015,ORD002010,PROD0011,4,19980.46,24.14
ITEM005016,ORD002010,PROD0427,3,11390.23,33.99
ITEM005017,ORD001197,PROD0163,2,891.65,8.88
ITEM005018,ORD001197,PROD0495,2,1302.03,2.98
ITEM005019,ORD001197,PROD0050,1,9159.62,7.65
ITEM005020,ORD000527,PROD0443,4,12917.77,31.37
ITEM005021,ORD000394,PROD0249,1,19329.16,15.42
ITEM005022,ORD000394,PROD0315,2,971.23,17.34
ITEM005023,ORD000394,PROD0245,5,1027.57,5.61
ITEM005024,ORD000394,PROD0352,3,294.45,39.83
ITEM005025,ORD001405,PROD0479,5,2337.46,20.61
ITEM005026,ORD001405,PROD0271,4,953.04,20.69
ITEM005027,ORD001405,PROD0465,3,873.1,6.11
ITEM005028,ORD001405,PROD0085,1,13789.79,28.82
ITEM005029,ORD000434,PROD0022,2,1361.23,14.57
ITEM005030,ORD000434,PROD0163,1,888.38,18.66
ITEM005031,ORD000434,PROD0165,3,699.79,5.54
ITEM005032,ORD000434,PROD0187,1,19879.59,27.96
ITEM005033,ORD000577,PROD0016,4,16241.16,8.12
ITEM005034,ORD001212,PROD0120,5,586.69,10.64
ITEM005035,ORD001212,PROD0219,1,53650.22,37.39
ITEM005036,ORD001212,PROD0372,3,52818.58,35.77
ITEM005037,ORD001212,PROD0477,3,30544.7,24.71
ITEM005038,ORD000430,PROD0471,-2,371.46,31.61
ITEM005039,ORD000612,PROD0219,4,54419.53,5.31
ITEM005040,ORD000612,PROD0163,5,925.5,3.89
ITEM005041,ORD000612,PROD0152,1,1423.35,39.83
ITEM005042,ORD000612,PROD0369,2,1548.26,10.25
ITEM005043,ORD000531,PROD0492,5,27293.15,8.1
ITEM005044,ORD000531,PROD0205,5,1082.12,26.73
ITEM005045,ORD000531,PROD0353,1,1152.09,9.42
ITEM005046,ORD000813,PROD0214,1,73945.98,
ITEM005047,ORD000813,PROD0433,1,15599.51,1.86
ITEM005048,ORD001451,PROD0340,5,1126.72,19.85
ITEM005049,ORD001451,PROD0212,3,9195.88,33.05
