txn_id,account_id,txn_date,amount,merchant
TXN009314,ACC0332,2025-01-10,107549.32,Swiggy
TXN013000,ACC0412,2025-03-17,22297.68,Zomato
TXN018018,ACC0486,2025-05-10,115208.63,Zomato
TXN013757,ACC0443,2025-07-24,45099.7,ATM_Withdrawal
TXN016494,ACC0062,2025-02-25,70884.04,Swiggy
TXN005278,ACC0012,2025-02-26,29630.42,Unknown_POS
TXN001327,ACC0009,2025-05-03,100371.89,Swiggy
TXN015333,ACC0096,2025-04-14,142083.52,Uber
TXN012891,ACC0307,2025-01-11,5800.25,Flipkart
TXN017015,ACC0170,2025-02-02,58011.24,Swiggy
TXN018814,ACC0252,2025-01-04,33202.68,Zomato
TXN011163,ACC0143,2025-01-25,149097.42,Uber
TXN018413,ACC0356,2025-05-18,115091.11,Unknown_POS
TXN007662,ACC0452,2025-01-24,143599.05,Unknown_POS
TXN005860,ACC0002,2025-03-25,2610.54,Flipkart
TXN013629,ACC0215,2025-07-29,53443.84,Unknown_POS
TXN011688,ACC0204,2025-02-22,111164.52,Swiggy
TXN016555,ACC0037,2025-06-13,40729.69,Swiggy
TXN001265,ACC0495,2025-01-05,5604.55,Amazon
TXN016201,ACC0155,2025-03-26,12102.38,Uber
TXN018331,ACC0420,2025-07-25,146939.22,Uber
TXN017023,ACC0224,2025-02-14,70293.65,Flipkart
TXN003531,ACC0149,2025-03-19,15269.85,Swiggy
TXN003572,ACC0103,2025-07-10,138987.96,Swiggy
TXN015778,ACC0240,2025-03-22,62789.17,Amazon
TXN018743,ACC0101,2025-05-20,82977.23,Swiggy
TXN013672,ACC0292,2025-06-11,94517.92,Swiggy
TXN009916,ACC0146,2025-04-30,3398.57,Flipkart
TXN012029,ACC0284,2025-07-14,34921.85,Flipkart
TXN004969,ACC0158,2025-05-29,104848.45,BigBasket
TXN004812,ACC0364,2025-03-06,26295.68,Swiggy
TXN010070,ACC0111,2025-04-27,70932.8,Flipkart
TXN012026,ACC0472,2025-05-04,72358.69,Amazon
TXN006169,ACC0272,2025-02-04,126108.75,Zomato
TXN002956,ACC0252,2025-02-14,71043.59,Flipkart
TXN007985,ACC0004,2025-01-25,54779.14,Flipkart
TXN006374,ACC0109,2025-07-21,102407.72,Zomato
TXN004428,ACC0181,2025-07-28,91727.54,Swiggy
TXN010741,ACC0129,2025-07-05,89569.0,BigBasket
TXN009992,ACC0462,2025-01-07,24252.14,Zomato
TXN001248,ACC0478,2025-01-10,99707.65,Uber
TXN009370,ACC0271,2025-02-22,114214.71,Uber
TXN006954,ACC0426,2025-01-31,3300.95,Unknown_POS
TXN003697,ACC0498,2025-04-19,111289.88,BigBasket
TXN007048,ACC0227,2025-01-22,22006.71,Amazon
TXN008897,ACC0038,2025-07-04,140404.5,ATM_Withdrawal
TXN013756,ACC0347,2025-05-24,82041.11,Amazon
TXN014527,ACC0494,2025-04-23,78389.65,Uber
TXN009503,ACC0138,2025-07-16,143274.82,Unknown_POS
TXN019931,ACC0092,2025-06-07,102853.54,BigBasket
TXN013531,ACC0255,2025-01-01,77742.16,Swiggy
TXN004199,ACC0208,2025-04-07,84472.08,Zomato
TXN019533,ACC0414,2025-01-13,21796.16,Amazon
TXN019571,ACC0379,2025-01-17,87608.86,Uber
TXN007673,ACC0108,2025-01-11,65546.6,BigBasket
TXN007166,ACC0360,2025-07-26,86153.95,BigBasket
TXN014582,ACC0162,2025-03-25,5453.24,Swiggy
TXN017692,ACC0148,2025-05-28,130862.4,Zomato
TXN005717,ACC0351,2025-02-26,37393.72,Flipkart
TXN012417,ACC0446,2025-07-04,58341.45,Flipkart
TXN008191,ACC0135,2025-01-21,42171.51,Zomato
TXN006868,ACC0109,2025-03-19,76866.95,Amazon
TXN005196,ACC0094,2025-03-01,18747.15,Amazon
TXN000378,ACC0436,2025-03-22,138909.99,Unknown_POS
TXN011137,ACC0198,2025-03-07,14149.07,Swiggy
TXN007003,ACC0141,2025-05-12,96876.65,ATM_Withdrawal
TXN016462,ACC0197,2025-03-01,81343.86,Unknown_POS
TXN014589,ACC0334,2025-07-16,20790.84,Zomato
TXN016296,ACC0313,2025-05-31,124521.75,Swiggy
TXN007099,ACC0270,2025-07-30,89298.54,Zomato
TXN011985,ACC0410,2025-06-29,129367.97,ATM_Withdrawal
TXN014943,ACC0476,2025-03-16,26517.62,BigBasket
TXN014558,ACC0029,2025-01-17,77069.42,Swiggy
TXN008669,ACC0096,2025-05-01,21646.57,ATM_Withdrawal
TXN014611,ACC0466,2025-04-15,51658.65,ATM_Withdrawal
TXN012287,ACC0327,2025-04-13,139899.78,Unknown_POS
TXN018738,ACC0380,2025-02-26,576.66,Uber
TXN002310,ACC0074,2025-06-10,89965.6,Amazon
TXN015547,ACC0288,2025-04-18,15303.55,ATM_Withdrawal
TXN004447,ACC0475,2025-01-29,137086.37,ATM_Withdrawal
TXN017202,ACC0279,2025-04-24,86037.89,Swiggy
TXN004177,ACC0266,2025-02-07,93744.77,Flipkart
TXN008285,ACC0245,2025-02-02,29536.49,Zomato
TXN007252,ACC0384,2025-03-15,94325.18,Zomato
TXN006857,ACC0228,2025-01-12,12495.0,BigBasket
TXN005974,ACC0063,2025-02-02,124756.41,Uber
TXN002747,ACC0414,2025-01-28,83016.46,Uber
TXN012693,ACC0260,2025-07-08,149310.65,Flipkart
TXN001090,ACC0363,2025-03-16,146889.69,Amazon
TXN007001,ACC0039,2025-06-25,32075.85,BigBasket
TXN011134,ACC0098,2025-07-23,133158.74,Swiggy
TXN015102,ACC0286,2025-02-11,132174.98,BigBasket
TXN018747,ACC0446,2025-05-10,88681.13,Uber
TXN014559,ACC0190,2025-06-11,101353.98,Unknown_POS
TXN000102,ACC0415,2025-01-15,68042.17,Unknown_POS
TXN019447,ACC0222,2025-05-30,2868.51,Amazon
TXN004639,ACC0053,2025-04-16,136215.96,Flipkart
TXN016685,ACC0234,2025-03-02,135216.99,Swiggy
TXN014800,ACC0159,2025-07-15,99817.38,BigBasket
TXN000695,ACC0329,2025-07-04,92771.49,Amazon
TXN007815,ACC0202,2025-07-14,113828.92,ATM_Withdrawal
TXN000878,ACC0466,2025-03-30,72273.67,Zomato
TXN007061,ACC0484,2025-02-05,147962.71,Unknown_POS
TXN001593,ACC0496,2025-05-24,6216.69,Swiggy
TXN019012,ACC0423,2025-01-14,84917.99,BigBasket
TXN007352,ACC0298,2025-06-07,67346.91,Amazon
TXN012772,ACC0468,2025-04-12,113865.64,Amazon
TXN008216,ACC0124,2025-01-23,102832.49,Amazon
TXN004237,ACC0123,2025-02-22,137477.06,Zomato
TXN017308,ACC0267,2025-03-11,18611.47,ATM_Withdrawal
TXN007246,ACC0206,2025-03-18,54971.85,Swiggy
TXN012285,ACC0027,2025-05-05,8783.03,Amazon
TXN019616,ACC0256,2025-03-15,57710.16,ATM_Withdrawal
TXN002612,ACC0423,2025-06-01,18559.19,ATM_Withdrawal
TXN016581,ACC0151,2025-03-23,69233.55,ATM_Withdrawal
TXN017261,ACC0209,2025-02-07,76709.67,ATM_Withdrawal
TXN002825,ACC0190,2025-02-22,42311.54,Unknown_POS
TXN008804,ACC0147,2025-06-28,81279.62,Zomato
TXN018533,ACC0438,2025-04-01,26084.84,BigBasket
TXN014477,ACC0048,2025-02-05,89383.26,Amazon
TXN019383,ACC0144,2025-01-29,121883.61,Swiggy
TXN012933,ACC0206,2025-06-07,3511.39,Unknown_POS
TXN000146,ACC0204,2025-03-03,82834.29,Uber
TXN003906,ACC0162,2025-05-05,29845.49,Amazon
TXN003769,ACC0021,2025-03-16,90188.0,Unknown_POS
TXN010980,ACC0278,2025-07-06,87104.55,Amazon
TXN007198,ACC0433,2025-06-01,47244.11,BigBasket
TXN015748,ACC0253,2025-04-14,55393.24,Unknown_POS
TXN000004,ACC0432,2025-05-25,6227.09,Amazon
TXN010345,ACC0317,2025-01-30,17079.31,Amazon
TXN018086,ACC0421,2025-03-21,89650.13,Amazon
TXN007538,ACC0438,2025-05-27,110542.53,Flipkart
TXN014481,ACC0401,2025-04-27,101025.87,Swiggy
TXN002582,ACC0096,2025-03-27,134985.39,Swiggy
TXN014259,ACC0082,2025-01-17,87029.03,Swiggy
TXN018950,ACC0444,2025-01-25,16726.05,Swiggy
TXN009900,ACC0268,2025-04-18,38603.97,Uber
TXN002554,ACC0054,2025-03-29,31338.79,BigBasket
TXN004300,ACC0297,2025-04-09,95534.71,Zomato
TXN011326,ACC0177,2025-01-01,27238.66,ATM_Withdrawal
TXN019421,ACC0323,2025-05-23,104372.86,Unknown_POS
TXN013446,ACC0132,2025-02-23,112723.14,Zomato
TXN009186,ACC0104,2025-03-25,17557.43,ATM_Withdrawal
TXN011146,ACC0302,2025-02-14,2325.89,Unknown_POS
TXN015224,ACC0233,2025-05-24,109450.52,Unknown_POS
TXN004520,ACC0214,2025-02-01,73391.03,ATM_Withdrawal
TXN010530,ACC0373,2025-07-11,23248.72,Flipkart
TXN012466,ACC0393,2025-04-20,131503.59,Swiggy
TXN900001,,2025-03-01,4500.0,Amazon
TXN009490,ACC0238,2025-06-15,83842.84,Swiggy
TXN001828,ACC0481,2025-04-20,96162.89,Amazon
TXN016694,ACC0142,2025-07-13,40597.17,Zomato
TXN009155,ACC0308,2025-04-10,131791.58,ATM_Withdrawal
TXN001552,ACC0469,2025-04-23,94721.34,Unknown_POS
TXN019311,ACC0015,2025-07-28,96284.32,Zomato
TXN005171,ACC0375,2025-03-12,118623.59,Amazon
TXN008986,ACC0347,2025-02-24,12091.38,BigBasket
TXN016432,ACC0054,2025-03-05,66181.32,Zomato
TXN001135,ACC0055,2025-04-09,8117.29,Unknown_POS
TXN019978,ACC0109,2025-06-30,34153.86,Amazon
TXN014385,ACC0455,2025-07-05,49937.67,Flipkart
TXN015712,ACC0003,2025-06-25,6670.72,Amazon
TXN000257,ACC0094,2025-04-06,104030.81,Unknown_POS
TXN005215,ACC0165,2025-02-22,7479.33,BigBasket
TXN007293,ACC0452,2025-07-12,100834.15,Flipkart
TXN001356,ACC0428,2025-05-14,96718.57,Unknown_POS
TXN012497,ACC0266,2025-07-04,22836.8,Swiggy
TXN013967,ACC0433,2025-01-29,138943.79,Swiggy
TXN015374,ACC0278,2025-07-30,99227.59,Swiggy
TXN016590,ACC0243,2025-04-27,7737.41,Flipkart
TXN000177,ACC0043,2025-05-08,126807.2,BigBasket
TXN001284,ACC0406,2025-06-11,91885.6,Swiggy
TXN019524,ACC0340,2025-04-09,76781.55,BigBasket
TXN016964,ACC0006,2025-04-12,104933.59,Uber
TXN003448,ACC0494,2025-05-18,7912.67,Unknown_POS
TXN007961,ACC0121,2025-02-19,114048.24,Amazon
TXN013059,ACC0349,2025-05-27,56120.37,Unknown_POS
TXN003735,ACC0251,2025-01-30,48856.82,BigBasket
TXN007110,ACC0263,2025-07-21,121625.64,Swiggy
TXN017166,ACC0144,2025-05-02,120779.03,Zomato
TXN012968,ACC0348,2025-07-11,56609.49,ATM_Withdrawal
TXN002977,ACC0236,2025-01-21,131585.9,Zomato
TXN007852,ACC0173,2025-07-28,99317.45,Flipkart
TXN016387,ACC0411,2025-03-09,115852.14,Swiggy
TXN009097,ACC0345,2025-01-24,25244.35,Flipkart
TXN019389,ACC0419,2025-01-07,123204.97,Swiggy
TXN019361,ACC0466,2025-02-09,123542.05,Flipkart
TXN007942,ACC0126,2025-01-28,17511.36,Amazon
TXN000479,ACC0104,2025-07-30,94102.57,Uber
TXN010312,ACC0043,2025-05-14,143563.6,BigBasket
TXN002472,ACC0015,2025-06-08,106151.01,Flipkart
TXN015468,ACC0300,2025-06-23,138216.28,Flipkart
TXN016516,ACC0026,2025-06-07,91429.63,ATM_Withdrawal
TXN016996,ACC0325,2025-05-17,65716.63,Swiggy
TXN015287,ACC0426,2025-06-25,47757.44,Flipkart
TXN017101,ACC0120,2025-01-16,50071.03,Uber
TXN004388,ACC0187,2025-07-15,387.61,Swiggy
TXN001673,ACC0230,2025-06-28,65462.69,Swiggy
TXN008520,ACC0216,2025-05-28,83033.27,Uber
TXN002349,ACC0194,2025-07-07,4000.72,Unknown_POS
TXN004666,ACC0479,2025-02-10,76659.2,ATM_Withdrawal
TXN007890,ACC0347,2025-06-12,100261.05,Zomato
TXN002366,ACC0419,2025-06-27,70291.99,BigBasket
TXN002560,ACC0352,2025-03-20,142726.61,Flipkart
TXN001977,ACC0227,2025-06-28,7211.02,Flipkart
TXN014703,ACC0179,2025-06-28,100373.63,Flipkart
TXN004718,ACC0161,2025-07-25,99003.0,Flipkart
TXN012128,ACC0254,2025-01-05,38812.92,Amazon
TXN015474,ACC0403,2025-05-23,86415.56,BigBasket
TXN008459,ACC0489,2025-05-22,49987.95,Amazon
TXN006278,ACC0338,2025-04-24,80150.02,Amazon
TXN004220,ACC0189,2025-07-04,108798.02,Unknown_POS
TXN010368,ACC0260,2025-04-12,131207.2,Swiggy
TXN017063,ACC0104,2025-02-14,14344.98,BigBasket
TXN009521,ACC0173,2025-01-18,127466.95,Swiggy
TXN001077,ACC0477,2025-01-10,14014.29,Uber
TXN011997,ACC0485,2025-01-20,85149.97,BigBasket
TXN010428,ACC0393,2025-04-09,42962.96,Uber
TXN008558,ACC0359,2025-02-08,97235.1,Uber
TXN018833,ACC0264,2025-05-24,137688.71,BigBasket
TXN003177,ACC0254,2025-02-11,26860.34,Unknown_POS
TXN012471,ACC0498,2025-04-15,149042.86,BigBasket
TXN011368,ACC0287,2025-05-06,114597.87,BigBasket
TXN010433,ACC0339,2025-04-27,60818.91,Swiggy
TXN004872,ACC0370,2025-07-07,54997.88,Swiggy
TXN015504,ACC0428,2025-04-01,67543.12,ATM_Withdrawal
TXN019793,ACC0408,2025-05-20,26100.34,BigBasket
TXN008059,ACC0120,2025-03-12,51091.02,Zomato
TXN012244,ACC0205,2025-03-12,109293.73,Amazon
TXN004662,ACC0215,2025-05-02,48063.71,Flipkart
TXN005673,ACC0216,2025-06-14,93845.21,BigBasket
TXN003209,ACC0286,2025-05-16,122605.63,Amazon
TXN008490,ACC0296,2025-07-05,90110.87,Uber
TXN004565,ACC0091,2025-01-26,13560.56,Amazon
TXN011929,ACC0028,2025-07-08,36583.87,Swiggy
TXN016830,ACC0050,2025-03-28,38975.59,Flipkart
TXN007747,ACC0394,2025-06-06,128796.43,Amazon
TXN009731,ACC0072,2025-05-13,51114.59,Flipkart
TXN012468,ACC0371,2025-02-25,57110.38,Amazon
TXN004112,ACC0009,2025-07-19,35201.42,ATM_Withdrawal
TXN005439,ACC0061,2025-01-09,24645.76,Swiggy
TXN010164,ACC0337,2025-03-03,49260.37,Unknown_POS
TXN010093,ACC0016,2025-02-21,135286.03,Uber
TXN014808,ACC0398,2025-04-28,124060.07,Swiggy
TXN007364,ACC0112,2025-05-05,137082.7,Flipkart
TXN014342,ACC0103,2025-02-22,71524.52,Uber
TXN004993,ACC0409,2025-01-03,132717.41,Swiggy
TXN009283,ACC0196,2025-04-27,91983.88,Unknown_POS
TXN009479,ACC0341,2025-06-21,133426.58,ATM_Withdrawal
TXN007963,ACC0360,2025-01-11,26860.68,ATM_Withdrawal
TXN013125,ACC0038,2025-02-04,133002.08,ATM_Withdrawal
TXN012364,ACC0113,2025-07-22,1953.27,Zomato
TXN007225,ACC0213,2025-04-27,30009.46,ATM_Withdrawal
TXN003331,ACC0389,2025-03-16,33733.78,Flipkart
TXN015085,ACC0317,2025-06-03,6880.22,Zomato
TXN004458,ACC0146,2025-07-17,118878.52,Amazon
TXN007543,ACC0281,2025-01-27,102442.95,BigBasket
TXN015035,ACC0006,2025-01-25,20822.33,Zomato
TXN002907,ACC0225,2025-01-30,5907.34,Unknown_POS
TXN002026,ACC0011,2025-07-15,57243.83,Flipkart
TXN013603,ACC0098,2025-07-11,47836.7,Unknown_POS
TXN013056,ACC0150,2025-02-17,51451.68,BigBasket
TXN018299,ACC0135,2025-03-25,118830.73,Amazon
TXN018227,ACC0469,2025-07-07,25632.83,ATM_Withdrawal
TXN001172,ACC0361,2025-05-24,123121.95,BigBasket
TXN001044,ACC0208,2025-07-18,6321.85,Unknown_POS
TXN019955,ACC0474,2025-05-03,62865.91,Unknown_POS
TXN003029,ACC0023,2025-02-24,45325.59,Flipkart
TXN014986,ACC0439,2025-05-02,126363.55,ATM_Withdrawal
TXN000244,ACC0491,2025-04-29,34816.74,Unknown_POS
TXN006541,ACC0333,2025-05-06,1106.07,Unknown_POS
TXN008510,ACC0044,2025-02-10,26041.78,Unknown_POS
TXN018791,ACC0339,2025-02-13,132217.07,Swiggy
TXN007238,ACC0370,2025-06-07,123234.83,Swiggy
TXN008401,ACC0362,2025-07-14,88971.68,Flipkart
TXN016450,ACC0042,2025-01-11,15913.33,Uber
TXN003184,ACC0166,2025-02-10,28826.01,Unknown_POS
TXN002663,ACC0179,2025-06-30,78782.09,Flipkart
TXN002699,ACC0205,2025-06-08,8544.4,Flipkart
TXN014960,ACC0387,2025-04-11,12205.24,Swiggy
TXN017273,ACC0338,2025-04-19,38123.13,Amazon
TXN019309,ACC0092,2025-07-18,2502.43,Flipkart
TXN009506,ACC0430,2025-02-05,86501.95,Swiggy
TXN002257,ACC0187,2025-03-27,45688.29,Flipkart
TXN014106,ACC0056,2025-04-27,118425.76,Uber
TXN011121,ACC0319,2025-05-11,123546.49,Uber
TXN003682,ACC0412,2025-01-28,111434.87,Zomato
TXN014700,ACC0297,2025-03-21,46754.27,ATM_Withdrawal
TXN010633,ACC0199,2025-03-06,61129.46,Amazon
TXN010084,ACC0095,2025-01-19,23187.17,Zomato
TXN002896,ACC0316,2025-05-02,78534.68,Zomato
TXN002389,ACC0021,2025-07-02,116137.54,Unknown_POS
TXN011470,ACC0062,2025-04-30,135566.28,Zomato
TXN017619,ACC0384,2025-05-24,25244.18,BigBasket
TXN018125,ACC0255,2025-04-02,5430.55,BigBasket
TXN000641,ACC0364,2025-06-16,146278.16,Swiggy
TXN016617,ACC0443,2025-07-07,91356.62,Uber
TXN012641,ACC0399,2025-03-31,27892.17,Zomato
TXN008834,ACC0046,2025-05-13,91155.39,Unknown_POS
TXN001975,ACC0079,2025-04-23,53745.14,Zomato
TXN019244,ACC0424,2025-01-15,12328.45,Amazon
TXN009059,ACC0364,2025-05-09,106658.01,Flipkart
TXN002368,ACC0085,2025-01-14,120510.72,Unknown_POS
TXN002463,ACC0316,2025-06-14,59028.0,Amazon
TXN017689,ACC0316,2025-01-30,107008.93,Amazon
TXN007168,ACC0013,2025-06-28,121355.42,ATM_Withdrawal
TXN002674,ACC0479,2025-06-23,71488.13,Zomato
TXN014061,ACC0231,2025-06-20,729.34,Uber
TXN005872,ACC0083,2025-02-28,110166.08,Amazon
TXN010724,ACC0210,2025-01-09,105835.71,ATM_Withdrawal
TXN013807,ACC0001,2025-01-20,9688.89,Zomato
TXN010673,ACC0352,2025-04-20,128549.29,BigBasket
TXN017611,ACC0413,2025-05-29,148542.61,Swiggy
TXN001476,ACC0437,2025-04-07,66411.29,Amazon
TXN006704,ACC0066,2025-07-15,95086.87,BigBasket
TXN004086,ACC0138,2025-03-05,92476.91,Flipkart
TXN009544,ACC0187,2025-02-08,19080.1,Flipkart
TXN013251,ACC0269,2025-06-22,8411.73,Uber
TXN015127,ACC0104,2025-03-10,10801.77,ATM_Withdrawal
TXN019085,ACC0178,2025-07-03,120995.58,BigBasket
TXN013252,ACC0097,2025-01-21,118422.81,Unknown_POS
TXN012444,ACC0062,2025-03-22,97210.68,BigBasket
TXN019394,ACC0402,2025-06-03,135575.47,ATM_Withdrawal
TXN004975,ACC0131,2025-02-03,134831.65,Swiggy
TXN018259,ACC0433,2025-06-11,64297.02,Zomato
TXN006362,ACC0454,2025-02-01,83081.66,Zomato
TXN010835,ACC0247,2025-04-17,108514.69,Swiggy
TXN008559,ACC0212,2025-01-22,100470.15,BigBasket
TXN019671,ACC0453,2025-03-13,116557.8,Swiggy
TXN018649,ACC0001,2025-05-12,55680.64,ATM_Withdrawal
TXN003763,ACC0351,2025-02-02,89034.69,Amazon
TXN016905,ACC0030,2025-07-01,48082.54,Flipkart
TXN013170,ACC0301,2025-04-15,12989.59,Amazon
TXN000043,ACC0269,2025-06-11,108191.37,Unknown_POS
TXN001704,ACC0367,2025-07-13,62280.54,Zomato
TXN013970,ACC0300,2025-03-05,29498.33,ATM_Withdrawal
TXN002808,ACC0376,2025-02-16,108569.93,Flipkart
TXN016926,ACC0038,2025-05-21,65024.85,Amazon
TXN000261,ACC0096,2025-03-22,126305.68,Amazon
TXN009409,ACC0139,2025-07-03,49459.76,BigBasket
TXN001347,ACC0241,2025-07-01,79809.08,Uber
TXN016883,ACC0131,2025-04-13,5523.43,Flipkart
TXN007928,ACC0148,2025-02-21,24636.32,Zomato
TXN005822,ACC0268,2025-07-10,569.29,Swiggy
TXN000719,ACC0365,2025-07-09,96143.74,Uber
TXN005790,ACC0272,2025-02-07,69566.72,Amazon
TXN017164,ACC0392,2025-06-25,87791.19,Uber
TXN012206,ACC0211,2025-02-07,72181.95,BigBasket
TXN004270,ACC0067,2025-05-14,80438.95,Amazon
TXN018152,ACC0280,2025-07-15,132761.24,BigBasket
TXN018205,ACC0318,2025-01-29,89955.03,Uber
TXN006610,ACC0212,2025-04-22,142884.35,Amazon
TXN008072,ACC0078,2025-06-15,122682.06,Uber
TXN017844,ACC0011,2025-06-08,63476.7,Unknown_POS
TXN012601,ACC0219,2025-07-04,87431.29,Uber
TXN009872,ACC0179,2025-05-05,120738.43,BigBasket
TXN004641,ACC0249,2025-05-03,85674.13,Zomato
TXN011961,ACC0489,2025-01-24,121901.24,ATM_Withdrawal
TXN004992,ACC0489,2025-03-03,62891.09,Swiggy
TXN018817,ACC0423,2025-03-05,97123.46,Amazon
TXN012240,ACC0473,2025-03-23,84588.82,Swiggy
TXN003933,ACC0214,2025-07-24,123897.02,Swiggy
TXN002387,ACC0230,2025-07-21,19723.08,Uber
TXN015742,ACC0124,2025-05-10,121768.74,Zomato
TXN004626,ACC0387,2025-01-18,119275.75,Amazon
TXN003455,ACC0474,2025-03-16,760.58,Zomato
TXN014749,ACC0042,2025-01-13,63158.13,Unknown_POS
TXN016845,ACC0434,2025-01-14,89108.87,Uber
TXN009318,ACC0162,2025-02-28,96270.33,Uber
TXN011591,ACC0168,2025-02-17,1119.83,Unknown_POS
TXN003493,ACC0289,2025-01-15,122065.22,Flipkart
TXN008546,ACC0069,2025-05-23,102722.6,Zomato
TXN008203,ACC0391,2025-04-10,40801.35,ATM_Withdrawal
TXN005792,ACC0116,2025-03-28,101591.37,Uber
TXN011269,ACC0184,2025-06-23,11629.21,Uber
TXN010676,ACC0471,2025-06-16,145167.52,Flipkart
TXN008596,ACC0493,2025-05-17,37580.28,Unknown_POS
TXN000331,ACC0008,2025-03-09,32400.65,Amazon
TXN000578,ACC0465,2025-01-29,125293.06,ATM_Withdrawal
TXN012806,ACC0214,2025-01-06,55939.64,Zomato
TXN007519,ACC0384,2025-04-28,118092.36,Amazon
TXN017662,ACC0126,2025-07-16,88067.33,Flipkart
TXN009620,ACC0201,2025-02-16,130408.8,ATM_Withdrawal
TXN014177,ACC0177,2025-05-03,105351.94,Uber
TXN007046,ACC0335,2025-05-10,138235.18,Zomato
TXN007900,ACC0278,2025-01-24,148624.53,Unknown_POS
TXN018068,ACC0471,2025-06-01,19661.79,Uber
TXN019443,ACC0151,2025-06-29,116294.24,Uber
TXN004834,ACC0002,2025-02-20,110013.62,Amazon
TXN013810,ACC0189,2025-06-10,148042.85,ATM_Withdrawal
TXN000992,ACC0179,2025-02-18,48144.72,Amazon
TXN009674,ACC0071,2025-05-29,33193.19,ATM_Withdrawal
TXN004056,ACC0126,2025-03-21,80585.38,Unknown_POS
TXN012239,ACC0176,2025-04-02,89945.87,ATM_Withdrawal
TXN012606,ACC0290,2025-05-14,141064.76,Uber
TXN006342,ACC0159,2025-05-19,63487.43,ATM_Withdrawal
TXN007846,ACC0132,2025-06-07,64438.49,Uber
TXN019916,ACC0426,2025-03-17,110069.46,Unknown_POS
TXN005643,ACC0230,2025-06-27,97937.02,Amazon
TXN007710,ACC0168,2025-03-08,40921.22,Amazon
TXN004837,ACC0484,2025-03-26,142876.91,Unknown_POS
TXN008000,ACC0469,2025-02-16,44889.06,ATM_Withdrawal
TXN000615,ACC0487,2025-03-29,54533.2,Amazon
TXN002327,ACC0348,2025-04-19,22575.49,Uber
TXN019289,ACC0068,2025-03-08,54568.5,Flipkart
TXN012509,ACC0453,2025-01-01,69085.45,Uber
TXN015715,ACC0384,2025-02-12,6425.11,Zomato
TXN017237,ACC0222,2025-03-10,127221.39,Unknown_POS
TXN000039,ACC0189,2025-03-26,101087.27,Unknown_POS
TXN016577,ACC0295,2025-05-21,143648.74,ATM_Withdrawal
TXN008454,ACC0252,2025-05-11,80213.49,Unknown_POS
TXN010240,ACC0085,2025-04-24,59726.12,Zomato
TXN015087,ACC0120,2025-07-25,84178.88,Unknown_POS
TXN010346,ACC0460,2025-07-03,103508.05,ATM_Withdrawal
TXN008888,ACC0328,2025-02-24,72534.82,ATM_Withdrawal
TXN002445,ACC0278,2025-04-22,57265.42,Unknown_POS
TXN006939,ACC0252,2025-06-18,83083.94,ATM_Withdrawal
TXN002819,ACC0454,2025-02-13,43307.4,Uber
TXN014824,ACC0224,2025-04-12,59215.39,Unknown_POS
TXN017332,ACC0453,2025-02-01,15856.09,BigBasket
TXN016080,ACC0361,2025-06-10,100760.03,Swiggy
TXN015684,ACC0154,2025-07-08,123867.06,ATM_Withdrawal
TXN018423,ACC0499,2025-01-16,13444.49,BigBasket
TXN005405,ACC0271,2025-05-03,48838.76,Amazon
TXN012666,ACC0158,2025-02-18,3207.53,ATM_Withdrawal
TXN019426,ACC0161,2025-04-20,84128.43,Flipkart
TXN010715,ACC0363,2025-05-30,127629.75,BigBasket
TXN016438,ACC0356,2025-02-15,96339.47,Swiggy
TXN019523,ACC0021,2025-01-13,16407.4,ATM_Withdrawal
TXN001650,ACC0447,2025-06-22,15994.28,Amazon
TXN003045,ACC0264,2025-07-28,92197.29,ATM_Withdrawal
TXN015171,ACC0277,2025-07-12,96906.95,Swiggy
TXN006797,ACC0030,2025-01-08,55418.17,BigBasket
TXN013911,ACC0078,2025-05-01,25854.66,BigBasket
TXN004510,ACC0102,2025-04-24,118092.39,Zomato
TXN016547,ACC0236,2025-02-23,70038.41,Swiggy
TXN001837,ACC0101,2025-02-12,49417.23,Flipkart
TXN009909,ACC0126,2025-02-04,46228.26,Unknown_POS
TXN005846,ACC0430,2025-04-15,134202.64,Swiggy
TXN006976,ACC0250,2025-04-13,114902.3,ATM_Withdrawal
TXN019891,ACC0163,2025-07-06,105095.36,ATM_Withdrawal
TXN014018,ACC0256,2025-07-30,62517.34,Swiggy
TXN012542,ACC0388,2025-03-24,9712.12,Unknown_POS
TXN016239,ACC0498,2025-01-14,143948.05,Zomato
TXN015314,ACC0264,2025-07-13,95854.88,Zomato
TXN007464,ACC0235,2025-06-29,128010.21,Amazon
TXN003164,ACC0245,2025-01-30,66312.62,ATM_Withdrawal
TXN014583,ACC0362,2025-03-12,138536.39,Swiggy
TXN002769,ACC0058,2025-05-11,11663.66,Zomato
TXN018136,ACC0293,2025-07-18,25969.97,Uber
TXN000401,ACC0089,2025-04-01,32246.68,Swiggy
TXN002876,ACC0324,2025-07-17,103226.1,Amazon
TXN015396,ACC0145,2025-03-03,127043.69,Swiggy
TXN015717,ACC0271,2025-05-27,79274.39,Uber
TXN017687,ACC0215,2025-05-24,103877.74,BigBasket
TXN011094,ACC0021,2025-07-09,101492.37,Flipkart
TXN010854,ACC0168,2025-06-20,45449.55,Amazon
TXN012402,ACC0408,2025-02-27,17768.41,Flipkart
TXN013483,ACC0325,2025-04-02,12532.51,Zomato
TXN006449,ACC0026,2025-05-20,8950.13,Swiggy
TXN014784,ACC0234,2025-02-13,70346.79,BigBasket
TXN006586,ACC0321,2025-07-09,38180.71,Zomato
TXN012038,ACC0353,2025-04-30,94226.11,Unknown_POS
TXN001603,ACC0028,2025-02-18,22335.69,Zomato
TXN013455,ACC0417,2025-07-05,112154.88,Uber
TXN010481,ACC0225,2025-01-22,52531.94,Amazon
TXN019649,ACC0293,2025-01-21,39450.99,ATM_Withdrawal
TXN019553,ACC0121,2025-05-23,67505.23,ATM_Withdrawal
TXN007997,ACC0043,2025-03-14,90251.22,Amazon
TXN019100,ACC0310,2025-01-04,61400.94,Amazon
TXN018790,ACC0437,2025-04-07,131476.47,Zomato
TXN015559,ACC0192,2025-01-06,3644.39,Amazon
TXN009257,ACC0297,2025-03-31,138861.16,BigBasket
TXN010403,ACC0158,2025-06-12,44699.5,Flipkart
TXN013502,ACC0333,2025-01-10,50996.86,Amazon
TXN018401,ACC0214,2025-03-06,130508.65,Amazon
TXN005266,ACC0196,2025-07-12,87405.88,Amazon
TXN003073,ACC0307,2025-07-22,146385.85,BigBasket
TXN016924,ACC0274,2025-02-21,67440.49,Amazon
TXN011293,ACC0386,2025-01-22,70964.54,BigBasket
TXN005151,ACC0227,2025-07-12,39435.21,Swiggy
TXN005411,ACC0311,2025-04-24,143480.55,Flipkart
TXN008726,ACC0449,2025-03-15,134640.71,Zomato
TXN019782,ACC0431,2025-03-05,116221.02,Swiggy
TXN000028,ACC0284,2025-03-15,11076.09,ATM_Withdrawal
TXN010503,ACC0256,2025-05-03,86238.49,Zomato
TXN015451,ACC0342,2025-01-23,29756.28,Amazon
TXN011771,ACC0372,2025-01-30,126161.48,Uber
TXN000947,ACC0376,2025-01-19,125176.75,Flipkart
TXN008599,ACC0125,2025-04-02,124021.58,Unknown_POS
TXN008745,ACC0295,2025-03-06,13583.61,Flipkart
TXN019227,ACC0138,2025-07-30,18142.7,Flipkart
TXN012530,ACC0004,2025-02-25,8636.41,Zomato
TXN007432,ACC0299,2025-06-19,140484.39,Unknown_POS
TXN003968,ACC0342,2025-05-27,13173.65,Swiggy
TXN009258,ACC0294,2025-03-08,25079.64,Zomato
TXN018526,ACC0266,2025-06-20,40255.11,Amazon
TXN012519,ACC0351,2025-05-10,8270.51,Uber
TXN015185,ACC0183,2025-07-21,31572.01,Uber
TXN004201,ACC0165,2025-04-05,99215.52,BigBasket
TXN013796,ACC0032,2025-01-17,136716.8,Amazon
TXN013580,ACC0270,2025-02-20,111988.15,Unknown_POS
TXN016884,ACC0456,2025-02-08,81333.87,BigBasket
TXN017158,ACC0483,2025-05-08,42238.91,Uber
TXN008595,ACC0467,2025-06-29,77735.82,Flipkart
TXN014236,ACC0054,2025-07-24,109185.82,ATM_Withdrawal
TXN019535,ACC0025,2025-07-22,72897.74,Amazon
TXN004663,ACC0425,2025-02-16,126325.71,Unknown_POS
TXN011982,ACC0473,2025-01-18,106174.36,BigBasket
TXN017194,ACC0476,2025-01-13,53022.12,ATM_Withdrawal
TXN006587,ACC0299,2025-04-21,119574.69,Amazon
TXN010679,ACC0408,2025-06-04,4551.5,Zomato
TXN007751,ACC0340,2025-01-13,16512.99,BigBasket
TXN015555,ACC0248,2025-06-27,59705.43,Flipkart
TXN018497,ACC0288,2025-05-25,61081.71,Flipkart
TXN014699,ACC0064,2025-03-28,13027.2,Unknown_POS
TXN002931,ACC0170,2025-05-28,115808.2,Uber
TXN013564,ACC0093,2025-07-01,85885.27,Amazon
TXN004607,ACC0445,2025-07-04,16271.83,BigBasket
TXN016750,ACC0043,2025-05-29,110152.54,Swiggy
TXN000896,ACC0145,2025-03-10,18799.63,ATM_Withdrawal
TXN011716,ACC0443,2025-07-16,86222.94,BigBasket
TXN008382,ACC0316,2025-05-27,146734.82,Unknown_POS
TXN008920,ACC0097,2025-06-24,148953.97,ATM_Withdrawal
TXN010136,ACC0257,2025-06-21,110621.92,BigBasket
TXN008681,ACC0029,2025-03-07,49622.22,BigBasket
TXN019905,ACC0018,2025-02-09,117260.11,Flipkart
TXN015220,ACC0045,2025-01-09,131464.2,BigBasket
TXN019848,ACC0108,2025-02-09,143215.67,Unknown_POS
TXN008992,ACC0449,2025-07-08,97420.1,Unknown_POS
TXN008872,ACC0332,2025-04-25,30743.82,Uber
TXN018924,ACC0469,2025-07-07,55105.19,Unknown_POS
TXN005369,ACC0384,2025-03-21,116271.87,Flipkart
TXN012906,ACC0028,2025-07-07,62191.98,Flipkart
TXN005165,ACC0396,2025-02-01,97997.51,BigBasket
TXN008160,ACC0020,2025-04-06,57367.13,ATM_Withdrawal
TXN019058,ACC0404,2025-05-06,22329.81,Swiggy
TXN017224,ACC0435,2025-04-14,53262.03,ATM_Withdrawal
TXN018189,ACC0292,2025-03-08,24219.54,ATM_Withdrawal
TXN004690,ACC0133,2025-04-12,71954.56,ATM_Withdrawal
TXN003895,ACC0083,2025-06-13,90921.31,Amazon
TXN014257,ACC0288,2025-02-15,95865.99,BigBasket
TXN013167,ACC0455,2025-04-22,12292.61,Amazon
TXN002725,ACC0337,2025-02-01,98505.71,Flipkart
TXN006979,ACC0103,2025-01-02,16967.92,Swiggy
TXN003113,ACC0351,2025-06-04,66575.8,Zomato
TXN015213,ACC0282,2025-05-09,121479.56,Flipkart
TXN002968,ACC0043,2025-02-14,66537.66,Uber
TXN009781,ACC0224,2025-07-10,121632.88,Zomato
TXN003147,ACC0343,2025-01-17,51387.93,Uber
TXN009427,ACC0228,2025-04-16,89369.17,BigBasket
TXN006970,ACC0358,2025-06-17,7838.34,Amazon
TXN015148,ACC0123,2025-07-02,149203.17,ATM_Withdrawal
TXN009438,ACC0248,2025-06-02,70517.08,Amazon
TXN006766,ACC0031,2025-02-23,47921.76,Flipkart
TXN013054,ACC0180,2025-06-05,125994.43,Unknown_POS
TXN001798,ACC0154,2025-01-23,59325.97,Flipkart
TXN007290,ACC0077,2025-01-01,14826.08,Swiggy
TXN014686,ACC0475,2025-07-07,125264.23,Amazon
TXN003193,ACC0500,2025-04-27,115068.94,Amazon
TXN007776,ACC0191,2025-07-02,114999.15,Amazon
TXN009752,ACC0339,2025-04-09,68586.47,BigBasket
TXN001017,ACC0321,2025-03-07,131807.66,Amazon
TXN013528,ACC0483,2025-01-20,133296.46,Zomato
TXN019019,ACC0353,2025-01-17,107689.95,ATM_Withdrawal
TXN006094,ACC0189,2025-06-18,44575.35,Flipkart
TXN001442,ACC0474,2025-02-24,138075.55,ATM_Withdrawal
TXN018835,ACC0446,2025-06-24,87422.01,ATM_Withdrawal
TXN007983,ACC0138,2025-07-09,99565.78,BigBasket
TXN017750,ACC0011,2025-02-09,68033.63,Amazon
TXN016693,ACC0417,2025-01-31,103836.64,Amazon
TXN019582,ACC0120,2025-03-10,2029.88,Flipkart
TXN009637,ACC0452,2025-01-26,15821.92,BigBasket
TXN010296,ACC0195,2025-05-25,112629.64,Swiggy
TXN010729,ACC0081,2025-01-03,113764.84,Unknown_POS
TXN015651,ACC0297,2025-02-14,68806.86,Zomato
TXN001664,ACC0494,2025-05-05,70749.81,ATM_Withdrawal
TXN002423,ACC0269,2025-02-24,100463.18,Uber
TXN011175,ACC0202,2025-01-05,118863.69,ATM_Withdrawal
TXN005805,ACC0028,2025-01-15,30435.23,Amazon
TXN005443,ACC0184,2025-05-14,15700.98,Zomato
TXN019965,ACC0419,2025-05-07,144702.43,Amazon
TXN006996,ACC0201,2025-01-29,71305.26,Amazon
TXN003506,ACC0107,2025-04-14,63200.04,Unknown_POS
TXN019106,ACC0226,2025-02-08,83432.88,Flipkart
TXN010707,ACC0056,2025-05-26,98344.03,Uber
TXN002992,ACC0265,2025-06-18,94685.49,ATM_Withdrawal
TXN008534,ACC0205,2025-05-14,9241.44,Swiggy
TXN009293,ACC0081,2025-07-16,131472.73,ATM_Withdrawal
TXN009264,ACC0291,2025-02-23,54163.96,Unknown_POS
TXN000170,ACC0418,2025-04-01,40135.34,Unknown_POS
TXN016512,ACC0079,2025-03-16,72246.83,Unknown_POS
TXN015860,ACC0302,2025-06-18,122532.58,BigBasket
TXN003366,ACC0388,2025-05-24,80761.24,Unknown_POS
TXN018469,ACC0190,2025-02-05,4769.62,Swiggy
TXN019935,ACC0105,2025-05-07,38722.4,Swiggy
TXN003959,ACC0302,2025-02-24,60827.39,Zomato
TXN005880,ACC0273,2025-06-14,112908.14,ATM_Withdrawal
TXN007342,ACC0197,2025-03-26,89766.6,Uber
TXN019378,ACC0344,2025-01-19,122990.52,Zomato
TXN012560,ACC0450,2025-04-03,99848.08,BigBasket
TXN017907,ACC0257,2025-03-15,26238.51,ATM_Withdrawal
TXN012969,ACC0002,2025-02-23,136834.48,ATM_Withdrawal
TXN010015,ACC0498,2025-07-22,138970.4,BigBasket
TXN015272,ACC0359,2025-05-28,110983.21,Swiggy
TXN000636,ACC0309,2025-06-29,132971.21,Uber
TXN007592,ACC0160,2025-02-10,15464.31,BigBasket
TXN006853,ACC0184,2025-02-09,77997.29,Unknown_POS
TXN016044,ACC0456,2025-01-30,123875.19,Amazon
TXN003587,ACC0145,2025-07-13,24231.56,Amazon
TXN004901,ACC0117,2025-07-27,96896.67,ATM_Withdrawal
TXN019890,ACC0072,2025-07-02,109839.84,Zomato
TXN001747,ACC0472,2025-01-31,90259.95,Unknown_POS
TXN013789,ACC0371,2025-07-17,144825.76,Swiggy
TXN000457,ACC0339,2025-03-14,44645.23,Flipkart
TXN008030,ACC0216,2025-05-27,145450.28,Amazon
TXN016912,ACC0208,2025-07-04,6669.31,Unknown_POS
TXN019929,ACC0319,2025-06-14,4927.76,Flipkart
TXN004493,ACC0378,2025-02-04,28604.04,Flipkart
TXN015477,ACC0399,2025-04-04,104090.83,Flipkart
TXN015162,ACC0422,2025-01-16,107266.45,ATM_Withdrawal
TXN001365,ACC0083,2025-03-02,17581.75,BigBasket
TXN014231,ACC0038,2025-01-01,102030.45,Flipkart
TXN014349,ACC0086,2025-03-12,12276.57,ATM_Withdrawal
TXN003213,ACC0117,2025-04-28,54362.46,Zomato
TXN017796,ACC0221,2025-02-12,89056.69,Uber
TXN019343,ACC0055,2025-07-12,63409.17,Zomato
TXN015078,ACC0002,2025-04-15,137810.71,Unknown_POS
TXN002743,ACC0480,2025-01-07,136512.6,BigBasket
TXN010009,ACC0267,2025-02-25,91206.29,Swiggy
TXN006593,ACC0138,2025-07-09,139787.09,Flipkart
TXN014260,ACC0307,2025-07-05,48958.98,Amazon
TXN007912,ACC0490,2025-06-25,57064.83,BigBasket
TXN017853,ACC0368,2025-01-12,83319.38,Flipkart
TXN000207,ACC0142,2025-04-18,44997.85,Flipkart
TXN002390,ACC0123,2025-02-23,149551.57,Flipkart
TXN012266,ACC0176,2025-06-14,54590.95,Flipkart
TXN018624,ACC0496,2025-03-17,129684.15,Uber
TXN012896,ACC0168,2025-05-12,103442.18,Swiggy
TXN012224,ACC0292,2025-01-28,6925.06,ATM_Withdrawal
TXN007111,ACC0071,2025-06-22,95296.65,Flipkart
TXN012190,ACC0288,2025-07-21,63315.53,ATM_Withdrawal
TXN004976,ACC0147,2025-01-28,68933.81,Uber
TXN016265,ACC0052,2025-04-12,121579.87,BigBasket
TXN010075,ACC0280,2025-01-04,40597.56,Amazon
TXN007455,ACC0146,2025-03-25,31468.92,Flipkart
TXN001456,ACC0225,2025-05-14,98799.31,Flipkart
TXN016991,ACC0055,2025-01-15,137551.25,Swiggy
TXN002546,ACC0296,2025-05-03,99207.28,Uber
TXN008271,ACC0489,2025-07-11,87499.52,Swiggy
TXN019611,ACC0033,2025-02-06,126906.08,Flipkart
TXN000631,ACC0355,2025-05-29,26088.86,Swiggy
TXN015797,ACC0028,2025-01-03,29762.61,BigBasket
TXN015153,ACC0170,2025-05-30,7258.56,ATM_Withdrawal
TXN000176,ACC0029,2025-06-13,1467.05,Swiggy
TXN003252,ACC0004,2025-04-08,120521.58,Unknown_POS
TXN002032,ACC0470,2025-02-18,676.87,BigBasket
TXN000867,ACC0033,2025-05-02,82287.64,Amazon
TXN006752,ACC0046,2025-07-06,9358.35,Flipkart
TXN013003,ACC0144,2025-05-02,17396.41,Unknown_POS
TXN015311,ACC0255,2025-01-23,31112.96,Uber
TXN008845,ACC0004,2025-01-23,13952.74,Unknown_POS
TXN003544,ACC0479,2025-07-22,144064.14,Zomato
TXN013073,ACC0223,2025-02-17,82153.89,Flipkart
TXN009401,ACC0359,2025-01-10,113721.62,Unknown_POS
TXN007363,ACC0053,2025-04-18,89522.69,Unknown_POS
TXN016362,ACC0305,2025-05-01,80473.33,Unknown_POS
TXN009282,ACC0176,2025-05-04,33664.55,Amazon
TXN016819,ACC0316,2025-01-19,90883.08,ATM_Withdrawal
TXN018570,ACC0238,2025-01-21,97027.18,Flipkart
TXN015399,ACC0073,2025-06-30,78036.5,Uber
TXN006838,ACC0285,2025-04-15,119990.12,Uber
TXN003452,ACC0457,2025-02-26,106875.97,Flipkart
TXN014081,ACC0458,2025-04-08,34573.49,Zomato
TXN008562,ACC0255,2025-05-23,110549.54,Amazon
TXN010924,ACC0404,2025-03-03,84195.01,Uber
TXN011220,ACC0324,2025-06-28,117686.13,Amazon
TXN007139,ACC0152,2025-01-07,82379.24,Zomato
TXN010641,ACC0463,2025-05-26,67684.87,Uber
TXN011757,ACC0265,2025-03-24,8740.94,Swiggy
TXN004697,ACC0458,2025-01-01,51292.27,Zomato
TXN019040,ACC0057,2025-07-05,130140.29,Uber
TXN006150,ACC0053,2025-04-08,97591.18,Uber
TXN006758,ACC0336,2025-02-11,134050.13,Amazon
TXN013142,ACC0442,2025-05-15,115272.36,Amazon
TXN018319,ACC0071,2025-04-17,109815.1,Swiggy
TXN004359,ACC0348,2025-01-27,11835.26,Swiggy
TXN004876,ACC0002,2025-05-28,21273.31,BigBasket
TXN010610,ACC0392,2025-01-12,18784.01,Uber
TXN019175,ACC0094,2025-07-15,34471.66,Zomato
TXN000537,ACC0114,2025-04-01,33538.02,Uber
TXN006038,ACC0315,2025-01-20,7532.84,Flipkart
TXN006905,ACC0117,2025-01-01,42883.92,BigBasket
TXN010408,ACC0238,2025-04-23,62443.13,Flipkart
TXN013574,ACC0067,2025-07-08,55459.48,Unknown_POS
TXN003017,ACC0242,2025-05-21,103033.63,Zomato
TXN002130,ACC0296,2025-02-05,66310.47,ATM_Withdrawal
TXN018151,ACC0008,2025-02-14,18361.13,Zomato
TXN015825,ACC0166,2025-04-07,11371.22,Uber
TXN013538,ACC0296,2025-04-29,52157.07,BigBasket
TXN006090,ACC0043,2025-05-19,112878.65,BigBasket
TXN007122,ACC0376,2025-04-02,97163.44,Flipkart
TXN012220,ACC0341,2025-06-22,82510.98,ATM_Withdrawal
TXN005666,ACC0095,2025-04-03,21676.49,Unknown_POS
TXN019519,ACC0315,2025-07-12,41700.2,Swiggy
TXN019110,ACC0039,2025-07-20,102095.91,Flipkart
TXN016354,ACC0056,2025-06-25,131312.87,Uber
TXN016070,ACC0277,2025-04-08,49257.66,ATM_Withdrawal
TXN018275,ACC0280,2025-03-25,27415.06,ATM_Withdrawal
TXN017957,ACC0445,2025-01-24,45636.17,ATM_Withdrawal
TXN011072,ACC0341,2025-04-04,147267.52,Amazon
TXN002901,ACC0387,2025-05-24,119214.63,ATM_Withdrawal
TXN004695,ACC0421,2025-02-22,107224.48,Flipkart
TXN005091,ACC0155,2025-04-25,27299.49,Zomato
TXN015357,ACC0271,2025-06-03,6943.65,BigBasket
TXN011712,ACC0333,2025-05-11,68328.86,Uber
TXN008759,ACC0123,2025-03-16,122917.02,Flipkart
TXN013518,ACC0191,2025-01-06,145358.23,Amazon
TXN003536,ACC0466,2025-04-24,14605.49,Amazon
TXN005861,ACC0451,2025-07-14,41456.79,ATM_Withdrawal
TXN012831,ACC0489,2025-04-08,149515.63,BigBasket
TXN011113,ACC0036,2025-01-25,61669.27,Unknown_POS
TXN009787,ACC0332,2025-02-19,145538.44,Swiggy
TXN001241,ACC0092,2025-04-23,10456.3,Zomato
TXN005307,ACC0232,2025-05-27,115424.67,Flipkart
TXN011012,ACC0228,2025-07-16,148778.07,ATM_Withdrawal
TXN000910,ACC0082,2025-06-11,109249.15,Flipkart
TXN001298,ACC0344,2025-01-12,8151.44,BigBasket
TXN010375,ACC0032,2025-06-20,51440.5,ATM_Withdrawal
TXN002332,ACC0164,2025-02-07,58620.41,ATM_Withdrawal
TXN013746,ACC0216,2025-05-14,2088.14,Flipkart
TXN009301,ACC0257,2025-04-07,147947.2,ATM_Withdrawal
TXN014581,ACC0130,2025-03-19,118014.67,Unknown_POS
TXN002495,ACC0016,2025-03-25,20827.82,Flipkart
TXN001107,ACC0144,2025-01-08,50905.91,Unknown_POS
TXN005061,ACC0471,2025-07-09,51561.22,BigBasket
TXN015703,ACC0251,2025-03-05,65233.12,Unknown_POS
TXN013489,ACC0302,2025-07-27,145075.85,Flipkart
TXN006280,ACC0047,2025-04-08,42408.56,Unknown_POS
TXN009976,ACC0362,2025-05-03,44532.48,Flipkart
TXN005449,ACC0213,2025-03-02,2234.6,ATM_Withdrawal
TXN000134,ACC0154,2025-07-01,21695.54,ATM_Withdrawal
TXN009638,ACC0219,2025-06-15,98422.89,Unknown_POS
TXN005072,ACC0487,2025-02-21,142407.11,Amazon
TXN000593,ACC0483,2025-02-10,15601.78,ATM_Withdrawal
TXN001290,ACC0313,2025-06-27,5691.3,Swiggy
TXN005590,ACC0491,2025-03-24,95209.17,Zomato
TXN014973,ACC0447,2025-03-10,92470.58,Uber
TXN010830,ACC0422,2025-06-13,30419.34,Swiggy
TXN004098,ACC0167,2025-04-16,56839.76,Uber
TXN019631,ACC0300,2025-03-07,63630.59,ATM_Withdrawal
TXN015673,ACC0391,2025-03-29,90397.02,Unknown_POS
TXN017702,ACC0083,2025-07-05,41021.85,Zomato
TXN002063,ACC0445,2025-06-12,24960.61,Uber
TXN007406,ACC0362,2025-03-17,146194.41,Swiggy
TXN010196,ACC0161,2025-03-22,141662.74,Uber
TXN000945,ACC0421,2025-04-05,119147.72,Amazon
TXN002184,ACC0271,2025-03-31,105083.31,Uber
TXN019353,ACC0358,2025-01-03,10871.93,BigBasket
TXN019234,ACC0145,2025-04-25,2982.74,BigBasket
TXN018668,ACC0409,2025-03-17,139837.03,Zomato
TXN015180,ACC0224,2025-02-21,80433.78,Unknown_POS
TXN013857,ACC0232,2025-02-12,105102.03,Unknown_POS
TXN014763,ACC0287,2025-01-28,143040.84,ATM_Withdrawal
TXN013456,ACC0475,2025-01-06,82341.6,Unknown_POS
TXN004799,ACC0420,2025-05-17,131857.28,Flipkart
TXN000809,ACC0395,2025-03-04,113633.12,ATM_Withdrawal
TXN007772,ACC0343,2025-06-01,73396.51,Zomato
TXN001810,ACC0345,2025-02-01,52981.56,Unknown_POS
TXN018042,ACC0097,2025-01-08,137204.44,Flipkart
TXN015079,ACC0432,2025-02-06,136609.38,Unknown_POS
TXN016145,ACC0446,2025-01-22,124781.12,BigBasket
TXN015042,ACC0423,2025-07-25,71470.71,Zomato
TXN001412,ACC0025,2025-03-16,43785.03,Flipkart
TXN019568,ACC0009,2025-04-25,107210.58,Amazon
TXN018178,ACC0473,2025-03-28,729.56,Zomato
TXN013996,ACC0495,2025-04-10,13041.49,Unknown_POS
TXN006120,ACC0135,2025-06-15,128474.32,Unknown_POS
TXN002536,ACC0072,2025-01-27,149031.38,Unknown_POS
TXN019005,ACC0447,2025-02-08,52944.93,Swiggy
TXN005355,ACC0361,2025-02-10,9681.64,Flipkart
TXN004421,ACC0340,2025-04-03,113347.29,Unknown_POS
TXN005138,ACC0217,2025-04-20,13111.79,BigBasket
TXN014817,ACC0384,2025-07-17,114299.26,Swiggy
TXN000688,ACC0332,2025-07-29,140965.68,Swiggy
TXN008349,ACC0279,2025-05-01,38044.98,Flipkart
TXN015293,ACC0240,2025-07-15,71815.73,BigBasket
TXN017078,ACC0093,2025-01-29,95412.98,Swiggy
TXN007917,ACC0401,2025-05-21,71479.86,ATM_Withdrawal
TXN012607,ACC0166,2025-01-15,96764.36,Flipkart
TXN013008,ACC0021,2025-01-16,68896.79,Amazon
TXN000439,ACC0073,2025-03-26,111814.23,Zomato
TXN002624,ACC0129,2025-02-04,62476.03,Zomato
TXN003727,ACC0456,2025-01-11,51550.89,Swiggy
TXN011988,ACC0193,2025-02-08,47557.8,BigBasket
TXN000927,ACC0166,2025-07-07,70285.79,Swiggy
TXN000725,ACC0135,2025-07-07,132956.06,Flipkart
TXN010393,ACC0454,2025-06-08,89500.86,BigBasket
TXN000082,ACC0090,2025-06-06,128429.17,Unknown_POS
TXN017404,ACC0437,2025-06-10,108390.65,ATM_Withdrawal
TXN003989,ACC0336,2025-01-09,54663.19,Unknown_POS
TXN019250,ACC0454,2025-06-03,117797.76,ATM_Withdrawal
TXN006756,ACC0297,2025-06-17,106571.07,Flipkart
TXN001971,ACC0431,2025-02-11,25629.83,Amazon
TXN009721,ACC0027,2025-04-24,86734.57,BigBasket
TXN003595,ACC0231,2025-04-02,111341.79,ATM_Withdrawal
TXN013800,ACC0050,2025-03-20,77290.23,Zomato
TXN010096,ACC0065,2025-05-31,77361.63,Unknown_POS
TXN013442,ACC0176,2025-07-19,34588.6,Unknown_POS
TXN011832,ACC0052,2025-04-16,76508.87,Uber
TXN016352,ACC0215,2025-06-27,19825.17,Unknown_POS
TXN003851,ACC0415,2025-05-05,18728.26,Zomato
TXN003740,ACC0367,2025-01-01,133982.87,Flipkart
TXN013146,ACC0323,2025-02-11,117907.19,Swiggy
TXN015170,ACC0220,2025-01-11,6370.14,Swiggy
TXN002941,ACC0272,2025-01-21,132498.68,Zomato
TXN012999,ACC0108,2025-01-10,82498.49,Amazon
TXN010853,ACC0259,2025-02-08,64692.32,Zomato
TXN012811,ACC0264,2025-04-30,113681.87,Amazon
TXN004787,ACC0493,2025-03-05,124013.9,Uber
TXN006579,ACC0340,2025-04-23,35066.54,Unknown_POS
TXN010253,ACC0149,2025-03-12,120523.63,Zomato
TXN006847,ACC0283,2025-03-24,143675.35,ATM_Withdrawal
TXN009437,ACC0378,2025-05-31,121844.48,Zomato
TXN016346,ACC0299,2025-04-23,141901.02,Amazon
TXN016640,ACC0471,2025-02-18,91450.77,ATM_Withdrawal
TXN018336,ACC0030,2025-05-03,122491.68,ATM_Withdrawal
TXN002009,ACC0332,2025-07-28,43303.84,Amazon
TXN011532,ACC0142,2025-07-18,132800.1,Zomato
TXN012503,ACC0334,2025-06-16,113352.42,Swiggy
TXN001021,ACC0214,2025-03-03,85956.14,Unknown_POS
TXN015966,ACC0143,2025-07-06,56162.69,BigBasket
TXN005687,ACC0225,2025-07-30,98619.51,Flipkart
TXN009958,ACC0361,2025-06-29,71030.49,ATM_Withdrawal
TXN016264,ACC0192,2025-03-23,147104.17,Swiggy
TXN019614,ACC0196,2025-01-28,118021.62,Uber
TXN006037,ACC0332,2025-01-11,2863.52,Zomato
TXN013058,ACC0368,2025-05-04,121695.72,Zomato
TXN010123,ACC0149,2025-07-03,41002.0,Uber
TXN008093,ACC0342,2025-06-16,63033.04,ATM_Withdrawal
TXN016823,ACC0127,2025-06-28,24283.54,Unknown_POS
TXN014819,ACC0344,2025-03-12,5324.23,Zomato
TXN002078,ACC0445,2025-05-16,41956.16,Zomato
TXN013328,ACC0139,2025-01-01,107380.05,Swiggy
TXN000545,ACC0399,2025-01-21,73162.75,Swiggy
TXN003958,ACC0250,2025-05-06,139178.94,Unknown_POS
TXN019922,ACC0090,2025-06-05,47677.91,Uber
TXN011004,ACC0012,2025-05-07,123245.99,Unknown_POS
TXN004698,ACC0023,2025-03-07,48216.57,Flipkart
TXN003912,ACC0191,2025-02-22,69521.73,Unknown_POS
TXN003967,ACC0348,2025-06-25,137716.63,BigBasket
TXN008415,ACC0496,2025-05-16,85587.5,Amazon
TXN009385,ACC0224,2025-01-02,126719.01,BigBasket
TXN005720,ACC0268,2025-01-22,47785.2,BigBasket
TXN009348,ACC0266,2025-02-20,149376.95,Amazon
TXN015507,ACC0350,2025-04-29,110331.01,Amazon
TXN002868,ACC0336,2025-01-13,77821.42,BigBasket
TXN005403,ACC0051,2025-06-22,81107.61,Zomato
TXN015544,ACC0412,2025-03-05,144631.36,Swiggy
TXN009004,ACC0306,2025-06-04,38612.8,BigBasket
TXN010363,ACC0052,2025-07-11,113630.8,Unknown_POS
TXN007909,ACC0078,2025-02-12,58140.8,Zomato
TXN016829,ACC0406,2025-05-12,121578.79,Flipkart
TXN000237,ACC0179,2025-03-21,51492.85,Zomato
TXN017252,ACC0096,2025-06-12,93875.0,Swiggy
TXN002870,ACC0441,2025-07-03,34438.7,Swiggy
TXN003685,ACC0185,2025-04-29,8202.41,Zomato
TXN004382,ACC0210,2025-01-08,50803.77,ATM_Withdrawal
TXN006812,ACC0498,2025-07-25,113966.46,ATM_Withdrawal
TXN002205,ACC0366,2025-04-19,105403.63,BigBasket
TXN004832,ACC0100,2025-03-22,46434.04,BigBasket
TXN011196,ACC0077,2025-03-23,46607.46,Flipkart
TXN005184,ACC0077,2025-03-20,11040.08,Zomato
TXN003421,ACC0326,2025-06-08,74755.29,Zomato
TXN006590,ACC0364,2025-03-07,58346.99,Flipkart
TXN006156,ACC0451,2025-01-13,30577.88,Amazon
TXN015652,ACC0351,2025-05-26,124090.24,Flipkart
TXN012430,ACC0313,2025-03-19,95068.48,ATM_Withdrawal
TXN000504,ACC0026,2025-04-03,105709.86,Uber
TXN013920,ACC0158,2025-02-09,75817.64,Swiggy
TXN014123,ACC0298,2025-03-17,13397.42,Swiggy
TXN006835,ACC0125,2025-03-19,11626.33,BigBasket
TXN008598,ACC0306,2025-02-26,122785.04,Flipkart
TXN009287,ACC0235,2025-02-16,64880.64,Zomato
TXN003913,ACC0492,2025-01-14,36842.63,Swiggy
TXN013480,ACC0340,2025-04-09,68354.74,Flipkart
TXN010087,ACC0404,2025-05-31,17315.08,Zomato
TXN003328,ACC0449,2025-03-11,142425.71,Amazon
TXN014802,ACC0166,2025-06-27,62747.53,Unknown_POS
TXN008113,ACC0108,2025-04-01,63025.25,Amazon
TXN015600,ACC0374,2025-02-14,142747.95,BigBasket
TXN013644,ACC0428,2025-04-25,9412.4,Zomato
TXN017940,ACC0206,2025-05-20,98878.34,Amazon
TXN011277,ACC0298,2025-07-11,81641.59,ATM_Withdrawal
TXN007531,ACC0124,2025-07-10,43611.19,Uber
TXN014908,ACC0273,2025-04-05,117930.23,Uber
TXN012568,ACC0247,2025-03-13,30131.87,Flipkart
TXN000640,ACC0352,2025-03-30,138182.71,Swiggy
TXN002031,ACC0070,2025-07-03,70415.31,Swiggy
TXN016464,ACC0068,2025-04-30,66140.49,Flipkart
TXN010696,ACC0065,2025-06-29,128725.62,Unknown_POS
TXN008262,ACC0199,2025-02-04,50883.23,Unknown_POS
TXN007457,ACC0133,2025-04-28,18733.89,Zomato
TXN012147,ACC0449,2025-02-10,72977.23,Amazon
TXN007133,ACC0419,2025-03-25,25392.76,Amazon
TXN010921,ACC0127,2025-07-29,144633.97,Swiggy
TXN007187,ACC0337,2025-06-16,37810.75,Zomato
TXN002815,ACC0489,2025-02-06,6338.07,Zomato
TXN011468,ACC0251,2025-03-13,54610.8,Amazon
TXN008126,ACC0421,2025-04-13,31123.87,Uber
TXN012516,ACC0089,2025-04-21,128839.53,ATM_Withdrawal
TXN000565,ACC0305,2025-01-13,99312.39,Amazon
TXN007266,ACC0204,2025-05-26,134988.89,BigBasket
TXN008225,ACC0007,2025-06-16,37006.13,Flipkart
TXN014540,ACC0141,2025-07-22,144772.29,ATM_Withdrawal
TXN002171,ACC0275,2025-02-22,10630.18,Uber
TXN001342,ACC0378,2025-07-12,87038.9,Zomato
TXN005652,ACC0014,2025-07-24,69236.16,ATM_Withdrawal
TXN009406,ACC0363,2025-04-25,32666.3,BigBasket
TXN000529,ACC0465,2025-04-18,60719.6,Amazon
TXN017883,ACC0155,2025-02-10,57959.77,Unknown_POS
TXN008327,ACC0240,2025-07-17,34145.41,ATM_Withdrawal
TXN003099,ACC0205,2025-03-15,550.44,BigBasket
TXN002462,ACC0124,2025-05-23,146024.87,Zomato
TXN017060,ACC0288,2025-07-05,120672.99,Zomato
TXN017828,ACC0248,2025-01-12,126956.29,Uber
TXN001096,ACC0260,2025-05-21,48622.38,Amazon
TXN003275,ACC0160,2025-05-02,70449.57,Uber
TXN017669,ACC0191,2025-07-03,83483.59,BigBasket
TXN008121,ACC0195,2025-05-15,77289.57,Unknown_POS
TXN006980,ACC0453,2025-07-23,123824.93,Amazon
TXN000467,ACC0023,2025-03-09,65989.08,Uber
TXN016048,ACC0495,2025-05-26,123463.95,BigBasket
TXN016142,ACC0107,2025-02-03,24189.38,Unknown_POS
TXN015106,ACC0008,2025-05-16,67141.77,ATM_Withdrawal
TXN001331,ACC0321,2025-04-29,105600.11,Amazon
TXN005049,ACC0197,2025-03-01,105078.91,Swiggy
TXN012312,ACC0185,2025-06-11,7635.61,Flipkart
TXN007999,ACC0155,2025-06-28,128888.75,Uber
TXN006948,ACC0483,2025-03-30,33130.07,Zomato
TXN004254,ACC0429,2025-06-02,78604.27,Amazon
TXN015216,ACC0096,2025-02-20,135960.04,Unknown_POS
TXN011926,ACC0454,2025-02-10,79508.68,Uber
TXN019514,ACC0403,2025-06-26,87879.65,Unknown_POS
TXN017897,ACC0115,2025-02-23,74524.01,Uber
TXN019651,ACC0003,2025-01-02,87764.17,Amazon
TXN009920,ACC0473,2025-04-02,103416.5,BigBasket
TXN008348,ACC0433,2025-01-06,82584.46,Swiggy
TXN017265,ACC0438,2025-01-03,60830.45,Uber
TXN000914,ACC0167,2025-01-04,25145.69,Uber
TXN005468,ACC0194,2025-02-06,118120.25,Swiggy
TXN014034,ACC0410,2025-03-22,149500.58,Zomato
TXN019788,ACC0199,2025-01-24,119720.76,Unknown_POS
TXN019653,ACC0032,2025-07-19,62768.56,Zomato
TXN013162,ACC0180,2025-06-05,13312.57,Swiggy
TXN016106,ACC0235,2025-04-14,58586.64,Unknown_POS
TXN017693,ACC0384,2025-01-07,57090.32,Unknown_POS
TXN013011,ACC0032,2025-07-08,51759.55,Unknown_POS
TXN015391,ACC0297,2025-06-30,82479.31,Flipkart
TXN006100,ACC0011,2025-03-16,146445.14,BigBasket
TXN011178,ACC0073,2025-02-04,48709.14,Zomato
TXN004194,ACC0195,2025-05-01,6105.46,Unknown_POS
TXN003867,ACC0308,2025-05-01,144100.23,Zomato
TXN008827,ACC0003,2025-05-12,15560.62,Uber
TXN011179,ACC0482,2025-06-07,19494.28,Uber
TXN014585,ACC0469,2025-03-25,125082.93,Uber
TXN005625,ACC0231,2025-04-29,20135.88,Uber
TXN014561,ACC0194,2025-01-25,534.78,BigBasket
TXN005169,ACC0340,2025-04-13,34424.33,ATM_Withdrawal
TXN013225,ACC0070,2025-05-30,39862.52,Uber
TXN001394,ACC0004,2025-04-15,95838.96,Uber
TXN013128,ACC0424,2025-06-04,723.99,Flipkart
TXN002161,ACC0338,2025-05-17,66765.8,ATM_Withdrawal
TXN018388,ACC0108,2025-05-21,4316.81,ATM_Withdrawal
TXN012882,ACC0419,2025-03-07,144872.94,BigBasket
TXN005852,ACC0258,2025-01-17,33097.58,Amazon
TXN006786,ACC0364,2025-03-02,12406.06,BigBasket
TXN010847,ACC0141,2025-03-29,55240.14,Flipkart
TXN012069,ACC0363,2025-05-17,91402.59,ATM_Withdrawal
TXN012156,ACC0136,2025-05-24,108745.84,BigBasket
TXN012801,ACC0389,2025-06-26,134418.16,Unknown_POS
TXN009842,ACC0442,2025-01-03,31483.19,Swiggy
TXN018575,ACC0120,2025-04-06,67031.83,Flipkart
TXN004659,ACC0293,2025-04-23,145879.25,BigBasket
TXN016034,ACC0033,2025-03-29,45619.74,Flipkart
TXN010590,ACC0357,2025-05-29,68069.07,Amazon
TXN019153,ACC0302,2025-05-28,12042.77,ATM_Withdrawal
TXN019429,ACC0497,2025-01-05,19349.77,Uber
TXN007731,ACC0342,2025-07-20,134061.91,Flipkart
TXN017969,ACC0357,2025-06-07,88700.43,ATM_Withdrawal
TXN011645,ACC0446,2025-03-13,30906.01,Swiggy
TXN018121,ACC0275,2025-02-28,72217.12,BigBasket
TXN007283,ACC0348,2025-03-31,44674.74,Flipkart
TXN002215,ACC0479,2025-04-29,133879.46,ATM_Withdrawal
TXN016130,ACC0242,2025-07-07,46364.9,ATM_Withdrawal
TXN005837,ACC0497,2025-02-01,58635.93,Amazon
TXN001276,ACC0033,2025-07-25,30436.04,BigBasket
TXN004077,ACC0042,2025-03-27,25298.55,Flipkart
TXN017877,ACC0337,2025-05-18,143973.8,Unknown_POS
TXN010380,ACC0232,2025-06-06,73846.02,Amazon
TXN011481,ACC0428,2025-02-26,139807.41,ATM_Withdrawal
TXN013471,ACC0421,2025-01-12,22339.94,Unknown_POS
TXN002668,ACC0193,2025-05-01,90895.98,Swiggy
TXN013214,ACC0477,2025-05-09,127353.54,Unknown_POS
TXN013661,ACC0175,2025-04-15,18432.96,Unknown_POS
TXN019528,ACC0215,2025-07-11,55034.46,BigBasket
TXN001884,ACC0174,2025-02-23,45795.6,Zomato
TXN010528,ACC0235,2025-02-27,72901.81,Uber
TXN001487,ACC0392,2025-06-10,51221.42,Flipkart
TXN004181,ACC0016,2025-01-09,114833.64,Amazon
TXN010998,ACC0320,2025-04-14,3923.66,Uber
TXN014735,ACC0331,2025-03-16,117395.46,ATM_Withdrawal
TXN010818,ACC0259,2025-07-08,31467.32,Flipkart
TXN004826,ACC0419,2025-03-17,28443.16,Unknown_POS
TXN015445,ACC0076,2025-07-23,49180.57,Unknown_POS
TXN018245,ACC0077,2025-03-09,4743.0,BigBasket
TXN005569,ACC0206,2025-01-18,135871.24,ATM_Withdrawal
TXN016786,ACC0065,2025-03-27,26567.05,Zomato
TXN016765,ACC0155,2025-03-17,54275.62,Zomato
TXN014995,ACC0487,2025-03-31,54923.91,BigBasket
TXN015060,ACC0378,2025-02-16,77270.27,Uber
TXN014476,ACC0498,2025-02-04,49563.98,Flipkart
TXN011123,ACC0434,2025-02-14,58349.49,Swiggy
TXN003462,ACC0210,2025-06-26,1583.6,Unknown_POS
TXN017318,ACC0404,2025-06-29,6275.89,Unknown_POS
TXN012768,ACC0167,2025-01-02,27403.15,Unknown_POS
TXN015997,ACC0026,2025-05-22,715.85,ATM_Withdrawal
TXN012756,ACC0330,2025-02-26,143708.48,Unknown_POS
TXN014395,ACC0211,2025-03-01,85372.66,Amazon
TXN019735,ACC0019,2025-01-28,7206.89,Zomato
TXN016233,ACC0333,2025-01-09,10499.96,Uber
TXN012020,ACC0408,2025-05-07,64891.32,Flipkart
TXN007319,ACC0473,2025-07-18,66120.87,Zomato
TXN002940,ACC0362,2025-05-02,53281.0,BigBasket
TXN011285,ACC0112,2025-07-18,104327.36,Flipkart
TXN006216,ACC0460,2025-01-18,43474.45,Amazon
TXN017667,ACC0130,2025-03-13,141820.62,Zomato
TXN017660,ACC0449,2025-04-27,110583.06,ATM_Withdrawal
TXN014285,ACC0288,2025-01-04,26225.0,Uber
TXN014822,ACC0102,2025-06-25,109497.27,Swiggy
TXN001126,ACC0165,2025-02-21,28922.22,Uber
TXN012117,ACC0191,2025-04-18,82810.9,Flipkart
TXN004400,ACC0065,2025-01-10,127638.33,Amazon
TXN016192,ACC0298,2025-06-30,102079.99,Flipkart
TXN001178,ACC0431,2025-04-17,23182.38,Swiggy
TXN009693,ACC0009,2025-04-13,85915.88,Uber
TXN011795,ACC0095,2025-01-09,145461.45,Uber
TXN006681,ACC0187,2025-02-16,77577.62,Flipkart
TXN010166,ACC0499,2025-03-05,98574.66,Zomato
TXN014346,ACC0062,2025-07-04,34610.29,ATM_Withdrawal
TXN013897,ACC0225,2025-05-13,111141.16,BigBasket
TXN017095,ACC0405,2025-06-25,119445.57,Zomato
TXN007787,ACC0228,2025-04-13,101544.54,BigBasket
TXN016783,ACC0369,2025-05-04,146916.33,Amazon
TXN009199,ACC0191,2025-07-18,112522.31,Swiggy
TXN003390,ACC0239,2025-03-10,86160.16,Amazon
TXN005812,ACC0391,2025-06-16,83238.64,Amazon
TXN002628,ACC0258,2025-06-25,106904.15,ATM_Withdrawal
TXN002235,ACC0068,2025-01-29,143653.91,Amazon
TXN004676,ACC0171,2025-07-05,56639.16,Flipkart
TXN004418,ACC0349,2025-05-15,148.16,Swiggy
TXN007278,ACC0088,2025-06-02,47465.44,Unknown_POS
TXN011186,ACC0117,2025-07-02,56800.34,Zomato
TXN004739,ACC0099,2025-07-20,75987.96,Amazon
TXN010985,ACC0413,2025-01-27,134681.51,ATM_Withdrawal
TXN006513,ACC0399,2025-02-07,132958.78,BigBasket
TXN018267,ACC0106,2025-05-08,42435.57,ATM_Withdrawal
TXN009528,ACC0091,2025-01-11,9264.69,Swiggy
TXN002768,ACC0180,2025-01-28,11668.0,ATM_Withdrawal
TXN005216,ACC0304,2025-04-30,107866.43,Swiggy
TXN016936,ACC0050,2025-01-15,34674.68,Swiggy
TXN006164,ACC0324,2025-03-12,13368.16,Unknown_POS
TXN003760,ACC0310,2025-05-01,5199.61,Uber
TXN019089,ACC0012,2025-04-22,99541.97,Amazon
TXN008125,ACC0180,2025-06-21,91162.64,BigBasket
TXN010261,ACC0203,2025-05-26,101209.15,BigBasket
TXN000589,ACC0094,2025-01-30,60146.59,ATM_Withdrawal
TXN018398,ACC0097,2025-07-07,4782.78,Uber
TXN013421,ACC0311,2025-06-13,44631.8,Swiggy
TXN004891,ACC0313,2025-02-15,126583.88,Flipkart
TXN003307,ACC0192,2025-02-10,15065.7,Swiggy
TXN000334,ACC0217,2025-06-29,60371.5,Swiggy
TXN006568,ACC0448,2025-02-06,34856.51,Uber
TXN013484,ACC0098,2025-07-10,114307.89,BigBasket
TXN014121,ACC0065,2025-04-07,71541.15,Uber
TXN007567,ACC0424,2025-02-02,449.28,BigBasket
TXN018898,ACC0316,2025-02-23,8215.88,Amazon
TXN018569,ACC0421,2025-05-09,103315.52,Swiggy
TXN004600,ACC0394,2025-01-31,119599.0,Flipkart
TXN006063,ACC0320,2025-01-12,122827.48,Unknown_POS
TXN005016,ACC0001,2025-01-14,26685.96,Zomato
TXN017793,ACC0387,2025-06-28,49212.08,Swiggy
TXN004283,ACC0218,2025-07-15,84227.56,Swiggy
TXN010374,ACC0040,2025-06-05,78309.79,Flipkart
TXN013233,ACC0336,2025-06-07,52270.97,Uber
TXN003467,ACC0327,2025-01-30,17336.0,ATM_Withdrawal
TXN015727,ACC0063,2025-04-19,3033.59,BigBasket
TXN015877,ACC0494,2025-04-27,26815.99,Amazon
TXN010714,ACC0176,2025-06-10,51023.46,Amazon
TXN006995,ACC0040,2025-01-28,134843.35,Uber
TXN012781,ACC0470,2025-01-01,130000.56,Zomato
TXN009669,ACC0070,2025-06-03,101346.74,ATM_Withdrawal
TXN004210,ACC0428,2025-05-16,18683.46,Amazon
TXN000351,ACC0117,2025-07-09,76348.29,Amazon
TXN013550,ACC0463,2025-01-24,106108.23,BigBasket
TXN012213,ACC0201,2025-04-02,125187.93,BigBasket
TXN001595,ACC0450,2025-04-30,19831.33,BigBasket
TXN014114,ACC0354,2025-03-08,73735.32,Uber
TXN017422,ACC0030,2025-03-18,22113.3,Flipkart
TXN015984,ACC0183,2025-02-15,93935.99,Amazon
TXN015527,ACC0279,2025-07-10,142872.75,Unknown_POS
TXN015395,ACC0293,2025-03-28,7966.97,Uber
TXN004282,ACC0224,2025-05-27,16360.61,ATM_Withdrawal
TXN012718,ACC0018,2025-02-14,13301.48,Unknown_POS
TXN019641,ACC0041,2025-07-22,129298.54,Swiggy
TXN018279,ACC0001,2025-07-15,56083.96,Swiggy
TXN003297,ACC0033,2025-07-20,54845.07,Amazon
TXN008589,ACC0088,2025-03-14,110183.99,BigBasket
TXN014202,ACC0279,2025-07-25,142229.4,Amazon
TXN002487,ACC0414,2025-02-11,27011.98,Amazon
TXN015493,ACC0034,2025-05-10,64695.63,Zomato
TXN018379,ACC0457,2025-03-23,80333.13,ATM_Withdrawal
TXN004399,ACC0402,2025-05-20,130218.24,Swiggy
TXN008521,ACC0133,2025-04-17,105568.08,BigBasket
TXN017529,ACC0045,2025-07-25,72841.89,Unknown_POS
TXN005725,ACC0105,2025-03-24,114407.74,Uber
TXN003822,ACC0394,2025-06-06,133588.03,Swiggy
TXN001598,ACC0256,2025-03-13,112186.11,Unknown_POS
TXN008723,ACC0014,2025-03-29,48665.31,Zomato
TXN015986,ACC0393,2025-02-06,29369.74,BigBasket
TXN013501,ACC0182,2025-01-06,78942.59,Amazon
TXN010869,ACC0382,2025-04-11,145118.72,Swiggy
TXN006222,ACC0265,2025-07-27,86258.02,BigBasket
TXN012900,ACC0412,2025-03-03,33968.72,BigBasket
TXN016333,ACC0300,2025-02-16,69228.35,BigBasket
TXN010520,ACC0270,2025-01-06,131473.55,Swiggy
TXN016009,ACC0471,2025-01-29,15464.95,ATM_Withdrawal
TXN016427,ACC0460,2025-05-17,71998.42,Flipkart
TXN003688,ACC0441,2025-03-27,30992.59,Unknown_POS
TXN000580,ACC0371,2025-07-05,15238.51,Uber
TXN013065,ACC0180,2025-06-14,149339.15,Flipkart
TXN016930,ACC0223,2025-04-10,33201.44,Unknown_POS
TXN019895,ACC0078,2025-03-27,117888.51,BigBasket
TXN014856,ACC0385,2025-01-18,148951.05,Zomato
TXN011882,ACC0014,2025-05-25,134779.63,Zomato
TXN008286,ACC0038,2025-01-16,39591.22,Uber
TXN009955,ACC0300,2025-06-25,132383.82,ATM_Withdrawal
TXN005389,ACC0284,2025-06-26,24317.73,Unknown_POS
TXN012235,ACC0256,2025-05-06,100803.09,Uber
TXN014095,ACC0165,2025-03-05,109461.16,BigBasket
TXN011636,ACC0232,2025-02-24,79862.06,Flipkart
TXN011076,ACC0065,2025-07-17,28683.22,Unknown_POS
TXN013864,ACC0375,2025-03-14,21401.24,BigBasket
TXN002683,ACC0116,2025-02-21,111335.98,Unknown_POS
TXN013760,ACC0350,2025-04-14,85547.1,Zomato
TXN016272,ACC0449,2025-04-10,75840.6,Amazon
TXN005338,ACC0120,2025-03-10,27788.73,ATM_Withdrawal
TXN001628,ACC0377,2025-07-26,138258.89,Swiggy
TXN010557,ACC0247,2025-01-22,120677.03,Unknown_POS
TXN019501,ACC0056,2025-06-11,95697.09,BigBasket
TXN019825,ACC0083,2025-04-22,99086.75,ATM_Withdrawal
TXN007860,ACC0374,2025-02-05,117154.78,BigBasket
TXN015560,ACC0392,2025-03-07,44707.55,Flipkart
TXN003519,ACC0198,2025-05-26,100065.68,Uber
TXN011413,ACC0479,2025-04-13,71246.76,BigBasket
TXN011521,ACC0204,2025-02-01,135296.12,Zomato
TXN001307,ACC0193,2025-02-26,11075.78,ATM_Withdrawal
TXN001292,ACC0322,2025-07-20,45214.91,Unknown_POS
TXN016706,ACC0075,2025-07-25,53965.79,Unknown_POS
TXN001115,ACC0468,2025-01-24,66593.93,Amazon
TXN012339,ACC0003,2025-06-15,66732.54,BigBasket
TXN001600,ACC0265,2025-03-22,65394.52,Swiggy
TXN008416,ACC0409,2025-07-13,16399.01,BigBasket
TXN004694,ACC0184,2025-06-19,113335.88,Swiggy
TXN006336,ACC0146,2025-03-14,114325.25,Unknown_POS
TXN017786,ACC0489,2025-05-11,149598.21,Unknown_POS
TXN016610,ACC0433,2025-05-18,139920.2,Amazon
TXN010316,ACC0279,2025-03-05,81691.1,Flipkart
TXN007926,ACC0089,2025-02-17,99120.3,Amazon
TXN017979,ACC0061,2025-07-07,63847.78,Swiggy
TXN003508,ACC0238,2025-04-04,50703.31,Unknown_POS
TXN015934,ACC0253,2025-04-26,60027.15,Unknown_POS
TXN003621,ACC0010,2025-04-25,55532.78,Zomato
TXN002271,ACC0467,2025-04-22,10202.89,Unknown_POS
TXN017490,ACC0411,2025-04-12,65164.96,Flipkart
TXN017556,ACC0010,2025-07-16,57760.73,BigBasket
TXN007505,ACC0120,2025-01-27,80605.68,Swiggy
TXN006487,ACC0300,2025-06-10,114202.19,Amazon
TXN014400,ACC0379,2025-03-23,24049.66,Swiggy
TXN014449,ACC0473,2025-05-05,17868.77,Swiggy
TXN003238,ACC0400,2025-02-02,81034.43,Flipkart
TXN019763,ACC0160,2025-02-27,18025.07,Swiggy
TXN013460,ACC0345,2025-01-04,138417.22,Zomato
TXN019701,ACC0480,2025-06-25,38101.39,BigBasket
TXN001672,ACC0060,2025-05-07,93423.37,BigBasket
TXN014637,ACC0498,2025-01-03,14939.83,Uber
TXN003540,ACC0230,2025-01-06,145545.99,BigBasket
TXN012021,ACC0353,2025-04-28,52212.1,Flipkart
TXN012883,ACC0148,2025-01-27,19836.81,ATM_Withdrawal
TXN013893,ACC0060,2025-01-31,80807.98,Flipkart
TXN016623,ACC0443,2025-04-12,111809.34,Flipkart
TXN015574,ACC0470,2025-04-04,63095.55,ATM_Withdrawal
TXN003726,ACC0386,2025-05-19,129276.9,Swiggy
TXN003162,ACC0238,2025-01-26,80563.2,Amazon
TXN003964,ACC0253,2025-01-24,140159.42,Swiggy
TXN009012,ACC0114,2025-06-24,111448.61,Swiggy
TXN009095,ACC0199,2025-06-01,149496.31,BigBasket
TXN005054,ACC0201,2025-02-20,102744.43,Zomato
TXN010017,ACC0244,2025-03-05,16754.24,Amazon
TXN017632,ACC0187,2025-05-26,114976.51,Swiggy
TXN004828,ACC0460,2025-05-22,43439.98,BigBasket
TXN015873,ACC0425,2025-05-30,56600.88,Uber
TXN016834,ACC0453,2025-01-09,141542.39,Unknown_POS
TXN011564,ACC0033,2025-03-01,25277.33,Zomato
TXN010623,ACC0332,2025-02-15,107647.78,Zomato
TXN008605,ACC0080,2025-03-30,92449.14,ATM_Withdrawal
TXN000349,ACC0256,2025-05-26,25073.86,Swiggy
TXN005682,ACC0388,2025-06-29,42866.09,Unknown_POS
TXN008821,ACC0378,2025-05-03,141562.34,Uber
TXN003950,ACC0433,2025-07-20,32881.94,Zomato
TXN007181,ACC0111,2025-04-22,146796.68,Uber
TXN010496,ACC0087,2025-03-05,105848.21,Unknown_POS
TXN003160,ACC0464,2025-02-03,78407.53,Amazon
TXN001561,ACC0406,2025-06-14,20457.03,Unknown_POS
TXN009819,ACC0445,2025-01-11,148957.38,Zomato
TXN008946,ACC0386,2025-07-18,123011.63,Amazon
TXN007203,ACC0353,2025-06-28,95422.06,Uber
TXN018503,ACC0249,2025-06-18,142684.18,Unknown_POS
TXN019596,ACC0293,2025-01-25,65858.56,Amazon
TXN004246,ACC0069,2025-04-14,96622.03,Zomato
TXN018481,ACC0475,2025-06-17,32073.13,BigBasket
TXN013922,ACC0027,2025-03-12,10972.99,Unknown_POS
TXN006211,ACC0026,2025-05-14,142131.69,Uber
TXN012591,ACC0132,2025-05-23,146862.98,Flipkart
TXN016169,ACC0372,2025-01-15,63279.83,ATM_Withdrawal
TXN000526,ACC0461,2025-01-15,120824.2,Unknown_POS
TXN012405,ACC0014,2025-03-12,135410.5,Amazon
TXN012590,ACC0402,2025-02-12,1573.19,Amazon
TXN015083,ACC0113,2025-05-08,139677.56,ATM_Withdrawal
TXN011550,ACC0020,2025-05-25,149824.89,ATM_Withdrawal
TXN003461,ACC0105,2025-06-17,110508.2,Uber
TXN010235,ACC0449,2025-02-25,58874.78,Uber
TXN014684,ACC0305,2025-02-15,127445.63,Zomato
TXN003166,ACC0307,2025-05-05,45029.15,Amazon
TXN010168,ACC0364,2025-07-10,80602.87,Uber
TXN017552,ACC0026,2025-01-09,39089.54,BigBasket
TXN014046,ACC0465,2025-05-03,9901.3,Flipkart
TXN005528,ACC0340,2025-05-14,43611.88,Uber
TXN015303,ACC0313,2025-03-16,148039.17,Uber
TXN011376,ACC0500,2025-01-03,118654.94,Amazon
TXN003256,ACC0449,2025-05-01,2426.71,Uber
TXN019646,ACC0427,2025-06-02,99702.66,Zomato
TXN004771,ACC0409,2025-07-12,146993.24,Uber
TXN001527,ACC0330,2025-01-11,144569.84,ATM_Withdrawal
TXN017170,ACC0069,2025-04-16,68211.34,Flipkart
TXN013873,ACC0460,2025-01-18,118781.45,Flipkart
TXN012779,ACC0440,2025-01-31,2326.2,Unknown_POS
TXN011623,ACC0084,2025-07-05,39501.0,Swiggy
TXN011050,ACC0335,2025-01-12,102323.9,Unknown_POS
TXN009103,ACC0299,2025-07-10,76219.87,ATM_Withdrawal
TXN002283,ACC0283,2025-01-31,25707.81,Amazon
TXN002073,ACC0162,2025-07-29,35977.57,BigBasket
TXN019272,ACC0141,2025-01-16,27504.14,BigBasket
TXN015891,ACC0461,2025-06-30,38551.6,Flipkart
TXN003631,ACC0035,2025-04-26,58466.99,Zomato
TXN012413,ACC0011,2025-06-09,75104.9,Unknown_POS
TXN001842,ACC0267,2025-07-23,35549.71,Flipkart
TXN001182,ACC0441,2025-04-27,134042.69,Unknown_POS
TXN018697,ACC0295,2025-02-16,141292.0,Amazon
TXN000648,ACC0103,2025-03-10,112540.24,Swiggy
TXN019920,ACC0156,2025-03-09,83810.02,Unknown_POS
TXN010988,ACC0164,2025-05-10,69415.95,Zomato
TXN011394,ACC0317,2025-06-10,71608.96,Unknown_POS
TXN011923,ACC0079,2025-02-25,86115.04,Uber
TXN016657,ACC0324,2025-04-26,10971.01,Unknown_POS
TXN003174,ACC0348,2025-05-24,75484.19,ATM_Withdrawal
TXN010837,ACC0108,2025-06-25,83498.56,Uber
TXN009112,ACC0034,2025-02-06,113192.43,Zomato
TXN016579,ACC0100,2025-07-22,27144.66,ATM_Withdrawal
TXN004580,ACC0455,2025-07-10,116789.23,Amazon
TXN002638,ACC0421,2025-03-16,84838.24,BigBasket
TXN014513,ACC0258,2025-06-15,142109.38,Zomato
TXN003140,ACC0299,2025-03-19,22297.09,Amazon
TXN006312,ACC0004,2025-02-25,136032.09,Unknown_POS
TXN002023,ACC0204,2025-04-07,25206.52,ATM_Withdrawal
TXN009206,ACC0477,2025-03-20,52911.46,ATM_Withdrawal
TXN014397,ACC0052,2025-03-14,45193.45,Uber
TXN014738,ACC0421,2025-07-11,123765.24,BigBasket
TXN002749,ACC0084,2025-04-08,70126.5,Zomato
TXN012149,ACC0088,2025-05-20,100814.09,Unknown_POS
TXN016780,ACC0392,2025-05-17,127539.97,BigBasket
TXN000798,ACC0123,2025-06-17,93.08,Swiggy
TXN006414,ACC0325,2025-07-23,121445.41,Unknown_POS
TXN015627,ACC0308,2025-05-13,7771.74,Uber
TXN015667,ACC0040,2025-07-18,9326.65,Zomato
TXN009329,ACC0181,2025-01-01,108270.52,Unknown_POS
TXN016134,ACC0166,2025-04-17,26696.91,ATM_Withdrawal
TXN014858,ACC0479,2025-06-20,137424.04,Zomato
TXN005752,ACC0103,2025-02-02,85191.36,Unknown_POS
TXN012767,ACC0020,2025-03-14,19622.52,Uber
TXN015067,ACC0168,2025-05-01,124834.37,Amazon
TXN011590,ACC0047,2025-06-08,101592.86,Zomato
TXN009280,ACC0423,2025-04-28,105620.16,Amazon
TXN016459,ACC0250,2025-07-19,143955.69,Swiggy
TXN003831,ACC0075,2025-03-07,90917.26,Uber
TXN004724,ACC0427,2025-06-02,80695.73,Unknown_POS
TXN011211,ACC0348,2025-04-29,85550.34,ATM_Withdrawal
TXN000282,ACC0488,2025-05-12,147823.97,Flipkart
TXN013109,ACC0061,2025-02-15,68447.76,Amazon
TXN017809,ACC0107,2025-07-10,130052.44,BigBasket
TXN001162,ACC0168,2025-05-07,96766.12,Amazon
TXN000940,ACC0337,2025-05-06,78896.91,Uber
TXN006697,ACC0447,2025-06-13,76659.01,Unknown_POS
TXN009024,ACC0323,2025-03-13,13750.29,Unknown_POS
TXN019021,ACC0411,2025-03-26,137409.56,Flipkart
TXN003450,ACC0261,2025-04-05,102185.95,Amazon
TXN000498,ACC0109,2025-07-30,61105.2,ATM_Withdrawal
TXN002816,ACC0221,2025-05-13,41774.52,BigBasket
TXN011913,ACC0345,2025-05-28,95824.34,Flipkart
TXN018996,ACC0313,2025-05-29,16416.9,Swiggy
TXN019640,ACC0132,2025-06-09,109842.41,Zomato
TXN017990,ACC0060,2025-06-28,37895.01,Unknown_POS
TXN007931,ACC0130,2025-03-13,56893.83,Unknown_POS
TXN017719,ACC0154,2025-07-09,55676.69,Uber
TXN003100,ACC0391,2025-04-29,98445.78,Flipkart
TXN005311,ACC0353,2025-05-22,62418.5,Amazon
TXN017339,ACC0283,2025-06-11,100568.94,Swiggy
TXN007518,ACC0301,2025-04-01,127273.82,ATM_Withdrawal
TXN007564,ACC0110,2025-05-22,88637.58,Flipkart
TXN006143,ACC0338,2025-07-21,36841.38,Amazon
TXN016708,ACC0071,2025-02-17,114466.74,Swiggy
TXN014210,ACC0179,2025-03-16,136490.79,ATM_Withdrawal
TXN010129,ACC0296,2025-01-22,133796.87,Unknown_POS
TXN008361,ACC0382,2025-06-17,79365.62,Amazon
TXN010828,ACC0370,2025-05-01,127991.83,Swiggy
TXN001865,ACC0030,2025-03-02,76090.82,Amazon
TXN016324,ACC0332,2025-04-27,121846.31,ATM_Withdrawal
TXN004360,ACC0001,2025-04-08,16937.37,Unknown_POS
TXN011908,ACC0423,2025-07-08,86948.61,Swiggy
TXN014743,ACC0234,2025-07-08,53010.43,Unknown_POS
TXN013269,ACC0164,2025-05-08,11680.23,Flipkart
TXN015236,ACC0019,2025-02-06,43396.46,BigBasket
TXN003449,ACC0379,2025-05-11,78621.47,Swiggy
TXN001484,ACC0316,2025-06-23,52946.93,Uber
TXN014436,ACC0097,2025-03-14,84597.53,ATM_Withdrawal
TXN007040,ACC0065,2025-07-04,126363.4,ATM_Withdrawal
TXN014459,ACC0219,2025-04-14,53773.68,Amazon
TXN012989,ACC0340,2025-04-18,41224.28,Flipkart
TXN018775,ACC0255,2025-06-03,115509.98,ATM_Withdrawal
TXN011119,ACC0290,2025-05-15,129599.31,Unknown_POS
TXN019168,ACC0404,2025-05-07,47743.39,Unknown_POS
TXN008578,ACC0048,2025-02-18,35791.4,Zomato
TXN002022,ACC0140,2025-07-20,72201.55,BigBasket
TXN012860,ACC0268,2025-06-03,91416.22,Flipkart
TXN015999,ACC0247,2025-07-17,80146.32,ATM_Withdrawal
TXN013993,ACC0391,2025-02-07,19654.56,Swiggy
TXN001830,ACC0141,2025-02-01,102042.01,ATM_Withdrawal
TXN016402,ACC0095,2025-03-05,80148.21,Uber
TXN011862,ACC0433,2025-01-04,79665.55,BigBasket
TXN016292,ACC0054,2025-07-16,46129.42,Flipkart
TXN001198,ACC0019,2025-06-27,138433.53,Uber
TXN011871,ACC0484,2025-01-15,20258.64,BigBasket
TXN003696,ACC0050,2025-01-14,55239.06,Zomato
TXN016537,ACC0451,2025-03-15,101633.52,BigBasket
TXN007581,ACC0282,2025-06-04,49213.86,Amazon
TXN008238,ACC0340,2025-05-25,109575.17,BigBasket
TXN014913,ACC0114,2025-02-03,22556.89,BigBasket
TXN007329,ACC0351,2025-03-18,26158.66,Flipkart
TXN013566,ACC0329,2025-05-05,80606.09,BigBasket
TXN001743,ACC0259,2025-02-02,72740.42,ATM_Withdrawal
TXN004963,ACC0292,2025-05-28,2006.58,Amazon
TXN016343,ACC0500,2025-01-07,76340.56,Unknown_POS
TXN005513,ACC0426,2025-06-19,31945.4,BigBasket
TXN000521,ACC0288,2025-06-15,89086.19,Uber
TXN003575,ACC0026,2025-07-03,11957.82,BigBasket
TXN017223,ACC0288,2025-04-21,59729.06,Swiggy
TXN007081,ACC0416,2025-02-09,3490.71,Zomato
TXN008898,ACC0373,2025-05-28,18167.14,Unknown_POS
TXN005622,ACC0497,2025-01-11,138578.26,Flipkart
TXN009322,ACC0118,2025-05-17,32426.03,BigBasket
TXN018842,ACC0352,2025-03-10,50531.04,Amazon
TXN015066,ACC0472,2025-06-29,113061.72,Flipkart
TXN014011,ACC0448,2025-01-02,92837.84,Amazon
TXN009353,ACC0343,2025-07-13,115291.67,Swiggy
TXN010516,ACC0168,2025-01-21,119589.91,Flipkart
TXN011894,ACC0492,2025-05-04,90493.42,Unknown_POS
TXN015470,ACC0035,2025-06-09,4335.2,ATM_Withdrawal
TXN001643,ACC0182,2025-03-07,87855.9,Amazon
TXN013792,ACC0085,2025-03-23,49057.92,Zomato
TXN008969,ACC0066,2025-04-03,96868.17,Amazon
TXN007887,ACC0235,2025-04-29,129857.13,Unknown_POS
TXN015958,ACC0245,2025-03-30,91673.24,Uber
TXN004268,ACC0173,2025-04-18,11557.86,Uber
TXN018578,ACC0144,2025-05-01,144782.52,ATM_Withdrawal
TXN006957,ACC0168,2025-04-09,80098.09,BigBasket
TXN010816,ACC0333,2025-04-05,9089.67,Unknown_POS
TXN007047,ACC0001,2025-07-19,90400.74,Amazon
TXN015523,ACC0386,2025-07-30,70873.41,BigBasket
TXN014588,ACC0002,2025-02-13,44195.17,Uber
TXN010932,ACC0336,2025-03-04,124431.77,Amazon
TXN017871,ACC0370,2025-05-13,1953.06,BigBasket
TXN014521,ACC0454,2025-06-22,79223.57,Amazon
TXN010990,ACC0061,2025-01-09,39590.36,BigBasket
TXN004104,ACC0384,2025-04-28,78666.09,Zomato
TXN012845,ACC0309,2025-01-03,77928.36,ATM_Withdrawal
TXN008995,ACC0254,2025-04-17,70681.14,Uber
TXN009539,ACC0096,2025-05-06,100759.15,Amazon
TXN010324,ACC0111,2025-01-25,75201.07,BigBasket
TXN014971,ACC0402,2025-06-28,146389.34,BigBasket
TXN007439,ACC0335,2025-06-11,128806.33,Uber
TXN000096,ACC0391,2025-03-05,102067.27,Flipkart
TXN009319,ACC0171,2025-01-07,35591.66,BigBasket
TXN017043,ACC0122,2025-02-24,10128.29,Zomato
TXN014609,ACC0443,2025-03-07,148114.79,BigBasket
TXN010094,ACC0038,2025-07-30,136536.78,Zomato
TXN017699,ACC0423,2025-05-05,136859.49,Amazon
TXN007405,ACC0355,2025-02-04,18197.53,Zomato
TXN009160,ACC0264,2025-03-11,55751.46,Unknown_POS
TXN014566,ACC0287,2025-02-25,131101.99,Amazon
TXN010688,ACC0177,2025-06-12,103289.85,Flipkart
TXN000726,ACC0373,2025-01-20,133821.17,Amazon
TXN014563,ACC0004,2025-05-08,9400.89,Amazon
TXN005950,ACC0232,2025-04-12,96899.95,Swiggy
TXN008933,ACC0416,2025-03-29,59275.39,ATM_Withdrawal
TXN016092,ACC0032,2025-03-07,130479.33,Swiggy
TXN009964,ACC0492,2025-07-09,100755.77,BigBasket
TXN003247,ACC0084,2025-07-13,31485.21,ATM_Withdrawal
TXN003138,ACC0076,2025-06-05,43885.32,Unknown_POS
TXN001089,ACC0414,2025-02-16,132555.37,Zomato
TXN006677,ACC0049,2025-06-19,110887.07,Amazon
TXN019877,ACC0435,2025-03-19,78456.81,Amazon
TXN002448,ACC0333,2025-01-05,92458.24,Unknown_POS
TXN004870,ACC0172,2025-05-12,88165.85,ATM_Withdrawal
TXN014698,ACC0457,2025-03-17,124854.42,Swiggy
TXN016949,ACC0474,2025-07-05,140538.31,Uber
TXN001611,ACC0270,2025-07-16,85639.63,Unknown_POS
TXN005475,ACC0158,2025-05-03,135119.95,Uber
TXN014463,ACC0031,2025-01-30,99822.28,Swiggy
TXN013494,ACC0345,2025-03-03,93736.49,Swiggy
TXN014552,ACC0498,2025-06-13,15881.44,Unknown_POS
TXN004847,ACC0221,2025-04-18,82257.8,Uber
TXN001202,ACC0147,2025-05-05,12422.4,Flipkart
TXN001176,ACC0280,2025-02-24,99390.01,ATM_Withdrawal
TXN016531,ACC0085,2025-02-05,129566.8,BigBasket
TXN006134,ACC0313,2025-03-09,25783.77,Uber
TXN000767,ACC0450,2025-07-20,79737.92,Flipkart
TXN009382,ACC0283,2025-05-24,98865.41,BigBasket
TXN019293,ACC0060,2025-06-27,1449.28,Uber
TXN004414,ACC0278,2025-02-08,128560.71,Unknown_POS
TXN005269,ACC0097,2025-01-10,45349.61,BigBasket
TXN008694,ACC0205,2025-06-15,69062.2,Unknown_POS
TXN017591,ACC0059,2025-06-22,142693.9,ATM_Withdrawal
TXN010176,ACC0071,2025-04-21,78805.34,BigBasket
TXN011498,ACC0396,2025-02-06,129947.39,BigBasket
TXN015705,ACC0292,2025-05-07,6326.37,BigBasket
TXN009942,ACC0139,2025-07-08,21293.28,Flipkart
TXN010595,ACC0260,2025-06-08,30976.46,ATM_Withdrawal
TXN004709,ACC0444,2025-04-13,69285.67,Swiggy
TXN015502,ACC0055,2025-03-19,6405.04,BigBasket
TXN006058,ACC0060,2025-07-11,29534.28,Swiggy
TXN013183,ACC0425,2025-01-15,83639.27,Amazon
TXN010438,ACC0126,2025-03-11,116942.69,Flipkart
TXN003046,ACC0223,2025-01-13,69741.24,Amazon
TXN011430,ACC0045,2025-03-29,95300.04,Unknown_POS
TXN005426,ACC0033,2025-07-15,65709.02,Unknown_POS
TXN019358,ACC0123,2025-02-19,143882.24,ATM_Withdrawal
TXN003127,ACC0073,2025-03-04,119343.19,Zomato
TXN013700,ACC0242,2025-01-11,34909.27,ATM_Withdrawal
TXN002971,ACC0160,2025-03-12,84105.88,Flipkart
TXN014975,ACC0177,2025-07-04,91123.6,BigBasket
TXN001328,ACC0361,2025-04-28,128695.42,Amazon
TXN005367,ACC0426,2025-03-22,78141.11,Unknown_POS
TXN019226,ACC0453,2025-01-30,87246.52,Swiggy
TXN015228,ACC0008,2025-06-09,91813.09,Unknown_POS
TXN019719,ACC0444,2025-04-20,143231.72,ATM_Withdrawal
TXN005488,ACC0275,2025-06-14,81859.39,Zomato
TXN000415,ACC0274,2025-07-28,118696.02,Amazon
TXN006564,ACC0059,2025-03-25,94186.39,Unknown_POS
TXN011054,ACC0467,2025-01-17,35671.84,Amazon
TXN007085,ACC0440,2025-06-01,135251.17,ATM_Withdrawal
TXN009417,ACC0173,2025-03-28,88782.71,Zomato
TXN011933,ACC0082,2025-04-02,7035.12,BigBasket
TXN000199,ACC0045,2025-02-17,64675.38,Unknown_POS
TXN011361,ACC0127,2025-01-15,116227.75,Unknown_POS
TXN018493,ACC0106,2025-01-12,90182.08,Flipkart
TXN019679,ACC0238,2025-01-10,111925.76,Flipkart
TXN016088,ACC0051,2025-04-03,127700.64,Amazon
TXN002682,ACC0101,2025-03-06,73690.9,Uber
TXN014287,ACC0460,2025-05-07,56736.08,BigBasket
TXN014606,ACC0485,2025-06-16,46817.4,Flipkart
TXN018540,ACC0226,2025-04-14,78513.1,Swiggy
TXN018261,ACC0226,2025-01-22,91282.05,BigBasket
TXN008624,ACC0121,2025-03-13,690.5,Swiggy
TXN010005,ACC0252,2025-05-04,119198.69,Swiggy
TXN005464,ACC0156,2025-03-06,19772.43,Amazon
TXN016367,ACC0205,2025-06-09,3180.76,BigBasket
TXN003126,ACC0370,2025-02-13,55001.35,BigBasket
TXN005772,ACC0040,2025-06-09,131904.19,Unknown_POS
TXN002605,ACC0297,2025-05-14,105290.25,Flipkart
TXN019484,ACC0115,2025-07-08,4690.94,ATM_Withdrawal
TXN006111,ACC0261,2025-06-15,76084.65,BigBasket
TXN017927,ACC0451,2025-02-23,120901.3,Uber
TXN007072,ACC0069,2025-04-13,52329.93,Zomato
TXN014170,ACC0003,2025-02-15,87792.17,BigBasket
TXN003276,ACC0066,2025-03-24,98473.32,BigBasket
TXN003154,ACC0497,2025-07-24,8443.42,Zomato
TXN016043,ACC0359,2025-01-24,85044.91,Amazon
TXN017576,ACC0492,2025-01-10,81498.82,Flipkart
TXN004243,ACC0370,2025-07-21,18610.63,Amazon
TXN005131,ACC0495,2025-06-07,52869.72,Zomato
TXN007705,ACC0141,2025-01-03,119055.4,Zomato
TXN006254,ACC0228,2025-07-11,143817.41,Unknown_POS
TXN010907,ACC0183,2025-03-07,110344.58,Flipkart
TXN003921,ACC0031,2025-01-07,76450.53,BigBasket
TXN008054,ACC0142,2025-03-23,128058.06,Swiggy
TXN000042,ACC0370,2025-01-14,87549.32,Swiggy
TXN004234,ACC0239,2025-06-06,124771.42,Amazon
TXN010101,ACC0051,2025-03-13,118087.56,Zomato
TXN013750,ACC0336,2025-03-10,134234.18,ATM_Withdrawal
TXN001911,ACC0136,2025-06-15,11429.47,Flipkart
TXN008482,ACC0198,2025-03-17,42528.34,BigBasket
TXN008890,ACC0294,2025-05-23,18747.92,Zomato
TXN002857,ACC0032,2025-05-24,115781.21,Uber
TXN014575,ACC0118,2025-02-15,83818.48,Swiggy
TXN000931,ACC0376,2025-02-17,132445.71,BigBasket
TXN014497,ACC0185,2025-06-02,117270.52,Uber
TXN000594,ACC0411,2025-05-26,101775.05,Swiggy
TXN010962,ACC0128,2025-03-28,36653.49,Unknown_POS
TXN010202,ACC0438,2025-05-30,95965.67,ATM_Withdrawal
TXN016729,ACC0271,2025-01-27,137962.75,Uber
TXN007390,ACC0293,2025-06-03,39204.97,Uber
TXN011500,ACC0262,2025-03-12,97102.27,Swiggy
TXN005433,ACC0430,2025-04-28,77872.18,BigBasket
TXN012515,ACC0069,2025-07-19,16983.77,Zomato
TXN006969,ACC0440,2025-02-05,56068.37,Uber
TXN006664,ACC0100,2025-01-14,27793.67,Unknown_POS
TXN002872,ACC0284,2025-07-07,37343.13,Amazon
TXN003821,ACC0307,2025-04-19,100469.21,Zomato
TXN009827,ACC0457,2025-07-29,32657.75,Flipkart
TXN010081,ACC0343,2025-07-05,23897.36,Zomato
TXN005624,ACC0458,2025-01-22,91701.4,BigBasket
TXN008446,ACC0260,2025-07-13,33484.1,ATM_Withdrawal
TXN006060,ACC0268,2025-04-03,71517.49,Unknown_POS
TXN015251,ACC0478,2025-02-22,102064.74,Swiggy
TXN018075,ACC0412,2025-05-06,101258.64,Flipkart
TXN004589,ACC0424,2025-06-25,94778.62,Amazon
TXN010134,ACC0206,2025-03-06,72124.66,Unknown_POS
TXN001222,ACC0139,2025-03-10,120357.34,Uber
TXN013327,ACC0111,2025-02-10,83088.22,Flipkart
TXN019260,ACC0218,2025-07-04,16612.15,Unknown_POS
TXN001698,ACC0363,2025-04-24,114306.61,ATM_Withdrawal
TXN004209,ACC0476,2025-02-01,129794.44,Uber
TXN007686,ACC0220,2025-04-24,48518.42,Flipkart
TXN007824,ACC0354,2025-06-01,32497.35,Unknown_POS
TXN014616,ACC0395,2025-02-25,21945.97,Swiggy
TXN016115,ACC0377,2025-05-11,7369.08,Flipkart
TXN009517,ACC0346,2025-07-18,67430.88,Unknown_POS
TXN018824,ACC0448,2025-04-02,79211.29,Zomato
TXN007000,ACC0179,2025-04-14,57775.06,BigBasket
TXN012349,ACC0369,2025-03-27,8236.1,Uber
TXN007603,ACC0458,2025-01-13,92515.0,Unknown_POS
TXN004864,ACC0344,2025-07-11,20738.56,Uber
TXN000981,ACC0498,2025-04-25,112938.39,Flipkart
TXN009281,ACC0160,2025-06-10,147116.52,Flipkart
TXN001526,ACC0405,2025-07-25,41701.91,Swiggy
TXN015542,ACC0124,2025-03-20,47810.03,Uber
TXN009463,ACC0016,2025-05-09,62635.41,Amazon
TXN011667,ACC0485,2025-05-08,81521.12,Amazon
TXN013179,ACC0139,2025-05-31,38656.66,Amazon
TXN016486,ACC0136,2025-06-18,104051.64,Uber
TXN015701,ACC0089,2025-03-02,82491.69,ATM_Withdrawal
TXN012820,ACC0151,2025-02-25,141565.83,Flipkart
TXN011788,ACC0319,2025-03-30,71529.06,Amazon
TXN003370,ACC0273,2025-04-01,59543.67,Unknown_POS
TXN009683,ACC0106,2025-03-31,37182.88,Flipkart
TXN018827,ACC0395,2025-03-10,14695.45,Unknown_POS
TXN004721,ACC0127,2025-06-28,139315.81,Amazon
TXN002742,ACC0339,2025-03-20,4744.35,BigBasket
TXN014647,ACC0455,2025-04-23,123049.9,Swiggy
TXN002781,ACC0290,2025-05-09,149672.05,Unknown_POS
TXN006349,ACC0217,2025-05-08,121354.05,BigBasket
TXN007454,ACC0292,2025-04-20,121009.96,Unknown_POS
TXN018627,ACC0444,2025-02-15,99017.4,Swiggy
TXN015513,ACC0041,2025-04-16,105085.9,Unknown_POS
TXN008342,ACC0410,2025-01-29,5945.34,ATM_Withdrawal
TXN012589,ACC0178,2025-04-19,80712.79,ATM_Withdrawal
TXN000714,ACC0052,2025-03-14,92946.39,Zomato
TXN007096,ACC0196,2025-06-03,106929.62,Zomato
TXN014634,ACC0058,2025-02-21,34952.42,ATM_Withdrawal
TXN003201,ACC0353,2025-06-30,73081.85,Uber
TXN018737,ACC0080,2025-04-23,142550.27,Unknown_POS
TXN009009,ACC0112,2025-01-09,8083.63,Flipkart
TXN012231,ACC0126,2025-03-21,124815.71,Uber
TXN005323,ACC0348,2025-03-24,102780.63,Uber
TXN008353,ACC0320,2025-07-07,109612.81,BigBasket
TXN012959,ACC0403,2025-05-16,141038.98,Amazon
TXN013708,ACC0369,2025-03-21,134668.66,Flipkart
TXN018704,ACC0384,2025-06-17,19543.45,BigBasket
TXN011719,ACC0203,2025-03-17,100727.32,Swiggy
TXN008143,ACC0291,2025-05-07,60249.17,ATM_Withdrawal
TXN009169,ACC0263,2025-02-26,39822.62,Zomato
TXN017547,ACC0488,2025-06-22,115175.06,Uber
TXN010358,ACC0185,2025-02-07,98348.31,Amazon
TXN019413,ACC0362,2025-07-06,36453.47,Uber
TXN007520,ACC0493,2025-07-12,117612.02,ATM_Withdrawal
TXN016854,ACC0435,2025-06-07,15183.22,Uber
TXN000196,ACC0379,2025-04-10,47535.9,Flipkart
TXN010541,ACC0287,2025-03-09,113953.24,BigBasket
TXN014147,ACC0267,2025-03-27,48824.38,Uber
TXN013971,ACC0029,2025-02-03,18159.0,Uber
TXN013999,ACC0431,2025-05-14,134725.64,Zomato
TXN016679,ACC0449,2025-03-05,131655.21,BigBasket
TXN005623,ACC0336,2025-02-13,129360.35,Zomato
TXN007695,ACC0032,2025-01-29,59430.59,Zomato
TXN005372,ACC0367,2025-04-22,121309.06,Swiggy
TXN017961,ACC0362,2025-07-26,47640.87,Unknown_POS
TXN016082,ACC0322,2025-07-28,32730.12,ATM_Withdrawal
TXN006729,ACC0401,2025-07-17,66331.13,Swiggy
TXN006249,ACC0303,2025-02-20,77369.68,Zomato
TXN010898,ACC0178,2025-03-10,111393.24,Amazon
TXN008830,ACC0365,2025-02-24,105471.98,Flipkart
TXN004274,ACC0060,2025-07-11,19361.53,Amazon
TXN002319,ACC0117,2025-04-20,57838.19,BigBasket
TXN009902,ACC0154,2025-07-30,142085.18,ATM_Withdrawal
TXN006334,ACC0323,2025-05-24,18160.3,Unknown_POS
TXN017531,ACC0421,2025-03-13,8815.47,Amazon
TXN007258,ACC0165,2025-01-05,61229.63,Flipkart
TXN013892,ACC0159,2025-05-18,113379.64,ATM_Withdrawal
TXN016074,ACC0198,2025-07-07,107536.1,Uber
TXN003492,ACC0351,2025-03-01,934.95,Amazon
TXN001321,ACC0214,2025-01-12,6056.8,ATM_Withdrawal
TXN008376,ACC0052,2025-03-26,109343.78,Flipkart
TXN006364,ACC0136,2025-06-10,100599.37,ATM_Withdrawal
TXN012963,ACC0288,2025-06-04,84390.05,BigBasket
TXN000642,ACC0258,2025-05-19,104162.08,BigBasket
TXN004191,ACC0148,2025-05-06,78357.21,Flipkart
TXN018399,ACC0153,2025-02-02,14287.94,BigBasket
TXN006453,ACC0487,2025-03-13,49615.07,Unknown_POS
TXN004409,ACC0230,2025-04-10,71666.33,Swiggy
TXN015865,ACC0427,2025-06-27,100862.48,Amazon
TXN014050,ACC0276,2025-03-09,146007.81,BigBasket
TXN008177,ACC0121,2025-04-29,11567.57,BigBasket
TXN003346,ACC0178,2025-06-15,118231.05,ATM_Withdrawal
TXN014643,ACC0280,2025-04-29,131301.9,Unknown_POS
TXN011204,ACC0403,2025-05-30,20303.42,Flipkart
TXN003662,ACC0281,2025-07-30,13466.58,Zomato
TXN007132,ACC0230,2025-06-14,59592.45,Unknown_POS
TXN007179,ACC0339,2025-04-01,98254.37,Unknown_POS
TXN007905,ACC0054,2025-01-28,7731.19,ATM_Withdrawal
TXN006474,ACC0016,2025-06-05,116540.02,Uber
TXN015935,ACC0005,2025-05-06,93044.49,Flipkart
TXN016599,ACC0289,2025-07-19,30185.58,Swiggy
TXN019274,ACC0029,2025-05-11,68533.35,Flipkart
TXN014506,ACC0475,2025-01-24,14425.37,BigBasket
TXN014610,ACC0327,2025-05-09,127313.15,Uber
TXN016571,ACC0026,2025-05-16,80337.24,ATM_Withdrawal
TXN014814,ACC0226,2025-06-24,73074.6,Uber
TXN005769,ACC0434,2025-04-18,105553.68,Unknown_POS
TXN007257,ACC0248,2025-01-31,101746.64,Flipkart
TXN015413,ACC0120,2025-03-22,73985.63,Flipkart
TXN016021,ACC0412,2025-05-05,12304.09,Uber
TXN002168,ACC0039,2025-05-21,38282.36,Unknown_POS
TXN001881,ACC0174,2025-05-22,36932.34,Zomato
TXN015816,ACC0449,2025-01-24,34187.82,Amazon
TXN014843,ACC0021,2025-07-07,66474.89,Unknown_POS
TXN001081,ACC0169,2025-05-15,62093.0,Zomato
TXN009680,ACC0372,2025-05-04,117157.16,Flipkart
TXN006001,ACC0265,2025-04-24,72792.91,ATM_Withdrawal
TXN010671,ACC0060,2025-05-23,77252.06,Swiggy
TXN017285,ACC0130,2025-01-24,38465.67,Zomato
TXN005334,ACC0404,2025-06-24,67256.85,Uber
TXN014895,ACC0173,2025-02-16,66396.09,Uber
TXN013190,ACC0360,2025-06-26,82108.7,Unknown_POS
TXN012484,ACC0232,2025-06-26,112175.67,Zomato
TXN010266,ACC0079,2025-02-16,85426.87,Unknown_POS
TXN007580,ACC0327,2025-02-12,104080.28,ATM_Withdrawal
TXN018014,ACC0451,2025-05-29,97142.57,BigBasket
TXN019826,ACC0227,2025-02-24,4207.72,Uber
TXN012041,ACC0176,2025-07-13,60780.44,Swiggy
TXN014599,ACC0092,2025-05-11,111846.8,Amazon
TXN014925,ACC0131,2025-03-22,78866.41,Unknown_POS
TXN017090,ACC0354,2025-04-10,77499.01,Uber
TXN018973,ACC0048,2025-05-13,112082.38,Flipkart
TXN001474,ACC0415,2025-05-19,82015.67,Amazon
TXN003409,ACC0485,2025-04-14,86121.73,Unknown_POS
TXN015910,ACC0351,2025-07-30,47486.29,BigBasket
TXN004248,ACC0490,2025-01-22,137723.65,ATM_Withdrawal
TXN007114,ACC0434,2025-01-01,130778.65,Zomato
TXN007087,ACC0416,2025-01-09,103396.45,Swiggy
TXN011884,ACC0241,2025-07-07,70548.87,Swiggy
TXN015231,ACC0254,2025-05-26,148680.5,Zomato
TXN012735,ACC0485,2025-07-18,26191.47,ATM_Withdrawal
TXN012825,ACC0401,2025-07-13,83574.46,Swiggy
TXN019031,ACC0023,2025-04-22,98366.09,Unknown_POS
TXN004260,ACC0069,2025-01-15,11483.98,Flipkart
TXN005982,ACC0197,2025-02-16,89314.87,Uber
TXN001824,ACC0066,2025-03-08,140037.83,Zomato
TXN019863,ACC0459,2025-01-05,68101.78,ATM_Withdrawal
TXN003254,ACC0429,2025-01-17,65150.63,Uber
TXN002255,ACC0109,2025-03-15,70835.12,Flipkart
TXN019917,ACC0142,2025-01-25,130017.83,ATM_Withdrawal
TXN016218,ACC0390,2025-06-18,117485.49,Zomato
TXN002008,ACC0330,2025-07-21,114086.06,Unknown_POS
TXN000571,ACC0426,2025-01-27,76762.14,Flipkart
TXN014379,ACC0214,2025-02-12,6581.32,Swiggy
TXN008671,ACC0077,2025-01-02,75897.55,ATM_Withdrawal
TXN010806,ACC0182,2025-04-24,107890.45,Uber
TXN007555,ACC0142,2025-07-03,24652.49,Zomato
TXN000600,ACC0490,2025-06-21,130977.88,Flipkart
TXN000971,ACC0376,2025-01-20,108550.9,ATM_Withdrawal
TXN004173,ACC0269,2025-05-18,14075.8,Uber
TXN011444,ACC0249,2025-01-10,78620.44,Zomato
TXN015298,ACC0474,2025-02-17,50532.86,Unknown_POS
TXN000455,ACC0170,2025-02-22,146161.04,Unknown_POS
TXN016955,ACC0123,2025-05-21,2132.31,Amazon
TXN003859,ACC0012,2025-05-19,114770.12,Zomato
TXN003838,ACC0161,2025-01-31,21002.12,Flipkart
TXN014485,ACC0254,2025-04-07,33419.77,Flipkart
TXN000168,ACC0413,2025-02-15,16097.11,Flipkart
TXN000672,ACC0179,2025-02-26,132515.34,BigBasket
TXN017458,ACC0252,2025-01-08,60033.85,Zomato
TXN010569,ACC0123,2025-04-17,51343.11,ATM_Withdrawal
TXN017476,ACC0278,2025-07-11,58602.51,Amazon
TXN003176,ACC0004,2025-03-23,134010.41,ATM_Withdrawal
TXN014283,ACC0015,2025-06-13,92200.89,Swiggy
TXN002564,ACC0181,2025-03-09,17793.01,Flipkart
TXN006263,ACC0261,2025-01-01,51679.76,Flipkart
TXN015351,ACC0431,2025-02-10,145605.19,ATM_Withdrawal
TXN017539,ACC0034,2025-05-25,61986.58,Swiggy
TXN018930,ACC0129,2025-03-31,118089.96,Swiggy
TXN000815,ACC0128,2025-03-15,13996.76,BigBasket
TXN017784,ACC0153,2025-01-25,81633.05,BigBasket
TXN006998,ACC0147,2025-03-07,95726.7,Amazon
TXN016510,ACC0136,2025-03-04,27970.76,Flipkart
TXN009345,ACC0350,2025-06-02,49218.29,Unknown_POS
TXN005637,ACC0432,2025-03-18,119027.97,Swiggy
TXN003874,ACC0434,2025-01-10,146875.27,BigBasket
TXN000552,ACC0487,2025-01-04,133806.36,Zomato
TXN003079,ACC0078,2025-04-29,128160.68,ATM_Withdrawal
TXN002959,ACC0043,2025-04-18,125117.96,Flipkart
TXN001548,ACC0463,2025-07-27,102802.99,Zomato
TXN007525,ACC0103,2025-03-18,13285.62,BigBasket
TXN019708,ACC0005,2025-02-18,130105.62,Zomato
TXN013093,ACC0173,2025-05-14,14471.76,ATM_Withdrawal
TXN003777,ACC0225,2025-05-08,55033.01,Unknown_POS
TXN008923,ACC0267,2025-07-18,9162.57,Unknown_POS
TXN007582,ACC0415,2025-05-28,78401.05,Flipkart
TXN002824,ACC0004,2025-05-06,124884.05,Amazon
TXN001734,ACC0054,2025-03-25,77491.95,Zomato
TXN001570,ACC0473,2025-05-23,97083.65,Zomato
TXN002875,ACC0081,2025-03-14,45254.89,Zomato
TXN015699,ACC0325,2025-01-19,90910.78,Unknown_POS
TXN000657,ACC0104,2025-06-08,130334.05,ATM_Withdrawal
TXN012608,ACC0136,2025-07-01,64619.41,Uber
TXN019579,ACC0369,2025-03-30,149583.32,Amazon
TXN006093,ACC0387,2025-03-01,60649.62,Flipkart
TXN019091,ACC0138,2025-05-22,86231.17,ATM_Withdrawal
TXN012011,ACC0151,2025-02-08,131120.93,Amazon
TXN017951,ACC0230,2025-05-16,13600.77,BigBasket
TXN019871,ACC0026,2025-01-13,96104.33,Swiggy
TXN017360,ACC0302,2025-06-11,15638.42,Zomato
TXN005709,ACC0421,2025-03-02,20872.61,ATM_Withdrawal
TXN001100,ACC0473,2025-06-22,71892.29,ATM_Withdrawal
TXN016195,ACC0286,2025-02-10,21792.62,Zomato
TXN018066,ACC0081,2025-01-13,56982.98,Flipkart
TXN008227,ACC0409,2025-04-30,639.11,Flipkart
TXN014434,ACC0211,2025-03-07,28495.48,BigBasket
TXN007299,ACC0332,2025-05-05,64290.18,Swiggy
TXN008210,ACC0383,2025-06-07,43375.13,Swiggy
TXN003539,ACC0477,2025-04-23,87754.44,Swiggy
TXN013988,ACC0390,2025-01-30,11586.61,ATM_Withdrawal
TXN006114,ACC0105,2025-03-19,101976.61,Swiggy
TXN018739,ACC0315,2025-03-24,123545.52,BigBasket
TXN006801,ACC0230,2025-06-13,108675.42,ATM_Withdrawal
TXN006478,ACC0445,2025-07-30,134303.81,ATM_Withdrawal
TXN006894,ACC0004,2025-02-17,22726.0,Unknown_POS
TXN011013,ACC0082,2025-05-30,61698.06,Swiggy
TXN016254,ACC0187,2025-03-27,137497.19,Amazon
TXN017303,ACC0294,2025-02-09,37940.62,ATM_Withdrawal
TXN019453,ACC0126,2025-01-31,132159.68,Amazon
TXN017933,ACC0084,2025-02-20,63875.27,Unknown_POS
TXN000627,ACC0396,2025-04-26,68635.31,Swiggy
TXN011428,ACC0060,2025-04-14,56877.32,Flipkart
TXN017140,ACC0383,2025-04-26,137290.41,Swiggy
TXN003242,ACC0071,2025-04-23,18510.36,Unknown_POS
TXN006227,ACC0152,2025-01-03,49459.5,Swiggy
TXN010354,ACC0441,2025-06-03,130571.67,Zomato
TXN003765,ACC0238,2025-03-12,104584.8,Unknown_POS
TXN010910,ACC0081,2025-01-02,123112.42,Swiggy
TXN012256,ACC0339,2025-07-18,44408.07,Amazon
TXN002598,ACC0183,2025-05-08,4684.16,Unknown_POS
TXN009014,ACC0105,2025-07-04,105686.31,Swiggy
TXN009873,ACC0318,2025-02-19,136080.54,Flipkart
TXN015920,ACC0388,2025-05-01,106713.27,Flipkart
TXN006118,ACC0433,2025-06-21,95538.25,Swiggy
TXN001939,ACC0096,2025-02-20,10470.18,Unknown_POS
TXN007929,ACC0351,2025-07-18,36316.36,Swiggy
TXN009617,ACC0293,2025-02-21,139712.79,BigBasket
TXN019360,ACC0431,2025-05-31,25305.03,Flipkart
TXN015558,ACC0389,2025-06-01,146092.58,BigBasket
TXN017881,ACC0423,2025-06-30,139860.26,ATM_Withdrawal
TXN005434,ACC0106,2025-04-13,109974.77,Flipkart
TXN009310,ACC0198,2025-06-08,38929.48,Uber
TXN016116,ACC0292,2025-02-05,148769.63,ATM_Withdrawal
TXN009641,ACC0200,2025-06-28,119733.63,Flipkart
TXN008928,ACC0305,2025-02-09,100874.36,Unknown_POS
TXN017281,ACC0429,2025-05-28,67756.33,Amazon
TXN019463,ACC0003,2025-04-17,145889.84,ATM_Withdrawal
TXN008876,ACC0365,2025-02-24,82642.88,Swiggy
TXN002888,ACC0196,2025-01-05,148973.44,Unknown_POS
TXN004563,ACC0339,2025-02-15,68328.72,Uber
TXN002912,ACC0268,2025-03-24,92284.32,BigBasket
TXN010114,ACC0035,2025-03-12,25592.47,BigBasket
TXN007008,ACC0431,2025-07-28,67647.91,Uber
TXN008701,ACC0181,2025-05-17,69813.48,ATM_Withdrawal
TXN000503,ACC0429,2025-01-15,37461.06,ATM_Withdrawal
TXN009468,ACC0455,2025-01-12,116776.54,Zomato
TXN014961,ACC0298,2025-03-19,3264.67,Zomato
TXN011122,ACC0300,2025-06-26,108670.86,Flipkart
TXN011159,ACC0216,2025-02-03,84626.06,BigBasket
TXN004035,ACC0262,2025-02-01,72212.22,Uber
TXN004450,ACC0045,2025-04-04,31567.37,Uber
TXN005213,ACC0452,2025-06-12,84836.63,BigBasket
TXN010288,ACC0156,2025-04-13,64669.69,Unknown_POS
TXN012412,ACC0319,2025-06-25,24122.11,Amazon
TXN002531,ACC0041,2025-05-23,116203.28,ATM_Withdrawal
TXN018141,ACC0105,2025-02-03,82212.92,Zomato
TXN012474,ACC0383,2025-01-07,148231.36,Zomato
TXN013475,ACC0450,2025-01-22,5676.97,Flipkart
TXN018846,ACC0359,2025-04-01,118997.3,ATM_Withdrawal
TXN001996,ACC0348,2025-07-17,104073.43,BigBasket
TXN007594,ACC0391,2025-01-14,126070.45,Flipkart
TXN000095,ACC0388,2025-05-18,120309.15,Zomato
TXN018692,ACC0067,2025-03-24,119683.88,Zomato
TXN011567,ACC0089,2025-02-04,86255.78,Swiggy
TXN014316,ACC0449,2025-05-12,28085.72,Unknown_POS
TXN009630,ACC0418,2025-05-23,10133.11,ATM_Withdrawal
TXN013612,ACC0214,2025-03-19,81874.28,Flipkart
TXN014511,ACC0272,2025-07-25,76783.21,BigBasket
TXN002372,ACC0034,2025-02-24,89586.76,Uber
TXN019874,ACC0216,2025-04-07,20205.78,Zomato
TXN017150,ACC0213,2025-03-15,127034.57,Zomato
TXN006511,ACC0191,2025-01-24,147259.82,Flipkart
TXN009269,ACC0092,2025-04-21,118004.1,Swiggy
TXN011568,ACC0494,2025-07-17,49229.67,Amazon
TXN013264,ACC0179,2025-05-29,137816.41,Flipkart
TXN005583,ACC0242,2025-05-05,27297.53,Amazon
TXN008181,ACC0472,2025-03-09,118208.54,Zomato
TXN013959,ACC0017,2025-06-17,52543.17,Swiggy
TXN017585,ACC0474,2025-02-23,46647.17,Uber
TXN009070,ACC0416,2025-04-01,128429.79,Flipkart
TXN006475,ACC0383,2025-01-18,31928.05,Amazon
TXN018007,ACC0378,2025-04-19,21674.55,Swiggy
TXN006019,ACC0204,2025-05-04,18843.13,Swiggy
TXN010667,ACC0393,2025-05-15,26158.5,ATM_Withdrawal
TXN006867,ACC0381,2025-02-06,135148.07,Swiggy
TXN001105,ACC0285,2025-05-18,2856.83,BigBasket
TXN008921,ACC0005,2025-07-13,112402.02,Amazon
TXN009420,ACC0433,2025-03-19,39307.18,ATM_Withdrawal
TXN000722,ACC0397,2025-03-20,73071.36,Flipkart
TXN005727,ACC0193,2025-05-28,91101.07,Uber
TXN017939,ACC0231,2025-01-05,31394.55,ATM_Withdrawal
TXN011544,ACC0483,2025-07-22,116463.58,BigBasket
TXN008823,ACC0067,2025-01-10,60078.69,Flipkart
TXN012272,ACC0029,2025-07-03,130381.53,Amazon
TXN014409,ACC0250,2025-05-05,72582.72,Swiggy
TXN015347,ACC0500,2025-04-17,110865.51,Zomato
TXN009157,ACC0174,2025-07-17,22572.3,BigBasket
TXN005154,ACC0325,2025-01-28,113169.48,Uber
TXN017783,ACC0192,2025-05-23,14768.28,Flipkart
TXN000323,ACC0106,2025-05-13,91058.68,Zomato
TXN002281,ACC0258,2025-07-01,108100.85,Uber
TXN017708,ACC0180,2025-04-02,18539.61,ATM_Withdrawal
TXN007112,ACC0179,2025-07-14,85833.18,ATM_Withdrawal
TXN014456,ACC0183,2025-02-06,122426.82,Zomato
TXN010076,ACC0150,2025-01-11,72396.8,Zomato
TXN005100,ACC0116,2025-01-27,144159.53,Amazon
TXN002812,ACC0484,2025-07-17,14579.95,Uber
TXN007164,ACC0416,2025-03-08,117835.18,Unknown_POS
TXN012472,ACC0435,2025-01-06,9574.26,BigBasket
TXN003842,ACC0105,2025-01-11,133702.17,Amazon
TXN008438,ACC0381,2025-04-20,20358.89,BigBasket
TXN005238,ACC0461,2025-05-13,52194.76,Uber
TXN014470,ACC0498,2025-06-13,122565.53,Flipkart
TXN003082,ACC0324,2025-05-05,84220.79,BigBasket
TXN018422,ACC0456,2025-05-14,104478.27,Unknown_POS
TXN013712,ACC0194,2025-07-30,106469.56,Amazon
TXN004754,ACC0274,2025-07-24,77584.57,Unknown_POS
TXN008258,ACC0226,2025-01-09,64591.64,BigBasket
TXN003482,ACC0237,2025-02-21,135239.34,Amazon
TXN004323,ACC0473,2025-02-25,2289.22,ATM_Withdrawal
TXN000306,ACC0001,2025-02-24,71547.17,Swiggy
TXN013801,ACC0081,2025-03-06,112532.72,Amazon
TXN012275,ACC0313,2025-06-16,43904.3,BigBasket
TXN010594,ACC0118,2025-07-09,119651.16,BigBasket
TXN015064,ACC0472,2025-05-22,6158.33,Amazon
TXN019366,ACC0109,2025-02-12,143870.36,ATM_Withdrawal
TXN004649,ACC0046,2025-04-16,8285.62,Swiggy
TXN006886,ACC0014,2025-03-19,13097.58,ATM_Withdrawal
TXN012148,ACC0160,2025-07-06,129844.82,BigBasket
TXN008034,ACC0230,2025-07-25,45960.92,Swiggy
TXN007804,ACC0432,2025-04-04,84129.94,Swiggy
TXN001236,ACC0328,2025-04-27,138408.17,Uber
TXN018271,ACC0321,2025-05-11,68276.1,Flipkart
TXN015535,ACC0280,2025-06-19,114651.82,Flipkart
TXN000959,ACC0423,2025-07-05,48551.47,Zomato
TXN008128,ACC0470,2025-06-10,98390.38,Zomato
TXN000843,ACC0243,2025-07-26,1510.86,Unknown_POS
TXN002201,ACC0414,2025-01-03,144326.84,Unknown_POS
TXN016442,ACC0215,2025-02-15,4732.7,Unknown_POS
TXN005187,ACC0208,2025-01-10,84980.88,ATM_Withdrawal
TXN001282,ACC0357,2025-04-05,83033.49,ATM_Withdrawal
TXN013262,ACC0117,2025-01-09,74424.86,Zomato
TXN018933,ACC0286,2025-04-25,38871.56,Swiggy
TXN015178,ACC0319,2025-04-24,68790.13,Unknown_POS
TXN003342,ACC0022,2025-06-04,16214.26,Flipkart
TXN006472,ACC0024,2025-07-24,104068.29,Amazon
TXN000674,ACC0288,2025-07-30,112832.46,Amazon
TXN005923,ACC0090,2025-01-27,125340.08,Amazon
TXN008386,ACC0069,2025-06-19,118987.84,Amazon
TXN018013,ACC0222,2025-04-12,69477.12,Uber
TXN018040,ACC0056,2025-06-27,129400.39,Flipkart
TXN005305,ACC0365,2025-03-07,137232.97,Swiggy
TXN011941,ACC0438,2025-05-15,145130.07,ATM_Withdrawal
TXN001783,ACC0253,2025-05-11,112870.88,Unknown_POS
TXN008588,ACC0109,2025-07-29,119554.72,Unknown_POS
TXN000907,ACC0102,2025-04-28,110311.65,Flipkart
TXN012894,ACC0413,2025-03-18,2236.4,Uber
TXN004019,ACC0009,2025-05-09,130288.46,Uber
TXN019266,ACC0353,2025-01-15,133813.56,BigBasket
TXN006898,ACC0044,2025-06-04,9316.04,Amazon
TXN013869,ACC0221,2025-04-14,110810.33,ATM_Withdrawal
TXN004529,ACC0342,2025-06-02,70303.23,ATM_Withdrawal
TXN014848,ACC0442,2025-06-26,10644.75,Amazon
TXN019420,ACC0493,2025-07-24,59551.68,Unknown_POS
TXN012822,ACC0141,2025-07-02,48565.13,ATM_Withdrawal
TXN010379,ACC0401,2025-05-08,75655.93,Unknown_POS
TXN002906,ACC0267,2025-07-11,18265.58,Zomato
TXN011456,ACC0488,2025-06-01,75187.72,Flipkart
TXN013135,ACC0080,2025-06-27,84778.51,ATM_Withdrawal
TXN011259,ACC0094,2025-06-24,56862.68,Uber
TXN009066,ACC0162,2025-07-11,98.54,Amazon
TXN019267,ACC0277,2025-03-09,86074.4,Flipkart
TXN018550,ACC0057,2025-06-27,146183.61,Zomato
TXN008486,ACC0109,2025-06-30,49957.9,Amazon
TXN016126,ACC0110,2025-02-21,96934.45,Swiggy
TXN010794,ACC0472,2025-02-09,79623.38,ATM_Withdrawal
TXN017577,ACC0351,2025-01-08,20949.17,Zomato
TXN002152,ACC0033,2025-05-13,125579.73,Flipkart
TXN015840,ACC0346,2025-01-07,101276.93,Unknown_POS
TXN018107,ACC0494,2025-05-28,107177.86,Zomato
TXN005502,ACC0103,2025-03-08,43443.27,Zomato
TXN001547,ACC0283,2025-04-09,46424.81,BigBasket
TXN004081,ACC0296,2025-07-23,109491.2,Zomato
TXN004499,ACC0177,2025-01-07,79900.34,ATM_Withdrawal
TXN007413,ACC0087,2025-03-17,114128.85,Uber
TXN003237,ACC0093,2025-01-26,3982.36,Amazon
TXN008343,ACC0350,2025-07-03,78279.28,Zomato
TXN019470,ACC0103,2025-01-20,89544.54,Uber
TXN003398,ACC0203,2025-02-25,99287.03,Uber
TXN013966,ACC0282,2025-03-06,61493.78,Uber
TXN013166,ACC0135,2025-04-13,98236.45,Flipkart
TXN007696,ACC0429,2025-01-10,12924.93,BigBasket
TXN011419,ACC0151,2025-01-11,26866.38,Flipkart
TXN005079,ACC0301,2025-07-02,134242.43,Uber
TXN004833,ACC0427,2025-06-23,118526.32,Amazon
TXN019198,ACC0475,2025-03-20,35584.79,Uber
TXN011504,ACC0337,2025-06-08,31823.11,Flipkart
TXN010029,ACC0001,2025-06-05,8865.88,Swiggy
TXN008625,ACC0370,2025-05-29,148669.13,Zomato
TXN014408,ACC0175,2025-03-08,79063.78,Zomato
TXN017944,ACC0150,2025-01-21,41645.94,Zomato
TXN003122,ACC0150,2025-07-27,59789.59,Amazon
TXN000179,ACC0118,2025-02-24,135195.88,ATM_Withdrawal
TXN003879,ACC0143,2025-02-17,34401.85,Uber
TXN005142,ACC0404,2025-01-31,114685.46,Swiggy
TXN014405,ACC0476,2025-05-23,44097.21,Flipkart
TXN017175,ACC0406,2025-02-06,18095.25,ATM_Withdrawal
TXN001190,ACC0073,2025-07-06,109707.41,Uber
TXN018958,ACC0057,2025-01-08,56088.43,Unknown_POS
TXN009715,ACC0385,2025-04-24,36955.7,Uber
TXN009068,ACC0099,2025-07-22,77822.81,Flipkart
TXN015963,ACC0198,2025-06-26,48294.83,BigBasket
TXN005035,ACC0204,2025-05-30,14438.27,Zomato
TXN013944,ACC0162,2025-02-01,90364.35,ATM_Withdrawal
TXN005684,ACC0065,2025-02-24,69568.16,Amazon
TXN018091,ACC0342,2025-03-18,99838.57,Swiggy
TXN011881,ACC0002,2025-07-01,135707.1,BigBasket
TXN009221,ACC0060,2025-04-04,85924.5,Swiggy
TXN014893,ACC0332,2025-04-23,86634.27,Unknown_POS
TXN011792,ACC0143,2025-03-24,65343.53,ATM_Withdrawal
TXN001173,ACC0057,2025-03-14,129858.66,Zomato
TXN019240,ACC0027,2025-02-25,123146.14,Flipkart
TXN006309,ACC0473,2025-01-01,54527.15,Amazon
TXN009729,ACC0139,2025-02-01,28802.16,Zomato
TXN009467,ACC0299,2025-03-01,33498.98,Unknown_POS
TXN015151,ACC0031,2025-03-09,124680.73,Swiggy
TXN000240,ACC0035,2025-03-18,6750.22,Flipkart
TXN015487,ACC0324,2025-05-31,121257.04,Unknown_POS
TXN013402,ACC0139,2025-07-05,109888.87,Swiggy
TXN001440,ACC0271,2025-02-25,107385.95,Uber
TXN017233,ACC0291,2025-05-22,143258.11,Amazon
TXN014036,ACC0201,2025-06-08,129770.32,Zomato
TXN009053,ACC0109,2025-05-03,60384.06,ATM_Withdrawal
TXN010523,ACC0165,2025-04-14,56056.48,BigBasket
TXN012835,ACC0240,2025-01-21,88423.53,ATM_Withdrawal
TXN001790,ACC0434,2025-06-12,75089.83,Swiggy
TXN010190,ACC0218,2025-04-15,32599.08,Zomato
TXN005008,ACC0196,2025-05-23,77538.77,Amazon
TXN017870,ACC0439,2025-05-05,26731.52,BigBasket
TXN013995,ACC0037,2025-05-22,66489.85,ATM_Withdrawal
TXN011319,ACC0193,2025-02-19,124519.91,Uber
TXN010474,ACC0378,2025-07-10,88571.18,Flipkart
TXN013728,ACC0487,2025-03-02,5766.38,Amazon
TXN011911,ACC0389,2025-07-19,41842.3,Uber
TXN002346,ACC0151,2025-04-28,21663.83,Unknown_POS
TXN006369,ACC0278,2025-03-09,36691.88,Amazon
TXN008448,ACC0194,2025-05-03,78960.83,Zomato
TXN000519,ACC0130,2025-02-25,70031.37,Unknown_POS
TXN000784,ACC0377,2025-02-05,128257.09,Flipkart
TXN005384,ACC0480,2025-02-20,112211.96,BigBasket
TXN014443,ACC0349,2025-07-09,144870.12,ATM_Withdrawal
TXN002945,ACC0286,2025-04-22,97831.21,Swiggy
TXN015092,ACC0207,2025-02-25,106863.84,Amazon
TXN015431,ACC0026,2025-02-06,67975.76,Unknown_POS
TXN016017,ACC0289,2025-06-25,103172.5,Unknown_POS
TXN010845,ACC0095,2025-03-31,36135.91,Uber
TXN014338,ACC0188,2025-05-31,106285.14,Unknown_POS
TXN005534,ACC0326,2025-07-01,85673.65,Swiggy
TXN013287,ACC0485,2025-03-31,128176.72,Flipkart
TXN009129,ACC0149,2025-06-08,53895.05,ATM_Withdrawal
TXN008228,ACC0228,2025-05-05,142455.14,Zomato
TXN004124,ACC0322,2025-04-13,100491.95,BigBasket
TXN001164,ACC0388,2025-02-07,99149.16,ATM_Withdrawal
TXN000954,ACC0453,2025-01-27,25063.06,Swiggy
TXN002361,ACC0284,2025-07-02,124436.26,Uber
TXN013221,ACC0058,2025-02-27,6792.07,Amazon
TXN014689,ACC0305,2025-03-27,129105.14,Swiggy
TXN003687,ACC0159,2025-01-04,32502.71,Swiggy
TXN010142,ACC0074,2025-04-30,54120.89,Uber
TXN011488,ACC0361,2025-07-25,72902.1,Flipkart
TXN011848,ACC0287,2025-01-05,96620.77,ATM_Withdrawal
TXN009691,ACC0456,2025-07-22,69118.75,Amazon
TXN011151,ACC0276,2025-03-02,12482.01,Swiggy
TXN007051,ACC0251,2025-02-25,133272.77,Amazon
TXN010739,ACC0163,2025-03-08,58694.47,ATM_Withdrawal
TXN013354,ACC0279,2025-07-05,111199.63,Uber
TXN019291,ACC0055,2025-05-20,141708.15,Unknown_POS
TXN013812,ACC0199,2025-05-10,46149.28,Uber
TXN013403,ACC0209,2025-06-12,10119.51,Zomato
TXN011789,ACC0434,2025-03-01,47100.77,BigBasket
TXN014676,ACC0355,2025-03-17,4005.75,Uber
TXN017097,ACC0007,2025-05-06,51682.99,ATM_Withdrawal
TXN019082,ACC0480,2025-01-19,43551.05,Zomato
TXN014657,ACC0415,2025-04-24,62606.35,Zomato
TXN014584,ACC0462,2025-07-03,12590.09,Swiggy
TXN019430,ACC0298,2025-06-16,31178.17,Zomato
TXN008357,ACC0364,2025-02-02,19366.76,Swiggy
TXN010323,ACC0082,2025-07-24,4219.05,Unknown_POS
TXN011552,ACC0272,2025-04-12,62789.0,BigBasket
TXN009799,ACC0290,2025-03-14,98810.45,Unknown_POS
TXN013416,ACC0019,2025-04-30,147400.55,Amazon
TXN002356,ACC0241,2025-04-16,108397.49,ATM_Withdrawal
TXN010156,ACC0257,2025-05-17,48541.32,ATM_Withdrawal
TXN011296,ACC0354,2025-05-20,48508.37,ATM_Withdrawal
TXN000001,ACC0065,2025-06-10,45458.55,Flipkart
TXN007853,ACC0362,2025-06-02,67621.75,Amazon
TXN001217,ACC0135,2025-02-07,79589.8,Unknown_POS
TXN011070,ACC0069,2025-04-15,16576.52,Flipkart
TXN019373,ACC0113,2025-03-20,112006.61,Swiggy
TXN011902,ACC0176,2025-06-05,26430.99,Amazon
TXN008824,ACC0235,2025-03-27,51813.82,Swiggy
TXN010072,ACC0450,2025-01-29,64702.46,Uber
TXN006317,ACC0332,2025-06-12,64368.77,Amazon
TXN005303,ACC0411,2025-05-30,117302.07,BigBasket
TXN005133,ACC0328,2025-06-27,115640.13,ATM_Withdrawal
TXN008185,ACC0426,2025-01-27,122196.68,Swiggy
TXN013055,ACC0282,2025-05-26,50385.71,ATM_Withdrawal
TXN015065,ACC0367,2025-04-03,136117.52,BigBasket
TXN004443,ACC0009,2025-06-06,48100.19,ATM_Withdrawal
TXN012714,ACC0333,2025-02-03,133213.36,Swiggy
TXN000459,ACC0079,2025-01-14,54156.3,Unknown_POS
TXN000930,ACC0001,2025-07-18,95722.01,Unknown_POS
TXN013782,ACC0412,2025-02-18,38488.92,Amazon
TXN000098,ACC0040,2025-05-25,16875.71,Zomato
TXN004140,ACC0337,2025-07-13,104395.54,Amazon
TXN000713,ACC0488,2025-03-26,53602.9,Zomato
TXN007964,ACC0160,2025-03-28,102731.97,Swiggy
TXN001873,ACC0355,2025-02-28,70007.19,Zomato
TXN000427,ACC0397,2025-01-29,126979.81,BigBasket
TXN019271,ACC0477,2025-06-19,41016.38,Zomato
TXN012790,ACC0343,2025-07-11,113183.73,BigBasket
TXN005985,ACC0301,2025-02-03,27162.68,ATM_Withdrawal
TXN002823,ACC0307,2025-01-11,143980.51,Zomato
TXN019634,ACC0056,2025-05-31,99344.65,BigBasket
TXN010019,ACC0034,2025-05-23,68003.74,Amazon
TXN018287,ACC0328,2025-02-14,102098.98,Zomato
TXN005300,ACC0079,2025-07-21,101661.86,Swiggy
TXN008421,ACC0067,2025-06-21,76162.72,Zomato
TXN008993,ACC0327,2025-06-21,115123.6,Unknown_POS
TXN019388,ACC0302,2025-05-06,115261.54,Amazon
TXN004647,ACC0014,2025-02-24,70116.91,ATM_Withdrawal
TXN004063,ACC0014,2025-03-14,49196.69,Flipkart
TXN006241,ACC0163,2025-02-27,144656.55,Zomato
TXN017571,ACC0452,2025-04-12,120992.15,Amazon
TXN016549,ACC0256,2025-04-10,41169.66,Amazon
TXN008146,ACC0007,2025-02-21,119760.18,Uber
TXN016399,ACC0489,2025-01-24,109092.61,BigBasket
TXN019323,ACC0198,2025-05-30,88520.47,Uber
TXN015617,ACC0190,2025-06-27,130066.02,Swiggy
TXN015602,ACC0241,2025-05-17,145187.34,Unknown_POS
TXN007411,ACC0158,2025-01-04,14166.98,Flipkart
TXN006552,ACC0007,2025-07-24,73051.42,Zomato
TXN002703,ACC0072,2025-02-22,82085.75,BigBasket
TXN011572,ACC0121,2025-06-14,12843.37,Unknown_POS
TXN013333,ACC0008,2025-01-07,14521.59,Swiggy
TXN013057,ACC0236,2025-04-24,138811.27,ATM_Withdrawal
TXN011200,ACC0267,2025-07-14,85447.52,Unknown_POS
TXN016045,ACC0460,2025-04-15,37240.07,Swiggy
TXN019792,ACC0049,2025-07-13,40662.58,Unknown_POS
TXN019602,ACC0250,2025-03-31,91326.55,BigBasket
TXN010701,ACC0465,2025-07-02,11121.86,Flipkart
TXN004655,ACC0476,2025-06-19,76257.21,Flipkart
TXN008758,ACC0280,2025-04-17,13123.28,ATM_Withdrawal
TXN002237,ACC0393,2025-06-25,35513.92,BigBasket
TXN010708,ACC0363,2025-05-25,99978.16,Amazon
TXN005958,ACC0290,2025-02-13,89273.53,Swiggy
TXN019113,ACC0110,2025-07-10,36632.62,Swiggy
TXN001150,ACC0167,2025-05-23,97435.24,Uber
TXN007188,ACC0447,2025-07-06,64622.0,BigBasket
TXN014683,ACC0197,2025-02-02,146471.66,Unknown_POS
TXN002848,ACC0307,2025-04-02,81534.83,Uber
TXN015796,ACC0174,2025-07-18,51501.83,Zomato
TXN015004,ACC0123,2025-05-22,11916.5,Unknown_POS
TXN001317,ACC0303,2025-05-02,125556.5,Uber
TXN013974,ACC0243,2025-06-21,57039.28,Amazon
TXN004556,ACC0028,2025-01-30,90895.31,Flipkart
TXN006431,ACC0003,2025-06-29,11031.47,ATM_Withdrawal
TXN010672,ACC0007,2025-03-04,125228.95,Amazon
TXN016157,ACC0500,2025-04-04,103510.21,ATM_Withdrawal
TXN018887,ACC0497,2025-02-02,6629.47,Swiggy
TXN001651,ACC0003,2025-04-12,17545.91,Swiggy
TXN019445,ACC0099,2025-06-09,62332.15,BigBasket
TXN014927,ACC0307,2025-06-04,125699.17,ATM_Withdrawal
TXN005847,ACC0199,2025-01-19,711.55,Amazon
TXN008313,ACC0114,2025-01-12,63941.55,Amazon
TXN017886,ACC0424,2025-03-07,94432.39,Flipkart
TXN016525,ACC0405,2025-05-12,50429.83,Uber
TXN004562,ACC0195,2025-03-28,31299.87,Amazon
TXN014168,ACC0072,2025-01-14,88151.03,BigBasket
TXN001429,ACC0067,2025-01-21,63749.52,Flipkart
TXN008082,ACC0057,2025-03-27,103816.38,BigBasket
TXN009055,ACC0337,2025-07-09,132207.05,Unknown_POS
TXN017534,ACC0222,2025-06-07,62326.44,Unknown_POS
TXN002111,ACC0267,2025-06-19,90262.56,Zomato
TXN007893,ACC0091,2025-03-09,87042.61,Unknown_POS
TXN005593,ACC0494,2025-02-01,5669.14,Amazon
TXN001406,ACC0322,2025-06-25,71432.3,Flipkart
TXN014834,ACC0410,2025-02-27,95810.63,BigBasket
TXN009514,ACC0257,2025-03-04,7766.09,Uber
TXN002497,ACC0141,2025-05-04,29925.67,Flipkart
TXN017454,ACC0238,2025-07-16,72545.16,Flipkart
TXN015089,ACC0262,2025-03-21,92104.8,Flipkart
TXN015297,ACC0123,2025-02-28,3770.59,Zomato
TXN001502,ACC0431,2025-05-18,32151.31,Uber
TXN008679,ACC0440,2025-07-25,127712.85,ATM_Withdrawal
TXN008746,ACC0422,2025-05-22,135181.68,BigBasket
TXN013144,ACC0171,2025-02-19,68436.89,Swiggy
TXN017558,ACC0332,2025-04-26,45903.38,Flipkart
TXN010082,ACC0494,2025-03-29,116458.35,Flipkart
TXN000033,ACC0024,2025-01-10,20598.6,BigBasket
TXN010951,ACC0279,2025-01-01,28984.44,Zomato
TXN001682,ACC0081,2025-06-05,73853.25,Unknown_POS
TXN019578,ACC0452,2025-07-19,16139.9,Uber
TXN003194,ACC0420,2025-06-30,30371.85,Uber
TXN018243,ACC0318,2025-06-19,49690.86,Unknown_POS
TXN015937,ACC0122,2025-02-28,141892.41,BigBasket
TXN017748,ACC0491,2025-05-17,86110.47,Zomato
TXN000614,ACC0456,2025-05-11,84371.77,ATM_Withdrawal
TXN016627,ACC0060,2025-04-23,69171.92,Uber
TXN008930,ACC0443,2025-04-15,140083.76,Swiggy
TXN011264,ACC0131,2025-02-27,87035.14,Amazon
TXN019477,ACC0466,2025-04-06,5977.49,Uber
TXN004548,ACC0245,2025-03-12,98080.52,Zomato
TXN016422,ACC0266,2025-07-09,106765.4,Amazon
TXN018672,ACC0249,2025-04-15,36271.07,Flipkart
TXN018368,ACC0401,2025-04-27,147564.1,BigBasket
TXN016973,ACC0154,2025-07-09,66000.04,Zomato
TXN019380,ACC0375,2025-07-22,77355.8,Flipkart
TXN002501,ACC0089,2025-02-20,103074.27,Uber
TXN008815,ACC0281,2025-07-01,73381.41,Unknown_POS
TXN008853,ACC0011,2025-07-22,87842.27,Uber
TXN014430,ACC0392,2025-05-10,84610.03,Flipkart
TXN011551,ACC0329,2025-04-01,27631.13,Unknown_POS
TXN000605,ACC0437,2025-05-07,130418.87,Flipkart
TXN017882,ACC0435,2025-06-23,138758.15,Flipkart
TXN014505,ACC0121,2025-05-25,90467.17,Swiggy
TXN007178,ACC0260,2025-02-20,117993.01,Zomato
TXN012335,ACC0284,2025-03-13,1001.04,Swiggy
TXN003617,ACC0323,2025-03-21,102624.43,Unknown_POS
TXN004134,ACC0112,2025-04-05,14573.58,Uber
TXN019194,ACC0310,2025-01-01,9361.4,BigBasket
TXN001954,ACC0178,2025-06-29,126403.79,Uber
TXN004911,ACC0457,2025-03-17,32039.7,BigBasket
TXN014414,ACC0367,2025-02-22,127778.9,Zomato
TXN018612,ACC0367,2025-06-30,56804.75,Unknown_POS
TXN010163,ACC0333,2025-05-09,68468.67,Flipkart
TXN014450,ACC0043,2025-02-12,54902.36,Unknown_POS
TXN002062,ACC0133,2025-04-15,66137.53,Flipkart
TXN007254,ACC0332,2025-03-18,37347.3,BigBasket
TXN001773,ACC0175,2025-04-22,27117.18,Amazon
TXN009027,ACC0150,2025-07-17,106103.32,BigBasket
TXN014516,ACC0134,2025-02-04,52448.69,Uber
TXN002900,ACC0447,2025-01-02,40258.33,Zomato
TXN016282,ACC0024,2025-06-18,132987.58,BigBasket
TXN011806,ACC0432,2025-03-07,117525.03,Uber
TXN002863,ACC0275,2025-02-22,116943.82,Flipkart
TXN003918,ACC0021,2025-05-03,10209.96,BigBasket
TXN004324,ACC0415,2025-04-20,14783.0,Swiggy
TXN005343,ACC0015,2025-06-17,55364.37,Swiggy
TXN016181,ACC0396,2025-06-30,116839.45,Zomato
TXN016661,ACC0312,2025-05-01,53083.14,Flipkart
TXN004533,ACC0069,2025-07-23,54677.88,Amazon
TXN007470,ACC0215,2025-04-21,109197.95,Amazon
TXN004249,ACC0389,2025-03-25,148713.72,Flipkart
TXN004365,ACC0136,2025-06-01,7425.17,Swiggy
TXN012812,ACC0148,2025-01-28,43404.46,Amazon
TXN003604,ACC0446,2025-06-11,22450.12,BigBasket
TXN013470,ACC0326,2025-02-19,44713.09,BigBasket
TXN017102,ACC0475,2025-03-08,139693.66,ATM_Withdrawal
TXN002854,ACC0431,2025-07-26,129608.18,Unknown_POS
TXN015319,ACC0182,2025-04-23,68438.56,Zomato
TXN014649,ACC0336,2025-06-04,83521.54,Flipkart
TXN008792,ACC0441,2025-07-17,30905.85,Unknown_POS
TXN010967,ACC0022,2025-05-14,98036.84,BigBasket
TXN013228,ACC0169,2025-06-20,111791.14,Zomato
TXN011608,ACC0077,2025-06-30,27898.68,Unknown_POS
TXN000667,ACC0397,2025-06-10,92360.52,Uber
TXN010153,ACC0124,2025-07-30,3021.74,Flipkart
TXN004733,ACC0221,2025-05-08,61598.52,BigBasket
TXN017126,ACC0243,2025-02-27,73236.82,Uber
TXN015306,ACC0010,2025-06-01,132082.86,Amazon
TXN011005,ACC0385,2025-06-09,125199.65,Uber
TXN009938,ACC0384,2025-07-13,54862.33,Zomato
TXN000539,ACC0134,2025-05-30,44142.97,Flipkart
TXN016842,ACC0114,2025-03-19,100023.17,BigBasket
TXN017304,ACC0415,2025-06-28,105056.53,Flipkart
TXN013786,ACC0364,2025-07-01,57974.04,ATM_Withdrawal
TXN018486,ACC0262,2025-02-16,111382.63,Flipkart
TXN012792,ACC0162,2025-05-03,31566.6,Uber
TXN001434,ACC0401,2025-02-01,138018.71,Zomato
TXN005371,ACC0152,2025-06-18,27084.88,Swiggy
TXN003881,ACC0318,2025-01-14,85912.73,Swiggy
TXN017610,ACC0064,2025-01-14,14435.58,BigBasket
TXN014704,ACC0468,2025-01-15,137101.67,Uber
TXN002601,ACC0450,2025-06-10,101836.29,ATM_Withdrawal
TXN015300,ACC0391,2025-03-06,137434.38,Flipkart
TXN009164,ACC0004,2025-06-04,12825.35,Swiggy
TXN002660,ACC0022,2025-04-01,144421.34,ATM_Withdrawal
TXN003646,ACC0305,2025-04-24,113781.31,Flipkart
TXN011333,ACC0084,2025-06-02,11451.48,BigBasket
TXN010220,ACC0031,2025-06-14,14778.38,Uber
TXN005282,ACC0073,2025-07-18,71784.3,BigBasket
TXN010766,ACC0323,2025-01-18,15579.51,Amazon
TXN011246,ACC0407,2025-07-11,13560.86,Flipkart
TXN018404,ACC0461,2025-01-25,60738.53,Zomato
TXN009932,ACC0328,2025-02-05,4213.81,Amazon
TXN010137,ACC0436,2025-06-14,20994.76,Unknown_POS
TXN010638,ACC0477,2025-01-20,76638.43,BigBasket
TXN019396,ACC0288,2025-02-18,24578.66,Zomato
TXN005955,ACC0155,2025-07-28,468.24,ATM_Withdrawal
TXN015016,ACC0070,2025-05-10,86464.11,Zomato
TXN009860,ACC0257,2025-05-03,69734.66,Flipkart
TXN006666,ACC0466,2025-06-28,2879.09,BigBasket
TXN010257,ACC0172,2025-03-17,112297.24,Zomato
TXN011184,ACC0096,2025-01-24,15016.14,Uber
TXN001518,ACC0433,2025-04-22,61568.53,Flipkart
TXN015112,ACC0380,2025-03-16,39418.21,BigBasket
TXN012574,ACC0138,2025-04-11,54440.31,Amazon
TXN016174,ACC0016,2025-06-24,114908.76,Unknown_POS
TXN009889,ACC0330,2025-07-03,134628.32,Swiggy
TXN009236,ACC0062,2025-02-16,118127.18,Swiggy
TXN015261,ACC0283,2025-01-12,102335.14,Amazon
TXN009440,ACC0448,2025-03-26,133911.46,Uber
TXN003922,ACC0013,2025-04-25,60541.64,ATM_Withdrawal
TXN010886,ACC0383,2025-01-12,110978.97,Amazon
TXN017387,ACC0220,2025-04-28,65822.65,Unknown_POS
TXN005066,ACC0337,2025-06-03,85655.5,Unknown_POS
TXN001438,ACC0438,2025-05-09,117131.28,Zomato
TXN012188,ACC0176,2025-06-11,18826.0,BigBasket
TXN016573,ACC0100,2025-05-02,88587.35,ATM_Withdrawal
TXN002512,ACC0038,2025-02-25,98560.34,BigBasket
TXN003326,ACC0278,2025-07-10,91524.85,Swiggy
TXN009794,ACC0372,2025-04-20,102269.74,Swiggy
TXN003963,ACC0408,2025-07-08,1323.05,Unknown_POS
TXN001475,ACC0221,2025-01-31,57575.3,BigBasket
TXN009792,ACC0041,2025-05-14,92148.69,BigBasket
TXN008475,ACC0057,2025-07-16,24059.61,Zomato
TXN013544,ACC0065,2025-06-26,25376.84,ATM_Withdrawal
TXN004526,ACC0458,2025-04-25,90560.93,ATM_Withdrawal
TXN019488,ACC0423,2025-01-09,15382.96,Zomato
TXN008234,ACC0316,2025-01-07,25574.67,Flipkart
TXN002681,ACC0194,2025-02-04,148331.19,Zomato
TXN001574,ACC0077,2025-01-23,143707.03,Swiggy
TXN014717,ACC0351,2025-06-14,19308.35,BigBasket
TXN017746,ACC0255,2025-06-11,86080.97,Swiggy
TXN009996,ACC0021,2025-03-13,109273.72,Unknown_POS
TXN007027,ACC0277,2025-07-28,40189.31,Unknown_POS
TXN016117,ACC0062,2025-07-15,116475.37,Unknown_POS
TXN002267,ACC0274,2025-07-04,23093.17,Swiggy
TXN009244,ACC0292,2025-02-12,99355.51,Amazon
TXN009636,ACC0069,2025-06-28,57885.29,Swiggy
TXN017574,ACC0426,2025-02-27,63317.24,Unknown_POS
TXN005306,ACC0485,2025-03-05,72845.89,Zomato
TXN012072,ACC0146,2025-03-14,70148.4,Amazon
TXN017414,ACC0317,2025-04-02,99958.37,Swiggy
TXN016947,ACC0453,2025-05-02,132356.53,Amazon
TXN019286,ACC0159,2025-07-28,80265.94,ATM_Withdrawal
TXN012001,ACC0139,2025-07-07,43489.33,Uber
TXN006267,ACC0472,2025-04-12,7081.31,ATM_Withdrawal
TXN006034,ACC0135,2025-03-29,124213.28,Amazon
TXN013508,ACC0397,2025-01-18,126641.28,Uber
TXN019840,ACC0004,2025-06-03,88826.04,Flipkart
TXN009356,ACC0172,2025-04-21,113444.79,Amazon
TXN010581,ACC0383,2025-07-21,4322.36,Amazon
TXN016945,ACC0455,2025-01-07,10235.84,Zomato
TXN017032,ACC0232,2025-07-06,42988.46,Unknown_POS
TXN016261,ACC0094,2025-01-31,11152.52,Uber
TXN015880,ACC0074,2025-01-26,55859.2,Unknown_POS
TXN018560,ACC0107,2025-01-22,6945.44,BigBasket
TXN008243,ACC0197,2025-06-10,60662.56,BigBasket
TXN009987,ACC0376,2025-05-10,131383.19,Swiggy
TXN011045,ACC0127,2025-01-19,59470.2,Zomato
TXN011241,ACC0445,2025-05-11,4525.42,Unknown_POS
TXN006554,ACC0052,2025-03-24,49423.98,Amazon
TXN016748,ACC0449,2025-05-22,118096.25,Flipkart
TXN006253,ACC0400,2025-03-11,74032.68,Amazon
TXN001071,ACC0126,2025-05-21,41753.04,Zomato
TXN004489,ACC0383,2025-01-02,19504.0,Swiggy
TXN012401,ACC0328,2025-03-02,70404.07,Flipkart
TXN006285,ACC0258,2025-05-10,135005.41,Unknown_POS
TXN017307,ACC0021,2025-07-16,49859.42,Unknown_POS
TXN009861,ACC0066,2025-07-22,32001.82,Flipkart
TXN018830,ACC0168,2025-03-14,78949.51,Zomato
TXN013249,ACC0324,2025-07-08,13647.68,ATM_Withdrawal
TXN004080,ACC0209,2025-01-02,102227.61,Uber
TXN006108,ACC0216,2025-04-16,133183.49,ATM_Withdrawal
TXN003578,ACC0241,2025-03-15,109748.13,Amazon
TXN011893,ACC0101,2025-06-27,54085.79,Amazon
TXN012162,ACC0199,2025-01-16,27460.56,Zomato
TXN009416,ACC0352,2025-04-18,116112.08,Flipkart
TXN016541,ACC0241,2025-04-23,22319.17,Unknown_POS
TXN000630,ACC0474,2025-05-11,117173.17,Swiggy
TXN010011,ACC0071,2025-04-08,262.21,ATM_Withdrawal
TXN019507,ACC0222,2025-05-13,1609.52,Swiggy
TXN013627,ACC0454,2025-02-19,67783.0,Amazon
TXN014254,ACC0061,2025-02-12,73390.81,Unknown_POS
TXN006735,ACC0006,2025-02-25,59341.97,Uber
TXN017696,ACC0084,2025-03-23,24253.64,Unknown_POS
TXN000242,ACC0477,2025-07-09,36624.75,Swiggy
TXN000817,ACC0161,2025-04-01,32823.99,Uber
TXN004668,ACC0308,2025-06-21,63550.0,Swiggy
TXN001653,ACC0445,2025-06-18,144872.28,ATM_Withdrawal
TXN004594,ACC0189,2025-04-19,133961.73,Uber
TXN007242,ACC0144,2025-07-20,34411.3,Amazon
TXN005857,ACC0358,2025-03-16,60671.77,Zomato
TXN013720,ACC0258,2025-05-03,20201.8,Flipkart
TXN000391,ACC0049,2025-04-29,15331.01,Swiggy
TXN000736,ACC0377,2025-07-07,72551.34,BigBasket
TXN018085,ACC0443,2025-03-01,144846.39,Unknown_POS
TXN000057,ACC0148,2025-02-01,86042.85,Unknown_POS
TXN004790,ACC0167,2025-07-04,81820.53,Swiggy
TXN015186,ACC0092,2025-01-19,45230.87,Zomato
TXN006548,ACC0472,2025-01-12,36429.43,BigBasket
TXN015677,ACC0483,2025-05-09,75297.92,Zomato
TXN004114,ACC0057,2025-03-10,108200.34,Uber
TXN000080,ACC0368,2025-02-17,2161.93,BigBasket
TXN007330,ACC0192,2025-02-17,44363.46,Zomato
TXN010052,ACC0277,2025-02-01,43240.49,Swiggy
TXN001627,ACC0062,2025-03-18,73652.22,Unknown_POS
TXN007684,ACC0045,2025-06-25,9702.28,Uber
TXN015232,ACC0342,2025-05-15,142607.46,Flipkart
TXN007207,ACC0423,2025-02-27,112601.99,BigBasket
TXN003288,ACC0074,2025-06-12,5165.4,Zomato
TXN019181,ACC0271,2025-03-26,75923.85,Flipkart
TXN014089,ACC0175,2025-07-17,82680.87,Amazon
TXN012000,ACC0436,2025-03-25,133143.44,Uber
TXN010740,ACC0104,2025-06-03,36636.11,Unknown_POS
TXN004482,ACC0018,2025-05-14,30653.49,Unknown_POS
TXN010527,ACC0472,2025-06-24,138984.1,BigBasket
TXN002034,ACC0497,2025-07-10,56003.08,ATM_Withdrawal
TXN001545,ACC0431,2025-07-09,99350.4,Amazon
TXN016515,ACC0251,2025-02-13,89531.12,Uber
TXN016651,ACC0140,2025-05-26,109571.21,Amazon
TXN013311,ACC0006,2025-03-19,37817.69,BigBasket
TXN011078,ACC0288,2025-04-12,89525.42,Unknown_POS
TXN012161,ACC0470,2025-06-27,68707.53,Swiggy
TXN006940,ACC0212,2025-03-29,85540.2,BigBasket
TXN006964,ACC0038,2025-02-03,86350.43,Uber
TXN018909,ACC0298,2025-03-10,35049.27,Amazon
TXN003159,ACC0381,2025-02-18,110013.92,Flipkart
TXN018889,ACC0141,2025-02-04,43813.47,BigBasket
TXN018876,ACC0187,2025-06-17,139837.71,Flipkart
TXN019683,ACC0184,2025-06-21,134924.94,ATM_Withdrawal
TXN018177,ACC0393,2025-05-14,72998.29,Amazon
TXN010958,ACC0215,2025-05-24,43485.88,Amazon
TXN019771,ACC0018,2025-05-01,20036.96,Amazon
TXN019865,ACC0321,2025-03-05,129832.71,Swiggy
TXN012136,ACC0100,2025-05-16,8729.7,Swiggy
TXN016592,ACC0083,2025-04-10,60172.89,Flipkart
TXN006138,ACC0058,2025-03-14,53850.94,Unknown_POS
TXN004341,ACC0442,2025-06-11,78295.07,ATM_Withdrawal
TXN019027,ACC0440,2025-04-13,148014.84,Swiggy
TXN000603,ACC0077,2025-05-23,133814.68,Amazon
TXN001038,ACC0116,2025-01-09,61317.94,Amazon
TXN012059,ACC0287,2025-07-24,139720.69,Zomato
TXN005098,ACC0454,2025-03-21,32062.97,Amazon
TXN006818,ACC0007,2025-05-18,41693.81,BigBasket
TXN007295,ACC0213,2025-01-03,35671.98,Flipkart
TXN010838,ACC0241,2025-05-24,113625.79,Swiggy
TXN012955,ACC0309,2025-05-29,115943.34,Zomato
TXN007988,ACC0180,2025-01-19,85740.02,Amazon
TXN000943,ACC0240,2025-07-25,95855.56,BigBasket
TXN019910,ACC0070,2025-05-14,80441.9,Unknown_POS
TXN010892,ACC0462,2025-03-21,41654.57,Amazon
TXN010931,ACC0421,2025-01-25,43157.96,Unknown_POS
TXN008458,ACC0298,2025-05-31,90622.02,Swiggy
TXN015469,ACC0245,2025-07-08,105139.64,Zomato
TXN011774,ACC0397,2025-02-25,72872.53,Zomato
TXN017630,ACC0080,2025-01-16,133310.1,BigBasket
TXN013036,ACC0279,2025-07-16,136037.01,Uber
TXN007966,ACC0375,2025-06-30,98429.73,Amazon
TXN002135,ACC0475,2025-01-15,14452.36,ATM_Withdrawal
TXN016123,ACC0051,2025-02-18,50353.19,Uber
TXN019121,ACC0027,2025-06-25,65899.87,BigBasket
TXN010737,ACC0252,2025-07-26,43086.01,Zomato
TXN007339,ACC0392,2025-03-30,86519.14,Swiggy
TXN008587,ACC0302,2025-06-06,5277.27,Amazon
TXN017765,ACC0062,2025-02-02,95031.1,Flipkart
TXN001329,ACC0500,2025-04-27,69590.91,Swiggy
TXN012073,ACC0326,2025-03-22,112149.11,Zomato
TXN018097,ACC0114,2025-06-13,42162.33,BigBasket
TXN003200,ACC0488,2025-01-12,117195.13,Unknown_POS
TXN017435,ACC0087,2025-05-04,76517.41,Flipkart
TXN017037,ACC0185,2025-06-19,77051.53,BigBasket
TXN007764,ACC0249,2025-07-11,89690.81,ATM_Withdrawal
TXN017733,ACC0347,2025-03-11,146409.04,Unknown_POS
TXN010615,ACC0237,2025-05-04,135051.33,Amazon
TXN019733,ACC0070,2025-02-11,132191.77,Uber
TXN005908,ACC0257,2025-06-02,132281.29,ATM_Withdrawal
TXN015104,ACC0339,2025-02-20,18062.01,BigBasket
TXN013584,ACC0071,2025-06-04,106685.13,BigBasket
TXN001958,ACC0358,2025-05-26,14375.35,Amazon
TXN015695,ACC0099,2025-03-30,83240.64,BigBasket
TXN016739,ACC0427,2025-02-02,88923.33,Amazon
TXN009997,ACC0173,2025-06-19,55019.14,Flipkart
TXN009808,ACC0419,2025-02-18,106211.91,BigBasket
TXN017405,ACC0348,2025-07-30,73619.45,Swiggy
TXN016382,ACC0229,2025-07-12,103943.89,Swiggy
TXN012694,ACC0208,2025-04-06,135300.93,Amazon
TXN001755,ACC0214,2025-05-04,85980.21,ATM_Withdrawal
TXN008289,ACC0439,2025-04-03,145415.59,Unknown_POS
TXN019952,ACC0187,2025-03-05,3829.75,ATM_Withdrawal
TXN016051,ACC0440,2025-03-25,9805.57,ATM_Withdrawal
TXN011865,ACC0434,2025-06-17,65438.88,Zomato
TXN000110,ACC0393,2025-06-14,146751.08,Unknown_POS
TXN006625,ACC0072,2025-07-27,56565.28,Amazon
TXN005410,ACC0395,2025-01-20,93194.43,ATM_Withdrawal
TXN007291,ACC0186,2025-07-23,35445.08,Amazon
TXN002741,ACC0095,2025-06-18,64691.19,Amazon
TXN018053,ACC0048,2025-06-28,149442.82,ATM_Withdrawal
TXN016133,ACC0175,2025-04-14,44287.99,Zomato
TXN013618,ACC0157,2025-01-07,134728.23,Amazon
TXN001318,ACC0008,2025-07-06,64245.15,Zomato
TXN019197,ACC0495,2025-05-15,14963.46,Uber
TXN003270,ACC0024,2025-05-19,56586.66,Swiggy
TXN005951,ACC0233,2025-02-12,82967.07,Uber
TXN008168,ACC0250,2025-05-15,83021.12,Uber
TXN002474,ACC0233,2025-06-12,94743.69,BigBasket
TXN009182,ACC0110,2025-07-16,105355.61,Swiggy
TXN003309,ACC0432,2025-07-12,107427.09,Unknown_POS
TXN018450,ACC0367,2025-02-08,86110.46,Unknown_POS
TXN010343,ACC0059,2025-04-06,136976.15,BigBasket
TXN017076,ACC0042,2025-06-10,84205.63,Amazon
TXN017854,ACC0350,2025-01-11,32573.9,ATM_Withdrawal
TXN012703,ACC0041,2025-03-09,84617.96,Flipkart
TXN013017,ACC0325,2025-05-31,112566.01,Uber
TXN013038,ACC0275,2025-06-26,77352.66,Unknown_POS
TXN014446,ACC0337,2025-05-13,98317.28,ATM_Withdrawal
TXN013495,ACC0338,2025-06-17,100757.83,ATM_Withdrawal
TXN008331,ACC0131,2025-07-04,67743.28,Flipkart
TXN018470,ACC0496,2025-07-17,50659.11,Uber
TXN015379,ACC0415,2025-07-14,127184.31,Unknown_POS
TXN008087,ACC0344,2025-06-21,130897.6,BigBasket
TXN019658,ACC0480,2025-04-29,36323.76,Swiggy
TXN012861,ACC0347,2025-01-05,83996.35,BigBasket
TXN003819,ACC0179,2025-03-20,28817.39,BigBasket
TXN006962,ACC0315,2025-04-23,87666.8,Zomato
TXN007152,ACC0179,2025-06-13,69485.18,Amazon
TXN018660,ACC0145,2025-02-17,74261.71,BigBasket
TXN015454,ACC0199,2025-06-29,139473.93,Unknown_POS
TXN017741,ACC0094,2025-02-12,147469.51,BigBasket
TXN018591,ACC0043,2025-02-25,59250.22,Zomato
TXN002106,ACC0294,2025-04-05,19156.25,BigBasket
TXN009188,ACC0284,2025-01-07,49701.25,Zomato
TXN005281,ACC0478,2025-07-28,1655.39,Unknown_POS
TXN010603,ACC0153,2025-04-21,37750.62,BigBasket
TXN015371,ACC0035,2025-01-28,104826.05,Zomato
TXN013376,ACC0175,2025-05-24,72358.62,BigBasket
TXN016841,ACC0212,2025-02-12,123239.3,Zomato
TXN007049,ACC0424,2025-02-06,107463.38,Uber
TXN002696,ACC0473,2025-03-06,58594.44,BigBasket
TXN005675,ACC0210,2025-01-21,97749.27,Uber
TXN009513,ACC0362,2025-05-14,144551.0,ATM_Withdrawal
TXN015606,ACC0396,2025-01-30,51953.48,Flipkart
TXN003960,ACC0147,2025-03-04,91605.38,Swiggy
TXN009111,ACC0184,2025-01-08,51599.8,Flipkart
TXN005646,ACC0201,2025-07-25,62144.98,Swiggy
TXN017445,ACC0074,2025-03-24,118687.2,Unknown_POS
TXN005969,ACC0356,2025-07-20,31262.28,Zomato
TXN016267,ACC0199,2025-07-30,138712.98,Uber
TXN000653,ACC0262,2025-07-20,119535.21,Uber
TXN006246,ACC0045,2025-07-13,86361.03,Swiggy
TXN017316,ACC0303,2025-02-08,21730.89,Zomato
TXN004225,ACC0444,2025-01-11,28029.03,Zomato
TXN009093,ACC0464,2025-04-17,118359.53,Swiggy
TXN900003,ACC0020,05-13-2025,3200.0,Flipkart
TXN018385,ACC0016,2025-07-29,138810.67,Amazon
TXN007067,ACC0344,2025-03-04,63228.95,Flipkart
TXN011790,ACC0006,2025-05-18,14852.47,Unknown_POS
TXN005075,ACC0208,2025-01-08,56110.61,Uber
TXN008699,ACC0107,2025-02-17,106765.74,Flipkart
TXN008324,ACC0098,2025-03-24,76332.55,Flipkart
TXN005467,ACC0420,2025-04-06,24766.96,Amazon
TXN012232,ACC0391,2025-06-21,62113.91,Swiggy
TXN003363,ACC0413,2025-04-23,134372.25,Swiggy
TXN009649,ACC0451,2025-07-27,108385.79,Unknown_POS
TXN019605,ACC0318,2025-04-25,137741.51,Unknown_POS
TXN004603,ACC0142,2025-07-15,141484.28,ATM_Withdrawal
TXN003330,ACC0219,2025-05-30,25309.98,ATM_Withdrawal
TXN010969,ACC0451,2025-03-02,43577.45,Amazon
TXN014143,ACC0414,2025-01-13,63777.44,BigBasket
TXN007734,ACC0154,2025-01-25,119030.14,Swiggy
TXN011841,ACC0400,2025-05-29,68660.9,BigBasket
TXN015753,ACC0312,2025-07-12,35848.09,Zomato
TXN004075,ACC0022,2025-05-01,121434.61,Unknown_POS
TXN014196,ACC0426,2025-01-26,93851.74,Swiggy
TXN010682,ACC0246,2025-02-14,76092.38,Zomato
TXN010811,ACC0486,2025-01-27,114296.54,Flipkart
TXN017293,ACC0481,2025-02-27,38967.86,ATM_Withdrawal
TXN003940,ACC0316,2025-07-06,146919.75,ATM_Withdrawal
TXN005025,ACC0066,2025-01-10,95124.88,Amazon
TXN003530,ACC0299,2025-04-25,71289.35,Swiggy
TXN009945,ACC0275,2025-02-09,60251.34,Swiggy
TXN013435,ACC0282,2025-03-23,5882.57,Unknown_POS
TXN012292,ACC0131,2025-07-09,73688.74,ATM_Withdrawal
TXN018574,ACC0108,2025-07-23,89448.06,Unknown_POS
TXN019404,ACC0356,2025-07-10,92326.33,ATM_Withdrawal
TXN011260,ACC0313,2025-06-28,95869.7,Zomato
TXN019987,ACC0220,2025-05-06,36357.95,ATM_Withdrawal
TXN015656,ACC0041,2025-02-23,57523.13,Uber
TXN001569,ACC0484,2025-05-27,33711.85,Amazon
TXN009170,ACC0349,2025-06-12,69863.16,ATM_Withdrawal
TXN006008,ACC0253,2025-01-11,64741.74,Unknown_POS
TXN013203,ACC0484,2025-06-25,79737.29,BigBasket
TXN011725,ACC0123,2025-06-17,31161.21,Flipkart
TXN009883,ACC0096,2025-01-15,103033.12,BigBasket
TXN006972,ACC0048,2025-03-16,67944.89,Swiggy
TXN009994,ACC0199,2025-01-27,69277.37,Uber
TXN014374,ACC0390,2025-02-11,7079.2,BigBasket
TXN012789,ACC0498,2025-01-03,102838.63,ATM_Withdrawal
TXN001543,ACC0244,2025-07-03,55192.51,Uber
TXN000773,ACC0218,2025-02-04,38214.98,Zomato
TXN006074,ACC0085,2025-04-02,131128.26,BigBasket
TXN002939,ACC0124,2025-05-24,59017.34,Unknown_POS
TXN010617,ACC0359,2025-04-19,6481.79,Zomato
TXN013239,ACC0227,2025-06-28,117576.95,Uber
TXN011704,ACC0048,2025-02-18,41926.31,Swiggy
TXN001809,ACC0276,2025-01-08,133891.2,ATM_Withdrawal
TXN009247,ACC0049,2025-02-16,30397.57,Uber
TXN003303,ACC0073,2025-06-24,33317.47,Amazon
TXN018351,ACC0186,2025-07-05,102955.87,Swiggy
TXN009948,ACC0496,2025-01-09,27486.71,Zomato
TXN010268,ACC0046,2025-01-03,84614.85,Swiggy
TXN009249,ACC0297,2025-05-24,13781.27,Uber
TXN015529,ACC0443,2025-01-07,15258.28,Flipkart
TXN009212,ACC0319,2025-04-21,126307.94,ATM_Withdrawal
TXN014043,ACC0219,2025-07-28,108246.44,BigBasket
TXN015410,ACC0308,2025-03-10,18370.04,BigBasket
TXN000327,ACC0271,2025-01-04,148033.04,BigBasket
TXN019351,ACC0315,2025-01-06,113307.49,ATM_Withdrawal
TXN004500,ACC0207,2025-05-13,105939.7,ATM_Withdrawal
TXN015387,ACC0026,2025-02-14,126452.48,Flipkart
TXN005454,ACC0331,2025-02-22,2642.24,BigBasket
TXN008114,ACC0239,2025-05-13,33530.26,Amazon
TXN014940,ACC0297,2025-06-04,78439.29,Unknown_POS
TXN004153,ACC0428,2025-06-25,64801.79,Flipkart
TXN011887,ACC0431,2025-02-10,110320.39,Unknown_POS
TXN000939,ACC0017,2025-05-27,96280.66,Unknown_POS
TXN012643,ACC0436,2025-03-28,29254.52,Unknown_POS
TXN014195,ACC0057,2025-05-21,107970.71,Swiggy
TXN008037,ACC0404,2025-05-03,119597.69,Flipkart
TXN010170,ACC0168,2025-06-24,58091.82,Amazon
TXN018663,ACC0435,2025-01-24,7908.41,Flipkart
TXN015636,ACC0269,2025-03-11,58536.88,ATM_Withdrawal
TXN018143,ACC0204,2025-01-19,131468.34,Uber
TXN000746,ACC0250,2025-07-22,72342.41,Amazon
TXN003745,ACC0107,2025-02-17,124157.11,Flipkart
TXN016419,ACC0355,2025-06-04,118436.87,Amazon
TXN014276,ACC0491,2025-06-06,74952.9,BigBasket
TXN011607,ACC0094,2025-03-09,16458.63,Amazon
TXN019092,ACC0286,2025-07-27,19581.36,Zomato
TXN004017,ACC0491,2025-01-20,120368.56,Uber
TXN009036,ACC0471,2025-01-23,82991.21,ATM_Withdrawal
TXN004591,ACC0017,2025-03-05,8844.24,Amazon
TXN010868,ACC0199,2025-01-11,15514.01,Swiggy
TXN009063,ACC0111,2025-04-06,19696.77,Unknown_POS
TXN017192,ACC0380,2025-04-09,21338.77,ATM_Withdrawal
TXN008257,ACC0459,2025-07-15,72266.68,Unknown_POS
TXN013133,ACC0134,2025-01-25,90773.03,Unknown_POS
TXN019258,ACC0169,2025-04-28,10686.56,Amazon
TXN019476,ACC0101,2025-02-28,122928.84,ATM_Withdrawal
TXN018952,ACC0184,2025-03-12,72399.9,Uber
TXN017947,ACC0443,2025-06-16,18411.67,ATM_Withdrawal
TXN014771,ACC0171,2025-02-02,102934.36,Zomato
TXN001584,ACC0465,2025-03-05,55477.18,ATM_Withdrawal
TXN011744,ACC0039,2025-04-25,126375.39,Uber
TXN001175,ACC0365,2025-04-08,60934.6,Unknown_POS
TXN005597,ACC0135,2025-06-12,38911.5,Uber
TXN018313,ACC0165,2025-02-27,15233.42,Zomato
TXN007018,ACC0244,2025-01-11,107926.6,Amazon
TXN005060,ACC0111,2025-07-21,61669.8,Swiggy
TXN018328,ACC0291,2025-06-20,88482.75,BigBasket
TXN016441,ACC0108,2025-05-28,14166.74,Amazon
TXN007524,ACC0042,2025-03-20,89536.08,BigBasket
TXN019567,ACC0223,2025-06-05,96427.4,Unknown_POS
TXN006751,ACC0423,2025-05-25,81847.02,Uber
TXN016899,ACC0145,2025-05-26,56967.82,BigBasket
TXN000998,ACC0445,2025-07-29,43188.38,BigBasket
TXN017714,ACC0371,2025-06-09,63849.17,Unknown_POS
TXN000750,ACC0339,2025-02-28,62221.32,BigBasket
TXN002122,ACC0439,2025-05-05,109122.95,Uber
TXN004725,ACC0107,2025-04-18,47192.48,Unknown_POS
TXN017500,ACC0232,2025-03-16,138146.08,Amazon
TXN002785,ACC0467,2025-03-04,49336.24,BigBasket
TXN019008,ACC0371,2025-01-10,63605.15,BigBasket
TXN015878,ACC0259,2025-06-05,56946.54,ATM_Withdrawal
TXN003348,ACC0417,2025-07-26,94236.35,Unknown_POS
TXN011656,ACC0122,2025-03-13,137906.52,Unknown_POS
TXN017550,ACC0180,2025-01-11,223.4,Unknown_POS
TXN013560,ACC0318,2025-01-16,76837.96,ATM_Withdrawal
TXN002334,ACC0492,2025-07-06,41807.5,Flipkart
TXN002342,ACC0360,2025-01-23,35317.2,Amazon
TXN000216,ACC0496,2025-05-28,117307.06,BigBasket
TXN016252,ACC0341,2025-06-03,52538.22,Amazon
TXN019525,ACC0475,2025-02-10,145593.91,Flipkart
TXN018289,ACC0050,2025-03-25,126870.74,BigBasket
TXN017064,ACC0114,2025-06-16,114188.72,ATM_Withdrawal
TXN006679,ACC0132,2025-05-17,46046.76,Zomato
TXN002353,ACC0040,2025-01-04,85399.01,Unknown_POS
TXN006340,ACC0007,2025-03-02,145427.65,Unknown_POS
TXN001348,ACC0232,2025-06-08,55253.47,Flipkart
TXN016498,ACC0289,2025-01-08,90036.21,Swiggy
TXN013859,ACC0485,2025-01-11,66461.76,Flipkart
TXN001465,ACC0056,2025-02-01,37640.94,ATM_Withdrawal
TXN012867,ACC0429,2025-06-06,139552.83,ATM_Withdrawal
TXN013020,ACC0381,2025-05-04,79411.59,Unknown_POS
TXN002166,ACC0491,2025-02-04,90341.55,Zomato
TXN012745,ACC0388,2025-04-18,19267.65,ATM_Withdrawal
TXN006834,ACC0053,2025-06-09,43190.38,BigBasket
TXN017485,ACC0486,2025-04-07,58323.71,Uber
TXN015244,ACC0109,2025-01-18,13379.64,Swiggy
TXN019457,ACC0122,2025-07-08,63167.75,Unknown_POS
TXN017444,ACC0287,2025-04-19,70856.62,Zomato
TXN015462,ACC0226,2025-02-06,127603.58,Uber
TXN002592,ACC0252,2025-07-08,52649.62,Uber
TXN018895,ACC0120,2025-02-19,145918.72,Uber
TXN001835,ACC0451,2025-05-27,121160.55,Zomato
TXN012061,ACC0467,2025-01-25,122592.72,Zomato
TXN000416,ACC0392,2025-02-26,86375.03,Unknown_POS
TXN001390,ACC0084,2025-07-26,109213.7,Unknown_POS
TXN010949,ACC0374,2025-01-15,115134.7,ATM_Withdrawal
TXN018252,ACC0182,2025-05-24,121327.52,BigBasket
TXN001056,ACC0452,2025-04-27,13572.44,BigBasket
TXN019837,ACC0371,2025-02-09,91957.54,ATM_Withdrawal
TXN018694,ACC0413,2025-01-12,68752.55,Zomato
TXN018875,ACC0415,2025-05-31,115284.67,Uber
TXN018361,ACC0182,2025-03-15,80467.03,Flipkart
TXN001167,ACC0154,2025-05-26,119162.28,Uber
TXN004381,ACC0435,2025-05-12,26623.63,BigBasket
TXN019703,ACC0312,2025-04-03,91419.8,Unknown_POS
TXN009460,ACC0359,2025-07-15,62221.11,Amazon
TXN008682,ACC0272,2025-04-02,105872.55,ATM_Withdrawal
TXN008749,ACC0363,2025-01-07,42382.85,ATM_Withdrawal
TXN014706,ACC0170,2025-04-21,23899.44,ATM_Withdrawal
TXN007419,ACC0337,2025-01-17,146982.22,Unknown_POS
TXN019154,ACC0060,2025-03-24,75692.1,BigBasket
TXN014333,ACC0307,2025-01-08,65272.54,Amazon
TXN003877,ACC0129,2025-01-21,78811.82,Uber
TXN018890,ACC0417,2025-01-26,94290.85,Unknown_POS
TXN013781,ACC0267,2025-04-28,142106.48,Flipkart
TXN012317,ACC0029,2025-07-16,799.55,Flipkart
TXN009698,ACC0319,2025-02-19,52353.71,Swiggy
TXN015866,ACC0214,2025-02-02,28304.08,Flipkart
TXN013523,ACC0367,2025-05-18,37206.07,Unknown_POS
TXN019372,ACC0077,2025-05-09,129651.41,Zomato
TXN013816,ACC0161,2025-02-21,76890.19,Amazon
TXN018707,ACC0149,2025-03-27,124305.09,Swiggy
TXN003378,ACC0440,2025-06-06,72516.83,ATM_Withdrawal
TXN019135,ACC0039,2025-03-30,16139.76,Swiggy
TXN000583,ACC0448,2025-01-11,127844.69,BigBasket
TXN004047,ACC0286,2025-07-17,68705.09,BigBasket
TXN006565,ACC0420,2025-07-18,80095.56,Flipkart
TXN013918,ACC0080,2025-06-16,60562.98,Swiggy
TXN018295,ACC0305,2025-03-31,28626.18,Flipkart
TXN010219,ACC0427,2025-02-05,144259.85,BigBasket
TXN013224,ACC0123,2025-03-15,66736.34,BigBasket
TXN011126,ACC0254,2025-07-03,135230.91,Flipkart
TXN003290,ACC0248,2025-03-30,28202.85,Unknown_POS
TXN005211,ACC0500,2025-03-11,84778.69,Swiggy
TXN002452,ACC0115,2025-07-18,68221.75,Unknown_POS
TXN012223,ACC0192,2025-07-30,116130.47,Unknown_POS
TXN004138,ACC0048,2025-07-26,37584.99,Zomato
TXN003708,ACC0212,2025-02-14,145937.42,Amazon
TXN018820,ACC0292,2025-04-14,103473.34,Uber
TXN016369,ACC0368,2025-02-08,34185.4,ATM_Withdrawal
TXN005678,ACC0300,2025-05-19,52645.8,Unknown_POS
TXN000409,ACC0279,2025-07-20,72727.69,BigBasket
TXN006158,ACC0233,2025-02-10,60346.57,Swiggy
TXN008451,ACC0413,2025-06-25,126037.59,ATM_Withdrawal
TXN016526,ACC0021,2025-04-06,140422.34,Uber
TXN016466,ACC0209,2025-01-07,52913.1,Uber
TXN016477,ACC0044,2025-07-20,1976.61,Amazon
TXN015366,ACC0356,2025-06-25,20937.37,Swiggy
TXN019839,ACC0104,2025-07-06,53240.41,Unknown_POS
TXN011189,ACC0416,2025-07-20,2421.39,Uber
TXN011682,ACC0319,2025-04-12,83573.48,ATM_Withdrawal
TXN007702,ACC0291,2025-06-10,78009.01,Uber
TXN005782,ACC0281,2025-02-09,142123.77,Swiggy
TXN015492,ACC0275,2025-01-13,126079.61,Unknown_POS
TXN007186,ACC0395,2025-07-25,91532.1,Zomato
TXN007570,ACC0470,2025-07-04,33928.23,ATM_Withdrawal
TXN015951,ACC0330,2025-06-28,144106.13,ATM_Withdrawal
TXN009483,ACC0396,2025-04-26,64869.92,Zomato
TXN004108,ACC0301,2025-04-27,52209.05,Zomato
TXN011109,ACC0356,2025-07-04,133982.99,BigBasket
TXN019357,ACC0013,2025-01-20,125910.49,BigBasket
TXN000267,ACC0141,2025-02-27,80664.41,Swiggy
TXN013693,ACC0179,2025-03-24,148158.53,Zomato
TXN019150,ACC0031,2025-01-20,4808.93,Uber
TXN005160,ACC0125,2025-06-12,118563.85,ATM_Withdrawal
TXN008151,ACC0355,2025-07-02,41733.06,ATM_Withdrawal
TXN007712,ACC0021,2025-06-07,133585.11,ATM_Withdrawal
TXN017105,ACC0284,2025-02-07,79259.79,Flipkart
TXN004238,ACC0497,2025-07-15,123599.44,Zomato
TXN011970,ACC0290,2025-02-13,62089.03,Flipkart
TXN014959,ACC0400,2025-06-05,16699.03,Unknown_POS
TXN015516,ACC0163,2025-02-17,89679.08,Uber
TXN017109,ACC0252,2025-02-27,118697.94,Swiggy
TXN017461,ACC0354,2025-02-05,140587.48,BigBasket
TXN009402,ACC0478,2025-05-13,18990.96,Amazon
TXN014580,ACC0011,2025-07-20,23432.25,BigBasket
TXN004316,ACC0424,2025-01-01,134592.76,Unknown_POS
TXN001855,ACC0265,2025-03-26,88192.61,Flipkart
TXN010781,ACC0011,2025-05-16,15032.97,Zomato
TXN017187,ACC0107,2025-07-01,32460.69,Flipkart
TXN008043,ACC0361,2025-06-12,8387.54,Uber
TXN014015,ACC0256,2025-05-26,34189.04,Swiggy
TXN005649,ACC0174,2025-04-30,71395.62,BigBasket
TXN014919,ACC0119,2025-01-26,43006.21,Swiggy
TXN015739,ACC0429,2025-06-28,16505.53,ATM_Withdrawal
TXN013195,ACC0402,2025-05-04,101773.68,Amazon
TXN010038,ACC0229,2025-07-22,93177.2,Zomato
TXN019042,ACC0202,2025-06-25,2749.65,BigBasket
TXN013731,ACC0412,2025-06-29,115330.16,Flipkart
TXN010612,ACC0217,2025-05-06,21530.75,BigBasket
TXN014560,ACC0196,2025-07-10,129989.04,Amazon
TXN016295,ACC0434,2025-07-21,11674.86,Unknown_POS
TXN013503,ACC0348,2025-06-05,8048.19,Zomato
TXN006049,ACC0006,2025-01-04,85887.81,Zomato
TXN012988,ACC0327,2025-07-18,147290.0,Unknown_POS
TXN002198,ACC0325,2025-01-21,11550.15,Zomato
TXN013412,ACC0142,2025-05-31,66660.16,ATM_Withdrawal
TXN012321,ACC0170,2025-02-25,133074.05,Unknown_POS
TXN010214,ACC0148,2025-04-30,140644.53,Swiggy
TXN014844,ACC0192,2025-01-25,149768.08,Zomato
TXN011829,ACC0398,2025-07-30,23488.65,Zomato
TXN011135,ACC0434,2025-02-27,3493.89,Swiggy
TXN016002,ACC0007,2025-05-10,76538.48,BigBasket
TXN015206,ACC0467,2025-03-08,14853.31,Swiggy
TXN000812,ACC0325,2025-07-21,149130.0,Zomato
TXN008994,ACC0331,2025-04-28,33511.94,Uber
TXN005740,ACC0487,2025-02-26,51698.9,ATM_Withdrawal
TXN002280,ACC0304,2025-06-28,1378.76,ATM_Withdrawal
TXN007576,ACC0259,2025-06-22,28225.38,Swiggy
TXN003212,ACC0383,2025-02-24,27661.8,ATM_Withdrawal
TXN006418,ACC0054,2025-05-14,138800.46,ATM_Withdrawal
TXN017068,ACC0131,2025-01-06,134649.33,Amazon
TXN006576,ACC0260,2025-06-19,31286.48,Flipkart
TXN002513,ACC0075,2025-07-19,47202.21,Amazon
TXN018515,ACC0172,2025-06-09,58776.98,Unknown_POS
TXN006945,ACC0095,2025-04-21,66795.21,Zomato
TXN019925,ACC0439,2025-04-16,52033.85,ATM_Withdrawal
TXN015915,ACC0327,2025-07-07,60634.04,Flipkart
TXN000590,ACC0140,2025-04-09,103500.87,ATM_Withdrawal
TXN017554,ACC0274,2025-07-24,50370.38,Swiggy
TXN008136,ACC0056,2025-04-06,42511.54,ATM_Withdrawal
TXN011267,ACC0032,2025-06-16,59110.15,Unknown_POS
TXN018187,ACC0093,2025-01-22,43137.11,BigBasket
TXN009846,ACC0211,2025-04-03,9998.19,Amazon
TXN014891,ACC0001,2025-06-20,129407.14,ATM_Withdrawal
TXN012100,ACC0111,2025-07-25,115764.47,ATM_Withdrawal
TXN005947,ACC0114,2025-03-31,97850.0,Uber
TXN002486,ACC0193,2025-03-22,95051.09,ATM_Withdrawal
TXN014258,ACC0493,2025-04-12,140513.49,Unknown_POS
TXN000382,ACC0080,2025-01-28,24698.03,ATM_Withdrawal
TXN010687,ACC0016,2025-02-27,73610.65,Zomato
TXN008014,ACC0428,2025-02-10,92026.83,Amazon
TXN012501,ACC0385,2025-01-15,36857.69,Zomato
TXN013089,ACC0287,2025-07-01,88405.37,Uber
TXN004083,ACC0109,2025-06-06,100049.0,Zomato
TXN004813,ACC0464,2025-02-22,124754.65,Zomato
TXN018459,ACC0067,2025-03-21,9553.2,Swiggy
TXN001378,ACC0158,2025-01-07,60274.41,Zomato
TXN009335,ACC0457,2025-03-16,138682.56,ATM_Withdrawal
TXN012663,ACC0293,2025-06-20,148244.49,BigBasket
TXN018059,ACC0081,2025-07-24,95539.97,Flipkart
TXN011133,ACC0449,2025-07-05,105981.05,BigBasket
TXN011907,ACC0269,2025-01-17,29541.65,Uber
TXN019838,ACC0074,2025-06-07,45589.3,Flipkart
TXN010620,ACC0411,2025-06-25,111876.1,Unknown_POS
TXN001544,ACC0011,2025-06-15,145022.43,Amazon
TXN005602,ACC0292,2025-02-14,26011.33,Uber
TXN001264,ACC0256,2025-05-17,144744.83,ATM_Withdrawal
TXN004817,ACC0016,2025-04-11,137996.6,Swiggy
TXN003318,ACC0201,2025-07-21,23958.48,Unknown_POS
TXN007811,ACC0039,2025-03-09,94012.12,Swiggy
TXN019083,ACC0214,2025-06-02,24370.94,Amazon
TXN014440,ACC0095,2025-03-16,22290.1,Zomato
TXN015144,ACC0134,2025-04-02,106995.37,Flipkart
TXN004611,ACC0171,2025-01-21,145317.86,Uber
TXN006724,ACC0141,2025-05-18,92051.01,ATM_Withdrawal
TXN012371,ACC0204,2025-06-04,8234.58,Unknown_POS
TXN009869,ACC0144,2025-01-30,80805.71,Amazon
TXN011627,ACC0228,2025-01-20,138467.21,ATM_Withdrawal
TXN011363,ACC0449,2025-07-02,55295.69,ATM_Withdrawal
TXN004261,ACC0414,2025-02-01,130632.7,Uber
TXN012830,ACC0121,2025-04-13,72878.0,ATM_Withdrawal
TXN005146,ACC0458,2025-05-23,101681.75,Swiggy
TXN016948,ACC0339,2025-05-22,133342.49,Amazon
TXN000442,ACC0229,2025-01-03,39818.61,Zomato
TXN009589,ACC0399,2025-03-22,14824.01,Zomato
TXN018087,ACC0254,2025-01-15,28789.13,Zomato
TXN016386,ACC0448,2025-03-09,148580.13,ATM_Withdrawal
TXN014910,ACC0455,2025-03-25,32193.84,Swiggy
TXN005357,ACC0401,2025-01-20,55848.37,Uber
TXN018741,ACC0498,2025-04-24,79742.44,Unknown_POS
TXN000165,ACC0338,2025-05-05,2408.98,Unknown_POS
TXN006130,ACC0360,2025-03-24,144868.04,Zomato
TXN019339,ACC0263,2025-02-16,41385.16,Uber
TXN000127,ACC0122,2025-03-19,131444.94,Zomato
TXN008849,ACC0352,2025-02-02,103585.31,ATM_Withdrawal
TXN005201,ACC0246,2025-01-02,106659.42,Amazon
TXN000284,ACC0142,2025-06-17,19076.88,Swiggy
TXN012306,ACC0377,2025-02-27,29000.43,Zomato
TXN015928,ACC0363,2025-03-17,146792.16,Flipkart
TXN007255,ACC0116,2025-07-23,12729.24,Amazon
TXN000444,ACC0369,2025-01-01,7269.71,ATM_Withdrawal
TXN014691,ACC0233,2025-07-30,73148.96,Zomato
TXN000131,ACC0403,2025-05-15,47844.23,Unknown_POS
TXN003243,ACC0014,2025-04-24,130136.54,Zomato
TXN019969,ACC0192,2025-01-16,64471.77,Unknown_POS
TXN011584,ACC0049,2025-06-11,131828.11,Zomato
TXN011350,ACC0403,2025-06-08,12253.45,ATM_Withdrawal
TXN010367,ACC0092,2025-03-23,14422.81,Zomato
TXN010640,ACC0042,2025-02-07,96203.8,Unknown_POS
TXN016728,ACC0365,2025-05-06,112992.6,BigBasket
TXN004728,ACC0307,2025-01-15,56878.49,Amazon
TXN007140,ACC0468,2025-05-23,55435.16,Amazon
TXN018511,ACC0131,2025-02-07,119420.17,Swiggy
TXN007833,ACC0450,2025-07-19,59264.16,Uber
TXN018808,ACC0137,2025-06-26,39420.58,Flipkart
TXN004807,ACC0454,2025-07-15,103605.46,Amazon
TXN018239,ACC0186,2025-01-06,56549.22,Swiggy
TXN018032,ACC0352,2025-02-14,147683.56,Uber
TXN001546,ACC0354,2025-07-21,100756.21,Uber
TXN012090,ACC0284,2025-05-11,71123.81,BigBasket
TXN019664,ACC0186,2025-04-05,35039.2,Amazon
TXN009934,ACC0333,2025-05-30,30625.23,Amazon
TXN011598,ACC0044,2025-06-26,67359.27,Uber
TXN013773,ACC0017,2025-07-22,77240.82,Swiggy
TXN002412,ACC0206,2025-03-26,9717.51,BigBasket
TXN011284,ACC0026,2025-06-18,19137.51,Zomato
TXN006068,ACC0452,2025-02-13,43090.32,Zomato
TXN012310,ACC0451,2025-01-17,92458.3,Unknown_POS
TXN010550,ACC0073,2025-01-06,59710.97,Zomato
TXN012426,ACC0018,2025-03-01,8855.04,Flipkart
TXN019819,ACC0035,2025-01-02,88177.23,Flipkart
TXN016144,ACC0239,2025-01-01,14393.07,Swiggy
TXN008428,ACC0109,2025-05-14,101530.01,BigBasket
TXN007561,ACC0182,2025-01-18,32481.4,Flipkart
TXN017228,ACC0013,2025-06-09,86707.94,Flipkart
TXN003485,ACC0172,2025-06-18,108191.1,Amazon
TXN004340,ACC0028,2025-04-27,61198.27,Swiggy
TXN018419,ACC0447,2025-04-29,21925.46,Unknown_POS
TXN003476,ACC0124,2025-04-22,92317.36,ATM_Withdrawal
TXN005865,ACC0283,2025-03-28,48176.69,Flipkart
TXN017115,ACC0103,2025-05-15,33476.93,Swiggy
TXN018620,ACC0246,2025-03-15,27188.06,Amazon
TXN007310,ACC0186,2025-03-08,140214.28,Unknown_POS
TXN001109,ACC0096,2025-06-02,17570.85,Uber
TXN003224,ACC0294,2025-04-30,91524.22,Zomato
TXN005456,ACC0393,2025-05-25,28777.71,ATM_Withdrawal
TXN019441,ACC0453,2025-06-24,114686.86,Flipkart
TXN000217,ACC0193,2025-03-13,122483.35,Unknown_POS
TXN015152,ACC0470,2025-06-16,57906.53,Amazon
TXN002299,ACC0189,2025-02-07,135330.11,Flipkart
TXN005990,ACC0129,2025-04-09,15477.7,Swiggy
TXN008925,ACC0385,2025-07-26,140886.11,Zomato
TXN007749,ACC0153,2025-01-29,51898.84,BigBasket
TXN002858,ACC0346,2025-03-23,61713.8,ATM_Withdrawal
TXN014757,ACC0026,2025-01-02,851.59,Flipkart
TXN008315,ACC0288,2025-05-08,71861.47,BigBasket
TXN014321,ACC0235,2025-04-05,125245.34,ATM_Withdrawal
TXN017586,ACC0409,2025-01-29,100611.07,ATM_Withdrawal
TXN018735,ACC0073,2025-06-09,95362.15,BigBasket
TXN007577,ACC0182,2025-05-12,56114.51,Uber
TXN000666,ACC0021,2025-02-09,139297.8,Amazon
TXN006635,ACC0176,2025-01-17,109304.67,Zomato
TXN016761,ACC0405,2025-01-19,78776.54,Unknown_POS
TXN007495,ACC0225,2025-05-21,86736.93,BigBasket
TXN018921,ACC0150,2025-07-08,123951.34,Uber
TXN000771,ACC0358,2025-05-16,64371.99,ATM_Withdrawal
TXN019369,ACC0304,2025-03-13,41052.1,Swiggy
TXN010697,ACC0169,2025-02-08,42641.61,Uber
TXN000599,ACC0007,2025-06-30,130256.42,Zomato
TXN015710,ACC0404,2025-01-07,25865.74,Flipkart
TXN006012,ACC0085,2025-03-29,70117.13,Uber
TXN017388,ACC0151,2025-04-13,134302.29,Zomato
TXN002543,ACC0299,2025-04-28,18029.22,BigBasket
TXN003706,ACC0034,2025-04-12,101718.99,Amazon
TXN019549,ACC0206,2025-03-23,130518.32,Uber
TXN014004,ACC0181,2025-06-12,86466.64,Unknown_POS
TXN004913,ACC0173,2025-02-08,63130.5,Amazon
TXN013671,ACC0258,2025-02-05,27064.52,ATM_Withdrawal
TXN006763,ACC0150,2025-02-06,18342.99,Zomato
TXN006690,ACC0321,2025-07-30,36413.32,BigBasket
TXN004895,ACC0028,2025-07-30,85448.31,Zomato
TXN010330,ACC0304,2025-05-22,26656.1,Swiggy
TXN017391,ACC0209,2025-05-10,125873.21,Zomato
TXN015109,ACC0054,2025-07-10,73091.14,Unknown_POS
TXN011968,ACC0416,2025-06-12,98861.83,Flipkart
TXN019312,ACC0097,2025-04-15,61935.26,Uber
TXN006300,ACC0372,2025-06-28,143789.07,Amazon
TXN008084,ACC0222,2025-07-24,34630.58,Swiggy
TXN014332,ACC0421,2025-04-06,58330.05,Uber
TXN008996,ACC0425,2025-05-26,86572.06,Unknown_POS
TXN007128,ACC0451,2025-07-18,117358.4,Swiggy
TXN013611,ACC0492,2025-06-29,39700.81,Zomato
TXN019475,ACC0007,2025-05-04,141562.66,Swiggy
TXN009554,ACC0305,2025-07-12,23013.75,Swiggy
TXN016373,ACC0131,2025-07-13,81514.64,Uber
TXN008536,ACC0352,2025-07-04,10726.56,Unknown_POS
TXN012803,ACC0235,2025-03-27,127051.22,BigBasket
TXN013039,ACC0451,2025-06-27,11907.21,Swiggy
TXN012875,ACC0124,2025-01-03,140771.05,Swiggy
TXN019884,ACC0088,2025-02-14,107132.4,ATM_Withdrawal
TXN012935,ACC0395,2025-06-01,68177.27,ATM_Withdrawal
TXN011042,ACC0250,2025-07-04,61109.98,Unknown_POS
TXN000254,ACC0417,2025-06-22,105912.95,Uber
TXN004922,ACC0475,2025-03-12,105717.95,Unknown_POS
TXN011531,ACC0489,2025-02-19,10840.81,BigBasket
TXN019860,ACC0372,2025-01-06,94983.51,ATM_Withdrawal
TXN009403,ACC0155,2025-05-16,131179.22,Amazon
TXN016492,ACC0231,2025-05-26,115617.87,Uber
TXN002925,ACC0141,2025-03-14,123122.13,Unknown_POS
TXN016121,ACC0089,2025-04-17,51529.58,Flipkart
TXN019210,ACC0421,2025-07-20,100994.51,ATM_Withdrawal
TXN005095,ACC0027,2025-06-20,143050.86,Zomato
TXN014534,ACC0445,2025-06-06,96112.43,Zomato
TXN011874,ACC0317,2025-03-14,5415.37,BigBasket
TXN003800,ACC0424,2025-03-09,60988.4,Unknown_POS
TXN017797,ACC0088,2025-01-06,14781.52,Flipkart
TXN015239,ACC0461,2025-04-26,31650.83,Zomato
TXN016485,ACC0244,2025-03-08,97287.02,BigBasket
TXN001430,ACC0040,2025-01-05,116215.11,Unknown_POS
TXN002950,ACC0003,2025-05-31,46593.09,Flipkart
TXN004062,ACC0158,2025-07-09,45008.03,Amazon
TXN008742,ACC0450,2025-03-15,1490.56,Swiggy
TXN004818,ACC0484,2025-05-26,31553.03,Swiggy
TXN007351,ACC0427,2025-05-28,71585.79,Uber
TXN005109,ACC0446,2025-06-15,140067.14,Amazon
TXN007715,ACC0025,2025-06-11,49947.05,Zomato
TXN009349,ACC0219,2025-01-23,39574.68,Zomato
TXN001326,ACC0068,2025-04-02,44403.77,Flipkart
TXN007830,ACC0461,2025-01-25,16738.25,ATM_Withdrawal
TXN007857,ACC0489,2025-01-03,69382.61,Swiggy
TXN016911,ACC0264,2025-03-04,147596.32,BigBasket
TXN010411,ACC0291,2025-02-09,118532.7,ATM_Withdrawal
TXN018509,ACC0352,2025-07-17,70796.16,Swiggy
TXN007077,ACC0056,2025-03-14,85589.73,ATM_Withdrawal
TXN011625,ACC0187,2025-03-20,144924.65,ATM_Withdrawal
TXN010414,ACC0067,2025-02-09,99838.83,Amazon
TXN015573,ACC0117,2025-06-15,69853.0,ATM_Withdrawal
TXN011334,ACC0487,2025-05-31,73047.46,Zomato
TXN001768,ACC0258,2025-01-05,18086.46,Swiggy
TXN012678,ACC0097,2025-03-30,128930.18,ATM_Withdrawal
TXN004294,ACC0147,2025-05-27,27307.62,Amazon
TXN000772,ACC0405,2025-07-16,57216.41,Flipkart
TXN010790,ACC0029,2025-03-29,65685.16,ATM_Withdrawal
TXN013903,ACC0142,2025-06-10,115133.72,BigBasket
TXN018915,ACC0396,2025-07-03,70337.01,Zomato
TXN007602,ACC0226,2025-05-17,13238.24,Flipkart
TXN007345,ACC0297,2025-01-25,12339.3,ATM_Withdrawal
TXN019116,ACC0130,2025-01-27,127528.36,Unknown_POS
TXN012833,ACC0381,2025-02-02,107941.01,Swiggy
TXN010857,ACC0335,2025-02-05,13902.16,Swiggy
TXN006251,ACC0375,2025-02-17,121564.24,Uber
TXN004109,ACC0231,2025-02-21,103280.21,Uber
TXN005839,ACC0283,2025-04-01,127045.04,Uber
TXN008835,ACC0384,2025-07-11,3369.19,BigBasket
TXN015501,ACC0177,2025-05-22,46426.1,Amazon
TXN015227,ACC0220,2025-03-14,3334.09,Zomato
TXN015521,ACC0344,2025-06-12,39754.06,Swiggy
TXN012419,ACC0428,2025-06-05,41781.99,Amazon
TXN009268,ACC0492,2025-05-21,97870.97,Uber
TXN005469,ACC0060,2025-03-24,136528.67,Unknown_POS
TXN002904,ACC0472,2025-01-27,63884.02,Flipkart
TXN010799,ACC0272,2025-05-04,16659.09,Swiggy
TXN005680,ACC0164,2025-05-18,87237.26,Flipkart
TXN010895,ACC0435,2025-02-07,136381.18,Unknown_POS
TXN017614,ACC0015,2025-07-03,111359.53,Unknown_POS
TXN013824,ACC0489,2025-01-13,124910.1,BigBasket
TXN005799,ACC0160,2025-02-20,98493.9,Uber
TXN012755,ACC0039,2025-06-28,61962.06,Uber
TXN018002,ACC0090,2025-02-26,77899.82,ATM_Withdrawal
TXN015839,ACC0374,2025-07-03,146713.81,ATM_Withdrawal
TXN006361,ACC0298,2025-02-24,64481.29,Unknown_POS
TXN002054,ACC0477,2025-07-11,59725.63,Uber
TXN016208,ACC0060,2025-07-16,19889.24,BigBasket
TXN016988,ACC0015,2025-06-21,112129.69,Swiggy
TXN010039,ACC0086,2025-02-20,2113.4,Amazon
TXN011812,ACC0375,2025-05-18,121468.82,BigBasket
TXN002938,ACC0341,2025-05-01,49097.05,Flipkart
TXN011602,ACC0003,2025-07-13,122090.7,Unknown_POS
TXN007460,ACC0109,2025-03-12,147893.97,Unknown_POS
TXN010442,ACC0498,2025-04-17,31806.48,Swiggy
TXN017033,ACC0321,2025-03-17,108523.71,Zomato
TXN017373,ACC0249,2025-06-23,87105.74,ATM_Withdrawal
TXN007368,ACC0358,2025-01-13,17118.61,Zomato
TXN014198,ACC0453,2025-04-22,99789.46,Swiggy
TXN013768,ACC0255,2025-04-23,103098.88,BigBasket
TXN014136,ACC0073,2025-03-27,106908.21,Uber
TXN019028,ACC0390,2025-01-28,1484.83,Amazon
TXN013443,ACC0059,2025-01-27,144694.0,Flipkart
TXN018999,ACC0289,2025-04-21,11939.63,Swiggy
TXN014571,ACC0469,2025-04-29,65483.71,ATM_Withdrawal
TXN005697,ACC0164,2025-03-12,64782.43,Swiggy
TXN003022,ACC0420,2025-06-22,109569.3,Unknown_POS
TXN005077,ACC0470,2025-06-26,84579.14,Uber
TXN005796,ACC0133,2025-07-18,2792.07,Flipkart
TXN002077,ACC0372,2025-02-05,3900.78,Flipkart
TXN010733,ACC0258,2025-02-27,148039.71,Unknown_POS
TXN002072,ACC0310,2025-04-20,50515.7,BigBasket
TXN019066,ACC0152,2025-01-29,138148.93,Unknown_POS
TXN010160,ACC0312,2025-04-28,140463.58,BigBasket
TXN015172,ACC0086,2025-02-18,78121.25,Zomato
TXN014767,ACC0382,2025-01-03,15426.8,Amazon
TXN000745,ACC0265,2025-04-14,52967.06,BigBasket
TXN005492,ACC0365,2025-03-22,15255.4,Flipkart
TXN014805,ACC0041,2025-02-28,46223.1,Swiggy
TXN002252,ACC0057,2025-03-10,54568.24,BigBasket
TXN018690,ACC0412,2025-03-11,105780.77,Flipkart
TXN003656,ACC0255,2025-01-17,139045.96,Swiggy
TXN001496,ACC0163,2025-04-07,85574.51,BigBasket
TXN018763,ACC0337,2025-04-11,18426.56,Unknown_POS
TXN007646,ACC0373,2025-04-08,52171.83,Zomato
TXN018050,ACC0088,2025-02-18,25689.65,Unknown_POS
TXN005320,ACC0113,2025-05-23,68187.81,Swiggy
TXN006879,ACC0477,2025-02-26,127256.1,BigBasket
TXN016616,ACC0399,2025-04-16,51885.65,Swiggy
TXN004311,ACC0329,2025-04-24,26128.5,Zomato
TXN000186,ACC0197,2025-07-13,110974.79,Flipkart
TXN016607,ACC0220,2025-04-22,48314.62,Uber
TXN012709,ACC0142,2025-05-26,16836.13,Flipkart
TXN014431,ACC0271,2025-02-01,136793.16,Uber
TXN008539,ACC0331,2025-05-13,141228.84,Amazon
TXN005331,ACC0006,2025-04-06,92096.76,Unknown_POS
TXN000790,ACC0475,2025-06-03,65334.85,Flipkart
TXN004910,ACC0114,2025-06-25,27517.22,ATM_Withdrawal
TXN015884,ACC0367,2025-01-12,71475.09,Flipkart
TXN019728,ACC0228,2025-07-25,23998.54,Uber
TXN004206,ACC0317,2025-04-01,117989.16,Amazon
TXN010956,ACC0071,2025-04-12,91174.68,BigBasket
TXN003383,ACC0412,2025-07-25,39570.42,BigBasket
TXN005074,ACC0362,2025-04-04,127258.51,ATM_Withdrawal
TXN003298,ACC0494,2025-05-20,18977.91,Zomato
TXN008875,ACC0120,2025-03-22,101139.98,Unknown_POS
TXN008514,ACC0400,2025-01-14,47367.7,BigBasket
TXN019639,ACC0323,2025-07-06,130679.84,Amazon
TXN006162,ACC0235,2025-02-07,77475.2,BigBasket
TXN000925,ACC0287,2025-03-17,81432.97,ATM_Withdrawal
TXN017161,ACC0051,2025-04-13,2464.92,Zomato
TXN018457,ACC0034,2025-03-14,24950.64,Unknown_POS
TXN000103,ACC0234,2025-05-25,8707.63,ATM_Withdrawal
TXN019687,ACC0416,2025-03-22,10817.86,Unknown_POS
TXN011677,ACC0080,2025-04-03,125510.63,Flipkart
TXN015291,ACC0256,2025-06-03,71119.93,Unknown_POS
TXN005859,ACC0120,2025-03-21,82515.09,Flipkart
TXN005614,ACC0227,2025-06-16,112124.56,Zomato
TXN014340,ACC0106,2025-06-30,39175.12,Uber
TXN011948,ACC0052,2025-07-10,47545.7,Zomato
TXN006709,ACC0443,2025-06-15,104691.43,Unknown_POS
TXN009312,ACC0182,2025-06-10,121381.82,Zomato
TXN010144,ACC0352,2025-06-29,83123.88,Amazon
TXN009793,ACC0297,2025-03-02,10662.94,Flipkart
TXN011896,ACC0245,2025-05-07,130606.96,ATM_Withdrawal
TXN014189,ACC0104,2025-04-04,95841.52,Zomato
TXN015795,ACC0214,2025-07-27,124109.41,Swiggy
TXN005627,ACC0363,2025-06-26,74237.45,Uber
TXN013499,ACC0023,2025-04-11,58686.98,Unknown_POS
TXN016631,ACC0005,2025-04-27,82162.83,Zomato
TXN001396,ACC0103,2025-02-17,124850.94,Uber
TXN011403,ACC0231,2025-05-26,131619.23,Swiggy
TXN003464,ACC0419,2025-07-19,73258.06,Amazon
TXN004966,ACC0245,2025-03-09,6661.12,Zomato
TXN001509,ACC0222,2025-06-19,81015.14,Zomato
TXN010879,ACC0269,2025-03-12,54456.83,BigBasket
TXN014356,ACC0426,2025-05-10,140738.27,Swiggy
TXN007422,ACC0318,2025-05-19,93025.18,Flipkart
TXN007549,ACC0369,2025-04-29,109974.99,Unknown_POS
TXN005537,ACC0375,2025-05-18,91399.95,Flipkart
TXN002983,ACC0091,2025-03-17,38940.15,ATM_Withdrawal
TXN014829,ACC0318,2025-07-07,131913.12,ATM_Withdrawal
TXN013424,ACC0014,2025-03-13,38463.75,Flipkart
TXN009073,ACC0307,2025-03-17,91157.44,Flipkart
TXN004965,ACC0038,2025-05-20,58059.27,ATM_Withdrawal
TXN016793,ACC0152,2025-02-21,125156.44,ATM_Withdrawal
TXN018528,ACC0241,2025-02-01,7418.0,Amazon
TXN012111,ACC0275,2025-07-28,10474.3,Zomato
TXN015967,ACC0164,2025-01-02,113036.21,ATM_Withdrawal
TXN004642,ACC0120,2025-02-14,114341.16,Unknown_POS
TXN011443,ACC0186,2025-03-25,115693.76,Flipkart
TXN006826,ACC0496,2025-07-19,141554.68,Swiggy
TXN001151,ACC0273,2025-04-29,60152.43,Unknown_POS
TXN017523,ACC0188,2025-05-30,136123.71,Uber
TXN018577,ACC0327,2025-05-18,113869.49,BigBasket
TXN002105,ACC0380,2025-06-01,140584.74,Flipkart
TXN014719,ACC0290,2025-03-12,43731.85,Unknown_POS
TXN002000,ACC0196,2025-05-11,96106.76,Zomato
TXN018942,ACC0016,2025-03-25,60203.74,Zomato
TXN003849,ACC0105,2025-05-19,92463.68,Swiggy
TXN003854,ACC0144,2025-01-28,525.1,Uber
TXN005243,ACC0435,2025-03-19,57256.14,Flipkart
TXN014945,ACC0369,2025-02-09,61278.43,Unknown_POS
TXN006753,ACC0443,2025-04-22,74068.89,Zomato
TXN016557,ACC0366,2025-04-13,5140.14,Swiggy
TXN018490,ACC0265,2025-05-30,4543.14,Zomato
TXN007897,ACC0155,2025-05-19,42171.88,Amazon
TXN008787,ACC0388,2025-07-11,31384.69,Unknown_POS
TXN012342,ACC0405,2025-01-08,140657.96,Flipkart
TXN009152,ACC0175,2025-02-08,51268.59,Unknown_POS
TXN005573,ACC0108,2025-04-01,36337.07,Amazon
TXN011362,ACC0173,2025-03-02,30366.64,Zomato
TXN003618,ACC0314,2025-02-01,89887.42,Uber
TXN016852,ACC0298,2025-07-07,110761.65,Zomato
TXN008379,ACC0301,2025-02-03,44392.94,Flipkart
TXN010836,ACC0488,2025-02-25,94907.67,Amazon
TXN004811,ACC0019,2025-07-27,13476.78,Unknown_POS
TXN011289,ACC0039,2025-04-03,74983.34,Flipkart
TXN006144,ACC0358,2025-02-07,117432.36,Flipkart
TXN013349,ACC0217,2025-05-01,125935.16,Swiggy
TXN003295,ACC0396,2025-05-21,68474.59,Flipkart
TXN017579,ACC0013,2025-05-27,138997.66,Zomato
TXN012163,ACC0036,2025-06-21,149373.95,Amazon
TXN004723,ACC0217,2025-06-24,109243.24,Zomato
TXN001536,ACC0413,2025-07-11,111606.65,Unknown_POS
TXN010587,ACC0081,2025-01-28,139885.19,Unknown_POS
TXN014155,ACC0486,2025-07-19,55539.87,ATM_Withdrawal
TXN005273,ACC0385,2025-03-28,109488.42,Swiggy
TXN008112,ACC0230,2025-02-09,94859.43,ATM_Withdrawal
TXN002068,ACC0341,2025-05-30,118391.61,Amazon
TXN010959,ACC0112,2025-06-20,111097.76,Unknown_POS
TXN009171,ACC0303,2025-07-15,81621.53,Uber
TXN002893,ACC0171,2025-02-06,121461.63,Flipkart
TXN017379,ACC0005,2025-03-14,45544.26,Amazon
TXN001067,ACC0007,2025-04-28,74669.26,ATM_Withdrawal
TXN004819,ACC0265,2025-05-12,138626.86,Zomato
TXN013721,ACC0049,2025-02-05,139661.22,Zomato
TXN019374,ACC0324,2025-04-07,6647.47,Zomato
TXN006617,ACC0284,2025-02-26,133670.94,ATM_Withdrawal
TXN006347,ACC0192,2025-02-20,102150.24,Flipkart
TXN014239,ACC0169,2025-06-07,91863.72,Swiggy
TXN019281,ACC0455,2025-03-16,35038.6,Amazon
TXN002459,ACC0017,2025-01-04,3985.71,BigBasket
TXN002234,ACC0257,2025-07-05,138538.01,Unknown_POS
TXN018907,ACC0325,2025-05-12,80924.35,ATM_Withdrawal
TXN008655,ACC0174,2025-02-05,11450.17,Swiggy
TXN011102,ACC0250,2025-07-13,138896.62,Zomato
TXN014098,ACC0355,2025-03-16,127313.0,Flipkart
TXN011158,ACC0255,2025-01-21,101707.69,Amazon
TXN013941,ACC0030,2025-07-22,61817.76,Zomato
TXN012033,ACC0101,2025-04-19,143062.69,ATM_Withdrawal
TXN006363,ACC0452,2025-03-24,107036.79,ATM_Withdrawal
TXN001111,ACC0212,2025-01-23,74583.31,Zomato
TXN003845,ACC0317,2025-06-04,85614.03,Uber
TXN016378,ACC0062,2025-06-04,87576.16,ATM_Withdrawal
TXN011620,ACC0206,2025-07-28,109318.02,Zomato
TXN009306,ACC0251,2025-04-12,125956.58,Unknown_POS
TXN001230,ACC0018,2025-01-07,92928.61,Amazon
TXN011166,ACC0377,2025-06-29,18598.26,Unknown_POS
TXN012420,ACC0210,2025-05-01,7570.44,Amazon
TXN005824,ACC0367,2025-02-28,70218.84,Unknown_POS
TXN006816,ACC0072,2025-02-28,21466.65,Swiggy
TXN006239,ACC0435,2025-01-02,46477.53,Uber
TXN008316,ACC0163,2025-06-29,52190.62,Amazon
TXN013178,ACC0173,2025-07-20,77436.96,ATM_Withdrawal
TXN011693,ACC0262,2025-05-17,149534.24,Amazon
TXN001639,ACC0431,2025-03-05,78487.65,Uber
TXN010795,ACC0164,2025-07-25,65706.11,Amazon
TXN012378,ACC0316,2025-04-18,124118.22,Swiggy
TXN010702,ACC0142,2025-05-31,70047.41,ATM_Withdrawal
TXN016347,ACC0282,2025-02-14,85458.08,Amazon
TXN019667,ACC0411,2025-04-28,66775.89,Zomato
TXN010906,ACC0392,2025-01-21,38245.93,BigBasket
TXN017566,ACC0492,2025-06-19,120552.97,Flipkart
TXN012682,ACC0013,2025-04-24,30785.66,ATM_Withdrawal
TXN012710,ACC0206,2025-03-15,73537.98,Uber
TXN016940,ACC0090,2025-03-01,30172.57,ATM_Withdrawal
TXN010246,ACC0021,2025-01-04,6587.51,Amazon
TXN013026,ACC0002,2025-01-07,23129.52,ATM_Withdrawal
TXN003204,ACC0225,2025-03-14,16699.07,Swiggy
TXN011569,ACC0058,2025-03-17,88919.2,Zomato
TXN013189,ACC0448,2025-06-12,63279.14,Amazon
TXN010022,ACC0240,2025-04-26,127506.15,Zomato
TXN017125,ACC0130,2025-03-02,98926.39,Swiggy
TXN006799,ACC0107,2025-04-04,54641.05,Uber
TXN011208,ACC0236,2025-02-24,74174.68,Unknown_POS
TXN011960,ACC0190,2025-04-12,66465.91,Zomato
TXN017148,ACC0191,2025-01-05,73201.88,Zomato
TXN003352,ACC0435,2025-03-06,53820.41,BigBasket
TXN011708,ACC0093,2025-07-20,15229.66,Uber
TXN004441,ACC0014,2025-06-15,73470.34,Uber
TXN006172,ACC0144,2025-03-10,32790.39,Unknown_POS
TXN018953,ACC0461,2025-03-09,103417.62,Flipkart
TXN015233,ACC0455,2025-06-10,85244.63,ATM_Withdrawal
TXN004445,ACC0115,2025-01-02,29164.22,Flipkart
TXN014909,ACC0168,2025-05-04,105790.76,Unknown_POS
TXN009459,ACC0105,2025-04-06,119160.08,ATM_Withdrawal
TXN006319,ACC0441,2025-02-25,88016.92,Flipkart
TXN006237,ACC0293,2025-03-27,146726.7,Swiggy
TXN003629,ACC0385,2025-02-07,93559.87,Flipkart
TXN019239,ACC0438,2025-03-30,136941.62,BigBasket
TXN009956,ACC0414,2025-02-24,54138.79,Uber
TXN015568,ACC0236,2025-01-08,17673.4,Zomato
TXN008450,ACC0030,2025-04-24,97840.6,Flipkart
TXN008894,ACC0453,2025-07-06,109355.79,Flipkart
TXN008293,ACC0270,2025-07-06,147608.19,Uber
TXN000881,ACC0001,2025-05-14,122316.2,Swiggy
TXN000558,ACC0223,2025-06-25,149321.09,BigBasket
TXN002268,ACC0099,2025-04-18,82596.83,Uber
TXN013223,ACC0329,2025-03-09,51118.76,Zomato
TXN019607,ACC0334,2025-03-21,103453.88,Unknown_POS
TXN019776,ACC0164,2025-06-28,148340.07,ATM_Withdrawal
TXN018201,ACC0280,2025-05-13,46875.24,Zomato
TXN012676,ACC0274,2025-01-12,10154.01,Flipkart
TXN015959,ACC0133,2025-04-30,42490.79,Flipkart
TXN014021,ACC0073,2025-07-12,46440.8,ATM_Withdrawal
TXN002889,ACC0488,2025-04-06,114416.92,Flipkart
TXN012159,ACC0460,2025-05-17,37040.21,Uber
TXN006784,ACC0087,2025-03-05,96230.25,Flipkart
TXN004334,ACC0060,2025-07-15,58108.76,Zomato
TXN006400,ACC0489,2025-04-12,60301.27,Uber
TXN013601,ACC0261,2025-04-20,67113.3,BigBasket
TXN002124,ACC0012,2025-05-21,58873.22,Unknown_POS
TXN005940,ACC0491,2025-05-25,4925.07,Unknown_POS
TXN002316,ACC0322,2025-05-20,18505.17,Amazon
TXN010706,ACC0261,2025-02-12,143823.08,Unknown_POS
TXN014359,ACC0058,2025-06-04,73646.73,Flipkart
TXN013334,ACC0230,2025-05-15,140739.87,Swiggy
TXN014102,ACC0196,2025-05-01,11780.24,ATM_Withdrawal
TXN009650,ACC0328,2025-05-02,28411.05,Flipkart
TXN004026,ACC0051,2025-02-03,139665.74,Uber
TXN000797,ACC0315,2025-02-13,101119.96,BigBasket
TXN008909,ACC0324,2025-02-07,51128.51,Swiggy
TXN004476,ACC0171,2025-01-07,20461.98,Amazon
TXN006338,ACC0077,2025-02-01,74023.85,ATM_Withdrawal
TXN004407,ACC0356,2025-06-17,66238.76,BigBasket
TXN019466,ACC0359,2025-01-09,87263.49,ATM_Withdrawal
TXN011561,ACC0004,2025-06-11,26631.84,Uber
TXN018471,ACC0382,2025-01-02,28996.03,Unknown_POS
TXN005904,ACC0490,2025-03-25,89447.37,ATM_Withdrawal
TXN006808,ACC0441,2025-02-16,39138.52,ATM_Withdrawal
TXN019384,ACC0307,2025-04-22,147177.02,BigBasket
TXN009321,ACC0396,2025-05-04,78770.31,BigBasket
TXN017595,ACC0499,2025-05-23,68958.11,Unknown_POS
TXN013578,ACC0321,2025-03-28,2713.5,Zomato
TXN016163,ACC0160,2025-02-28,148207.68,Zomato
TXN007065,ACC0125,2025-06-09,105527.89,ATM_Withdrawal
TXN010497,ACC0035,2025-07-03,146964.35,BigBasket
TXN013933,ACC0458,2025-05-26,58270.75,Flipkart
TXN016077,ACC0407,2025-02-07,115355.82,Unknown_POS
TXN016760,ACC0431,2025-04-12,31469.27,Flipkart
TXN016901,ACC0022,2025-06-30,58811.8,ATM_Withdrawal
TXN003001,ACC0375,2025-04-13,71062.13,Zomato
TXN004226,ACC0370,2025-06-22,55388.69,Swiggy
TXN002691,ACC0411,2025-01-18,65859.77,Unknown_POS
TXN018758,ACC0478,2025-04-10,146358.33,ATM_Withdrawal
TXN019924,ACC0169,2025-07-30,121319.87,Swiggy
TXN003947,ACC0256,2025-07-05,148697.37,Amazon
TXN010995,ACC0431,2025-07-17,88047.64,Flipkart
TXN014066,ACC0076,2025-02-16,21811.59,Swiggy
TXN008839,ACC0195,2025-05-10,112971.29,Zomato
TXN006438,ACC0030,2025-03-26,98606.81,Uber
TXN016615,ACC0201,2025-02-06,143011.13,ATM_Withdrawal
TXN014120,ACC0026,2025-02-28,90470.71,ATM_Withdrawal
TXN002359,ACC0310,2025-07-12,26078.35,Swiggy
TXN018712,ACC0298,2025-02-01,25579.48,Flipkart
TXN002019,ACC0160,2025-02-12,108264.98,Zomato
TXN003801,ACC0022,2025-03-24,117105.77,Amazon
TXN014314,ACC0009,2025-07-03,44988.17,Amazon
TXN014576,ACC0186,2025-01-29,85134.6,Uber
TXN018532,ACC0006,2025-04-07,138257.27,BigBasket
TXN005336,ACC0219,2025-06-12,98707.0,Swiggy
TXN007758,ACC0139,2025-06-15,144962.25,ATM_Withdrawal
TXN008786,ACC0078,2025-02-27,11332.48,Unknown_POS
TXN001669,ACC0119,2025-07-02,9152.67,Amazon
TXN004710,ACC0050,2025-03-11,11988.94,Uber
TXN002833,ACC0362,2025-06-26,47255.75,Amazon
TXN007598,ACC0128,2025-01-22,49884.41,BigBasket
TXN004920,ACC0208,2025-02-05,81051.81,BigBasket
TXN006605,ACC0416,2025-02-08,63741.62,BigBasket
TXN005577,ACC0231,2025-06-20,36984.22,BigBasket
TXN007298,ACC0384,2025-05-11,88897.02,Uber
TXN005203,ACC0203,2025-03-20,46412.56,Unknown_POS
TXN013887,ACC0026,2025-01-16,23464.48,ATM_Withdrawal
TXN008684,ACC0113,2025-07-10,95422.45,Swiggy
TXN001301,ACC0023,2025-01-27,111075.51,Swiggy
TXN001540,ACC0359,2025-01-29,47507.67,Unknown_POS
TXN017457,ACC0340,2025-03-03,29005.92,Swiggy
TXN017299,ACC0363,2025-06-10,37584.21,BigBasket
TXN007827,ACC0196,2025-06-21,20230.14,Amazon
TXN008843,ACC0434,2025-05-26,53158.14,Unknown_POS
TXN010700,ACC0260,2025-05-09,134924.18,Amazon
TXN011491,ACC0098,2025-04-01,28732.7,Swiggy
TXN005756,ACC0385,2025-03-25,33697.03,Uber
TXN013939,ACC0407,2025-06-23,25637.34,Unknown_POS
TXN006791,ACC0388,2025-06-17,74552.37,Uber
TXN010553,ACC0097,2025-04-25,21631.26,Swiggy
TXN008504,ACC0196,2025-02-16,109230.97,Zomato
TXN001254,ACC0171,2025-06-24,45459.07,Amazon
TXN016397,ACC0248,2025-07-14,54546.21,BigBasket
TXN018730,ACC0144,2025-03-23,54820.92,Flipkart
TXN018426,ACC0295,2025-01-18,106800.03,Unknown_POS
TXN003732,ACC0267,2025-01-27,86340.92,Uber
TXN019306,ACC0270,2025-03-03,120411.16,Amazon
TXN012670,ACC0329,2025-06-12,112293.19,Amazon
TXN016839,ACC0183,2025-07-25,33885.49,Flipkart
TXN016187,ACC0162,2025-03-21,32040.09,BigBasket
TXN007628,ACC0377,2025-02-02,38150.59,Zomato
TXN003781,ACC0035,2025-01-17,13132.08,BigBasket
TXN002924,ACC0177,2025-06-10,2168.72,Zomato
TXN008369,ACC0429,2025-05-23,70713.25,Uber
TXN013913,ACC0295,2025-06-10,83155.54,Unknown_POS
TXN017366,ACC0066,2025-06-21,124029.63,Flipkart
TXN003466,ACC0066,2025-06-19,103440.43,Flipkart
TXN012082,ACC0278,2025-03-14,27033.45,Uber
TXN017789,ACC0306,2025-03-22,135912.4,ATM_Withdrawal
TXN017559,ACC0153,2025-03-11,20372.43,Amazon
TXN007135,ACC0414,2025-03-23,84861.81,Flipkart
TXN007544,ACC0258,2025-02-25,112343.92,ATM_Withdrawal
TXN009853,ACC0348,2025-03-01,89539.56,BigBasket
TXN003841,ACC0066,2025-07-20,14428.8,Unknown_POS
TXN002928,ACC0040,2025-06-01,22905.65,Zomato
TXN006467,ACC0421,2025-05-01,130096.08,Flipkart
TXN016245,ACC0420,2025-07-24,137406.27,Unknown_POS
TXN001683,ACC0483,2025-05-07,45582.6,Zomato
TXN010934,ACC0499,2025-01-15,113104.63,Uber
TXN006396,ACC0345,2025-02-09,27686.54,Unknown_POS
TXN016603,ACC0334,2025-02-09,53680.4,Uber
TXN014291,ACC0068,2025-06-22,89626.05,BigBasket
TXN007809,ACC0220,2025-05-30,15597.75,Swiggy
TXN005526,ACC0427,2025-06-25,106345.09,Swiggy
TXN013094,ACC0202,2025-04-14,33480.0,Amazon
TXN019117,ACC0283,2025-07-20,20638.51,ATM_Withdrawal
TXN011357,ACC0017,2025-03-24,109417.08,Flipkart
TXN005761,ACC0171,2025-03-02,1076.19,ATM_Withdrawal
TXN000832,ACC0162,2025-06-26,1312.37,Zomato
TXN003417,ACC0350,2025-04-06,14368.77,Amazon
TXN017813,ACC0062,2025-03-22,40574.46,Uber
TXN008068,ACC0420,2025-01-08,73146.68,Flipkart
TXN003412,ACC0182,2025-02-15,106104.08,Uber
TXN005773,ACC0437,2025-05-20,66327.58,Uber
TXN015740,ACC0135,2025-02-18,67129.6,Uber
TXN002677,ACC0387,2025-04-18,138360.25,Amazon
TXN013651,ACC0160,2025-03-11,130933.79,Swiggy
TXN017643,ACC0041,2025-01-10,117875.62,Unknown_POS
TXN002188,ACC0245,2025-06-01,19179.45,Amazon
TXN010909,ACC0150,2025-07-12,113777.61,Swiggy
TXN017266,ACC0122,2025-07-27,26641.97,BigBasket
TXN013168,ACC0180,2025-03-24,144005.79,ATM_Withdrawal
TXN001322,ACC0376,2025-07-16,75657.24,Unknown_POS
TXN005628,ACC0052,2025-05-25,32302.97,Uber
TXN017501,ACC0077,2025-04-27,89804.67,Swiggy
TXN016648,ACC0067,2025-03-24,28738.52,BigBasket
TXN019039,ACC0229,2025-06-16,63561.64,Zomato
TXN006982,ACC0258,2025-03-10,19018.7,Uber
TXN016859,ACC0353,2025-06-18,77226.6,ATM_Withdrawal
TXN015660,ACC0256,2025-05-02,55799.77,Amazon
TXN012870,ACC0399,2025-05-04,10103.95,Unknown_POS
TXN015620,ACC0172,2025-02-09,103257.5,BigBasket
TXN009405,ACC0466,2025-03-30,44633.39,Uber
TXN017079,ACC0447,2025-05-17,106380.39,Uber
TXN004491,ACC0270,2025-02-25,120817.44,Swiggy
TXN013472,ACC0134,2025-06-15,26098.04,Zomato
TXN011600,ACC0024,2025-03-27,114373.34,BigBasket
TXN018514,ACC0423,2025-04-13,28574.58,Flipkart
TXN005326,ACC0355,2025-05-19,122477.27,Zomato
TXN006210,ACC0063,2025-03-05,38258.3,Swiggy
TXN009510,ACC0118,2025-05-05,106065.03,Uber
TXN016446,ACC0280,2025-04-11,71977.41,ATM_Withdrawal
TXN018437,ACC0359,2025-05-30,105709.33,Zomato
TXN002100,ACC0478,2025-05-28,114962.29,Flipkart
TXN008109,ACC0007,2025-05-03,142389.5,ATM_Withdrawal
TXN011971,ACC0424,2025-07-24,146924.92,Swiggy
TXN013894,ACC0209,2025-01-18,78936.02,ATM_Withdrawal
TXN015047,ACC0043,2025-06-27,118621.59,Unknown_POS
TXN007084,ACC0159,2025-04-11,80831.97,Uber
TXN018818,ACC0273,2025-07-19,49262.12,Zomato
TXN006048,ACC0363,2025-05-15,106998.57,BigBasket
TXN001339,ACC0090,2025-06-15,83840.63,Flipkart
TXN002936,ACC0166,2025-01-20,134398.2,Amazon
TXN016721,ACC0333,2025-04-21,32693.29,Unknown_POS
TXN017672,ACC0228,2025-01-25,149495.04,ATM_Withdrawal
TXN002097,ACC0488,2025-06-21,18508.56,Swiggy
TXN005964,ACC0004,2025-02-12,36739.54,Flipkart
TXN019897,ACC0369,2025-03-15,17936.05,Unknown_POS
TXN012967,ACC0445,2025-04-18,23646.9,BigBasket
TXN007727,ACC0204,2025-05-03,96220.09,Uber
TXN018674,ACC0056,2025-03-31,41489.9,Zomato
TXN001239,ACC0398,2025-01-16,57450.71,BigBasket
TXN015519,ACC0363,2025-05-19,94895.94,ATM_Withdrawal
TXN003382,ACC0383,2025-03-08,106026.55,BigBasket
TXN015875,ACC0497,2025-06-07,37629.2,Unknown_POS
TXN003611,ACC0222,2025-04-22,142102.27,Swiggy
TXN008083,ACC0184,2025-05-08,142411.61,Unknown_POS
TXN000601,ACC0222,2025-06-19,109011.46,ATM_Withdrawal
TXN005813,ACC0400,2025-07-11,15789.1,Unknown_POS
TXN008080,ACC0374,2025-06-26,46543.55,Uber
TXN017254,ACC0417,2025-06-15,123068.04,Uber
TXN011543,ACC0445,2025-04-20,144251.93,Flipkart
TXN007507,ACC0046,2025-05-03,107123.96,Amazon
TXN012438,ACC0358,2025-07-14,71047.59,BigBasket
TXN001467,ACC0051,2025-07-08,7975.22,Flipkart
TXN009796,ACC0128,2025-03-21,106080.98,Amazon
TXN008101,ACC0410,2025-04-11,98483.72,Unknown_POS
TXN008002,ACC0198,2025-02-03,51906.76,Flipkart
TXN007445,ACC0224,2025-06-06,38197.55,Amazon
TXN002070,ACC0193,2025-06-04,78035.11,Uber
TXN018764,ACC0472,2025-07-29,54624.8,Unknown_POS
TXN010332,ACC0282,2025-06-02,137275.13,ATM_Withdrawal
TXN004514,ACC0380,2025-04-16,132239.73,Flipkart
TXN014002,ACC0376,2025-07-28,120406.27,ATM_Withdrawal
TXN010531,ACC0088,2025-02-13,141477.96,Uber
TXN000702,ACC0492,2025-06-12,21654.13,BigBasket
TXN011263,ACC0441,2025-04-23,50095.18,Uber
TXN015133,ACC0168,2025-05-17,116231.64,ATM_Withdrawal
TXN008911,ACC0282,2025-02-11,113255.01,Unknown_POS
TXN003905,ACC0196,2025-04-07,44962.72,Amazon
TXN018207,ACC0143,2025-04-01,118558.09,BigBasket
TXN006200,ACC0493,2025-04-16,84573.15,Swiggy
TXN004301,ACC0076,2025-03-26,84822.71,Uber
TXN008117,ACC0053,2025-06-14,38332.72,Uber
TXN003091,ACC0293,2025-03-16,26834.43,Swiggy
TXN008730,ACC0458,2025-06-21,116057.34,Swiggy
TXN006132,ACC0235,2025-07-08,137167.3,Amazon
TXN009451,ACC0102,2025-07-26,9459.92,Uber
TXN013491,ACC0030,2025-06-24,84359.81,Unknown_POS
TXN001183,ACC0320,2025-02-16,68186.43,Unknown_POS
TXN004670,ACC0341,2025-06-12,7551.31,Amazon
TXN018343,ACC0356,2025-06-15,113368.89,ATM_Withdrawal
TXN003125,ACC0434,2025-03-09,113703.17,Flipkart
TXN005118,ACC0013,2025-04-05,48856.27,Amazon
TXN013061,ACC0499,2025-06-21,97639.47,ATM_Withdrawal
TXN010305,ACC0052,2025-03-18,89944.33,Unknown_POS
TXN002218,ACC0180,2025-07-04,27964.35,BigBasket
TXN019346,ACC0126,2025-05-08,127447.29,ATM_Withdrawal
TXN008838,ACC0380,2025-04-12,75141.4,Zomato
TXN019665,ACC0026,2025-07-24,22551.01,ATM_Withdrawal
TXN015751,ACC0437,2025-02-01,79474.16,Unknown_POS
TXN019123,ACC0424,2025-06-16,14164.11,BigBasket
TXN007690,ACC0037,2025-07-16,53760.66,Unknown_POS
TXN005010,ACC0246,2025-05-17,114849.9,Zomato
TXN010401,ACC0323,2025-06-18,13480.25,Uber
TXN011668,ACC0328,2025-05-04,80352.53,BigBasket
TXN001104,ACC0428,2025-05-14,44936.59,BigBasket
TXN000386,ACC0081,2025-07-26,102923.92,Amazon
TXN014661,ACC0041,2025-03-12,16361.32,Swiggy
TXN019670,ACC0049,2025-01-19,81004.25,Flipkart
TXN005808,ACC0042,2025-01-23,121147.78,Amazon
TXN010223,ACC0259,2025-02-16,133751.21,ATM_Withdrawal
TXN004022,ACC0400,2025-01-30,128292.32,Unknown_POS
TXN003503,ACC0189,2025-07-09,3189.52,Uber
TXN004072,ACC0160,2025-04-18,13990.47,BigBasket
TXN009067,ACC0086,2025-05-31,50843.46,ATM_Withdrawal
TXN001814,ACC0228,2025-01-03,33267.04,Amazon
TXN002431,ACC0008,2025-02-08,134480.34,Swiggy
TXN014076,ACC0161,2025-02-23,110420.27,BigBasket
TXN007346,ACC0088,2025-02-02,77058.77,Uber
TXN002806,ACC0467,2025-04-15,94643.26,Unknown_POS
TXN009671,ACC0096,2025-05-23,23688.66,Zomato
TXN013277,ACC0493,2025-04-08,481.64,ATM_Withdrawal
TXN013246,ACC0497,2025-06-12,45899.69,ATM_Withdrawal
TXN005006,ACC0374,2025-05-31,132114.65,ATM_Withdrawal
TXN005802,ACC0027,2025-03-21,91714.55,Unknown_POS
TXN005501,ACC0183,2025-05-29,45077.02,ATM_Withdrawal
TXN017280,ACC0109,2025-07-06,114110.07,Swiggy
TXN001675,ACC0225,2025-03-01,76170.01,BigBasket
TXN003025,ACC0114,2025-06-05,26765.1,Zomato
TXN000524,ACC0134,2025-06-17,106678.51,Uber
TXN018722,ACC0276,2025-07-26,53755.7,BigBasket
TXN017671,ACC0270,2025-05-15,90967.57,Flipkart
TXN006671,ACC0010,2025-01-25,147466.43,Unknown_POS
TXN009601,ACC0283,2025-06-24,125209.4,Zomato
TXN005391,ACC0031,2025-04-26,59746.23,Unknown_POS
TXN007633,ACC0362,2025-02-07,137033.45,Unknown_POS
TXN014937,ACC0171,2025-01-10,73698.73,Zomato
TXN005934,ACC0150,2025-05-30,29782.76,Swiggy
TXN000761,ACC0320,2025-06-18,76645.2,Swiggy
TXN018458,ACC0449,2025-01-25,144623.37,Flipkart
TXN010757,ACC0323,2025-03-21,109283.19,Uber
TXN011519,ACC0333,2025-04-19,134639.79,Zomato
TXN015345,ACC0439,2025-05-19,52807.58,Uber
TXN018963,ACC0473,2025-03-22,144011.05,Flipkart
TXN019179,ACC0375,2025-04-18,28757.41,Unknown_POS
TXN002451,ACC0342,2025-03-16,127763.2,Zomato
TXN013641,ACC0313,2025-06-19,146766.35,Amazon
TXN006530,ACC0190,2025-05-11,148135.55,Unknown_POS
TXN005450,ACC0404,2025-04-05,137284.03,Amazon
TXN009981,ACC0486,2025-03-10,140677.75,ATM_Withdrawal
TXN006739,ACC0318,2025-04-15,67752.1,Amazon
TXN008244,ACC0110,2025-07-04,57918.23,Flipkart
TXN000259,ACC0217,2025-02-17,73026.2,Swiggy
TXN019221,ACC0214,2025-05-13,85079.78,Swiggy
TXN011172,ACC0041,2025-06-19,130878.78,Uber
TXN015257,ACC0291,2025-03-12,115382.7,Swiggy
TXN004545,ACC0012,2025-07-19,22424.85,Swiggy
TXN018724,ACC0299,2025-07-28,70648.38,Uber
TXN008392,ACC0383,2025-06-23,29811.67,BigBasket
TXN011405,ACC0159,2025-01-22,33443.09,Flipkart
TXN017089,ACC0285,2025-01-29,54281.91,Swiggy
TXN006119,ACC0072,2025-01-31,104185.67,Amazon
TXN001576,ACC0396,2025-04-27,124097.25,ATM_Withdrawal
TXN017519,ACC0111,2025-06-02,134267.1,Unknown_POS
TXN005942,ACC0452,2025-03-31,92386.55,BigBasket
TXN009452,ACC0419,2025-04-05,142267.92,Zomato
TXN019550,ACC0469,2025-05-02,126194.95,ATM_Withdrawal
TXN010148,ACC0195,2025-07-24,71868.96,Uber
TXN001479,ACC0069,2025-03-21,107372.69,ATM_Withdrawal
TXN009929,ACC0449,2025-06-16,100779.5,Zomato
TXN010939,ACC0054,2025-01-16,92162.64,ATM_Withdrawal
TXN001753,ACC0094,2025-07-29,110962.07,Amazon
TXN003137,ACC0080,2025-07-10,120789.54,Swiggy
TXN000124,ACC0120,2025-05-19,32629.52,Amazon
TXN010922,ACC0188,2025-01-12,111293.27,Swiggy
TXN006608,ACC0213,2025-04-07,67890.36,Flipkart
TXN017562,ACC0368,2025-04-07,149935.63,ATM_Withdrawal
TXN007494,ACC0395,2025-01-21,127530.57,Swiggy
TXN012846,ACC0266,2025-04-19,34830.17,Flipkart
TXN012127,ACC0394,2025-02-07,48693.16,Swiggy
TXN002187,ACC0093,2025-03-30,120922.45,Unknown_POS
TXN013131,ACC0337,2025-02-19,4367.93,Swiggy
TXN017640,ACC0371,2025-01-19,57467.95,Flipkart
TXN005578,ACC0441,2025-04-09,123070.68,Zomato
TXN003068,ACC0383,2025-06-26,116757.43,Uber
TXN004412,ACC0369,2025-06-10,99570.65,ATM_Withdrawal
TXN008704,ACC0482,2025-03-22,87423.43,Uber
TXN010952,ACC0257,2025-06-13,23119.88,Swiggy
TXN002996,ACC0446,2025-01-03,23854.64,ATM_Withdrawal
TXN003678,ACC0172,2025-02-20,49092.36,Uber
TXN013685,ACC0266,2025-02-17,128631.31,Flipkart
TXN005484,ACC0338,2025-02-17,141978.4,Flipkart
TXN008600,ACC0061,2025-05-09,99917.97,Amazon
TXN013561,ACC0174,2025-02-27,116698.21,ATM_Withdrawal
TXN004505,ACC0167,2025-02-06,92810.8,ATM_Withdrawal
TXN004286,ACC0124,2025-03-19,134459.26,Amazon
TXN008220,ACC0199,2025-03-15,3246.68,Uber
TXN007877,ACC0174,2025-07-26,113767.12,ATM_Withdrawal
TXN015784,ACC0362,2025-01-05,148051.23,BigBasket
TXN019122,ACC0425,2025-05-02,124331.1,Unknown_POS
TXN010927,ACC0108,2025-06-02,87625.6,Uber
TXN014990,ACC0333,2025-06-02,101639.92,Flipkart
TXN009396,ACC0474,2025-02-11,3912.11,Swiggy
TXN014979,ACC0370,2025-05-27,90799.85,ATM_Withdrawal
TXN003066,ACC0356,2025-07-24,7372.24,ATM_Withdrawal
TXN017815,ACC0123,2025-05-21,73986.66,Uber
TXN012288,ACC0343,2025-02-25,27866.06,Unknown_POS
TXN010184,ACC0082,2025-01-26,137270.29,Flipkart
TXN019960,ACC0254,2025-02-13,26436.21,BigBasket
TXN017902,ACC0231,2025-04-29,56356.32,Amazon
TXN002722,ACC0225,2025-02-16,42425.27,BigBasket
TXN008218,ACC0330,2025-03-27,44333.64,Flipkart
TXN017317,ACC0106,2025-04-29,4628.32,BigBasket
TXN019196,ACC0162,2025-01-16,111981.96,Uber
TXN008463,ACC0161,2025-06-27,100662.21,BigBasket
TXN019885,ACC0220,2025-05-05,1825.02,Uber
TXN001139,ACC0499,2025-07-13,114676.02,Swiggy
TXN003183,ACC0475,2025-06-06,31583.27,Swiggy
TXN010262,ACC0361,2025-07-29,84969.66,Unknown_POS
TXN009646,ACC0409,2025-03-14,109604.52,Swiggy
TXN002169,ACC0333,2025-02-11,60038.9,Flipkart
TXN003416,ACC0011,2025-06-05,9182.09,Amazon
TXN017799,ACC0304,2025-03-18,33409.87,Swiggy
TXN003875,ACC0025,2025-07-14,34325.6,Swiggy
TXN003411,ACC0071,2025-03-29,27489.29,Uber
TXN008706,ACC0250,2025-04-16,3653.22,BigBasket
TXN007508,ACC0230,2025-02-26,125737.86,ATM_Withdrawal
TXN003701,ACC0062,2025-06-12,111651.87,Amazon
TXN019407,ACC0048,2025-04-03,93330.73,Flipkart
TXN002369,ACC0100,2025-03-11,16304.71,Flipkart
TXN001191,ACC0239,2025-05-13,11781.28,Flipkart
TXN012665,ACC0474,2025-03-09,9480.55,Zomato
TXN000480,ACC0164,2025-07-06,137130.38,Flipkart
TXN015196,ACC0488,2025-05-17,108577.41,Swiggy
TXN007270,ACC0250,2025-01-01,66338.53,Uber
TXN000052,ACC0347,2025-07-17,130154.78,Uber
TXN018233,ACC0416,2025-04-24,139462.85,Unknown_POS
TXN012119,ACC0056,2025-03-17,57252.06,Zomato
TXN019329,ACC0241,2025-01-30,24825.08,Amazon
TXN000535,ACC0372,2025-07-26,83876.8,Swiggy
TXN005350,ACC0221,2025-04-07,11445.87,Uber
TXN015315,ACC0072,2025-03-25,103056.65,Uber
TXN002851,ACC0060,2025-02-15,69737.15,BigBasket
TXN015837,ACC0211,2025-06-24,92564.78,Flipkart
TXN012492,ACC0063,2025-02-23,77695.13,ATM_Withdrawal
TXN000448,ACC0084,2025-04-26,11102.72,Amazon
TXN001255,ACC0324,2025-06-15,13645.51,BigBasket
TXN001638,ACC0154,2025-02-08,147628.73,Uber
TXN004951,ACC0025,2025-01-03,147385.95,Uber
TXN018219,ACC0159,2025-06-23,66841.12,Swiggy
TXN012205,ACC0362,2025-03-20,124873.32,Swiggy
TXN018122,ACC0105,2025-06-08,68619.54,Amazon
TXN003891,ACC0070,2025-02-12,7299.25,Swiggy
TXN010834,ACC0297,2025-04-29,143789.58,Uber
TXN001799,ACC0426,2025-02-05,108774.81,Uber
TXN004157,ACC0109,2025-01-19,23103.27,Flipkart
TXN018513,ACC0047,2025-03-19,69572.27,Zomato
TXN008372,ACC0033,2025-01-05,58460.74,Unknown_POS
TXN000668,ACC0252,2025-07-22,85922.91,BigBasket
TXN013479,ACC0242,2025-05-08,92648.71,Zomato
TXN017350,ACC0293,2025-06-12,54900.02,Uber
TXN013371,ACC0330,2025-04-28,41786.28,BigBasket
TXN013522,ACC0458,2025-02-15,93138.14,Amazon
TXN014219,ACC0393,2025-05-03,20809.04,Unknown_POS
TXN008461,ACC0477,2025-07-30,102522.33,Unknown_POS
TXN002882,ACC0100,2025-06-05,128902.49,BigBasket
TXN013663,ACC0194,2025-05-02,126719.38,Zomato
TXN006476,ACC0299,2025-07-17,65017.09,Flipkart
TXN000501,ACC0364,2025-05-10,60537.6,Amazon
TXN009817,ACC0073,2025-03-02,39159.19,Unknown_POS
TXN017472,ACC0109,2025-05-29,95972.5,Flipkart
TXN002155,ACC0285,2025-04-25,120086.92,Flipkart
TXN003886,ACC0399,2025-04-29,83038.13,BigBasket
TXN003983,ACC0031,2025-05-31,131277.49,Swiggy
TXN015749,ACC0418,2025-04-22,11822.15,Amazon
TXN008341,ACC0262,2025-04-30,33514.59,Swiggy
TXN018637,ACC0119,2025-02-13,96151.19,Flipkart
TXN001436,ACC0015,2025-01-24,21876.27,Uber
TXN005729,ACC0442,2025-04-14,64819.77,Swiggy
TXN011843,ACC0469,2025-03-18,145712.8,Uber
TXN000566,ACC0025,2025-06-26,17412.68,ATM_Withdrawal
TXN009689,ACC0096,2025-06-06,38524.48,Zomato
TXN012979,ACC0098,2025-06-07,25203.64,Swiggy
TXN007719,ACC0210,2025-04-24,110845.94,Swiggy
TXN017768,ACC0069,2025-01-14,73240.92,Flipkart
TXN002157,ACC0045,2025-05-24,38551.23,Amazon
TXN006117,ACC0409,2025-06-13,48431.79,Amazon
TXN012802,ACC0444,2025-06-08,146268.54,BigBasket
TXN000682,ACC0023,2025-03-17,134747.33,Zomato
TXN016980,ACC0282,2025-03-09,71358.31,ATM_Withdrawal
TXN013230,ACC0309,2025-03-27,97331.55,Flipkart
TXN014640,ACC0326,2025-04-08,125667.38,Zomato
TXN017792,ACC0150,2025-01-05,6857.71,Flipkart
TXN012668,ACC0077,2025-05-28,117036.83,ATM_Withdrawal
TXN008081,ACC0477,2025-07-15,146117.27,ATM_Withdrawal
TXN011823,ACC0158,2025-03-03,16371.98,Amazon
TXN001903,ACC0442,2025-03-02,59415.2,Uber
TXN005817,ACC0433,2025-06-12,70025.57,BigBasket
TXN014293,ACC0374,2025-05-20,47006.48,Zomato
TXN013123,ACC0145,2025-05-24,147487.84,Amazon
TXN012597,ACC0481,2025-03-17,50600.51,Flipkart
TXN002557,ACC0113,2025-04-04,57867.08,ATM_Withdrawal
TXN015734,ACC0221,2025-03-18,57269.67,Unknown_POS
TXN012667,ACC0204,2025-05-13,97799.0,Zomato
TXN009471,ACC0331,2025-06-23,3715.35,Flipkart
TXN017270,ACC0283,2025-05-25,19332.89,ATM_Withdrawal
TXN014090,ACC0089,2025-05-12,139681.9,BigBasket
TXN017801,ACC0153,2025-01-22,100998.63,BigBasket
TXN004461,ACC0357,2025-06-01,78581.96,Amazon
TXN019322,ACC0245,2025-05-08,16600.23,Flipkart
TXN011299,ACC0394,2025-02-07,82063.35,Swiggy
TXN004344,ACC0139,2025-01-05,134362.99,ATM_Withdrawal
TXN011482,ACC0286,2025-01-12,38180.86,ATM_Withdrawal
TXN016812,ACC0328,2025-02-23,82975.27,BigBasket
TXN017004,ACC0246,2025-04-16,83653.09,BigBasket
TXN005843,ACC0126,2025-05-28,127463.18,BigBasket
TXN000554,ACC0116,2025-06-27,131553.92,Uber
TXN012483,ACC0338,2025-06-06,58582.42,BigBasket
TXN018235,ACC0176,2025-02-01,127851.62,Zomato
TXN004543,ACC0057,2025-04-28,10007.94,Swiggy
TXN014758,ACC0283,2025-06-18,102975.45,Amazon
TXN018746,ACC0179,2025-01-27,24664.66,Flipkart
TXN009692,ACC0413,2025-05-14,80589.21,BigBasket
TXN017048,ACC0192,2025-02-18,81620.48,Uber
TXN008164,ACC0396,2025-05-10,132390.13,Amazon
TXN012110,ACC0316,2025-01-23,20578.68,BigBasket
TXN013300,ACC0101,2025-03-10,7772.98,ATM_Withdrawal
TXN018786,ACC0196,2025-03-19,83155.9,ATM_Withdrawal
TXN001285,ACC0009,2025-05-05,12154.36,Amazon
TXN007147,ACC0042,2025-06-15,17166.91,Uber
TXN008402,ACC0429,2025-05-20,64793.38,Uber
TXN006657,ACC0324,2025-05-15,48046.52,Uber
TXN019481,ACC0213,2025-01-03,119794.57,Flipkart
TXN001717,ACC0359,2025-04-14,66956.05,Zomato
TXN003920,ACC0006,2025-01-26,21933.56,Uber
TXN001489,ACC0180,2025-01-15,99202.94,Zomato
TXN014672,ACC0251,2025-03-28,20080.74,ATM_Withdrawal
TXN010872,ACC0264,2025-07-27,42633.06,ATM_Withdrawal
TXN007057,ACC0209,2025-03-17,6151.75,Unknown_POS
TXN011768,ACC0368,2025-04-21,104559.43,Flipkart
TXN010915,ACC0281,2025-01-01,18073.72,Swiggy
TXN004346,ACC0030,2025-07-02,141442.49,Swiggy
TXN005485,ACC0476,2025-07-03,116880.95,Zomato
TXN010611,ACC0193,2025-04-26,140835.95,Zomato
TXN018535,ACC0110,2025-04-22,2836.13,Uber
TXN006052,ACC0439,2025-02-27,101010.84,Zomato
TXN016941,ACC0427,2025-06-29,85353.07,Zomato
TXN009378,ACC0406,2025-06-19,117891.97,Uber
TXN012440,ACC0217,2025-05-10,25886.89,BigBasket
TXN014392,ACC0151,2025-04-30,126404.16,Amazon
TXN000883,ACC0353,2025-05-06,142046.28,ATM_Withdrawal
TXN007212,ACC0419,2025-03-09,22390.62,Unknown_POS
TXN008947,ACC0376,2025-04-08,34103.69,Flipkart
TXN003135,ACC0158,2025-07-03,23787.45,Uber
TXN007873,ACC0156,2025-01-13,136106.56,Flipkart
TXN008791,ACC0500,2025-01-08,143118.25,Unknown_POS
TXN014099,ACC0221,2025-01-26,64430.51,Amazon
TXN009580,ACC0446,2025-04-18,49660.52,Amazon
TXN009007,ACC0213,2025-04-03,65350.19,BigBasket
TXN009360,ACC0442,2025-02-25,85519.3,Swiggy
TXN004285,ACC0149,2025-07-11,144471.2,Flipkart
TXN017420,ACC0043,2025-06-03,66394.53,ATM_Withdrawal
TXN001497,ACC0294,2025-01-26,121258.57,Flipkart
TXN013187,ACC0229,2025-03-24,102857.62,Swiggy
TXN011268,ACC0075,2025-07-02,138840.84,Amazon
TXN004624,ACC0137,2025-04-14,62249.86,Flipkart
TXN018321,ACC0168,2025-06-12,26216.08,Zomato
TXN006604,ACC0498,2025-02-21,115609.05,Amazon
TXN014135,ACC0361,2025-07-25,98645.21,Swiggy
TXN011427,ACC0377,2025-07-15,45481.12,Zomato
TXN000262,ACC0444,2025-04-02,142778.7,ATM_Withdrawal
TXN014593,ACC0433,2025-06-25,144255.59,Swiggy
TXN008658,ACC0428,2025-06-07,40912.71,Uber
TXN017774,ACC0100,2025-07-15,138793.44,BigBasket
TXN008728,ACC0068,2025-07-09,127993.39,BigBasket
TXN004473,ACC0408,2025-03-23,118151.79,Uber
TXN014608,ACC0063,2025-04-17,44705.89,BigBasket
TXN013143,ACC0004,2025-06-28,37151.96,Amazon
TXN003479,ACC0394,2025-02-23,108750.28,Amazon
TXN018917,ACC0393,2025-04-07,67742.79,Unknown_POS
TXN007444,ACC0190,2025-01-27,140863.67,Unknown_POS
TXN011737,ACC0128,2025-05-03,1840.02,BigBasket
TXN018004,ACC0023,2025-02-21,80610.76,Uber
TXN003388,ACC0275,2025-03-22,15765.9,Zomato
TXN014227,ACC0355,2025-03-18,86493.52,Unknown_POS
TXN006798,ACC0222,2025-04-26,52212.82,Unknown_POS
TXN007485,ACC0029,2025-06-24,128896.8,BigBasket
TXN008513,ACC0228,2025-07-11,41995.25,ATM_Withdrawal
TXN000291,ACC0445,2025-07-18,127082.74,Flipkart
TXN017219,ACC0068,2025-05-24,3968.4,Swiggy
TXN012926,ACC0379,2025-07-15,38634.4,Amazon
TXN005686,ACC0160,2025-04-27,38859.74,Zomato
TXN010402,ACC0425,2025-01-15,67202.26,Amazon
TXN019490,ACC0004,2025-02-06,85369.7,ATM_Withdrawal
TXN012944,ACC0008,2025-03-29,102696.82,Amazon
TXN011360,ACC0053,2025-02-04,28307.15,Zomato
TXN005508,ACC0416,2025-05-23,10294.19,Swiggy
TXN003333,ACC0124,2025-06-20,74205.04,Unknown_POS
TXN019290,ACC0471,2025-02-01,137100.46,ATM_Withdrawal
TXN003232,ACC0133,2025-02-27,87677.25,BigBasket
TXN013320,ACC0445,2025-01-10,124001.07,ATM_Withdrawal
TXN011687,ACC0374,2025-02-09,58616.16,Amazon
TXN011870,ACC0413,2025-04-26,126888.25,ATM_Withdrawal
TXN002050,ACC0257,2025-05-17,98789.98,Unknown_POS
TXN009829,ACC0123,2025-01-27,134654.96,Unknown_POS
TXN000074,ACC0404,2025-05-07,27987.43,Uber
TXN017722,ACC0077,2025-03-29,32555.0,Zomato
TXN006573,ACC0372,2025-04-20,143069.14,Amazon
TXN001962,ACC0189,2025-01-20,113321.76,BigBasket
TXN015633,ACC0282,2025-07-22,123505.23,Zomato
TXN004524,ACC0444,2025-03-06,86662.46,ATM_Withdrawal
TXN000137,ACC0131,2025-02-22,49572.94,Flipkart
TXN007463,ACC0234,2025-01-05,61317.02,Flipkart
TXN012844,ACC0431,2025-05-10,90670.04,Unknown_POS
TXN012614,ACC0097,2025-03-07,111463.26,ATM_Withdrawal
TXN006733,ACC0106,2025-07-28,28728.67,Flipkart
TXN004816,ACC0500,2025-01-29,147800.31,ATM_Withdrawal
TXN011616,ACC0443,2025-06-24,93625.53,ATM_Withdrawal
TXN016959,ACC0484,2025-06-29,60717.71,Uber
TXN014139,ACC0050,2025-01-20,69245.76,Flipkart
TXN002841,ACC0487,2025-05-13,128580.66,Zomato
TXN019049,ACC0068,2025-05-09,16480.07,Amazon
TXN000287,ACC0296,2025-06-11,40344.14,Unknown_POS
TXN011314,ACC0278,2025-01-29,97594.02,BigBasket
TXN003771,ACC0102,2025-05-04,72962.81,Amazon
TXN012052,ACC0449,2025-07-26,145242.65,Unknown_POS
TXN016608,ACC0256,2025-06-06,67296.42,Flipkart
TXN005580,ACC0178,2025-07-22,131589.25,Flipkart
TXN018495,ACC0323,2025-06-15,91124.86,Unknown_POS
TXN010033,ACC0178,2025-02-16,36834.36,BigBasket
TXN015120,ACC0157,2025-03-25,31891.1,Zomato
TXN014009,ACC0187,2025-01-04,92406.16,Unknown_POS
TXN008364,ACC0234,2025-03-26,121041.44,Flipkart
TXN006824,ACC0480,2025-03-05,52087.04,Amazon
TXN011635,ACC0333,2025-01-10,17047.61,Swiggy
TXN004571,ACC0370,2025-04-08,125954.93,Flipkart
TXN011930,ACC0448,2025-04-25,71260.97,Swiggy
TXN004156,ACC0351,2025-04-18,16323.24,Swiggy
TXN013198,ACC0158,2025-06-27,40433.8,Unknown_POS
TXN004398,ACC0121,2025-04-21,93534.38,Uber
TXN000891,ACC0212,2025-02-18,128029.63,Swiggy
TXN010126,ACC0425,2025-06-20,39924.49,ATM_Withdrawal
TXN008863,ACC0365,2025-06-19,86481.42,Flipkart
TXN004214,ACC0271,2025-06-15,9671.68,Uber
TXN002156,ACC0021,2025-02-02,86283.4,Swiggy
TXN005565,ACC0294,2025-01-16,103528.16,BigBasket
TXN017042,ACC0397,2025-03-03,66511.61,Zomato
TXN018237,ACC0235,2025-01-11,106382.79,Zomato
TXN017417,ACC0495,2025-02-26,94313.43,Flipkart
TXN014870,ACC0389,2025-05-03,117560.45,ATM_Withdrawal
TXN010579,ACC0106,2025-04-04,101823.31,Flipkart
TXN001608,ACC0064,2025-03-31,14082.0,Uber
TXN005600,ACC0295,2025-04-16,86291.15,Amazon
TXN019403,ACC0075,2025-04-18,37878.02,Unknown_POS
TXN001166,ACC0101,2025-02-22,102243.44,BigBasket
TXN016667,ACC0146,2025-07-26,14239.49,Flipkart
TXN015890,ACC0243,2025-03-02,44339.83,ATM_Withdrawal
TXN018616,ACC0012,2025-04-04,45804.45,Unknown_POS
TXN010521,ACC0438,2025-03-13,51817.6,Uber
TXN000020,ACC0256,2025-03-20,74630.67,Flipkart
TXN013407,ACC0172,2025-06-23,126504.63,Unknown_POS
TXN016586,ACC0146,2025-07-12,141617.17,Zomato
TXN003301,ACC0158,2025-04-26,65452.81,Flipkart
TXN007552,ACC0380,2025-04-06,106816.62,BigBasket
TXN013924,ACC0083,2025-04-07,51101.26,Amazon
TXN019790,ACC0403,2025-06-02,65777.1,Flipkart
TXN001589,ACC0171,2025-03-02,70666.32,BigBasket
TXN008948,ACC0222,2025-05-12,51457.29,Swiggy
TXN010719,ACC0492,2025-07-13,88693.35,Zomato
TXN012980,ACC0153,2025-06-11,119174.23,Uber
TXN012795,ACC0424,2025-01-30,61232.64,Flipkart
TXN016998,ACC0155,2025-02-13,115270.64,ATM_Withdrawal
TXN010280,ACC0086,2025-06-05,95712.31,Amazon
TXN011125,ACC0382,2025-04-21,55448.16,BigBasket
TXN005564,ACC0063,2025-03-04,108539.87,Amazon
TXN016874,ACC0041,2025-03-21,19698.8,ATM_Withdrawal
TXN017083,ACC0317,2025-06-21,128785.55,Swiggy
TXN010239,ACC0324,2025-01-15,69535.11,Swiggy
TXN009377,ACC0097,2025-01-31,130037.36,Zomato
TXN006301,ACC0443,2025-05-17,101850.47,Swiggy
TXN003953,ACC0154,2025-01-21,36412.0,ATM_Withdrawal
TXN008964,ACC0073,2025-06-17,31182.07,Amazon
TXN018834,ACC0433,2025-06-17,71797.16,Uber
TXN006924,ACC0324,2025-04-20,30714.44,Zomato
TXN000834,ACC0314,2025-03-08,28113.51,Uber
TXN000893,ACC0317,2025-04-26,40856.51,ATM_Withdrawal
TXN016643,ACC0416,2025-05-15,43516.17,Unknown_POS
TXN018383,ACC0245,2025-07-03,37473.82,BigBasket
TXN006917,ACC0014,2025-07-20,86346.02,Flipkart
TXN014503,ACC0468,2025-02-26,10410.76,Unknown_POS
TXN008711,ACC0127,2025-04-02,63673.54,Amazon
TXN010750,ACC0352,2025-01-09,84554.42,Amazon
TXN018049,ACC0214,2025-06-17,65929.38,Swiggy
TXN017229,ACC0096,2025-07-18,59337.82,Flipkart
TXN015031,ACC0440,2025-07-21,138993.62,Amazon
TXN013804,ACC0068,2025-02-01,58231.93,Unknown_POS
TXN014057,ACC0300,2025-04-24,60925.66,Swiggy
TXN009046,ACC0184,2025-03-06,79282.04,BigBasket
TXN016246,ACC0446,2025-05-16,30238.26,Swiggy
TXN001369,ACC0191,2025-04-25,81003.0,Swiggy
TXN005544,ACC0268,2025-04-11,147307.28,Flipkart
TXN000430,ACC0070,2025-02-10,109866.19,Unknown_POS
TXN005819,ACC0040,2025-02-22,143732.75,BigBasket
TXN009211,ACC0403,2025-05-29,139928.89,Swiggy
TXN000088,ACC0134,2025-06-17,53964.84,Zomato
TXN013387,ACC0293,2025-02-04,99702.54,Swiggy
TXN003410,ACC0413,2025-04-15,57224.54,ATM_Withdrawal
TXN002231,ACC0492,2025-06-20,147440.16,Flipkart
TXN003093,ACC0282,2025-04-15,52836.09,Zomato
TXN009894,ACC0254,2025-07-14,145486.86,Flipkart
TXN002653,ACC0262,2025-07-09,104959.32,Zomato
TXN003391,ACC0236,2025-06-08,65708.75,Unknown_POS
TXN012717,ACC0338,2025-05-29,27851.2,Zomato
TXN000515,ACC0243,2025-02-03,97123.36,Amazon
TXN005910,ACC0224,2025-01-20,88025.15,Amazon
TXN014532,ACC0461,2025-01-28,3089.82,Amazon
TXN002961,ACC0161,2025-01-25,128690.65,Uber
TXN017880,ACC0026,2025-03-30,14318.87,Flipkart
TXN016876,ACC0086,2025-02-12,78601.84,BigBasket
TXN006207,ACC0443,2025-04-13,83418.88,ATM_Withdrawal
TXN018216,ACC0310,2025-01-21,142756.42,Flipkart
TXN015123,ACC0314,2025-01-25,41449.54,Flipkart
TXN007973,ACC0183,2025-02-13,60892.78,ATM_Withdrawal
TXN007810,ACC0345,2025-02-02,143539.26,Swiggy
TXN012374,ACC0227,2025-06-05,64639.72,Zomato
TXN011108,ACC0175,2025-01-09,82952.29,Flipkart
TXN019048,ACC0224,2025-02-28,4718.41,Unknown_POS
TXN016128,ACC0086,2025-03-25,129342.92,Zomato
TXN011007,ACC0139,2025-07-11,45848.59,Amazon
TXN011207,ACC0493,2025-06-11,7796.28,Uber
TXN017677,ACC0423,2025-07-29,50839.42,ATM_Withdrawal
TXN008111,ACC0345,2025-06-21,141548.76,Uber
TXN001906,ACC0152,2025-04-24,77847.17,Zomato
TXN011736,ACC0107,2025-05-30,124653.4,Flipkart
TXN007777,ACC0063,2025-04-29,3858.47,Unknown_POS
TXN000301,ACC0104,2025-06-26,136415.61,Uber
TXN005546,ACC0108,2025-05-16,75441.48,Unknown_POS
TXN003700,ACC0155,2025-02-06,39445.71,Zomato
TXN018968,ACC0227,2025-04-30,125165.26,Unknown_POS
TXN005832,ACC0281,2025-01-04,101076.78,BigBasket
TXN018242,ACC0264,2025-01-31,117091.92,ATM_Withdrawal
TXN013885,ACC0322,2025-01-17,10171.46,ATM_Withdrawal
TXN002311,ACC0491,2025-07-22,15995.52,BigBasket
TXN013117,ACC0209,2025-01-28,121121.32,Flipkart
TXN004598,ACC0071,2025-07-27,37702.38,Unknown_POS
TXN005345,ACC0166,2025-07-16,61606.38,Amazon
TXN014622,ACC0369,2025-01-08,23340.76,Flipkart
TXN007935,ACC0098,2025-03-29,65675.02,Unknown_POS
TXN016377,ACC0218,2025-07-13,128675.62,Unknown_POS
TXN008690,ACC0297,2025-07-23,67507.73,ATM_Withdrawal
TXN008798,ACC0268,2025-07-29,1384.93,Amazon
TXN010430,ACC0300,2025-05-23,34916.17,Unknown_POS
TXN006161,ACC0386,2025-01-08,99093.98,Amazon
TXN000654,ACC0355,2025-06-20,7094.63,Unknown_POS
TXN012065,ACC0492,2025-03-03,127754.92,Zomato
TXN005521,ACC0108,2025-07-28,59438.26,Uber
TXN008662,ACC0125,2025-01-21,100493.83,Swiggy
TXN004172,ACC0124,2025-05-18,82863.98,BigBasket
TXN006313,ACC0025,2025-03-26,139222.55,Amazon
TXN009561,ACC0218,2025-04-16,52740.93,Amazon
TXN015938,ACC0290,2025-02-01,37373.36,Zomato
TXN003602,ACC0378,2025-07-12,57865.35,Amazon
TXN000120,ACC0415,2025-06-19,62915.13,Amazon
TXN018524,ACC0209,2025-07-26,13077.22,Uber
TXN007677,ACC0246,2025-03-10,110123.2,BigBasket
TXN015313,ACC0383,2025-03-19,48756.95,Swiggy
TXN010282,ACC0291,2025-04-11,134670.6,Uber
TXN013449,ACC0324,2025-03-07,143068.9,ATM_Withdrawal
TXN001931,ACC0167,2025-05-31,3534.81,Amazon
TXN000209,ACC0305,2025-06-07,29372.46,Flipkart
TXN005800,ACC0043,2025-07-25,108944.8,Zomato
TXN001970,ACC0366,2025-04-23,21081.35,Uber
TXN004068,ACC0119,2025-01-13,41513.41,Flipkart
TXN006749,ACC0337,2025-07-24,30807.52,Uber
TXN018776,ACC0230,2025-06-11,43490.3,ATM_Withdrawal
TXN004292,ACC0311,2025-07-30,7171.31,BigBasket
TXN016649,ACC0296,2025-04-04,35532.18,Amazon
TXN003442,ACC0054,2025-03-24,84209.89,Unknown_POS
TXN005510,ACC0147,2025-05-23,65247.5,BigBasket
TXN004809,ACC0429,2025-05-03,15742.89,ATM_Withdrawal
TXN005979,ACC0496,2025-05-08,60253.2,Flipkart
TXN014354,ACC0431,2025-05-12,108712.02,Zomato
TXN003074,ACC0050,2025-02-26,33762.47,BigBasket
TXN011036,ACC0225,2025-01-29,148592.36,ATM_Withdrawal
TXN010327,ACC0111,2025-01-19,139230.69,Zomato
TXN009098,ACC0284,2025-04-21,7257.54,Flipkart
TXN009624,ACC0014,2025-07-14,19344.13,Unknown_POS
TXN015965,ACC0138,2025-03-18,125382.56,Zomato
TXN012596,ACC0059,2025-06-25,136036.51,ATM_Withdrawal
TXN009764,ACC0427,2025-01-21,94478.3,Swiggy
TXN009497,ACC0407,2025-05-26,92509.85,BigBasket
TXN015197,ACC0498,2025-07-11,38400.54,Flipkart
TXN002810,ACC0346,2025-06-16,68056.4,BigBasket
TXN006274,ACC0349,2025-02-23,88305.52,Unknown_POS
TXN004147,ACC0342,2025-03-12,28922.07,Swiggy
TXN000160,ACC0269,2025-01-09,125868.32,Flipkart
TXN002755,ACC0429,2025-03-09,127146.52,ATM_Withdrawal
TXN017473,ACC0173,2025-05-15,93919.46,Zomato
TXN009776,ACC0427,2025-02-25,104858.75,BigBasket
TXN001214,ACC0027,2025-02-12,69629.04,ATM_Withdrawal
TXN007010,ACC0080,2025-04-29,118556.96,Flipkart
TXN015901,ACC0135,2025-02-23,48870.09,BigBasket
TXN001684,ACC0286,2025-01-13,149889.22,BigBasket
TXN013871,ACC0299,2025-05-05,5998.27,Flipkart
TXN007039,ACC0482,2025-01-02,80298.87,ATM_Withdrawal
TXN010460,ACC0192,2025-07-15,96789.83,Flipkart
TXN014708,ACC0102,2025-06-22,116822.8,Flipkart
TXN017208,ACC0207,2025-01-03,2819.31,ATM_Withdrawal
TXN019784,ACC0329,2025-07-02,110464.43,ATM_Withdrawal
TXN012646,ACC0010,2025-01-27,110656.42,ATM_Withdrawal
TXN006409,ACC0243,2025-07-20,113803.68,Swiggy
TXN012539,ACC0005,2025-05-28,51651.47,Flipkart
TXN005755,ACC0006,2025-05-08,110327.51,Unknown_POS
TXN017833,ACC0142,2025-03-20,149854.85,Swiggy
TXN005978,ACC0488,2025-01-15,17729.76,Zomato
TXN003803,ACC0201,2025-04-26,90985.15,Zomato
TXN017209,ACC0185,2025-04-05,1726.07,Amazon
TXN002695,ACC0012,2025-02-27,123208.1,Uber
TXN011407,ACC0353,2025-02-19,84975.46,BigBasket
TXN008008,ACC0326,2025-03-20,29673.07,BigBasket
TXN018341,ACC0228,2025-04-15,125269.77,Flipkart
TXN015898,ACC0196,2025-02-21,34942.6,Unknown_POS
TXN014564,ACC0052,2025-01-02,137886.66,Swiggy
TXN013795,ACC0138,2025-01-26,140518.33,ATM_Withdrawal
TXN014864,ACC0017,2025-02-25,60697.76,Uber
TXN015302,ACC0183,2025-01-24,89247.29,Zomato
TXN016472,ACC0049,2025-04-20,104270.53,Unknown_POS
TXN016212,ACC0422,2025-04-16,119106.16,ATM_Withdrawal
TXN003110,ACC0090,2025-05-01,140574.28,Zomato
TXN007136,ACC0070,2025-03-24,51242.69,ATM_Withdrawal
TXN012872,ACC0377,2025-07-15,127634.5,Unknown_POS
TXN019200,ACC0205,2025-04-13,26224.05,Zomato
TXN011248,ACC0189,2025-04-10,63508.15,Zomato
TXN017114,ACC0091,2025-01-14,31431.51,Swiggy
TXN005889,ACC0458,2025-04-26,27931.18,Uber
TXN013126,ACC0358,2025-01-27,137183.45,Unknown_POS
TXN006026,ACC0229,2025-02-14,82892.97,Zomato
TXN010778,ACC0009,2025-06-15,31907.24,ATM_Withdrawal
TXN001520,ACC0422,2025-03-15,96924.1,Uber
TXN000752,ACC0246,2025-02-23,88639.1,Unknown_POS
TXN009688,ACC0231,2025-06-14,52883.18,Unknown_POS
TXN013227,ACC0353,2025-06-28,46739.67,Amazon
TXN017909,ACC0130,2025-07-16,135047.32,Swiggy
TXN011705,ACC0255,2025-06-17,106273.41,Zomato
TXN006022,ACC0087,2025-05-23,23895.65,Swiggy
TXN003783,ACC0465,2025-02-05,18195.58,Swiggy
TXN005476,ACC0278,2025-03-15,102725.91,BigBasket
TXN003314,ACC0363,2025-05-23,100234.62,Zomato
TXN008750,ACC0312,2025-03-06,13326.67,Zomato
TXN007713,ACC0439,2025-03-10,139712.68,Unknown_POS
TXN010284,ACC0102,2025-06-04,8212.56,ATM_Withdrawal
TXN017960,ACC0170,2025-02-21,141942.41,Unknown_POS
TXN002473,ACC0293,2025-04-08,3842.22,Swiggy
TXN008688,ACC0170,2025-03-29,50695.79,Unknown_POS
TXN016071,ACC0149,2025-05-29,40766.56,BigBasket
TXN000568,ACC0360,2025-02-09,30863.96,Amazon
TXN010749,ACC0254,2025-07-19,76283.25,Amazon
TXN002293,ACC0091,2025-03-07,145742.13,Flipkart
TXN016076,ACC0471,2025-04-29,143321.05,Flipkart
TXN010260,ACC0419,2025-05-12,54999.31,ATM_Withdrawal
TXN016919,ACC0065,2025-04-07,109742.27,Zomato
TXN900005,ACC0040,2025-02-10,,Zomato
TXN014068,ACC0415,2025-07-03,119104.08,ATM_Withdrawal
TXN011375,ACC0258,2025-07-27,48919.19,BigBasket
TXN004638,ACC0417,2025-04-17,57364.08,Uber
TXN006055,ACC0145,2025-07-02,14018.36,Unknown_POS
TXN010169,ACC0035,2025-04-29,98016.28,Swiggy
TXN009414,ACC0445,2025-01-26,75691.27,Swiggy
TXN015011,ACC0150,2025-01-11,105754.6,Flipkart
TXN018587,ACC0225,2025-03-04,88386.9,ATM_Withdrawal
TXN004467,ACC0214,2025-01-15,143334.13,Unknown_POS
TXN003281,ACC0368,2025-04-14,42380.85,Flipkart
TXN016800,ACC0085,2025-02-11,134679.11,Zomato
TXN000324,ACC0383,2025-04-11,44366.53,Amazon
TXN007574,ACC0246,2025-03-19,14372.03,Flipkart
TXN008670,ACC0379,2025-04-07,147234.53,Zomato
TXN018308,ACC0049,2025-01-23,81082.1,Swiggy
TXN001478,ACC0453,2025-06-30,24663.43,Unknown_POS
TXN013904,ACC0176,2025-06-19,65755.97,ATM_Withdrawal
TXN002878,ACC0336,2025-04-13,19722.42,Uber
TXN012427,ACC0188,2025-01-17,111974.85,Unknown_POS
TXN014924,ACC0247,2025-01-18,9176.24,Swiggy
TXN008370,ACC0005,2025-03-05,30990.88,Amazon
TXN016669,ACC0255,2025-02-24,90103.62,Swiggy
TXN000425,ACC0175,2025-07-03,26660.11,BigBasket
TXN003810,ACC0202,2025-03-13,69702.84,BigBasket
TXN016355,ACC0414,2025-04-28,89940.0,Uber
TXN000897,ACC0373,2025-01-03,34959.93,Swiggy
TXN012786,ACC0034,2025-04-14,56053.36,BigBasket
TXN013080,ACC0355,2025-05-14,74841.22,Zomato
TXN002374,ACC0124,2025-03-10,12801.65,Amazon
TXN017155,ACC0132,2025-02-13,115733.68,Unknown_POS
TXN009309,ACC0377,2025-03-27,77760.48,Unknown_POS
TXN015294,ACC0282,2025-04-28,27051.65,BigBasket
TXN010182,ACC0439,2025-07-04,111193.83,Swiggy
TXN013367,ACC0346,2025-01-07,78384.19,Zomato
TXN012656,ACC0126,2025-01-30,115767.49,BigBasket
TXN009133,ACC0450,2025-06-03,120973.0,Zomato
TXN000789,ACC0412,2025-01-24,123497.16,ATM_Withdrawal
TXN010037,ACC0485,2025-03-31,17292.42,BigBasket
TXN011225,ACC0449,2025-07-04,103855.05,Unknown_POS
TXN012348,ACC0352,2025-04-07,119440.3,Flipkart
TXN018836,ACC0185,2025-05-16,106276.83,Uber
TXN016222,ACC0273,2025-06-13,140903.74,BigBasket
TXN015548,ACC0411,2025-07-03,99811.33,Amazon
TXN005020,ACC0143,2025-06-17,31752.81,Swiggy
TXN007923,ACC0036,2025-06-21,117809.42,Amazon
TXN005108,ACC0025,2025-01-29,74608.15,Swiggy
TXN014300,ACC0004,2025-05-27,103965.9,Flipkart
TXN009633,ACC0271,2025-01-07,51741.63,ATM_Withdrawal
TXN001531,ACC0204,2025-07-05,126420.4,Zomato
TXN012622,ACC0317,2025-06-11,135575.6,Amazon
TXN012122,ACC0450,2025-04-16,117169.3,Zomato
TXN007442,ACC0098,2025-02-21,120902.72,Zomato
TXN007950,ACC0022,2025-02-28,108329.9,Swiggy
TXN008302,ACC0176,2025-02-05,118269.68,Swiggy
TXN008194,ACC0005,2025-03-29,138248.39,Zomato
TXN003509,ACC0069,2025-07-05,79514.02,Zomato
TXN005156,ACC0368,2025-07-28,99767.36,Swiggy
TXN012233,ACC0470,2025-04-21,101071.94,BigBasket
TXN017277,ACC0408,2025-05-04,92702.82,Amazon
TXN004233,ACC0426,2025-03-12,49766.11,Swiggy
TXN009424,ACC0378,2025-01-08,76587.63,Swiggy
TXN007017,ACC0340,2025-02-20,24016.71,Flipkart
TXN009507,ACC0125,2025-06-20,115828.04,Swiggy
TXN010771,ACC0319,2025-06-09,110762.69,Amazon
TXN008505,ACC0352,2025-03-02,113248.63,Zomato
TXN011979,ACC0033,2025-05-23,106697.47,Amazon
TXN009926,ACC0413,2025-06-24,70375.97,Amazon
TXN013668,ACC0218,2025-02-13,46641.68,Unknown_POS
TXN013021,ACC0162,2025-02-11,32620.98,Amazon
TXN008543,ACC0194,2025-03-20,149918.57,BigBasket
TXN003927,ACC0496,2025-02-09,139945.49,Unknown_POS
TXN001234,ACC0459,2025-01-29,104363.26,Uber
TXN005668,ACC0467,2025-05-31,40518.22,Flipkart
TXN017894,ACC0251,2025-07-13,87647.35,Flipkart
TXN008489,ACC0250,2025-04-15,128680.96,Zomato
TXN000192,ACC0284,2025-04-07,64805.6,Unknown_POS
TXN016545,ACC0206,2025-04-20,27193.68,ATM_Withdrawal
TXN017341,ACC0353,2025-04-02,43536.5,BigBasket
TXN012382,ACC0232,2025-05-25,80896.83,Swiggy
TXN005347,ACC0120,2025-04-22,36692.34,Swiggy
TXN009664,ACC0109,2025-06-10,11491.45,ATM_Withdrawal
TXN014083,ACC0360,2025-04-02,130751.26,Zomato
TXN019980,ACC0292,2025-04-19,55495.07,Uber
TXN015679,ACC0011,2025-05-03,81541.27,Uber
TXN011660,ACC0386,2025-03-11,87094.2,BigBasket
TXN013826,ACC0380,2025-04-28,135780.69,Flipkart
TXN010024,ACC0456,2025-03-12,141204.16,Uber
TXN002376,ACC0162,2025-01-24,141529.2,Amazon
TXN015240,ACC0104,2025-02-12,131938.09,Amazon
TXN017030,ACC0367,2025-07-12,97195.05,Swiggy
TXN003703,ACC0045,2025-07-05,35258.68,Uber
TXN009771,ACC0363,2025-04-12,136497.76,Uber
TXN010692,ACC0426,2025-01-26,87328.02,BigBasket
TXN008790,ACC0162,2025-07-17,133327.48,ATM_Withdrawal
TXN001363,ACC0317,2025-02-11,106786.24,Uber
TXN016713,ACC0375,2025-06-29,33399.45,BigBasket
TXN009194,ACC0165,2025-06-30,104459.69,ATM_Withdrawal
TXN003446,ACC0329,2025-03-22,110901.6,Amazon
TXN014530,ACC0247,2025-01-19,96873.63,Swiggy
TXN010592,ACC0291,2025-03-25,123766.68,Swiggy
TXN007493,ACC0010,2025-07-04,125992.78,Amazon
TXN001152,ACC0123,2025-06-08,36591.47,Swiggy
TXN009875,ACC0339,2025-04-11,108057.89,Amazon
TXN002209,ACC0264,2025-04-01,142874.92,Unknown_POS
TXN005873,ACC0079,2025-03-17,118025.84,Unknown_POS
TXN002948,ACC0196,2025-04-06,26891.89,Amazon
TXN014030,ACC0096,2025-05-04,53940.97,Uber
TXN013780,ACC0106,2025-06-27,9279.42,Uber
TXN003714,ACC0448,2025-05-25,125317.1,Unknown_POS
TXN010122,ACC0109,2025-02-05,99289.48,Amazon
TXN008676,ACC0417,2025-07-13,113524.02,BigBasket
TXN007971,ACC0208,2025-04-17,19784.63,ATM_Withdrawal
TXN015164,ACC0359,2025-03-22,13502.68,Zomato
TXN003977,ACC0017,2025-04-11,127830.86,Swiggy
TXN018989,ACC0418,2025-01-23,147755.18,Zomato
TXN009466,ACC0393,2025-02-10,14068.78,ATM_Withdrawal
TXN019222,ACC0418,2025-04-04,111157.36,Swiggy
TXN000492,ACC0472,2025-03-10,134559.85,Amazon
TXN014133,ACC0452,2025-07-18,69947.29,Zomato
TXN006382,ACC0334,2025-02-06,7057.78,Zomato
TXN005968,ACC0116,2025-04-14,87155.24,Uber
TXN007118,ACC0310,2025-04-25,92829.14,Uber
TXN009048,ACC0352,2025-04-02,58361.94,Zomato
TXN000783,ACC0130,2025-03-20,86668.79,Unknown_POS
TXN018073,ACC0363,2025-05-06,25974.32,Uber
TXN008089,ACC0068,2025-01-03,131106.42,Amazon
TXN011965,ACC0411,2025-05-08,149838.94,Amazon
TXN008889,ACC0366,2025-04-02,128923.82,ATM_Withdrawal
TXN005447,ACC0317,2025-06-02,110547.16,Uber
TXN005393,ACC0478,2025-03-04,128676.3,Swiggy
TXN001519,ACC0325,2025-02-22,126902.75,Uber
TXN012196,ACC0368,2025-03-01,83586.89,Zomato
TXN004738,ACC0401,2025-03-20,115212.41,Zomato
TXN004057,ACC0151,2025-01-10,128805.6,Amazon
TXN002195,ACC0488,2025-04-20,78113.17,Zomato
TXN006403,ACC0122,2025-04-07,119645.69,BigBasket
TXN007301,ACC0042,2025-03-07,104827.47,Flipkart
TXN003870,ACC0011,2025-05-06,65471.96,ATM_Withdrawal
TXN006994,ACC0192,2025-01-13,123739.28,Amazon
TXN014153,ACC0076,2025-03-21,136471.5,BigBasket
TXN004171,ACC0261,2025-06-05,81573.39,Flipkart
TXN019044,ACC0320,2025-02-02,60471.68,Swiggy
TXN013646,ACC0444,2025-05-13,67639.04,BigBasket
TXN003133,ACC0076,2025-05-14,43300.14,Zomato
TXN019619,ACC0461,2025-07-18,80966.33,Uber
TXN004596,ACC0191,2025-03-14,63804.26,Swiggy
TXN011400,ACC0163,2025-04-10,82149.04,ATM_Withdrawal
TXN007855,ACC0287,2025-05-27,15021.16,Unknown_POS
TXN001642,ACC0049,2025-04-29,99145.25,Uber
TXN010480,ACC0174,2025-01-03,63739.86,Uber
TXN005337,ACC0486,2025-06-03,111175.08,Unknown_POS
TXN002519,ACC0294,2025-06-15,63291.43,Unknown_POS
TXN019773,ACC0320,2025-06-09,90757.73,Flipkart
TXN000142,ACC0246,2025-02-23,130427.6,BigBasket
TXN018167,ACC0465,2025-01-16,4225.28,Uber
TXN006771,ACC0060,2025-02-22,131541.91,Flipkart
TXN017451,ACC0014,2025-03-28,39462.22,BigBasket
TXN019798,ACC0456,2025-06-16,143686.43,Unknown_POS
TXN007317,ACC0300,2025-04-01,60148.76,Swiggy
TXN011112,ACC0325,2025-02-17,144216.5,Zomato
TXN000923,ACC0353,2025-04-07,53757.22,Swiggy
TXN007774,ACC0366,2025-03-23,85807.25,Amazon
TXN019130,ACC0366,2025-01-22,108548.75,Amazon
TXN008337,ACC0106,2025-02-23,4642.85,Amazon
TXN005030,ACC0022,2025-07-18,113907.64,Flipkart
TXN019162,ACC0302,2025-05-05,36980.34,Amazon
TXN007143,ACC0169,2025-05-04,82737.84,Zomato
TXN017536,ACC0404,2025-05-10,104522.64,Zomato
TXN006692,ACC0183,2025-04-14,125234.14,Flipkart
TXN003808,ACC0288,2025-01-22,105685.93,Swiggy
TXN005825,ACC0055,2025-04-20,4172.18,Flipkart
TXN009798,ACC0254,2025-05-03,56274.69,Uber
TXN000348,ACC0255,2025-04-27,76641.74,Amazon
TXN004284,ACC0319,2025-02-23,147588.79,Uber
TXN002408,ACC0199,2025-04-29,100389.13,BigBasket
TXN013357,ACC0096,2025-02-11,141924.18,Zomato
TXN007553,ACC0207,2025-03-29,146693.72,BigBasket
TXN011528,ACC0128,2025-04-19,20319.04,Amazon
TXN004804,ACC0275,2025-04-27,144053.73,Uber
TXN018462,ACC0106,2025-01-05,6815.01,Unknown_POS
TXN015791,ACC0164,2025-06-15,59234.26,Unknown_POS
TXN012164,ACC0217,2025-06-30,63403.5,Unknown_POS
TXN006234,ACC0451,2025-01-02,12822.0,BigBasket
TXN011604,ACC0327,2025-04-02,23636.79,Unknown_POS
TXN010930,ACC0014,2025-05-14,61662.49,Uber
TXN000821,ACC0428,2025-03-05,125458.39,BigBasket
TXN018129,ACC0020,2025-02-02,108804.97,Uber
TXN005977,ACC0161,2025-06-06,90191.47,Swiggy
TXN002756,ACC0237,2025-01-05,66014.4,ATM_Withdrawal
TXN016376,ACC0091,2025-05-09,140918.49,Uber
TXN010281,ACC0045,2025-07-03,148387.75,Uber
TXN014747,ACC0295,2025-06-14,101083.6,Amazon
TXN005970,ACC0387,2025-07-18,36878.21,Swiggy
TXN003585,ACC0112,2025-04-20,37679.92,BigBasket
TXN011056,ACC0116,2025-01-24,129777.36,Swiggy
TXN004856,ACC0065,2025-01-06,141493.04,Swiggy
TXN005136,ACC0354,2025-06-27,124254.41,Zomato
TXN018144,ACC0500,2025-06-28,106326.31,Flipkart
TXN014798,ACC0461,2025-07-19,52736.62,Zomato
TXN003862,ACC0430,2025-04-24,91002.76,BigBasket
TXN015506,ACC0313,2025-03-25,91607.2,Swiggy
TXN006618,ACC0184,2025-06-08,111068.39,Flipkart
TXN018365,ACC0122,2025-04-25,143616.49,ATM_Withdrawal
TXN015496,ACC0277,2025-04-06,32573.41,Flipkart
TXN007064,ACC0066,2025-01-23,86939.34,Uber
TXN004039,ACC0033,2025-02-11,21914.65,Swiggy
TXN016785,ACC0217,2025-07-13,65095.0,ATM_Withdrawal
TXN011115,ACC0492,2025-06-12,11309.2,Uber
TXN016635,ACC0053,2025-05-06,43043.56,Amazon
TXN017709,ACC0283,2025-05-13,118818.11,ATM_Withdrawal
TXN013973,ACC0314,2025-07-10,113693.38,Uber
TXN007115,ACC0038,2025-01-23,5498.56,BigBasket
TXN001754,ACC0063,2025-05-21,52329.91,Amazon
TXN000387,ACC0111,2025-03-25,22291.15,Zomato
TXN009574,ACC0435,2025-04-09,68073.32,Zomato
TXN003894,ACC0233,2025-02-14,106545.87,Zomato
TXN015488,ACC0094,2025-04-03,108229.59,BigBasket
TXN008929,ACC0252,2025-07-04,45705.04,ATM_Withdrawal
TXN016480,ACC0376,2025-04-15,30543.92,Uber
TXN002617,ACC0376,2025-02-20,64836.02,Flipkart
TXN018685,ACC0027,2025-07-10,149812.34,BigBasket
TXN016602,ACC0117,2025-06-17,13380.22,Zomato
TXN013160,ACC0103,2025-05-24,87414.76,ATM_Withdrawal
TXN017452,ACC0406,2025-02-02,75373.66,ATM_Withdrawal
TXN008960,ACC0385,2025-05-29,31224.25,Amazon
TXN014786,ACC0089,2025-05-17,13995.62,Zomato
TXN014312,ACC0135,2025-06-22,148811.09,BigBasket
TXN001590,ACC0311,2025-06-21,145083.12,Amazon
TXN016688,ACC0187,2025-07-19,142361.26,Zomato
TXN003286,ACC0383,2025-07-24,57785.25,Amazon
TXN012356,ACC0246,2025-03-19,12584.19,Amazon
TXN009675,ACC0331,2025-04-28,76626.95,BigBasket
TXN008628,ACC0358,2025-05-29,31358.79,Unknown_POS
TXN014410,ACC0384,2025-07-18,149473.34,Flipkart
TXN000234,ACC0229,2025-04-06,58700.57,Swiggy
TXN013709,ACC0016,2025-06-19,60600.62,Zomato
TXN005645,ACC0305,2025-03-27,116925.95,Zomato
TXN018326,ACC0225,2025-01-14,144124.44,Zomato
TXN005168,ACC0339,2025-01-15,76332.26,Uber
TXN007546,ACC0160,2025-07-06,45996.58,ATM_Withdrawal
TXN000875,ACC0281,2025-04-24,20310.48,Swiggy
TXN015716,ACC0295,2025-07-03,53936.03,Amazon
TXN018619,ACC0386,2025-04-06,86739.41,Uber
TXN010349,ACC0024,2025-06-09,35650.45,Amazon
TXN016806,ACC0271,2025-05-07,131973.28,ATM_Withdrawal
TXN013169,ACC0188,2025-02-23,2831.69,Swiggy
TXN014847,ACC0128,2025-07-02,148426.49,Unknown_POS
TXN005742,ACC0318,2025-01-25,148873.93,Swiggy
TXN007856,ACC0279,2025-02-06,86957.6,ATM_Withdrawal
TXN011632,ACC0131,2025-01-02,133922.49,Flipkart
TXN000523,ACC0173,2025-03-12,96107.18,Uber
TXN000213,ACC0154,2025-03-24,90501.53,Zomato
TXN005851,ACC0296,2025-02-05,43319.33,Uber
TXN014445,ACC0069,2025-03-17,97208.96,Amazon
TXN000032,ACC0309,2025-05-11,60237.99,Amazon
TXN005348,ACC0331,2025-04-15,25895.45,Uber
TXN007930,ACC0111,2025-06-07,88428.52,Zomato
TXN007376,ACC0125,2025-05-02,100899.68,BigBasket
TXN001602,ACC0285,2025-06-18,95516.0,ATM_Withdrawal
TXN007170,ACC0157,2025-04-11,141908.26,BigBasket
TXN003975,ACC0081,2025-06-14,116422.47,Flipkart
TXN016524,ACC0319,2025-07-11,64010.51,Zomato
TXN001120,ACC0106,2025-07-05,5531.05,Unknown_POS
TXN000835,ACC0122,2025-03-10,70728.24,BigBasket
TXN009575,ACC0415,2025-02-16,145777.22,BigBasket
TXN019300,ACC0500,2025-01-19,23979.93,Flipkart
TXN011105,ACC0169,2025-06-17,136366.31,Amazon
TXN013833,ACC0475,2025-06-14,100516.12,Amazon
TXN017154,ACC0312,2025-03-26,79590.52,Amazon
TXN003418,ACC0494,2025-05-16,1936.14,BigBasket
TXN007189,ACC0444,2025-05-18,4799.48,Amazon
TXN003255,ACC0118,2025-06-29,12713.5,Unknown_POS
TXN019148,ACC0383,2025-07-18,113683.81,Unknown_POS
TXN000006,ACC0334,2025-02-23,115055.5,Unknown_POS
TXN012628,ACC0193,2025-03-08,69557.27,BigBasket
TXN003616,ACC0490,2025-03-20,94744.72,BigBasket
TXN018139,ACC0195,2025-07-27,6958.17,Flipkart
TXN004917,ACC0457,2025-03-18,139645.79,Zomato
TXN015643,ACC0309,2025-01-16,56971.32,Amazon
TXN005177,ACC0296,2025-07-04,56427.49,Zomato
TXN001760,ACC0444,2025-07-06,48816.18,Unknown_POS
TXN012915,ACC0233,2025-06-22,26069.91,Uber
TXN018358,ACC0085,2025-02-10,26853.86,BigBasket
TXN002302,ACC0332,2025-03-14,3206.04,Swiggy
TXN017597,ACC0338,2025-01-20,109423.55,Zomato
TXN008524,ACC0420,2025-06-27,123296.24,Unknown_POS
TXN003121,ACC0225,2025-05-04,124171.69,Amazon
TXN018517,ACC0140,2025-01-14,117044.97,Uber
TXN005304,ACC0198,2025-04-11,113749.51,Uber
TXN014992,ACC0080,2025-07-14,143488.48,Amazon
TXN009229,ACC0160,2025-07-07,141273.04,Zomato
TXN018283,ACC0133,2025-03-28,2313.44,Amazon
TXN008526,ACC0470,2025-07-29,149898.6,Swiggy
TXN016162,ACC0119,2025-04-26,13779.61,Unknown_POS
TXN002990,ACC0047,2025-05-12,116022.68,Uber
TXN008917,ACC0236,2025-01-17,61509.59,Unknown_POS
TXN005903,ACC0243,2025-02-21,86677.69,Flipkart
TXN018386,ACC0091,2025-05-21,95153.35,Zomato
TXN017818,ACC0219,2025-03-09,97567.09,Uber
TXN019967,ACC0494,2025-06-15,119360.48,Uber
TXN003128,ACC0136,2025-01-25,49537.35,Flipkart
TXN006020,ACC0186,2025-03-20,138600.47,BigBasket
TXN017846,ACC0213,2025-04-07,129904.39,BigBasket
TXN003648,ACC0362,2025-06-05,68027.36,Swiggy
TXN001868,ACC0097,2025-06-20,71384.97,ATM_Withdrawal
TXN013926,ACC0263,2025-04-29,62935.02,Unknown_POS
TXN019741,ACC0475,2025-05-11,30433.43,Uber
TXN014382,ACC0222,2025-03-14,107869.19,BigBasket
TXN008403,ACC0424,2025-02-03,26754.73,Zomato
TXN005127,ACC0180,2025-07-01,23168.5,Unknown_POS
TXN018897,ACC0220,2025-07-08,59914.22,Swiggy
TXN001957,ACC0235,2025-04-09,136629.42,Swiggy
TXN001035,ACC0353,2025-07-19,71516.5,ATM_Withdrawal
TXN005418,ACC0295,2025-01-25,20797.95,ATM_Withdrawal
TXN015386,ACC0301,2025-05-10,105469.42,Swiggy
TXN011889,ACC0474,2025-04-19,121652.92,Amazon
TXN010882,ACC0078,2025-02-11,134264.92,BigBasket
TXN005417,ACC0274,2025-04-09,114569.72,BigBasket
TXN019685,ACC0248,2025-02-12,85071.76,Zomato
TXN012672,ACC0299,2025-01-27,70645.15,Amazon
TXN018505,ACC0292,2025-01-14,26799.53,Uber
TXN009595,ACC0002,2025-05-28,122953.78,Uber
TXN017013,ACC0389,2025-03-14,71931.22,Amazon
TXN006836,ACC0447,2025-07-14,18980.84,Flipkart
TXN015595,ACC0099,2025-01-18,78604.91,ATM_Withdrawal
TXN005885,ACC0258,2025-03-25,105866.39,Swiggy
TXN015405,ACC0120,2025-02-03,36116.95,Flipkart
TXN016069,ACC0310,2025-02-11,124456.49,Amazon
TXN018199,ACC0443,2025-07-10,42631.76,Swiggy
TXN012077,ACC0059,2025-02-18,707.24,Amazon
TXN002314,ACC0418,2025-02-11,46142.38,ATM_Withdrawal
TXN006512,ACC0240,2025-05-19,75122.88,Uber
TXN012840,ACC0462,2025-03-18,30546.48,Swiggy
TXN017182,ACC0307,2025-01-26,104412.34,Swiggy
TXN000358,ACC0115,2025-07-25,77390.33,Amazon
TXN004223,ACC0150,2025-06-11,58512.63,BigBasket
TXN013397,ACC0487,2025-01-13,110858.32,Unknown_POS
TXN001956,ACC0213,2025-03-05,26977.74,Unknown_POS
TXN019594,ACC0186,2025-04-16,69975.72,Amazon
TXN010078,ACC0192,2025-04-11,117965.91,Swiggy
TXN004997,ACC0001,2025-04-24,17224.44,BigBasket
TXN017374,ACC0119,2025-01-04,141061.28,BigBasket
TXN015008,ACC0430,2025-04-21,123342.23,Zomato
TXN012765,ACC0226,2025-03-16,46842.6,Swiggy
TXN016554,ACC0383,2025-05-14,42152.45,Uber
TXN005222,ACC0212,2025-06-18,65221.95,Uber
TXN007393,ACC0112,2025-07-18,7955.55,Zomato
TXN005246,ACC0055,2025-02-04,116828.83,Zomato
TXN003179,ACC0176,2025-06-13,103059.49,Swiggy
TXN017771,ACC0424,2025-04-17,97717.58,ATM_Withdrawal
TXN013589,ACC0265,2025-04-19,141574.76,Flipkart
TXN013958,ACC0061,2025-01-27,9607.81,Zomato
TXN018906,ACC0130,2025-02-11,83722.94,BigBasket
TXN006333,ACC0264,2025-01-24,18697.14,Amazon
TXN008768,ACC0423,2025-05-27,16198.47,Amazon
TXN003433,ACC0492,2025-07-29,73640.68,Unknown_POS
TXN016707,ACC0423,2025-04-23,46854.69,Uber
TXN014368,ACC0254,2025-05-07,101410.9,Zomato
TXN012092,ACC0444,2025-06-09,111938.78,Flipkart
TXN005741,ACC0009,2025-01-03,44234.15,Swiggy
TXN009285,ACC0093,2025-01-10,87625.8,Unknown_POS
TXN005107,ACC0133,2025-03-10,126629.02,ATM_Withdrawal
TXN018446,ACC0194,2025-01-24,4206.43,Flipkart
TXN015857,ACC0327,2025-03-27,77117.64,ATM_Withdrawal
TXN002038,ACC0491,2025-03-07,115701.99,BigBasket
TXN008154,ACC0079,2025-05-12,92898.63,Zomato
TXN004761,ACC0406,2025-03-09,127918.63,Unknown_POS
TXN003463,ACC0194,2025-03-13,126403.01,Zomato
TXN013947,ACC0120,2025-01-21,142400.52,Zomato
TXN004315,ACC0337,2025-05-24,113563.98,Uber
TXN003586,ACC0377,2025-03-03,79606.1,Uber
TXN018803,ACC0322,2025-01-31,62530.29,Amazon
TXN004555,ACC0210,2025-04-30,112911.35,Swiggy
TXN012448,ACC0189,2025-07-26,146444.31,Swiggy
TXN005660,ACC0406,2025-01-29,149819.1,Flipkart
TXN001892,ACC0438,2025-05-18,44162.7,Swiggy
TXN013158,ACC0111,2025-03-27,80713.75,Zomato
TXN015434,ACC0491,2025-01-23,81815.02,Zomato
TXN016972,ACC0076,2025-07-06,119629.71,ATM_Withdrawal
TXN007906,ACC0201,2025-03-20,132172.87,BigBasket
TXN009270,ACC0099,2025-02-21,91190.45,Amazon
TXN017856,ACC0455,2025-01-09,142075.28,ATM_Withdrawal
TXN003059,ACC0076,2025-06-05,146527.66,Flipkart
TXN004451,ACC0046,2025-03-25,44082.82,Flipkart
TXN015467,ACC0209,2025-01-02,142552.9,Uber
TXN015026,ACC0181,2025-03-20,68885.4,Swiggy
TXN016173,ACC0039,2025-01-11,11715.07,Flipkart
TXN019305,ACC0357,2025-06-09,12498.53,Unknown_POS
TXN018482,ACC0219,2025-01-26,121078.55,Zomato
TXN014174,ACC0190,2025-03-24,19025.91,ATM_Withdrawal
TXN018721,ACC0097,2025-03-08,38355.18,BigBasket
TXN004492,ACC0363,2025-05-20,121168.99,Flipkart
TXN011152,ACC0241,2025-03-29,34642.86,Uber
TXN005014,ACC0444,2025-01-14,98620.61,Swiggy
TXN009848,ACC0001,2025-01-17,1847.44,Uber
TXN019336,ACC0296,2025-01-26,82669.83,BigBasket
TXN004547,ACC0340,2025-01-07,13916.64,Zomato
TXN003925,ACC0453,2025-04-23,113785.95,Unknown_POS
TXN015564,ACC0191,2025-04-22,23255.77,Swiggy
TXN009079,ACC0040,2025-05-04,1217.63,Amazon
TXN005644,ACC0479,2025-02-08,116866.45,Amazon
TXN005351,ACC0320,2025-05-12,4108.82,BigBasket
TXN009400,ACC0041,2025-06-20,142108.25,Swiggy
TXN019094,ACC0135,2025-04-12,10433.14,BigBasket
TXN012406,ACC0156,2025-04-21,110062.27,Uber
TXN014380,ACC0484,2025-01-28,123525.83,Uber
TXN008799,ACC0297,2025-05-07,130003.84,Flipkart
TXN019206,ACC0237,2025-04-29,70674.81,ATM_Withdrawal
TXN012037,ACC0304,2025-05-30,121270.87,Uber
TXN012375,ACC0054,2025-06-02,86309.61,Uber
TXN004435,ACC0273,2025-07-14,50716.3,ATM_Withdrawal
TXN008527,ACC0186,2025-04-29,32666.96,ATM_Withdrawal
TXN016191,ACC0351,2025-03-02,38912.48,Uber
TXN000847,ACC0111,2025-07-28,38180.74,Flipkart
TXN012340,ACC0346,2025-01-29,134360.09,Swiggy
TXN010006,ACC0106,2025-06-09,31568.85,Uber
TXN015175,ACC0189,2025-05-24,84806.58,Swiggy
TXN009052,ACC0464,2025-03-18,88131.45,Amazon
TXN010369,ACC0222,2025-04-24,35117.59,Amazon
TXN014734,ACC0473,2025-02-20,4496.77,ATM_Withdrawal
TXN002277,ACC0085,2025-04-23,112621.63,Unknown_POS
TXN015377,ACC0201,2025-01-02,95240.68,Uber
TXN000920,ACC0183,2025-06-15,23130.07,Flipkart
TXN011658,ACC0147,2025-04-19,38605.23,Zomato
TXN018625,ACC0099,2025-06-23,75520.64,Amazon
TXN004581,ACC0073,2025-05-04,139531.28,Unknown_POS
TXN011464,ACC0216,2025-01-28,19128.25,Unknown_POS
TXN019750,ACC0311,2025-02-23,137087.99,ATM_Withdrawal
TXN001723,ACC0262,2025-05-22,46872.25,BigBasket
TXN009840,ACC0273,2025-04-25,96247.35,Zomato
TXN007042,ACC0487,2025-05-04,119014.05,ATM_Withdrawal
TXN013798,ACC0171,2025-02-07,88342.52,Flipkart
TXN012986,ACC0377,2025-04-12,92776.83,Uber
TXN013650,ACC0461,2025-07-03,36047.26,BigBasket
TXN011021,ACC0229,2025-07-07,140950.3,ATM_Withdrawal
TXN014045,ACC0329,2025-05-28,60945.34,Uber
TXN019041,ACC0242,2025-01-02,149927.11,Swiggy
TXN000154,ACC0195,2025-05-26,125012.74,ATM_Withdrawal
TXN015113,ACC0064,2025-01-23,75930.5,BigBasket
TXN004772,ACC0025,2025-01-09,101389.3,Unknown_POS
TXN016744,ACC0328,2025-01-18,116718.51,Unknown_POS
TXN007121,ACC0311,2025-03-01,71181.9,Unknown_POS
TXN011095,ACC0002,2025-01-28,40502.25,Flipkart
TXN006633,ACC0014,2025-02-25,139097.74,BigBasket
TXN003872,ACC0179,2025-02-28,40404.79,Uber
TXN007848,ACC0019,2025-03-24,107702.71,Zomato
TXN007551,ACC0281,2025-02-07,106240.06,Amazon
TXN006407,ACC0373,2025-01-14,19884.85,ATM_Withdrawal
TXN003699,ACC0153,2025-07-17,5297.16,Flipkart
TXN008852,ACC0483,2025-05-29,48760.37,ATM_Withdrawal
TXN017895,ACC0004,2025-04-03,116424.98,ATM_Withdrawal
TXN011527,ACC0144,2025-05-19,122679.79,Swiggy
TXN006468,ACC0232,2025-01-06,143751.81,Unknown_POS
TXN010720,ACC0197,2025-07-26,2338.99,Flipkart
TXN015401,ACC0045,2025-06-22,56695.86,Zomato
TXN014881,ACC0358,2025-06-14,146074.63,BigBasket
TXN018288,ACC0410,2025-03-15,145223.26,Flipkart
TXN013567,ACC0081,2025-02-21,44345.65,Flipkart
TXN003447,ACC0025,2025-03-19,57765.96,BigBasket
TXN009034,ACC0067,2025-05-09,141510.55,Amazon
TXN003316,ACC0031,2025-07-13,61585.81,Swiggy
TXN018148,ACC0051,2025-03-17,134631.39,Unknown_POS
TXN001243,ACC0056,2025-02-06,81117.79,Unknown_POS
TXN011270,ACC0029,2025-04-25,76587.12,Amazon
TXN005683,ACC0131,2025-05-03,83422.59,Unknown_POS
TXN006303,ACC0228,2025-07-12,9575.34,Unknown_POS
TXN018443,ACC0004,2025-03-29,83513.38,Flipkart
TXN018067,ACC0402,2025-03-21,10211.22,Amazon
TXN003021,ACC0205,2025-07-17,49100.42,Uber
TXN002724,ACC0150,2025-02-03,90938.27,ATM_Withdrawal
TXN000112,ACC0193,2025-01-21,102425.42,Swiggy
TXN008418,ACC0104,2025-04-08,106412.52,Unknown_POS
TXN006990,ACC0013,2025-05-24,147806.48,Unknown_POS
TXN002250,ACC0114,2025-03-28,63940.07,Amazon
TXN003813,ACC0388,2025-06-26,88454.69,Swiggy
TXN010013,ACC0458,2025-06-10,94014.72,Unknown_POS
TXN007074,ACC0307,2025-04-27,129534.38,Zomato
TXN017616,ACC0356,2025-02-02,20184.86,ATM_Withdrawal
TXN016995,ACC0045,2025-06-26,70380.83,Unknown_POS
TXN010073,ACC0183,2025-06-23,100515.71,Swiggy
TXN017625,ACC0283,2025-04-16,17124.04,ATM_Withdrawal
TXN001658,ACC0357,2025-02-18,128858.85,Zomato
TXN015255,ACC0170,2025-05-14,44943.98,Uber
TXN005214,ACC0071,2025-05-26,104407.02,Zomato
TXN001874,ACC0123,2025-05-04,110201.2,BigBasket
TXN013732,ACC0420,2025-03-12,31722.97,Zomato
TXN007155,ACC0375,2025-02-08,51017.32,Amazon
TXN001142,ACC0241,2025-03-01,142119.87,Swiggy
TXN019690,ACC0088,2025-03-30,125512.82,Amazon
TXN009338,ACC0112,2025-02-04,135519.17,Zomato
TXN017555,ACC0077,2025-02-08,129352.54,Amazon
TXN015495,ACC0144,2025-02-07,24199.65,ATM_Withdrawal
TXN010159,ACC0176,2025-01-20,41508.19,Unknown_POS
TXN010456,ACC0329,2025-06-06,26086.94,Uber
TXN002409,ACC0239,2025-04-30,96390.55,ATM_Withdrawal
TXN012598,ACC0443,2025-03-17,54531.03,BigBasket
TXN006053,ACC0445,2025-02-20,117985.78,Flipkart
TXN015321,ACC0343,2025-06-05,74454.93,Unknown_POS
TXN002180,ACC0141,2025-01-03,14737.13,Zomato
TXN002710,ACC0221,2025-05-03,45547.58,Zomato
TXN019156,ACC0429,2025-03-24,3536.31,Uber
TXN017830,ACC0312,2025-05-22,53147.12,Unknown_POS
TXN014906,ACC0257,2025-05-01,3893.79,Zomato
TXN012458,ACC0010,2025-01-04,63076.52,Uber
TXN012941,ACC0032,2025-05-30,148474.0,Zomato
TXN007545,ACC0404,2025-03-12,60298.86,Flipkart
TXN009219,ACC0429,2025-05-02,76784.72,Amazon
TXN010974,ACC0295,2025-04-17,68850.2,Flipkart
TXN007982,ACC0118,2025-02-04,60230.32,Flipkart
TXN013034,ACC0046,2025-05-02,120236.06,Swiggy
TXN010644,ACC0293,2025-07-12,124100.23,Unknown_POS
TXN012546,ACC0016,2025-05-25,97918.43,Flipkart
TXN012433,ACC0443,2025-05-10,139833.94,Swiggy
TXN017378,ACC0326,2025-02-15,141119.01,Uber
TXN009179,ACC0416,2025-02-25,101908.44,BigBasket
TXN017139,ACC0238,2025-04-27,99639.87,Amazon
TXN003206,ACC0423,2025-02-08,131098.89,Uber
TXN005209,ACC0126,2025-04-01,47244.47,Zomato
TXN001197,ACC0492,2025-07-24,44227.96,Swiggy
TXN000184,ACC0476,2025-01-20,44926.57,Zomato
TXN002007,ACC0379,2025-03-26,20183.34,BigBasket
TXN002256,ACC0221,2025-02-17,37876.84,ATM_Withdrawal
TXN000844,ACC0256,2025-02-04,149334.49,BigBasket
TXN000299,ACC0009,2025-02-01,139418.46,Swiggy
TXN017624,ACC0040,2025-05-12,26273.33,Amazon
TXN007619,ACC0428,2025-06-08,85293.69,Unknown_POS
TXN007606,ACC0122,2025-07-11,120043.0,BigBasket
TXN007325,ACC0153,2025-07-21,58677.8,Unknown_POS
TXN018858,ACC0431,2025-06-30,36400.69,Zomato
TXN007318,ACC0380,2025-04-13,114748.61,Unknown_POS
TXN010183,ACC0429,2025-01-03,28221.51,ATM_Withdrawal
TXN006391,ACC0354,2025-03-29,19069.32,Unknown_POS
TXN001716,ACC0005,2025-03-13,135036.27,Swiggy
TXN017474,ACC0084,2025-02-09,142037.51,ATM_Withdrawal
TXN015344,ACC0152,2025-06-04,42503.25,Flipkart
TXN009780,ACC0222,2025-03-30,43436.49,Flipkart
TXN008435,ACC0401,2025-03-12,46929.31,Uber
TXN000692,ACC0467,2025-03-08,61174.54,ATM_Withdrawal
TXN000916,ACC0005,2025-01-11,87182.5,ATM_Withdrawal
TXN011740,ACC0487,2025-01-29,63666.42,Swiggy
TXN010801,ACC0194,2025-03-24,51273.47,ATM_Withdrawal
TXN007943,ACC0132,2025-02-12,54348.39,Uber
TXN014082,ACC0389,2025-03-31,39215.73,Flipkart
TXN017720,ACC0477,2025-03-20,116.45,Unknown_POS
TXN011556,ACC0242,2025-02-20,8134.84,ATM_Withdrawal
TXN012325,ACC0397,2025-02-17,26888.94,ATM_Withdrawal
TXN000986,ACC0397,2025-06-28,19599.76,Swiggy
TXN003680,ACC0015,2025-04-25,90525.01,Unknown_POS
TXN015787,ACC0165,2025-02-27,148295.99,Unknown_POS
TXN012373,ACC0138,2025-01-31,17987.75,ATM_Withdrawal
TXN013426,ACC0225,2025-02-13,104809.87,Flipkart
TXN007791,ACC0069,2025-05-17,80772.71,Uber
TXN004222,ACC0043,2025-04-29,131022.96,Unknown_POS
TXN016482,ACC0107,2025-02-16,27936.18,Amazon
TXN009077,ACC0427,2025-05-28,61797.04,ATM_Withdrawal
TXN001480,ACC0392,2025-01-29,85349.84,ATM_Withdrawal
TXN013982,ACC0204,2025-06-20,40314.88,BigBasket
TXN006888,ACC0184,2025-06-25,36148.65,Swiggy
TXN011423,ACC0388,2025-04-03,117638.8,Swiggy
TXN007874,ACC0078,2025-05-20,36719.29,Flipkart
TXN016255,ACC0061,2025-02-11,50748.06,Uber
TXN010883,ACC0039,2025-07-15,125638.33,Amazon
TXN000687,ACC0106,2025-05-18,124320.86,Unknown_POS
TXN000125,ACC0072,2025-05-09,149022.84,Zomato
TXN011589,ACC0025,2025-01-22,46891.74,Amazon
TXN004518,ACC0360,2025-03-04,118413.29,Zomato
TXN013948,ACC0139,2025-02-15,26965.31,ATM_Withdrawal
TXN015475,ACC0263,2025-03-06,109010.57,Amazon
TXN002084,ACC0205,2025-07-09,91908.22,Flipkart
TXN015744,ACC0115,2025-05-04,64153.4,Swiggy
TXN013186,ACC0494,2025-07-15,98656.52,BigBasket
TXN002641,ACC0070,2025-02-27,134263.1,Swiggy
TXN012543,ACC0445,2025-06-13,25526.07,Zomato
TXN002413,ACC0310,2025-05-05,31934.65,ATM_Withdrawal
TXN019813,ACC0498,2025-07-06,21836.21,BigBasket
TXN006991,ACC0144,2025-05-26,107293.08,Amazon
TXN008182,ACC0343,2025-05-27,61344.19,Unknown_POS
TXN006856,ACC0120,2025-04-26,113434.1,BigBasket
TXN018296,ACC0394,2025-04-22,95663.09,BigBasket
TXN002203,ACC0246,2025-05-08,77275.97,Flipkart
TXN009541,ACC0281,2025-01-25,284.5,Amazon
TXN002502,ACC0493,2025-04-11,15479.05,Uber
TXN018709,ACC0461,2025-05-02,146396.57,BigBasket
TXN014187,ACC0208,2025-06-19,115655.08,Uber
TXN009113,ACC0406,2025-04-19,932.57,Flipkart
TXN010632,ACC0023,2025-05-25,35965.1,Zomato
TXN019537,ACC0467,2025-01-23,126029.74,Zomato
TXN016837,ACC0476,2025-04-19,72397.65,Uber
TXN011592,ACC0086,2025-02-14,121427.38,Unknown_POS
TXN005699,ACC0103,2025-07-10,109041.58,Swiggy
TXN009272,ACC0059,2025-04-04,129889.69,Amazon
TXN003052,ACC0326,2025-01-10,89387.05,BigBasket
TXN002850,ACC0215,2025-04-25,48843.29,Unknown_POS
TXN015900,ACC0010,2025-01-14,66995.94,Uber
TXN007023,ACC0187,2025-03-03,148108.96,Swiggy
TXN008584,ACC0155,2025-06-03,98612.02,BigBasket
TXN014833,ACC0477,2025-04-07,88356.47,Swiggy
TXN002017,ACC0304,2025-05-21,124691.57,Zomato
TXN013103,ACC0168,2025-03-08,96377.42,Amazon
TXN016628,ACC0158,2025-04-12,3008.33,Zomato
TXN012085,ACC0084,2025-03-30,47244.33,Swiggy
TXN019681,ACC0031,2025-07-24,71306.98,ATM_Withdrawal
TXN009927,ACC0498,2025-07-28,119102.45,BigBasket
TXN002010,ACC0118,2025-07-07,49723.98,Zomato
TXN002569,ACC0100,2025-03-17,28457.97,Swiggy
TXN007643,ACC0169,2025-06-10,126157.59,Unknown_POS
TXN000469,ACC0386,2025-06-28,100136.9,Flipkart
TXN018176,ACC0046,2025-02-06,29848.6,BigBasket
TXN001125,ACC0012,2025-05-28,113786.15,Zomato
TXN014968,ACC0269,2025-07-18,130967.85,Amazon
TXN009074,ACC0098,2025-04-13,93839.57,BigBasket
TXN019975,ACC0414,2025-04-04,20581.5,Unknown_POS
TXN013949,ACC0424,2025-01-12,135317.32,Zomato
TXN019279,ACC0083,2025-01-16,1480.59,Zomato
TXN013769,ACC0080,2025-01-19,147344.05,BigBasket
TXN009892,ACC0348,2025-06-20,1421.87,Uber
TXN004820,ACC0086,2025-02-07,18212.93,Flipkart
TXN009153,ACC0426,2025-01-09,153.12,BigBasket
TXN001796,ACC0180,2025-06-11,31952.48,Uber
TXN015463,ACC0256,2025-07-13,69207.94,Flipkart
TXN015027,ACC0464,2025-05-08,96237.91,Amazon
TXN000873,ACC0018,2025-06-19,53558.34,BigBasket
TXN012579,ACC0072,2025-02-24,25418.89,Flipkart
TXN002647,ACC0201,2025-01-15,138910.36,Uber
TXN004786,ACC0411,2025-01-18,91030.74,Unknown_POS
TXN011280,ACC0243,2025-01-23,147854.41,Unknown_POS
TXN019628,ACC0325,2025-06-11,108219.52,Swiggy
TXN010607,ACC0254,2025-05-18,54853.46,Uber
TXN017673,ACC0141,2025-05-18,48799.23,Flipkart
TXN007498,ACC0076,2025-07-01,73484.35,BigBasket
TXN000446,ACC0253,2025-04-07,52717.11,Unknown_POS
TXN004789,ACC0198,2025-06-05,149149.78,Zomato
TXN009881,ACC0072,2025-01-14,110845.29,Flipkart
TXN001451,ACC0308,2025-07-08,46835.44,ATM_Withdrawal
TXN000493,ACC0173,2025-07-29,119058.13,Uber
TXN010532,ACC0215,2025-04-28,118976.75,Amazon
TXN017267,ACC0482,2025-05-16,86646.76,Uber
TXN013889,ACC0088,2025-03-12,46060.63,Zomato
TXN016087,ACC0085,2025-07-08,66009.32,Unknown_POS
TXN009508,ACC0137,2025-04-09,84049.73,Swiggy
TXN006384,ACC0129,2025-06-26,148736.72,Flipkart
TXN004867,ACC0144,2025-01-24,91302.32,Unknown_POS
TXN016917,ACC0022,2025-02-28,96233.3,Flipkart
TXN000018,ACC0417,2025-03-25,140066.04,BigBasket
TXN003304,ACC0102,2025-07-07,111702.14,Swiggy
TXN017260,ACC0014,2025-06-03,98217.14,Swiggy
TXN002217,ACC0169,2025-03-18,53116.22,Amazon
TXN011835,ACC0129,2025-06-24,46281.21,Zomato
TXN007219,ACC0409,2025-06-04,123578.38,Flipkart
TXN003627,ACC0251,2025-05-25,70489.39,Amazon
TXN001976,ACC0366,2025-01-09,133908.52,Zomato
TXN008733,ACC0048,2025-03-18,124843.0,BigBasket
TXN012696,ACC0460,2025-01-18,76262.9,Amazon
TXN007878,ACC0052,2025-05-07,139345.61,Flipkart
TXN000393,ACC0067,2025-02-20,123559.83,BigBasket
TXN005376,ACC0145,2025-07-07,72865.35,Flipkart
TXN010395,ACC0162,2025-01-17,9968.18,ATM_Withdrawal
TXN017913,ACC0104,2025-04-21,72007.97,Unknown_POS
TXN003520,ACC0382,2025-06-24,84526.43,Swiggy
TXN002394,ACC0256,2025-01-25,68248.44,Swiggy
TXN014448,ACC0258,2025-03-03,125859.45,Amazon
TXN010561,ACC0128,2025-04-18,97921.09,Unknown_POS
TXN006773,ACC0070,2025-03-19,135936.52,Amazon
TXN009274,ACC0172,2025-03-20,78877.19,Amazon
TXN019033,ACC0415,2025-01-15,29093.79,ATM_Withdrawal
TXN008867,ACC0428,2025-01-22,147146.69,ATM_Withdrawal
TXN008318,ACC0400,2025-05-04,79620.46,Amazon
TXN011732,ACC0093,2025-02-28,128422.51,Amazon
TXN015885,ACC0466,2025-05-13,129968.31,Amazon
TXN005596,ACC0217,2025-02-04,140047.36,Flipkart
TXN007669,ACC0304,2025-02-12,55165.62,Swiggy
TXN009222,ACC0256,2025-06-05,38306.29,ATM_Withdrawal
TXN015794,ACC0342,2025-06-25,25478.61,Amazon
TXN008764,ACC0287,2025-01-09,24456.04,Amazon
TXN004041,ACC0246,2025-07-13,94753.96,Amazon
TXN011461,ACC0196,2025-03-06,48860.97,Unknown_POS
TXN004905,ACC0429,2025-07-07,13259.21,Swiggy
TXN007153,ACC0321,2025-03-01,96401.94,Swiggy
TXN009491,ACC0390,2025-05-07,89910.68,Unknown_POS
TXN018606,ACC0377,2025-06-24,140367.37,Swiggy
TXN018879,ACC0106,2025-03-04,58428.41,Unknown_POS
TXN003272,ACC0048,2025-04-18,148229.32,Flipkart
TXN001897,ACC0261,2025-04-10,112708.64,BigBasket
TXN000258,ACC0215,2025-06-02,20723.2,Unknown_POS
TXN018611,ACC0042,2025-06-06,50178.35,Swiggy
TXN010792,ACC0361,2025-07-20,131084.37,Swiggy
TXN016904,ACC0196,2025-01-23,16677.26,ATM_Withdrawal
TXN000822,ACC0080,2025-07-19,16048.06,Flipkart
TXN007759,ACC0159,2025-01-25,59056.51,BigBasket
TXN004321,ACC0223,2025-06-19,39942.48,Unknown_POS
TXN019824,ACC0117,2025-07-25,23562.16,Uber
TXN000404,ACC0332,2025-03-17,74858.8,ATM_Withdrawal
TXN006221,ACC0112,2025-03-18,17775.41,Zomato
TXN014019,ACC0313,2025-03-05,109353.73,Zomato
TXN008410,ACC0304,2025-07-24,82260.38,Amazon
TXN007191,ACC0410,2025-01-16,54208.66,Amazon
TXN007125,ACC0204,2025-02-02,98747.4,Zomato
TXN012416,ACC0158,2025-01-21,64363.45,Unknown_POS
TXN013118,ACC0053,2025-06-15,114856.73,Flipkart
TXN014692,ACC0055,2025-02-14,122580.07,Swiggy
TXN018378,ACC0166,2025-06-20,146929.4,BigBasket
TXN005841,ACC0411,2025-04-24,102351.93,BigBasket
TXN007642,ACC0105,2025-01-10,14110.57,Unknown_POS
TXN004570,ACC0359,2025-04-04,149185.33,BigBasket
TXN015037,ACC0322,2025-04-06,128970.25,Unknown_POS
TXN000830,ACC0202,2025-06-25,116396.8,ATM_Withdrawal
TXN019809,ACC0317,2025-06-23,127735.12,ATM_Withdrawal
TXN001343,ACC0386,2025-07-10,114144.84,BigBasket
TXN001025,ACC0442,2025-02-05,46384.31,Swiggy
TXN014152,ACC0297,2025-04-13,69418.63,Unknown_POS
TXN008503,ACC0307,2025-05-02,134112.32,Flipkart
TXN005531,ACC0318,2025-07-12,140877.5,ATM_Withdrawal
TXN011626,ACC0112,2025-01-20,137300.26,Zomato
TXN002746,ACC0444,2025-04-20,117402.77,Amazon
TXN012074,ACC0030,2025-03-09,70509.99,Swiggy
TXN005482,ACC0086,2025-06-29,124343.48,Amazon
TXN017018,ACC0165,2025-05-22,97834.56,Swiggy
TXN000288,ACC0193,2025-04-26,11373.67,Flipkart
TXN007968,ACC0153,2025-04-04,142069.96,Flipkart
TXN006493,ACC0171,2025-05-14,42090.98,Amazon
TXN012057,ACC0168,2025-03-12,53970.04,Amazon
TXN019795,ACC0111,2025-02-11,148429.88,Flipkart
TXN001748,ACC0057,2025-01-31,55469.42,Uber
TXN001280,ACC0304,2025-02-14,50358.78,Flipkart
TXN014795,ACC0055,2025-07-14,19108.0,BigBasket
TXN018874,ACC0157,2025-03-09,34212.36,BigBasket
TXN011937,ACC0354,2025-04-30,21580.27,ATM_Withdrawal
TXN017517,ACC0065,2025-07-22,94085.82,Swiggy
TXN005751,ACC0046,2025-07-05,131852.86,Swiggy
TXN005092,ACC0007,2025-04-27,130523.86,Uber
TXN012757,ACC0208,2025-07-01,36590.32,Zomato
TXN018582,ACC0305,2025-02-21,18632.87,Amazon
TXN011989,ACC0005,2025-03-11,25412.69,Uber
TXN013747,ACC0175,2025-07-30,99262.31,Unknown_POS
TXN014308,ACC0310,2025-07-12,58456.8,Flipkart
TXN006116,ACC0205,2025-01-07,111296.55,BigBasket
TXN007790,ACC0024,2025-05-06,8716.05,Swiggy
TXN009060,ACC0327,2025-05-25,135445.98,Amazon
TXN019581,ACC0223,2025-04-09,3804.1,Unknown_POS
TXN019231,ACC0169,2025-02-27,121490.66,Zomato
TXN005386,ACC0002,2025-03-24,94789.66,BigBasket
TXN006810,ACC0002,2025-06-13,147070.8,Unknown_POS
TXN010298,ACC0168,2025-04-25,110174.57,Swiggy
TXN007678,ACC0426,2025-05-28,71267.84,Swiggy
TXN019235,ACC0380,2025-07-18,47659.79,Swiggy
TXN003563,ACC0442,2025-05-11,134378.08,Amazon
TXN009911,ACC0337,2025-03-07,90127.85,Amazon
TXN016148,ACC0052,2025-02-15,15621.2,Zomato
TXN010955,ACC0397,2025-04-04,17589.16,Amazon
TXN004860,ACC0284,2025-01-02,114169.81,BigBasket
TXN001712,ACC0339,2025-06-14,22685.27,Amazon
TXN008411,ACC0363,2025-03-20,113801.49,ATM_Withdrawal
TXN007022,ACC0362,2025-02-08,81837.58,Zomato
TXN016629,ACC0152,2025-05-24,136530.03,Uber
TXN016736,ACC0288,2025-05-14,60242.61,Unknown_POS
TXN017811,ACC0445,2025-03-05,121310.79,BigBasket
TXN011661,ACC0005,2025-04-21,5108.22,BigBasket
TXN003180,ACC0100,2025-07-19,16351.32,Zomato
TXN017968,ACC0390,2025-06-07,59711.47,Flipkart
TXN014033,ACC0092,2025-02-17,134352.85,Flipkart
TXN006252,ACC0141,2025-04-25,43027.34,Amazon
TXN017143,ACC0273,2025-06-12,54882.34,Flipkart
TXN009223,ACC0224,2025-02-26,77269.61,ATM_Withdrawal
TXN008171,ACC0072,2025-05-02,58666.66,BigBasket
TXN004608,ACC0361,2025-01-16,69545.13,Zomato
TXN004215,ACC0125,2025-02-09,100966.32,Swiggy
TXN010562,ACC0028,2025-06-20,27151.12,Amazon
TXN000806,ACC0258,2025-03-17,51027.89,Flipkart
TXN017716,ACC0405,2025-06-03,128836.43,Swiggy
TXN003974,ACC0071,2025-01-17,69377.37,Uber
TXN014751,ACC0070,2025-04-09,114498.43,Uber
TXN004042,ACC0175,2025-04-10,118910.16,Unknown_POS
TXN005710,ACC0104,2025-04-27,111337.58,ATM_Withdrawal
TXN019370,ACC0147,2025-07-29,72210.58,Swiggy
TXN003901,ACC0385,2025-03-06,78544.39,Unknown_POS
TXN018209,ACC0441,2025-02-19,99581.23,Unknown_POS
TXN001795,ACC0140,2025-06-03,37670.8,Unknown_POS
TXN018344,ACC0271,2025-01-15,16925.16,Amazon
TXN014787,ACC0148,2025-02-01,35179.31,BigBasket
TXN019020,ACC0432,2025-07-30,81995.62,ATM_Withdrawal
TXN015767,ACC0437,2025-01-28,82396.54,Uber
TXN011959,ACC0452,2025-01-30,107905.43,Uber
TXN006219,ACC0490,2025-07-22,45778.7,Zomato
TXN003934,ACC0219,2025-05-21,85249.61,Zomato
TXN008107,ACC0172,2025-04-13,113823.87,Swiggy
TXN002040,ACC0357,2025-01-15,97653.4,Unknown_POS
TXN012520,ACC0120,2025-05-12,133791.51,Zomato
TXN016915,ACC0119,2025-07-07,20613.26,ATM_Withdrawal
TXN014727,ACC0379,2025-02-01,82502.12,Swiggy
TXN008822,ACC0051,2025-04-11,34671.7,Flipkart
TXN000795,ACC0225,2025-01-03,30296.0,Uber
TXN016458,ACC0082,2025-01-30,103102.53,Swiggy
TXN010194,ACC0124,2025-06-22,80792.08,Uber
TXN012025,ACC0186,2025-04-27,65548.29,Unknown_POS
TXN011571,ACC0251,2025-07-17,132506.08,Uber
TXN013969,ACC0167,2025-06-11,46683.43,ATM_Withdrawal
TXN001781,ACC0133,2025-04-07,141239.55,Flipkart
TXN019721,ACC0479,2025-01-19,41049.2,Flipkart
TXN001904,ACC0218,2025-04-07,85726.99,BigBasket
TXN003694,ACC0485,2025-03-12,139527.41,Uber
TXN001720,ACC0398,2025-02-20,132152.15,Flipkart
TXN001415,ACC0279,2025-03-24,130872.85,Uber
TXN000236,ACC0213,2025-01-22,17454.6,Swiggy
TXN008023,ACC0473,2025-01-09,33162.52,Zomato
TXN003499,ACC0326,2025-04-27,71895.41,Swiggy
TXN016867,ACC0259,2025-07-03,114396.76,Amazon
TXN001825,ACC0452,2025-05-14,109348.39,Uber
TXN003057,ACC0353,2025-06-08,36652.9,ATM_Withdrawal
TXN009429,ACC0189,2025-03-27,76270.11,Flipkart
TXN003548,ACC0087,2025-04-04,127695.36,Zomato
TXN012259,ACC0287,2025-03-16,43770.5,Swiggy
TXN006047,ACC0446,2025-02-03,58668.8,Zomato
TXN001933,ACC0291,2025-06-11,119881.91,Unknown_POS
TXN003219,ACC0492,2025-05-10,130968.48,BigBasket
TXN013628,ACC0400,2025-02-02,79778.78,Swiggy
TXN002803,ACC0061,2025-03-28,134619.08,BigBasket
TXN016029,ACC0386,2025-06-11,13044.22,BigBasket
TXN007435,ACC0292,2025-03-06,13975.13,Flipkart
TXN013569,ACC0058,2025-07-13,122147.64,ATM_Withdrawal
TXN011155,ACC0428,2025-05-24,123187.59,Amazon
TXN015781,ACC0006,2025-06-06,145447.24,Unknown_POS
TXN017557,ACC0370,2025-06-23,93613.91,ATM_Withdrawal
TXN010211,ACC0204,2025-01-17,65663.78,ATM_Withdrawal
TXN008434,ACC0301,2025-03-14,92340.71,Uber
TXN005835,ACC0100,2025-07-24,115216.45,Zomato
TXN015308,ACC0355,2025-05-26,17668.9,Flipkart
TXN016164,ACC0377,2025-07-24,127886.55,BigBasket
TXN019569,ACC0138,2025-04-09,96617.3,Amazon
TXN004851,ACC0242,2025-05-16,149251.23,ATM_Withdrawal
TXN008552,ACC0355,2025-05-12,116927.7,Unknown_POS
TXN000934,ACC0269,2025-06-24,74657.5,Swiggy
TXN007197,ACC0117,2025-07-09,73528.85,Swiggy
TXN018781,ACC0189,2025-02-24,42449.27,BigBasket
TXN009273,ACC0049,2025-01-20,12345.53,Flipkart
TXN008437,ACC0436,2025-01-12,67812.33,Swiggy
TXN000575,ACC0361,2025-04-15,44337.91,Amazon
TXN012567,ACC0114,2025-07-23,57614.5,BigBasket
TXN019468,ACC0344,2025-07-30,36198.76,Amazon
TXN011747,ACC0333,2025-04-23,133190.17,Zomato
TXN018305,ACC0197,2025-07-15,1544.28,Amazon
TXN001889,ACC0273,2025-04-07,104168.37,BigBasket
TXN001588,ACC0038,2025-01-25,83572.15,Amazon
TXN017808,ACC0131,2025-05-28,74631.21,BigBasket
TXN018213,ACC0311,2025-06-14,61866.39,BigBasket
TXN013779,ACC0291,2025-06-14,103182.21,BigBasket
TXN008070,ACC0028,2025-07-25,88184.4,Uber
TXN007392,ACC0163,2025-03-01,14117.71,Unknown_POS
TXN011516,ACC0444,2025-07-06,112552.33,Unknown_POS
TXN013243,ACC0225,2025-01-26,149215.81,Zomato
TXN017310,ACC0201,2025-05-25,125480.47,ATM_Withdrawal
TXN012139,ACC0151,2025-04-29,75022.78,ATM_Withdrawal
TXN010455,ACC0466,2025-04-15,41002.96,ATM_Withdrawal
TXN001567,ACC0410,2025-03-14,29839.62,Unknown_POS
TXN003064,ACC0429,2025-04-21,144775.75,Zomato
TXN014591,ACC0338,2025-04-29,94422.08,Uber
TXN000743,ACC0193,2025-06-17,56808.85,Flipkart
TXN015397,ACC0226,2025-01-25,123875.97,Swiggy
TXN004161,ACC0489,2025-04-25,63761.7,ATM_Withdrawal
TXN009372,ACC0413,2025-01-03,34238.3,BigBasket
TXN006115,ACC0357,2025-05-12,104055.25,ATM_Withdrawal
TXN016268,ACC0409,2025-04-05,2110.86,Zomato
TXN000011,ACC0105,2025-03-29,91018.71,BigBasket
TXN003524,ACC0162,2025-06-06,139956.38,Amazon
TXN000463,ACC0433,2025-01-30,46287.59,Unknown_POS
TXN011203,ACC0317,2025-07-03,43621.92,BigBasket
TXN008533,ACC0489,2025-02-09,81886.09,Swiggy
TXN002774,ACC0241,2025-03-17,93306.36,Swiggy
TXN004478,ACC0191,2025-06-13,34474.53,Zomato
TXN007126,ACC0210,2025-03-02,64894.71,BigBasket
TXN019575,ACC0405,2025-05-24,65831.04,Swiggy
TXN018389,ACC0060,2025-02-09,17424.48,Unknown_POS
TXN006186,ACC0131,2025-05-09,113097.19,ATM_Withdrawal
TXN013194,ACC0140,2025-06-30,28125.55,Uber
TXN002873,ACC0019,2025-01-06,113280.52,Flipkart
TXN008481,ACC0336,2025-07-01,94866.45,BigBasket
TXN003762,ACC0111,2025-06-07,61620.53,Amazon
TXN003784,ACC0045,2025-05-27,28059.27,Zomato
TXN014547,ACC0040,2025-02-18,132703.24,Zomato
TXN007597,ACC0152,2025-07-05,60266.53,Zomato
TXN008358,ACC0107,2025-06-26,7196.08,Zomato
TXN012424,ACC0365,2025-06-25,88431.83,BigBasket
TXN001542,ACC0451,2025-07-20,140549.0,BigBasket
TXN014267,ACC0224,2025-04-17,87554.37,BigBasket
TXN007539,ACC0031,2025-07-08,36864.95,Uber
TXN013863,ACC0453,2025-07-21,124762.38,Amazon
TXN017449,ACC0316,2025-02-19,94357.82,Unknown_POS
TXN018146,ACC0336,2025-04-18,50722.78,Uber
TXN002470,ACC0105,2025-01-24,14035.15,Unknown_POS
TXN006854,ACC0008,2025-04-07,10048.3,Amazon
TXN001352,ACC0255,2025-02-08,131255.22,Amazon
TXN012019,ACC0402,2025-01-22,48400.78,Amazon
TXN005735,ACC0496,2025-01-01,22436.31,Unknown_POS
TXN013336,ACC0340,2025-03-02,49969.98,ATM_Withdrawal
TXN011306,ACC0137,2025-04-16,41583.23,BigBasket
TXN014555,ACC0212,2025-01-13,12696.13,Amazon
TXN011322,ACC0142,2025-07-10,86132.62,Zomato
TXN013062,ACC0379,2025-01-08,15022.32,Amazon
TXN015946,ACC0273,2025-06-20,91503.29,Swiggy
TXN000175,ACC0208,2025-04-08,56606.58,ATM_Withdrawal
TXN012956,ACC0037,2025-01-08,86773.98,BigBasket
TXN012903,ACC0408,2025-03-24,67189.73,Unknown_POS
TXN010732,ACC0332,2025-04-24,33570.6,Uber
TXN000449,ACC0151,2025-01-06,47841.6,Flipkart
TXN000922,ACC0413,2025-04-23,109991.67,Amazon
TXN015111,ACC0198,2025-02-01,76042.53,Zomato
TXN013605,ACC0440,2025-04-26,31386.31,Unknown_POS
TXN006269,ACC0006,2025-05-31,36912.2,Amazon
TXN011330,ACC0005,2025-03-23,136247.15,Amazon
TXN018600,ACC0348,2025-05-27,60927.82,Unknown_POS
TXN009443,ACC0224,2025-04-20,19929.15,BigBasket
TXN003902,ACC0086,2025-05-09,128696.13,Swiggy
TXN013850,ACC0013,2025-06-19,19076.54,Amazon
TXN015594,ACC0338,2025-07-04,11648.43,Amazon
TXN015115,ACC0149,2025-01-27,55401.0,Swiggy
TXN009775,ACC0432,2025-06-26,7811.27,Zomato
TXN017497,ACC0242,2025-05-20,23678.72,Unknown_POS
TXN009037,ACC0278,2025-07-24,134094.65,ATM_Withdrawal
TXN016979,ACC0048,2025-07-26,74414.59,BigBasket
TXN002772,ACC0074,2025-01-07,49014.75,BigBasket
TXN006699,ACC0401,2025-04-05,32915.37,Unknown_POS
TXN007573,ACC0212,2025-03-21,138854.39,ATM_Withdrawal
TXN007359,ACC0209,2025-03-04,14252.2,Unknown_POS
TXN007798,ACC0161,2025-05-03,106854.51,Unknown_POS
TXN001380,ACC0312,2025-06-14,29312.7,Zomato
TXN001860,ACC0125,2025-02-05,119563.99,Amazon
TXN000902,ACC0137,2025-07-18,58893.65,ATM_Withdrawal
TXN019532,ACC0294,2025-05-21,28975.32,Amazon
TXN015808,ACC0198,2025-06-19,71100.7,ATM_Withdrawal
TXN011205,ACC0059,2025-07-02,84063.26,ATM_Withdrawal
TXN001701,ACC0225,2025-04-17,115394.43,Amazon
TXN013312,ACC0014,2025-01-27,68274.37,BigBasket
TXN010258,ACC0171,2025-01-31,69857.63,ATM_Withdrawal
TXN014716,ACC0019,2025-04-09,56356.31,Flipkart
TXN001200,ACC0323,2025-05-02,86742.26,Amazon
TXN013318,ACC0022,2025-03-06,36072.65,Amazon
TXN014256,ACC0156,2025-04-04,86586.69,BigBasket
TXN006768,ACC0249,2025-06-01,14998.42,Unknown_POS
TXN019059,ACC0284,2025-05-13,23704.83,Zomato
TXN004273,ACC0223,2025-07-22,111576.38,Flipkart
TXN002514,ACC0164,2025-06-26,1684.61,BigBasket
TXN011942,ACC0085,2025-05-10,73164.56,Uber
TXN003408,ACC0374,2025-01-31,49801.93,Flipkart
TXN010821,ACC0164,2025-05-11,142962.99,Amazon
TXN003108,ACC0283,2025-05-11,129522.57,Swiggy
TXN007375,ACC0159,2025-06-26,90327.59,Amazon
TXN010347,ACC0006,2025-02-04,72420.77,Swiggy
TXN007210,ACC0295,2025-01-08,41251.95,Swiggy
TXN009518,ACC0334,2025-07-29,99929.39,BigBasket
TXN017041,ACC0314,2025-01-17,144766.43,Uber
TXN002137,ACC0304,2025-04-22,145460.56,Unknown_POS
TXN014094,ACC0306,2025-06-04,29361.34,Uber
TXN005840,ACC0204,2025-06-20,70850.36,Unknown_POS
TXN013788,ACC0264,2025-07-29,53704.32,Flipkart
TXN007610,ACC0175,2025-02-09,8308.71,Uber
TXN014663,ACC0304,2025-02-26,4659.09,Unknown_POS
TXN015973,ACC0481,2025-02-14,28120.58,Uber
TXN010973,ACC0439,2025-04-29,5589.3,Amazon
TXN005929,ACC0217,2025-05-20,3839.73,Flipkart
TXN019185,ACC0460,2025-04-21,136413.53,ATM_Withdrawal
TXN001277,ACC0416,2025-07-08,101775.76,BigBasket
TXN006656,ACC0050,2025-01-12,92290.16,Unknown_POS
TXN018961,ACC0078,2025-05-06,118006.63,Swiggy
TXN007527,ACC0031,2025-06-09,88274.67,Amazon
TXN006042,ACC0196,2025-01-02,104239.43,Unknown_POS
TXN005408,ACC0423,2025-05-29,25098.87,Flipkart
TXN010071,ACC0496,2025-02-10,41847.01,Zomato
TXN014059,ACC0293,2025-07-01,86024.04,BigBasket
TXN017551,ACC0178,2025-02-12,82320.03,Zomato
TXN007177,ACC0182,2025-05-12,29834.07,Uber
TXN015030,ACC0205,2025-04-08,23018.66,Amazon
TXN013976,ACC0135,2025-03-17,12427.38,Amazon
TXN006017,ACC0364,2025-07-23,71700.0,Unknown_POS
TXN000406,ACC0215,2025-02-21,96415.75,Zomato
TXN003691,ACC0246,2025-05-24,89531.22,Zomato
TXN012344,ACC0010,2025-05-03,53301.48,Flipkart
TXN009019,ACC0155,2025-05-21,77933.62,Unknown_POS
TXN007511,ACC0456,2025-02-04,58249.22,Unknown_POS
TXN017211,ACC0489,2025-05-11,34753.67,Amazon
TXN017257,ACC0356,2025-03-22,14675.94,Unknown_POS
TXN012818,ACC0336,2025-07-10,134082.22,Zomato
TXN006238,ACC0388,2025-07-15,97763.03,Uber
TXN002524,ACC0122,2025-05-28,3239.24,Amazon
TXN006230,ACC0219,2025-04-20,91314.25,Flipkart
TXN001457,ACC0062,2025-02-06,59251.98,Flipkart
TXN012120,ACC0405,2025-06-17,139366.57,Flipkart
TXN007019,ACC0171,2025-05-18,31146.54,Zomato
TXN001633,ACC0315,2025-02-17,65144.18,Unknown_POS
TXN018911,ACC0432,2025-07-25,88589.25,Uber
TXN013851,ACC0380,2025-03-20,84526.32,Unknown_POS
TXN016207,ACC0226,2025-04-14,117875.67,Unknown_POS
TXN006961,ACC0306,2025-03-01,110967.28,Amazon
TXN006456,ACC0131,2025-05-01,64671.46,Amazon
TXN009294,ACC0004,2025-01-31,17388.95,BigBasket
TXN006631,ACC0249,2025-06-25,65828.81,Uber
TXN011049,ACC0197,2025-07-26,70135.6,Swiggy
TXN012193,ACC0242,2025-06-07,40732.66,Unknown_POS
TXN002704,ACC0474,2025-07-13,99517.25,Amazon
TXN012748,ACC0360,2025-01-18,71973.11,Zomato
TXN011177,ACC0330,2025-02-26,28298.97,Uber
TXN007162,ACC0454,2025-01-11,2095.33,ATM_Withdrawal
TXN019715,ACC0355,2025-07-02,45463.14,Uber
TXN003603,ACC0448,2025-02-05,118250.38,Unknown_POS
TXN016335,ACC0356,2025-03-15,24579.43,Uber
TXN014444,ACC0116,2025-01-29,56458.19,Zomato
TXN019217,ACC0439,2025-04-17,141633.96,BigBasket
TXN001493,ACC0020,2025-04-28,98682.28,Unknown_POS
TXN003525,ACC0347,2025-01-25,118054.99,Flipkart
TXN019134,ACC0427,2025-07-16,83897.73,Zomato
TXN006553,ACC0379,2025-01-26,114903.03,Zomato
TXN002611,ACC0008,2025-04-27,6190.92,Uber
TXN013817,ACC0176,2025-07-06,92079.18,Amazon
TXN005554,ACC0474,2025-04-19,87800.91,Zomato
TXN010439,ACC0135,2025-06-26,131635.23,Flipkart
TXN011973,ACC0008,2025-01-01,62418.47,Zomato
TXN002399,ACC0333,2025-02-05,140977.43,ATM_Withdrawal
TXN015378,ACC0094,2025-02-03,88993.83,Unknown_POS
TXN015279,ACC0258,2025-02-15,2923.16,Flipkart
TXN010894,ACC0164,2025-05-01,131052.38,Zomato
TXN003766,ACC0411,2025-05-18,98072.66,Amazon
TXN004125,ACC0050,2025-04-08,70804.58,Zomato
TXN003606,ACC0078,2025-06-01,141909.14,Zomato
TXN017857,ACC0401,2025-05-24,90228.95,Flipkart
TXN015072,ACC0318,2025-07-05,137965.76,Uber
TXN004448,ACC0085,2025-01-13,29912.22,BigBasket
TXN019738,ACC0449,2025-05-26,45431.82,Flipkart
TXN014646,ACC0451,2025-06-13,54675.31,BigBasket
TXN007417,ACC0211,2025-03-31,105247.68,Flipkart
TXN012816,ACC0465,2025-05-25,131981.28,ATM_Withdrawal
TXN013122,ACC0482,2025-07-26,47041.7,Uber
TXN011545,ACC0023,2025-04-17,18849.62,Amazon
TXN005545,ACC0043,2025-02-16,108931.61,Amazon
TXN003220,ACC0405,2025-05-18,73826.82,BigBasket
TXN009364,ACC0466,2025-03-05,74759.5,ATM_Withdrawal
TXN011520,ACC0391,2025-02-17,4810.7,Flipkart
TXN019858,ACC0055,2025-04-06,78736.52,ATM_Withdrawal
TXN012871,ACC0093,2025-04-15,60987.57,ATM_Withdrawal
TXN015099,ACC0426,2025-05-28,118318.47,ATM_Withdrawal
TXN018236,ACC0402,2025-07-18,70421.42,Uber
TXN000683,ACC0165,2025-05-12,12397.7,Flipkart
TXN000579,ACC0077,2025-01-24,116939.96,Flipkart
TXN004752,ACC0041,2025-02-15,42175.54,Flipkart
TXN013289,ACC0473,2025-05-10,54910.09,Uber
TXN016500,ACC0483,2025-02-11,134747.37,Zomato
TXN010657,ACC0116,2025-07-27,58276.57,Unknown_POS
TXN018826,ACC0478,2025-03-08,8296.06,Uber
TXN004842,ACC0154,2025-01-23,106358.37,Zomato
TXN018864,ACC0250,2025-03-21,92561.37,Flipkart
TXN003626,ACC0363,2025-06-01,91427.6,Zomato
TXN011738,ACC0288,2025-04-23,143820.51,Zomato
TXN016501,ACC0162,2025-07-24,137170.95,Flipkart
TXN002325,ACC0459,2025-01-12,90695.73,Swiggy
TXN003149,ACC0333,2025-02-20,53507.39,ATM_Withdrawal
TXN011359,ACC0149,2025-04-15,18896.47,ATM_Withdrawal
TXN007038,ACC0003,2025-07-25,81678.06,Zomato
TXN010485,ACC0390,2025-01-14,28127.6,ATM_Withdrawal
TXN001737,ACC0042,2025-01-24,9375.94,Swiggy
TXN005319,ACC0485,2025-04-10,112278.32,Zomato
TXN006502,ACC0357,2025-05-12,120906.84,Uber
TXN004539,ACC0327,2025-05-17,59182.15,Amazon
TXN011167,ACC0430,2025-06-19,112274.79,ATM_Withdrawal
TXN002986,ACC0425,2025-06-11,103071.63,Swiggy
TXN019275,ACC0251,2025-03-22,124403.08,Unknown_POS
TXN012631,ACC0382,2025-06-24,11709.87,Uber
TXN014617,ACC0413,2025-04-30,115138.19,Unknown_POS
TXN008871,ACC0058,2025-04-17,145028.19,Flipkart
TXN017841,ACC0322,2025-06-10,125082.57,Uber
TXN016833,ACC0342,2025-05-27,17116.79,Uber
TXN008743,ACC0299,2025-02-21,149800.32,Unknown_POS
TXN014323,ACC0337,2025-01-08,148043.03,Unknown_POS
TXN016241,ACC0013,2025-05-25,105225.25,Swiggy
TXN011763,ACC0111,2025-07-10,5046.45,Amazon
TXN000407,ACC0323,2025-07-25,81571.32,Amazon
TXN000091,ACC0354,2025-01-31,95824.76,Uber
TXN018682,ACC0324,2025-02-15,105845.23,Zomato
TXN007817,ACC0194,2025-04-06,105024.97,Swiggy
TXN001731,ACC0233,2025-03-28,147443.44,Zomato
TXN007786,ACC0341,2025-05-21,115609.03,Unknown_POS
TXN000899,ACC0160,2025-07-21,119929.38,BigBasket
TXN006159,ACC0308,2025-04-17,82562.65,Uber
TXN001494,ACC0291,2025-05-12,135216.41,Uber
TXN000373,ACC0460,2025-05-14,61987.87,BigBasket
TXN015081,ACC0439,2025-07-20,47089.68,BigBasket
TXN019076,ACC0072,2025-05-08,129237.94,Zomato
TXN003325,ACC0119,2025-06-19,65768.88,Flipkart
TXN014941,ACC0483,2025-05-13,38384.95,Unknown_POS
TXN008133,ACC0247,2025-07-23,36331.03,Zomato
TXN005415,ACC0092,2025-07-08,101349.76,Swiggy
TXN011414,ACC0479,2025-03-31,84640.07,ATM_Withdrawal
TXN017721,ACC0266,2025-06-02,88761.35,Uber
TXN003062,ACC0206,2025-01-06,27630.36,Uber
TXN005190,ACC0068,2025-04-23,97822.55,Amazon
TXN006174,ACC0172,2025-05-14,102086.0,ATM_Withdrawal
TXN012351,ACC0001,2025-02-17,58862.09,BigBasket
TXN001048,ACC0377,2025-01-11,83677.26,Amazon
TXN018382,ACC0209,2025-06-01,107435.07,Unknown_POS
TXN015603,ACC0090,2025-02-06,123447.71,Unknown_POS
TXN005609,ACC0413,2025-05-22,143980.34,Flipkart
TXN013206,ACC0019,2025-07-03,103634.43,Unknown_POS
TXN005316,ACC0356,2025-04-01,26771.51,BigBasket
TXN004013,ACC0419,2025-02-28,100281.41,Uber
TXN000697,ACC0149,2025-07-21,102897.5,Flipkart
TXN003234,ACC0395,2025-07-30,86187.04,BigBasket
TXN013348,ACC0249,2025-02-18,136489.07,BigBasket
TXN006800,ACC0454,2025-02-07,127768.08,Swiggy
TXN013534,ACC0060,2025-01-01,37399.25,Swiggy
TXN017309,ACC0080,2025-05-06,31587.42,Amazon
TXN004440,ACC0287,2025-07-01,58713.34,BigBasket
TXN018329,ACC0290,2025-01-27,27105.08,Zomato
TXN005937,ACC0442,2025-07-26,66113.41,Uber
TXN001018,ACC0484,2025-05-23,142370.01,Zomato
TXN010366,ACC0378,2025-02-04,142965.09,Amazon
TXN019896,ACC0118,2025-03-27,32203.78,Swiggy
TXN010012,ACC0388,2025-02-12,10203.45,Zomato
TXN012686,ACC0446,2025-03-20,67837.05,Zomato
TXN002567,ACC0226,2025-03-11,55498.61,Amazon
TXN012151,ACC0280,2025-07-18,11308.04,ATM_Withdrawal
TXN019427,ACC0295,2025-02-13,93766.64,BigBasket
TXN007986,ACC0290,2025-04-21,74477.9,ATM_Withdrawal
TXN012504,ACC0162,2025-06-10,5232.57,Unknown_POS
TXN006780,ACC0151,2025-04-20,28168.97,Flipkart
TXN012633,ACC0183,2025-04-30,132423.9,Swiggy
TXN019572,ACC0294,2025-02-18,146873.12,Uber
TXN003367,ACC0317,2025-06-28,11436.51,Flipkart
TXN019827,ACC0474,2025-02-04,123023.14,BigBasket
TXN005669,ACC0073,2025-07-07,137083.67,Amazon
TXN013048,ACC0066,2025-01-22,50107.18,Unknown_POS
TXN010299,ACC0250,2025-03-04,94819.49,Uber
TXN011106,ACC0280,2025-01-31,40202.22,Zomato
TXN016433,ACC0056,2025-02-08,139757.8,BigBasket
TXN000420,ACC0289,2025-02-18,125512.69,ATM_Withdrawal
TXN012847,ACC0489,2025-03-18,18374.18,Zomato
TXN014713,ACC0247,2025-03-26,15479.74,Zomato
TXN017225,ACC0417,2025-01-14,44841.11,Zomato
TXN012209,ACC0212,2025-03-15,128310.07,Amazon
TXN017241,ACC0360,2025-04-20,61497.86,Amazon
TXN016505,ACC0099,2025-03-23,62922.69,Uber
TXN013226,ACC0148,2025-04-27,957.65,Flipkart
TXN012635,ACC0267,2025-03-30,94315.02,Flipkart
TXN016626,ACC0392,2025-07-12,71187.5,Amazon
TXN019914,ACC0195,2025-01-08,50346.81,Flipkart
TXN009661,ACC0196,2025-07-27,73660.83,Flipkart
TXN010487,ACC0405,2025-05-11,144290.51,Swiggy
TXN006289,ACC0277,2025-07-05,123357.59,Uber
TXN015353,ACC0158,2025-07-19,12740.14,Amazon
TXN014364,ACC0262,2025-03-17,24651.17,Uber
TXN016065,ACC0336,2025-04-21,41749.47,Flipkart
TXN006416,ACC0374,2025-01-19,42444.54,ATM_Withdrawal
TXN005914,ACC0093,2025-01-16,105939.68,Swiggy
TXN012586,ACC0206,2025-01-25,132815.3,Swiggy
TXN016522,ACC0285,2025-03-16,121982.23,Flipkart
TXN001431,ACC0022,2025-02-20,16217.22,Amazon
TXN015634,ACC0213,2025-04-10,87043.11,Uber
TXN011533,ACC0289,2025-05-04,81649.41,Flipkart
TXN007807,ACC0415,2025-06-01,141899.07,Flipkart
TXN018250,ACC0308,2025-02-09,91727.85,ATM_Withdrawal
TXN012218,ACC0412,2025-07-30,687.04,BigBasket
TXN008279,ACC0496,2025-07-17,112060.41,Flipkart
TXN009255,ACC0405,2025-04-07,37900.42,Flipkart
TXN015289,ACC0121,2025-01-31,66007.28,Swiggy
TXN004438,ACC0176,2025-05-16,91210.24,BigBasket
TXN008760,ACC0394,2025-01-30,22653.06,Swiggy
TXN013945,ACC0303,2025-07-22,26865.98,Unknown_POS
TXN018019,ACC0003,2025-07-03,60130.1,Swiggy
TXN002043,ACC0358,2025-06-20,96817.76,Uber
TXN009713,ACC0074,2025-06-19,37531.29,Uber
TXN010604,ACC0074,2025-03-02,123708.73,Amazon
TXN001262,ACC0013,2025-07-04,149457.71,Zomato
TXN003156,ACC0354,2025-06-16,128635.52,Zomato
TXN015382,ACC0139,2025-02-20,3594.56,Unknown_POS
TXN015324,ACC0166,2025-03-13,6184.31,Uber
TXN004122,ACC0096,2025-01-28,109906.21,Unknown_POS
TXN017972,ACC0116,2025-01-26,15839.56,ATM_Withdrawal
TXN017642,ACC0028,2025-02-08,21785.18,Uber
TXN015644,ACC0294,2025-03-18,70132.28,Zomato
TXN019320,ACC0352,2025-04-13,6419.69,Flipkart
TXN010665,ACC0112,2025-07-10,23944.12,Zomato
TXN002258,ACC0343,2025-01-04,102460.08,Swiggy
TXN009332,ACC0411,2025-07-08,131930.95,Unknown_POS
TXN009732,ACC0169,2025-04-21,104511.53,BigBasket
TXN000194,ACC0366,2025-01-19,12351.6,Swiggy
TXN008565,ACC0084,2025-06-25,114402.05,Zomato
TXN014191,ACC0495,2025-05-05,102443.35,Zomato
TXN013549,ACC0183,2025-07-04,49697.21,Swiggy
TXN006462,ACC0079,2025-02-14,133771.53,Uber
TXN007818,ACC0192,2025-06-25,122854.86,Uber
TXN006623,ACC0033,2025-04-28,45641.62,Unknown_POS
TXN004463,ACC0004,2025-03-11,54179.94,Zomato
TXN006126,ACC0243,2025-02-19,141528.63,Swiggy
TXN012230,ACC0076,2025-04-28,149092.49,Uber
TXN000414,ACC0052,2025-03-05,98546.82,Uber
TXN001617,ACC0236,2025-07-01,98947.92,ATM_Withdrawal
TXN004475,ACC0496,2025-01-22,121872.06,Unknown_POS
TXN016325,ACC0133,2025-06-29,84036.74,BigBasket
TXN014167,ACC0256,2025-01-13,77030.43,Swiggy
TXN006848,ACC0402,2025-04-06,88873.85,Uber
TXN002957,ACC0020,2025-04-05,4374.1,Swiggy
TXN006668,ACC0050,2025-03-16,118249.79,Amazon
TXN004795,ACC0226,2025-05-02,75798.21,Flipkart
TXN019262,ACC0270,2025-07-20,76535.7,Zomato
TXN000665,ACC0003,2025-03-26,69976.38,Swiggy
TXN007793,ACC0411,2025-03-30,123049.91,Zomato
TXN012087,ACC0038,2025-03-23,126339.66,Amazon
TXN002933,ACC0108,2025-02-13,450.48,Zomato
TXN016953,ACC0320,2025-03-03,81927.72,Swiggy
TXN002059,ACC0102,2025-05-05,27338.55,Flipkart
TXN006992,ACC0059,2025-02-18,21878.42,BigBasket
TXN019785,ACC0289,2025-06-09,140424.71,Flipkart
TXN019295,ACC0183,2025-04-17,54958.06,Uber
TXN013767,ACC0356,2025-04-12,122157.77,Unknown_POS
TXN015124,ACC0195,2025-06-25,141767.89,Flipkart
TXN013465,ACC0483,2025-07-01,16633.95,Swiggy
TXN000877,ACC0269,2025-06-13,95947.26,Uber
TXN016206,ACC0139,2025-03-01,135534.34,Swiggy
TXN013171,ACC0405,2025-06-23,128749.28,Uber
TXN011324,ACC0080,2025-07-23,129803.1,Unknown_POS
TXN012532,ACC0230,2025-07-21,112691.81,Uber
TXN007475,ACC0313,2025-06-13,147508.24,BigBasket
TXN001337,ACC0455,2025-01-14,16689.43,BigBasket
TXN005080,ACC0370,2025-07-17,141414.08,BigBasket
TXN006024,ACC0274,2025-02-16,52932.68,Unknown_POS
TXN007822,ACC0097,2025-05-11,144957.35,BigBasket
TXN003863,ACC0074,2025-06-30,11649.68,Unknown_POS
TXN005868,ACC0069,2025-03-01,88861.69,ATM_Withdrawal
TXN006353,ACC0303,2025-03-25,46173.23,Uber
TXN013823,ACC0240,2025-03-15,143026.7,Flipkart
TXN018691,ACC0117,2025-01-06,52255.94,ATM_Withdrawal
TXN013448,ACC0332,2025-04-18,144524.58,Amazon
TXN016832,ACC0234,2025-01-02,113438.34,Uber
TXN008941,ACC0204,2025-06-06,148754.73,Zomato
TXN000248,ACC0361,2025-02-24,30907.38,Flipkart
TXN003365,ACC0098,2025-05-29,46613.61,Uber
TXN007302,ACC0400,2025-01-13,144980.21,Amazon
TXN002800,ACC0038,2025-02-03,77258.82,Unknown_POS
TXN004168,ACC0287,2025-05-03,59221.33,Swiggy
TXN005963,ACC0179,2025-02-19,37127.57,Swiggy
TXN017367,ACC0382,2025-07-15,125311.6,BigBasket
TXN018232,ACC0463,2025-03-20,112780.02,Uber
TXN003199,ACC0083,2025-03-25,108441.23,ATM_Withdrawal
TXN002507,ACC0460,2025-06-11,122910.29,ATM_Withdrawal
TXN006447,ACC0439,2025-06-08,128719.1,ATM_Withdrawal
TXN009495,ACC0160,2025-04-10,78994.85,Flipkart
TXN001500,ACC0086,2025-06-07,44963.16,Unknown_POS
TXN003930,ACC0048,2025-06-07,57614.24,Unknown_POS
TXN005240,ACC0173,2025-05-01,120062.92,Swiggy
TXN009706,ACC0020,2025-02-18,44970.25,BigBasket
TXN008545,ACC0460,2025-02-01,132023.59,Uber
TXN012859,ACC0287,2025-01-08,34296.74,Unknown_POS
TXN006310,ACC0071,2025-07-11,57685.88,Uber
TXN014275,ACC0447,2025-02-12,63741.44,Unknown_POS
TXN003394,ACC0245,2025-06-30,22224.62,BigBasket
TXN014693,ACC0160,2025-04-03,79648.7,ATM_Withdrawal
TXN010139,ACC0037,2025-05-06,54595.33,Uber
TXN011441,ACC0109,2025-05-24,32669.29,Uber
TXN016503,ACC0089,2025-04-10,25745.68,BigBasket
TXN000779,ACC0334,2025-05-30,38082.23,Unknown_POS
TXN006840,ACC0090,2025-01-22,96251.83,Zomato
TXN010410,ACC0378,2025-01-08,14510.17,Amazon
TXN015394,ACC0001,2025-04-27,112968.61,Uber
TXN000283,ACC0070,2025-07-12,117864.37,Amazon
TXN009623,ACC0298,2025-06-19,122825.42,Unknown_POS
TXN015500,ACC0025,2025-03-05,73523.71,Unknown_POS
TXN008040,ACC0380,2025-03-19,69772.75,Zomato
TXN007851,ACC0331,2025-01-04,34458.74,Swiggy
TXN001145,ACC0404,2025-03-25,68019.8,Amazon
TXN008782,ACC0132,2025-05-13,71238.65,Unknown_POS
TXN015443,ACC0011,2025-03-12,114048.78,Uber
TXN006460,ACC0350,2025-01-15,53644.13,Unknown_POS
TXN019844,ACC0352,2025-01-01,144176.08,Unknown_POS
TXN019947,ACC0301,2025-03-22,89494.86,Amazon
TXN007708,ACC0383,2025-03-03,56240.46,Unknown_POS
TXN001522,ACC0059,2025-02-08,28827.81,Zomato
TXN019961,ACC0180,2025-01-30,51223.01,ATM_Withdrawal
TXN002591,ACC0156,2025-07-25,110441.16,ATM_Withdrawal
TXN009475,ACC0208,2025-03-14,7320.72,Zomato
TXN002765,ACC0032,2025-07-02,148796.07,Uber
TXN013595,ACC0103,2025-07-19,74451.26,Flipkart
TXN000522,ACC0153,2025-06-25,16260.27,Flipkart
TXN004131,ACC0240,2025-04-16,80270.36,Flipkart
TXN001346,ACC0232,2025-05-05,75242.44,Flipkart
TXN005876,ACC0240,2025-02-06,5549.94,Flipkart
TXN002630,ACC0237,2025-01-08,136888.12,Amazon
TXN003746,ACC0035,2025-03-06,67917.27,Flipkart
TXN008241,ACC0373,2025-03-01,54060.96,Amazon
TXN013917,ACC0325,2025-05-17,53314.88,BigBasket
TXN014556,ACC0497,2025-04-13,95608.05,ATM_Withdrawal
TXN014335,ACC0218,2025-02-01,2964.59,Swiggy
TXN018011,ACC0103,2025-02-16,107373.17,Swiggy
TXN004095,ACC0425,2025-06-28,2113.3,Flipkart
TXN019595,ACC0323,2025-05-05,103668.19,Uber
TXN002542,ACC0139,2025-06-28,25592.28,Swiggy
TXN001946,ACC0159,2025-04-21,122693.52,ATM_Withdrawal
TXN004936,ACC0471,2025-03-01,47303.3,Uber
TXN007557,ACC0295,2025-06-30,27931.08,Unknown_POS
TXN004696,ACC0120,2025-02-24,71292.8,Unknown_POS
TXN009198,ACC0285,2025-04-03,90646.38,Flipkart
TXN008869,ACC0433,2025-04-22,19608.07,BigBasket
TXN017800,ACC0096,2025-01-07,77695.29,Swiggy
TXN011040,ACC0092,2025-06-28,68804.95,Amazon
TXN018098,ACC0220,2025-03-20,61265.84,Unknown_POS
TXN019338,ACC0482,2025-01-30,87586.68,Uber
TXN018754,ACC0041,2025-03-31,59495.34,Uber
TXN000109,ACC0017,2025-03-15,61359.6,Swiggy
TXN004302,ACC0011,2025-07-17,75090.74,Uber
TXN005890,ACC0024,2025-04-25,62522.09,Uber
TXN009648,ACC0055,2025-04-19,70072.99,Uber
TXN003489,ACC0058,2025-06-25,9816.45,Amazon
TXN017654,ACC0271,2025-04-26,139473.43,Flipkart
TXN019979,ACC0177,2025-03-17,9194.39,Unknown_POS
TXN015957,ACC0070,2025-05-14,116689.36,Uber
TXN009175,ACC0258,2025-01-28,97988.88,Amazon
TXN019583,ACC0364,2025-07-13,57133.76,Flipkart
TXN009462,ACC0389,2025-01-02,45263.26,Flipkart
TXN017210,ACC0334,2025-05-24,41391.39,Zomato
TXN003041,ACC0433,2025-05-17,145766.95,Flipkart
TXN010187,ACC0375,2025-07-23,57434.49,Uber
TXN004623,ACC0359,2025-05-02,2896.14,Amazon
TXN008570,ACC0328,2025-02-28,130230.01,Unknown_POS
TXN013943,ACC0062,2025-06-28,144488.18,ATM_Withdrawal
TXN016393,ACC0376,2025-01-13,112776.44,Amazon
TXN008805,ACC0320,2025-06-16,25706.37,ATM_Withdrawal
TXN011237,ACC0273,2025-05-04,48434.49,Zomato
TXN004879,ACC0113,2025-06-30,134776.54,Unknown_POS
TXN011278,ACC0236,2025-05-01,104561.11,BigBasket
TXN010109,ACC0457,2025-05-03,106195.54,Uber
TXN019088,ACC0261,2025-05-28,53227.29,ATM_Withdrawal
TXN008208,ACC0002,2025-06-04,141388.1,Zomato
TXN016004,ACC0278,2025-03-25,17604.11,BigBasket
TXN007847,ACC0056,2025-05-31,91950.51,Unknown_POS
TXN002585,ACC0452,2025-01-20,25650.23,Amazon
TXN011471,ACC0046,2025-07-14,50560.89,ATM_Withdrawal
TXN005427,ACC0249,2025-01-06,84387.26,ATM_Withdrawal
TXN016738,ACC0033,2025-05-05,10832.76,ATM_Withdrawal
TXN006815,ACC0063,2025-03-31,130533.73,Swiggy
TXN003081,ACC0131,2025-04-14,4888.36,Flipkart
TXN015407,ACC0248,2025-07-02,99726.41,Flipkart
TXN010997,ACC0467,2025-06-16,24732.5,Flipkart
TXN004606,ACC0230,2025-01-28,22262.41,Amazon
TXN008715,ACC0144,2025-07-26,29699.19,Unknown_POS
TXN008541,ACC0278,2025-05-12,1635.64,Zomato
TXN008910,ACC0172,2025-01-25,23565.78,Amazon
TXN005595,ACC0136,2025-02-06,73016.63,Zomato
TXN005401,ACC0001,2025-01-20,28521.29,Swiggy
TXN001286,ACC0092,2025-01-23,106025.85,Uber
TXN001153,ACC0499,2025-05-04,57603.28,BigBasket
TXN001419,ACC0399,2025-05-05,61828.58,Swiggy
TXN006232,ACC0065,2025-05-26,141027.75,Amazon
TXN019051,ACC0099,2025-04-04,88502.82,Zomato
TXN001002,ACC0281,2025-05-04,93475.15,Swiggy
TXN016371,ACC0138,2025-01-19,134797.11,Unknown_POS
TXN013591,ACC0467,2025-03-03,139489.05,Uber
TXN018160,ACC0499,2025-02-15,11786.47,Zomato
TXN006627,ACC0385,2025-02-02,56972.53,Flipkart
TXN004197,ACC0194,2025-03-30,95518.35,Flipkart
TXN009640,ACC0231,2025-02-21,95379.2,BigBasket
TXN000675,ACC0059,2025-06-21,51933.79,Zomato
TXN002424,ACC0095,2025-01-14,13911.57,Unknown_POS
TXN012588,ACC0101,2025-07-07,90634.13,Unknown_POS
TXN016680,ACC0176,2025-02-24,81947.36,ATM_Withdrawal
TXN011813,ACC0088,2025-04-03,60972.9,Uber
TXN011811,ACC0198,2025-05-16,118800.63,Uber
TXN013541,ACC0459,2025-06-03,7244.02,Zomato
TXN019131,ACC0093,2025-05-09,105233.02,Swiggy
TXN003605,ACC0008,2025-04-22,118716.7,Swiggy
TXN001826,ACC0099,2025-06-23,3516.47,Uber
TXN010147,ACC0402,2025-06-25,41380.61,Amazon
TXN014838,ACC0075,2025-01-05,3180.23,Swiggy
TXN009918,ACC0262,2025-04-20,115182.18,Uber
TXN009051,ACC0319,2025-03-16,57295.03,Amazon
TXN013425,ACC0424,2025-01-14,98701.2,Amazon
TXN003570,ACC0324,2025-03-26,117930.44,Flipkart
TXN001359,ACC0235,2025-03-19,85109.39,Uber
TXN002444,ACC0235,2025-04-20,55999.57,Swiggy
TXN013814,ACC0090,2025-07-25,75820.76,ATM_Withdrawal
TXN012135,ACC0183,2025-02-22,145647.4,ATM_Withdrawal
TXN009742,ACC0356,2025-06-30,59545.88,Zomato
TXN015336,ACC0313,2025-04-21,71840.85,Uber
TXN005119,ACC0019,2025-01-07,138120.19,ATM_Withdrawal
TXN015398,ACC0293,2025-05-23,133031.1,Amazon
TXN009241,ACC0307,2025-02-22,29674.33,Amazon
TXN012885,ACC0435,2025-01-20,105109.62,Zomato
TXN010761,ACC0055,2025-05-28,79692.83,Unknown_POS
TXN016563,ACC0243,2025-01-02,99184.12,Uber
TXN004275,ACC0481,2025-01-11,141580.0,Amazon
TXN011652,ACC0065,2025-07-10,11039.38,Flipkart
TXN001850,ACC0436,2025-04-08,60282.38,Unknown_POS
TXN013758,ACC0023,2025-03-09,61799.59,BigBasket
TXN017934,ACC0197,2025-01-09,76257.03,Swiggy
TXN000917,ACC0353,2025-06-02,23291.04,Flipkart
TXN007521,ACC0200,2025-04-30,63012.74,ATM_Withdrawal
TXN004766,ACC0444,2025-07-12,79866.88,ATM_Withdrawal
TXN018317,ACC0035,2025-03-05,139735.45,Flipkart
TXN001948,ACC0301,2025-02-21,75396.13,ATM_Withdrawal
TXN012365,ACC0398,2025-03-17,24779.07,Amazon
TXN012700,ACC0034,2025-04-30,30823.56,Unknown_POS
TXN005589,ACC0018,2025-01-27,93536.6,ATM_Withdrawal
TXN012197,ACC0122,2025-06-07,20287.04,Zomato
TXN011559,ACC0014,2025-01-14,51226.31,Unknown_POS
TXN003494,ACC0439,2025-02-27,114338.33,Amazon
TXN004048,ACC0329,2025-04-05,29907.01,Amazon
TXN000230,ACC0086,2025-06-15,91921.05,Unknown_POS
TXN014228,ACC0267,2025-06-07,86245.7,Swiggy
TXN001508,ACC0334,2025-07-30,45311.96,Uber
TXN010573,ACC0413,2025-06-28,37555.24,BigBasket
TXN003397,ACC0221,2025-06-30,114666.56,Swiggy
TXN017423,ACC0148,2025-02-07,103954.33,Unknown_POS
TXN002736,ACC0488,2025-01-30,3242.38,Amazon
TXN005440,ACC0493,2025-04-28,5910.72,Unknown_POS
TXN003141,ACC0133,2025-04-04,108184.85,Unknown_POS
TXN014101,ACC0350,2025-01-06,72640.76,Zomato
TXN002640,ACC0360,2025-02-22,77463.79,ATM_Withdrawal
TXN008594,ACC0050,2025-01-30,13624.85,Amazon
TXN018792,ACC0276,2025-07-19,64684.32,Swiggy
TXN003168,ACC0369,2025-04-24,116620.51,Zomato
TXN002266,ACC0372,2025-05-02,148447.21,Zomato
TXN002162,ACC0356,2025-03-22,78423.81,BigBasket
TXN001506,ACC0140,2025-01-18,84985.92,ATM_Withdrawal
TXN004137,ACC0048,2025-03-29,138538.9,Flipkart
TXN000886,ACC0097,2025-04-16,132330.2,Unknown_POS
TXN001745,ACC0356,2025-02-24,68342.08,Amazon
TXN014626,ACC0111,2025-02-04,147034.0,Uber
TXN011748,ACC0279,2025-02-01,14402.91,Zomato
TXN017569,ACC0056,2025-02-07,35320.02,Uber
TXN011734,ACC0454,2025-06-30,129022.96,ATM_Withdrawal
TXN011694,ACC0202,2025-05-09,119868.96,Flipkart
TXN012296,ACC0318,2025-05-31,93276.25,Zomato
TXN017180,ACC0457,2025-02-27,146141.77,ATM_Withdrawal
TXN013433,ACC0190,2025-07-21,1449.46,Flipkart
TXN008544,ACC0326,2025-01-17,21694.57,Zomato
TXN000435,ACC0066,2025-02-15,109338.2,Unknown_POS
TXN006706,ACC0450,2025-07-01,113258.98,Unknown_POS
TXN003594,ACC0292,2025-03-09,109085.98,BigBasket
TXN006813,ACC0070,2025-05-18,21150.75,ATM_Withdrawal
TXN005730,ACC0367,2025-01-14,14368.81,Swiggy
TXN011714,ACC0291,2025-02-04,99480.17,BigBasket
TXN014419,ACC0111,2025-07-30,71652.23,Amazon
TXN013067,ACC0073,2025-02-27,8740.29,Uber
TXN019499,ACC0402,2025-03-28,113250.98,ATM_Withdrawal
TXN009092,ACC0035,2025-06-26,137724.96,Swiggy
TXN016758,ACC0497,2025-01-21,66456.66,Flipkart
TXN003553,ACC0384,2025-07-14,98521.17,Flipkart
TXN008378,ACC0426,2025-06-27,25534.96,Amazon
TXN004517,ACC0122,2025-02-12,48799.12,BigBasket
TXN011588,ACC0298,2025-04-18,39733.08,Flipkart
TXN007516,ACC0351,2025-03-15,97526.98,Uber
TXN013296,ACC0024,2025-07-15,60870.67,Flipkart
TXN010420,ACC0273,2025-03-10,78643.95,ATM_Withdrawal
TXN012408,ACC0350,2025-07-26,81972.33,BigBasket
TXN002862,ACC0210,2025-02-26,85897.23,Swiggy
TXN009612,ACC0302,2025-02-24,149254.08,Unknown_POS
TXN012343,ACC0335,2025-05-17,65212.66,Swiggy
TXN014982,ACC0374,2025-06-22,12731.81,BigBasket
TXN011240,ACC0468,2025-05-03,11298.08,Swiggy
TXN009687,ACC0376,2025-07-21,28254.87,BigBasket
TXN017067,ACC0052,2025-07-23,27780.15,Swiggy
TXN004949,ACC0477,2025-04-01,106259.13,BigBasket
TXN004680,ACC0197,2025-05-20,37335.81,Uber
TXN003012,ACC0236,2025-01-01,98808.36,Zomato
TXN008575,ACC0043,2025-04-14,42667.81,BigBasket
TXN009563,ACC0464,2025-04-16,145204.87,BigBasket
TXN011343,ACC0492,2025-03-09,39628.71,Unknown_POS
TXN012445,ACC0245,2025-04-14,90322.96,Flipkart
TXN007108,ACC0214,2025-04-19,13323.64,Unknown_POS
TXN015835,ACC0274,2025-06-12,120502.34,Unknown_POS
TXN004006,ACC0223,2025-07-17,142475.05,Amazon
TXN017193,ACC0225,2025-02-26,49287.35,Flipkart
TXN002350,ACC0191,2025-01-14,105225.19,Flipkart
TXN015640,ACC0239,2025-01-14,93788.11,Uber
TXN004362,ACC0068,2025-04-30,74387.43,BigBasket
TXN010244,ACC0055,2025-01-15,90257.64,Zomato
TXN006989,ACC0457,2025-04-22,131512.38,Swiggy
TXN010558,ACC0025,2025-03-04,30389.75,Zomato
TXN013919,ACC0389,2025-07-11,40485.72,ATM_Withdrawal
TXN007371,ACC0059,2025-04-10,33309.42,Zomato
TXN010896,ACC0179,2025-01-15,131234.03,Uber
TXN011025,ACC0097,2025-05-31,111741.17,Swiggy
TXN019288,ACC0114,2025-01-27,3389.66,Unknown_POS
TXN002262,ACC0045,2025-01-28,19616.29,Flipkart
TXN001444,ACC0345,2025-01-28,27168.24,BigBasket
TXN014517,ACC0473,2025-02-11,94825.45,Amazon
TXN001258,ACC0496,2025-04-09,99127.08,Uber
TXN004043,ACC0054,2025-07-26,76887.34,Unknown_POS
TXN012441,ACC0380,2025-04-05,39624.71,Uber
TXN004099,ACC0228,2025-06-19,30272.26,Swiggy
TXN016891,ACC0307,2025-01-05,145886.52,BigBasket
TXN006770,ACC0051,2025-06-29,132569.76,ATM_Withdrawal
TXN012791,ACC0202,2025-01-16,130723.71,BigBasket
TXN008462,ACC0162,2025-02-20,23835.37,Zomato
TXN015822,ACC0298,2025-02-08,69937.34,ATM_Withdrawal
TXN013308,ACC0365,2025-02-23,123850.96,Zomato
TXN013346,ACC0021,2025-06-02,8110.38,Zomato
TXN006993,ACC0391,2025-01-24,136219.11,Zomato
TXN019908,ACC0344,2025-01-24,96860.23,Flipkart
TXN009876,ACC0186,2025-03-13,124094.45,Zomato
TXN000001,ACC0001,2025-01-05,4500.0,Amazon
TXN014367,ACC0437,2025-06-10,117800.22,Zomato
TXN000099,ACC0294,2025-05-18,22520.36,BigBasket
TXN013205,ACC0484,2025-06-08,14218.84,Amazon
TXN011530,ACC0257,2025-05-16,125490.54,BigBasket
TXN015001,ACC0144,2025-07-16,12633.98,BigBasket
TXN010207,ACC0347,2025-03-26,105405.51,Zomato
TXN019225,ACC0014,2025-04-24,98858.34,Uber
TXN015572,ACC0266,2025-06-05,29035.04,Swiggy
TXN008550,ACC0285,2025-01-06,78368.81,Amazon
TXN015019,ACC0025,2025-03-24,57529.56,Amazon
TXN015005,ACC0299,2025-03-25,88109.23,Amazon
TXN001528,ACC0401,2025-01-06,8346.32,Flipkart
TXN001721,ACC0019,2025-05-18,50207.21,Swiggy
TXN015131,ACC0463,2025-03-30,15294.33,BigBasket
TXN015549,ACC0401,2025-05-01,84962.96,Amazon
TXN006329,ACC0339,2025-03-24,38705.55,Uber
TXN000066,ACC0170,2025-07-03,70886.97,Swiggy
TXN001610,ACC0289,2025-06-19,87872.33,Amazon
TXN017762,ACC0140,2025-04-27,14909.21,Unknown_POS
TXN001398,ACC0428,2025-05-30,45621.96,ATM_Withdrawal
TXN003649,ACC0301,2025-02-02,48454.42,Amazon
TXN001573,ACC0206,2025-06-08,64364.06,Uber
TXN016023,ACC0027,2025-01-12,70186.11,Flipkart
TXN001323,ACC0272,2025-04-11,71916.44,Flipkart
TXN014403,ACC0454,2025-05-24,91575.97,Amazon
TXN007216,ACC0284,2025-07-03,101550.72,BigBasket
TXN006423,ACC0417,2025-03-22,2180.2,Uber
TXN017492,ACC0205,2025-05-24,96791.48,Unknown_POS
TXN018756,ACC0429,2025-07-13,49461.02,Unknown_POS
TXN019448,ACC0002,2025-03-14,68325.75,Zomato
TXN012732,ACC0141,2025-04-19,85847.32,Zomato
TXN015969,ACC0253,2025-02-04,107563.97,Flipkart
TXN003566,ACC0079,2025-05-27,120228.49,Flipkart
TXN002095,ACC0083,2025-03-25,135402.15,Uber
TXN010631,ACC0213,2025-05-24,147865.27,Uber
TXN006050,ACC0238,2025-02-14,30022.78,Unknown_POS
TXN001209,ACC0176,2025-01-22,145103.48,Swiggy
TXN016925,ACC0346,2025-02-25,67844.52,ATM_Withdrawal
TXN012948,ACC0451,2025-04-10,21371.11,BigBasket
TXN012534,ACC0253,2025-03-22,78906.13,Flipkart
TXN007975,ACC0118,2025-07-04,59766.54,ATM_Withdrawal
TXN018485,ACC0241,2025-07-03,103242.38,Amazon
TXN011612,ACC0188,2025-04-25,66073.04,Uber
TXN011957,ACC0041,2025-05-30,31466.52,Zomato
TXN018768,ACC0059,2025-04-25,17414.0,Amazon
TXN010666,ACC0010,2025-02-25,112871.96,Uber
TXN018390,ACC0093,2025-06-04,57696.89,Unknown_POS
TXN019263,ACC0412,2025-04-30,125116.21,Amazon
TXN008856,ACC0017,2025-05-20,17069.62,Zomato
TXN001382,ACC0043,2025-05-18,127425.24,Flipkart
TXN007458,ACC0003,2025-01-10,114315.22,BigBasket
TXN015886,ACC0077,2025-02-14,11861.54,Flipkart
TXN013353,ACC0363,2025-04-26,129750.43,Zomato
TXN006988,ACC0328,2025-06-23,38016.53,Uber
TXN004187,ACC0369,2025-02-08,148261.02,BigBasket
TXN014950,ACC0360,2025-06-04,72348.47,Flipkart
TXN006595,ACC0007,2025-02-11,134639.1,Flipkart
TXN002712,ACC0274,2025-06-05,129051.16,Amazon
TXN011803,ACC0443,2025-06-10,11811.82,Amazon
TXN016396,ACC0125,2025-04-22,112012.45,Unknown_POS
TXN009712,ACC0364,2025-03-06,118967.35,Swiggy
TXN007664,ACC0374,2025-02-26,18957.88,Unknown_POS
TXN009446,ACC0176,2025-01-08,139522.88,ATM_Withdrawal
TXN011630,ACC0159,2025-03-23,98215.38,BigBasket
TXN007609,ACC0481,2025-06-07,128660.17,Uber
TXN017728,ACC0322,2025-06-15,51249.52,Swiggy
TXN014625,ACC0184,2025-02-21,83141.51,Swiggy
TXN011810,ACC0131,2025-04-02,37825.3,ATM_Withdrawal
TXN013493,ACC0045,2025-01-06,83223.79,Amazon
TXN000221,ACC0225,2025-07-24,43735.11,Flipkart
TXN012553,ACC0223,2025-07-08,126380.86,Zomato
TXN010765,ACC0336,2025-07-22,106473.53,BigBasket
TXN014363,ACC0319,2025-06-01,2607.75,Swiggy
TXN007341,ACC0339,2025-06-14,25191.69,Amazon
TXN004005,ACC0272,2025-04-11,133443.48,Zomato
TXN004967,ACC0246,2025-05-09,40095.03,Swiggy
TXN016398,ACC0298,2025-05-13,66292.72,ATM_Withdrawal
TXN015827,ACC0192,2025-06-26,95308.01,Zomato
TXN006914,ACC0220,2025-04-18,106739.19,BigBasket
TXN011944,ACC0027,2025-03-17,2750.9,Unknown_POS
TXN011629,ACC0350,2025-04-15,60372.98,BigBasket
TXN019973,ACC0479,2025-05-30,97855.58,Zomato
TXN005400,ACC0223,2025-05-22,45740.18,Flipkart
TXN014598,ACC0144,2025-03-20,77733.5,Swiggy
TXN003600,ACC0473,2025-07-23,126979.92,Unknown_POS
TXN015002,ACC0336,2025-01-22,136495.03,Unknown_POS
TXN009968,ACC0011,2025-05-30,15146.34,Flipkart
TXN014842,ACC0049,2025-01-25,40923.56,Swiggy
TXN019851,ACC0146,2025-01-15,56361.71,Zomato
TXN003080,ACC0108,2025-05-17,104673.92,Unknown_POS
TXN003596,ACC0190,2025-05-08,45072.06,ATM_Withdrawal
TXN011825,ACC0037,2025-06-11,64954.0,Uber
TXN016868,ACC0366,2025-01-30,51457.96,ATM_Withdrawal
TXN012729,ACC0464,2025-06-12,85120.32,Amazon
TXN006139,ACC0231,2025-01-07,149082.89,Swiggy
TXN018397,ACC0075,2025-01-19,93542.69,Zomato
TXN015562,ACC0349,2025-03-02,6237.39,BigBasket
TXN016700,ACC0192,2025-03-25,78236.66,Uber
TXN007548,ACC0262,2025-05-05,100355.99,Uber
TXN017641,ACC0198,2025-06-26,71282.79,ATM_Withdrawal
TXN003522,ACC0078,2025-04-16,47507.78,Zomato
TXN005398,ACC0259,2025-03-28,95268.21,Unknown_POS
TXN000689,ACC0013,2025-04-28,107544.4,Amazon
TXN006373,ACC0354,2025-06-30,90575.47,ATM_Withdrawal
TXN012243,ACC0391,2025-02-28,7507.59,Flipkart
TXN018284,ACC0310,2025-05-03,7506.97,Uber
TXN012759,ACC0214,2025-07-19,12889.13,Uber
TXN012976,ACC0454,2025-04-29,147131.8,Zomato
TXN003756,ACC0195,2025-01-10,144417.1,Flipkart
TXN014688,ACC0336,2025-03-30,110748.07,Zomato
TXN016740,ACC0422,2025-01-21,109398.34,Unknown_POS
TXN012971,ACC0183,2025-05-14,67827.22,BigBasket
TXN001757,ACC0428,2025-07-04,125060.84,Swiggy
TXN012158,ACC0283,2025-05-27,6726.68,Uber
TXN017983,ACC0446,2025-03-28,142189.14,Uber
TXN009215,ACC0116,2025-03-17,45264.11,ATM_Withdrawal
TXN004446,ACC0450,2025-06-22,134085.38,Flipkart
TXN016751,ACC0342,2025-03-05,26008.35,Flipkart
TXN008334,ACC0076,2025-04-01,58972.08,ATM_Withdrawal
TXN012616,ACC0465,2025-05-28,51996.89,Flipkart
TXN013736,ACC0318,2025-06-11,110884.32,Swiggy
TXN005280,ACC0344,2025-04-20,117507.82,BigBasket
TXN007704,ACC0412,2025-06-12,131142.99,Amazon
TXN013509,ACC0109,2025-04-17,9921.57,Amazon
TXN004176,ACC0072,2025-07-25,118514.72,Flipkart
TXN005267,ACC0079,2025-07-26,98090.1,ATM_Withdrawal
TXN016089,ACC0231,2025-05-09,128956.0,Uber
TXN009832,ACC0345,2025-01-07,4061.32,Flipkart
TXN001332,ACC0441,2025-06-10,10651.25,BigBasket
TXN005021,ACC0474,2025-07-11,129045.13,Flipkart
TXN011292,ACC0033,2025-07-04,88585.87,Unknown_POS
TXN019479,ACC0264,2025-02-26,12521.46,Uber
TXN011262,ACC0055,2025-07-17,85987.94,Swiggy
TXN001575,ACC0485,2025-05-26,17646.71,Unknown_POS
TXN006937,ACC0195,2025-06-06,31343.33,ATM_Withdrawal
TXN010097,ACC0375,2025-05-18,40081.79,ATM_Withdrawal
TXN003837,ACC0305,2025-01-28,71481.4,Unknown_POS
TXN004794,ACC0264,2025-01-18,107287.55,Unknown_POS
TXN008056,ACC0286,2025-06-27,33403.69,ATM_Withdrawal
TXN012175,ACC0499,2025-01-31,126117.68,BigBasket
TXN010742,ACC0139,2025-04-19,134145.12,ATM_Withdrawal
TXN011383,ACC0177,2025-03-16,57902.37,Amazon
TXN013229,ACC0392,2025-02-20,72383.25,Unknown_POS
TXN017583,ACC0134,2025-06-28,66615.96,Amazon
TXN017370,ACC0358,2025-01-19,2793.58,Flipkart
TXN017648,ACC0429,2025-05-28,35704.45,Uber
TXN013998,ACC0343,2025-03-08,129431.33,BigBasket
TXN007501,ACC0076,2025-01-14,141805.9,Unknown_POS
TXN002421,ACC0036,2025-03-12,60790.02,Uber
TXN002233,ACC0167,2025-07-12,114670.69,Unknown_POS
TXN006819,ACC0444,2025-02-09,78925.03,BigBasket
TXN000765,ACC0268,2025-05-10,102670.96,Swiggy
TXN014000,ACC0224,2025-04-21,2158.42,Zomato
TXN004684,ACC0053,2025-04-09,21393.84,BigBasket
TXN000500,ACC0264,2025-07-22,23887.92,Uber
TXN012469,ACC0189,2025-04-01,80796.88,Swiggy
TXN010822,ACC0128,2025-06-10,44914.32,BigBasket
TXN005670,ACC0299,2025-03-11,45798.38,ATM_Withdrawal
TXN014904,ACC0004,2025-02-23,108268.69,Swiggy
TXN018428,ACC0404,2025-05-30,25320.91,Flipkart
TXN004584,ACC0086,2025-06-03,92932.75,ATM_Withdrawal
TXN002590,ACC0387,2025-02-07,116299.72,Flipkart
TXN016471,ACC0401,2025-06-10,89339.61,ATM_Withdrawal
TXN013822,ACC0014,2025-06-29,75313.62,Swiggy
TXN010100,ACC0023,2025-01-07,74833.01,Unknown_POS
TXN011702,ACC0064,2025-04-19,26270.73,ATM_Withdrawal
TXN002620,ACC0217,2025-04-13,145037.68,Flipkart
TXN003205,ACC0451,2025-07-11,11144.61,Unknown_POS
TXN011304,ACC0154,2025-05-05,141485.96,Unknown_POS
TXN019084,ACC0031,2025-05-29,14504.83,Swiggy
TXN002832,ACC0142,2025-04-27,94612.06,Flipkart
TXN010651,ACC0482,2025-01-31,20164.76,Uber
TXN002693,ACC0401,2025-05-13,44769.14,Flipkart
TXN009260,ACC0107,2025-07-15,127983.27,Zomato
TXN001446,ACC0209,2025-01-29,114223.35,BigBasket
TXN018163,ACC0430,2025-03-16,62892.64,Flipkart
TXN010649,ACC0093,2025-07-15,52164.32,Flipkart
TXN001250,ACC0295,2025-01-01,77331.68,ATM_Withdrawal
TXN010856,ACC0185,2025-04-24,15084.25,Unknown_POS
TXN009203,ACC0002,2025-06-12,122864.84,Amazon
TXN005458,ACC0222,2025-04-25,85443.86,ATM_Withdrawal
TXN002028,ACC0284,2025-07-06,26396.11,Unknown_POS
TXN013729,ACC0004,2025-03-25,102338.85,Uber
TXN006691,ACC0091,2025-06-09,70811.06,Zomato
TXN010132,ACC0385,2025-07-28,59954.81,BigBasket
TXN004088,ACC0001,2025-01-30,60861.47,Zomato
TXN018363,ACC0103,2025-02-06,69542.79,Flipkart
TXN014894,ACC0397,2025-02-11,110497.13,Uber
TXN019391,ACC0274,2025-04-05,124568.53,Uber
TXN016452,ACC0166,2025-03-27,133185.49,Zomato
TXN016298,ACC0234,2025-06-11,115196.95,Amazon
TXN012024,ACC0092,2025-05-10,42628.06,BigBasket
TXN007871,ACC0194,2025-05-27,32689.94,BigBasket
TXN018055,ACC0469,2025-01-14,145152.86,Unknown_POS
TXN013303,ACC0206,2025-03-03,76392.38,Flipkart
TXN015979,ACC0003,2025-03-24,112733.9,Swiggy
TXN009337,ACC0443,2025-04-21,111847.77,Zomato
TXN016585,ACC0160,2025-05-19,118712.39,Unknown_POS
TXN018626,ACC0404,2025-02-01,36925.04,ATM_Withdrawal
TXN010674,ACC0259,2025-06-20,147745.98,Swiggy
TXN016895,ACC0414,2025-05-17,75434.05,ATM_Withdrawal
TXN015053,ACC0067,2025-04-22,97222.83,Swiggy
TXN007104,ACC0172,2025-06-28,142778.3,Flipkart
TXN019749,ACC0140,2025-07-10,137260.06,ATM_Withdrawal
TXN002799,ACC0427,2025-04-21,3638.52,Swiggy
TXN016468,ACC0327,2025-04-23,43001.37,Amazon
TXN013090,ACC0179,2025-03-09,78955.72,Swiggy
TXN003165,ACC0102,2025-01-26,81378.21,Zomato
TXN009327,ACC0244,2025-02-26,68816.78,Amazon
TXN019101,ACC0125,2025-03-26,63003.39,Swiggy
TXN017873,ACC0267,2025-03-14,85680.09,Swiggy
TXN017409,ACC0475,2025-04-11,10834.21,Unknown_POS
TXN016300,ACC0346,2025-01-04,46257.49,ATM_Withdrawal
TXN012868,ACC0355,2025-07-17,45706.94,Unknown_POS
TXN012740,ACC0256,2025-05-22,4452.31,Uber
TXN003018,ACC0468,2025-05-01,100282.11,ATM_Withdrawal
TXN011024,ACC0467,2025-01-16,125934.16,BigBasket
TXN014825,ACC0360,2025-04-03,14511.78,Uber
TXN014872,ACC0373,2025-02-06,144274.93,Swiggy
TXN010471,ACC0482,2025-02-13,46315.35,Amazon
TXN004512,ACC0490,2025-01-08,48907.1,Swiggy
TXN016269,ACC0373,2025-04-11,8114.6,Swiggy
TXN014010,ACC0338,2025-07-28,2412.69,ATM_Withdrawal
TXN009246,ACC0017,2025-03-11,81484.93,Zomato
TXN004616,ACC0229,2025-04-20,105525.99,Uber
TXN018020,ACC0289,2025-03-08,77471.3,ATM_Withdrawal
TXN010285,ACC0276,2025-02-24,98901.67,Uber
TXN005701,ACC0001,2025-02-23,114216.31,Amazon
TXN013298,ACC0003,2025-03-10,54867.36,Swiggy
TXN018937,ACC0414,2025-06-03,109421.03,Unknown_POS
TXN012283,ACC0500,2025-05-22,75807.77,Zomato
TXN012125,ACC0124,2025-07-28,33341.68,Zomato
TXN019090,ACC0040,2025-02-22,148506.23,ATM_Withdrawal
TXN004485,ACC0198,2025-05-31,93013.34,ATM_Withdrawal
TXN015237,ACC0173,2025-01-29,74191.27,BigBasket
TXN008563,ACC0372,2025-02-15,1822.51,Amazon
TXN004839,ACC0224,2025-04-21,145867.99,Unknown_POS
TXN005328,ACC0450,2025-01-05,45744.75,ATM_Withdrawal
TXN015581,ACC0407,2025-03-30,79471.84,ATM_Withdrawal
TXN009254,ACC0158,2025-05-24,106562.69,Zomato
TXN000557,ACC0486,2025-03-16,68416.15,BigBasket
TXN005661,ACC0292,2025-02-12,82096.29,Flipkart
TXN008637,ACC0015,2025-06-18,62861.89,Uber
TXN012152,ACC0306,2025-02-04,23559.58,Uber
TXN004515,ACC0376,2025-04-20,119920.47,Flipkart
TXN000376,ACC0039,2025-06-01,85194.72,Unknown_POS
TXN008540,ACC0172,2025-04-10,109308.94,Unknown_POS
TXN014137,ACC0117,2025-05-05,103862.64,Zomato
TXN011022,ACC0429,2025-05-24,105351.85,Zomato
TXN000278,ACC0085,2025-06-07,20928.28,Zomato
TXN000226,ACC0299,2025-04-13,80178.39,Unknown_POS
TXN015210,ACC0466,2025-05-02,16005.12,Amazon
TXN013714,ACC0076,2025-06-07,91493.54,Swiggy
TXN010986,ACC0339,2025-04-27,120291.39,Unknown_POS
TXN014746,ACC0219,2025-04-20,6739.41,Unknown_POS
TXN017942,ACC0426,2025-02-10,41765.66,Amazon
TXN017507,ACC0335,2025-04-11,47180.62,Uber
TXN005083,ACC0202,2025-04-09,139682.44,Unknown_POS
TXN015894,ACC0491,2025-03-05,128913.81,BigBasket
TXN001058,ACC0368,2025-07-07,18575.46,Flipkart
TXN012716,ACC0286,2025-01-20,54598.62,Zomato
TXN019570,ACC0023,2025-03-28,50318.88,Zomato
TXN014215,ACC0030,2025-02-27,10594.24,BigBasket
TXN012640,ACC0441,2025-05-25,118758.76,Amazon
TXN018063,ACC0313,2025-06-16,136924.66,Swiggy
TXN001074,ACC0170,2025-01-23,7402.25,Unknown_POS
TXN011117,ACC0398,2025-03-08,21670.79,Flipkart
TXN017655,ACC0108,2025-07-11,6174.21,Swiggy
TXN014037,ACC0398,2025-02-17,85026.4,ATM_Withdrawal
TXN006581,ACC0364,2025-01-10,20548.94,Flipkart
TXN003253,ACC0493,2025-01-26,53234.43,Uber
TXN003690,ACC0309,2025-07-12,24830.33,ATM_Withdrawal
TXN005085,ACC0464,2025-03-13,19014.65,Swiggy
TXN010192,ACC0019,2025-05-14,23391.05,Zomato
TXN014840,ACC0031,2025-06-14,34285.5,Amazon
TXN011978,ACC0428,2025-03-12,124309.21,Flipkart
TXN006270,ACC0368,2025-03-21,47874.04,Uber
TXN008158,ACC0003,2025-02-12,19152.84,Amazon
TXN019834,ACC0197,2025-03-06,148449.38,Flipkart
TXN001917,ACC0098,2025-06-30,90624.9,Swiggy
TXN009197,ACC0351,2025-07-30,32311.46,Unknown_POS
TXN014311,ACC0316,2025-05-06,55085.3,Zomato
TXN018384,ACC0455,2025-03-11,88156.07,Unknown_POS
TXN014820,ACC0172,2025-07-08,113306.79,Swiggy
TXN005763,ACC0494,2025-07-07,46403.69,Swiggy
TXN015269,ACC0402,2025-04-17,38235.97,Swiggy
TXN015084,ACC0218,2025-04-21,54118.55,BigBasket
TXN008436,ACC0446,2025-07-24,46490.54,Flipkart
TXN014938,ACC0246,2025-05-20,146239.0,Zomato
TXN008204,ACC0065,2025-07-15,22912.31,BigBasket
TXN009008,ACC0102,2025-01-20,70516.03,ATM_Withdrawal
TXN001244,ACC0112,2025-06-07,96518.56,ATM_Withdrawal
TXN012990,ACC0015,2025-05-06,104172.13,Zomato
TXN007213,ACC0431,2025-06-22,57076.61,Swiggy
TXN000915,ACC0300,2025-01-31,59401.45,Zomato
TXN003704,ACC0139,2025-01-06,105446.37,ATM_Withdrawal
TXN001179,ACC0069,2025-01-03,10808.31,Amazon
TXN000701,ACC0408,2025-07-24,127427.64,Uber
TXN016662,ACC0021,2025-01-16,78963.37,Unknown_POS
TXN009232,ACC0131,2025-01-02,68883.44,Zomato
TXN004167,ACC0118,2025-07-08,105055.42,Flipkart
TXN010866,ACC0202,2025-02-23,11751.22,Zomato
TXN003878,ACC0232,2025-02-08,44008.26,Unknown_POS
TXN010117,ACC0089,2025-04-18,31125.62,Uber
TXN005690,ACC0044,2025-04-22,45151.29,Amazon
TXN004755,ACC0031,2025-01-02,114085.92,Amazon
TXN003381,ACC0322,2025-05-28,133296.19,Unknown_POS
TXN002292,ACC0422,2025-04-02,32930.97,Uber
TXN013520,ACC0329,2025-02-20,110684.69,Flipkart
TXN005262,ACC0259,2025-07-09,103987.31,Unknown_POS
TXN015312,ACC0215,2025-06-30,29402.81,Flipkart
TXN017432,ACC0245,2025-04-07,57006.35,Zomato
TXN015841,ACC0357,2025-07-20,56555.62,ATM_Withdrawal
TXN017996,ACC0352,2025-04-09,84049.36,Unknown_POS
TXN013466,ACC0339,2025-06-29,126803.59,Swiggy
TXN010841,ACC0092,2025-07-05,85808.1,Uber
TXN003816,ACC0129,2025-06-11,40268.33,Uber
TXN007350,ACC0172,2025-06-23,67257.53,Uber
TXN004893,ACC0219,2025-01-21,112142.35,Amazon
TXN015924,ACC0338,2025-03-04,122744.56,Unknown_POS
TXN003937,ACC0113,2025-04-30,137274.35,Swiggy
TXN006960,ACC0449,2025-04-17,106658.74,Swiggy
TXN011018,ACC0459,2025-04-06,17280.37,ATM_Withdrawal
TXN019283,ACC0416,2025-06-02,87787.65,ATM_Withdrawal
TXN003676,ACC0137,2025-05-23,56176.37,Unknown_POS
TXN009740,ACC0258,2025-01-29,43564.47,Uber
TXN010989,ACC0211,2025-03-05,46265.01,Flipkart
TXN004995,ACC0040,2025-03-07,69318.46,ATM_Withdrawal
TXN002655,ACC0492,2025-05-31,73969.97,Uber
TXN001399,ACC0115,2025-01-07,118693.37,Swiggy
TXN017564,ACC0015,2025-03-13,125198.12,Unknown_POS
TXN000275,ACC0442,2025-07-29,13093.1,Flipkart
TXN008049,ACC0318,2025-05-07,89823.72,Amazon
TXN001815,ACC0389,2025-03-13,102099.13,BigBasket
TXN011087,ACC0343,2025-01-17,93680.63,ATM_Withdrawal
TXN011003,ACC0189,2025-05-25,60563.75,ATM_Withdrawal
TXN017055,ACC0023,2025-01-30,109538.65,Amazon
TXN012834,ACC0139,2025-06-03,57485.42,Zomato
TXN014628,ACC0179,2025-04-10,62614.35,Swiggy
TXN001836,ACC0354,2025-04-19,143668.46,Zomato
TXN006977,ACC0007,2025-04-12,29609.7,Zomato
TXN002154,ACC0093,2025-06-03,104297.62,Amazon
TXN011880,ACC0124,2025-03-28,103492.74,Swiggy
TXN000360,ACC0444,2025-03-14,116040.45,Uber
TXN005992,ACC0062,2025-04-25,121307.3,Zomato
TXN012269,ACC0457,2025-04-07,52574.2,Flipkart
TXN015953,ACC0112,2025-02-05,143702.42,Uber
TXN007647,ACC0038,2025-02-22,58433.46,Amazon
TXN008771,ACC0049,2025-04-24,143867.19,Zomato
TXN010754,ACC0037,2025-05-29,100744.82,Amazon
TXN005996,ACC0086,2025-06-30,15928.91,BigBasket
TXN006863,ACC0328,2025-06-06,127339.48,Uber
TXN001905,ACC0131,2025-05-21,12759.6,Flipkart
TXN003779,ACC0326,2025-05-20,15993.9,ATM_Withdrawal
TXN015838,ACC0198,2025-07-06,126880.37,Swiggy
TXN001464,ACC0249,2025-05-11,41869.65,ATM_Withdrawal
TXN013136,ACC0216,2025-03-06,48326.74,Unknown_POS
TXN004719,ACC0064,2025-06-07,20258.41,Swiggy
TXN012183,ACC0267,2025-03-12,107261.66,Unknown_POS
TXN018402,ACC0146,2025-03-21,62233.33,Uber
TXN008998,ACC0371,2025-06-07,13399.59,Amazon
TXN002006,ACC0105,2025-06-14,5734.11,ATM_Withdrawal
TXN002139,ACC0251,2025-03-19,103213.22,Swiggy
TXN007945,ACC0166,2025-03-05,146165.26,Unknown_POS
TXN002060,ACC0231,2025-05-26,122164.85,Swiggy
TXN018654,ACC0088,2025-03-15,16947.96,Swiggy
TXN009397,ACC0444,2025-06-10,91408.23,Zomato
TXN015903,ACC0212,2025-04-04,34688.87,Uber
TXN004339,ACC0323,2025-06-05,11020.76,BigBasket
TXN007328,ACC0037,2025-07-26,68588.97,Flipkart
TXN018077,ACC0223,2025-01-13,46339.12,Unknown_POS
TXN001064,ACC0215,2025-03-20,46462.27,ATM_Withdrawal
TXN010984,ACC0017,2025-05-02,128330.28,Swiggy
TXN007939,ACC0403,2025-04-08,129229.81,Uber
TXN010572,ACC0129,2025-05-10,16668.47,BigBasket
TXN017263,ACC0031,2025-07-06,99556.1,Zomato
TXN007408,ACC0377,2025-03-11,14153.94,Zomato
TXN013803,ACC0477,2025-06-23,61728.37,Flipkart
TXN003129,ACC0235,2025-07-01,73761.96,Zomato
TXN002918,ACC0006,2025-03-23,62474.63,Swiggy
TXN004488,ACC0369,2025-03-16,96489.68,Swiggy
TXN016038,ACC0167,2025-06-21,87119.7,Flipkart
TXN002720,ACC0411,2025-01-04,130994.71,Zomato
TXN005606,ACC0276,2025-07-11,133918.86,Swiggy
TXN001495,ACC0011,2025-06-28,70481.5,Amazon
TXN019936,ACC0064,2025-07-24,22564.7,Amazon
TXN900004,ACC0030,2025/03/15,8700.0,Swiggy
TXN002537,ACC0116,2025-02-13,13248.11,BigBasket
TXN006110,ACC0315,2025-01-05,115676.05,ATM_Withdrawal
TXN010519,ACC0160,2025-06-17,42892.55,Flipkart
TXN006380,ACC0133,2025-02-12,65922.44,Zomato
TXN006718,ACC0345,2025-05-09,12541.2,Unknown_POS
TXN014852,ACC0278,2025-04-24,59794.72,Swiggy
TXN009185,ACC0152,2025-07-11,27892.63,BigBasket
TXN002958,ACC0362,2025-07-08,26577.31,Swiggy
TXN019186,ACC0037,2025-01-15,127642.79,Unknown_POS
TXN003451,ACC0467,2025-02-24,14842.68,Swiggy
TXN013044,ACC0069,2025-04-24,16097.29,Unknown_POS
TXN019046,ACC0049,2025-03-01,43401.19,Flipkart
TXN001513,ACC0296,2025-05-08,31982.27,ATM_Withdrawal
TXN011305,ACC0270,2025-06-20,46504.93,ATM_Withdrawal
TXN010918,ACC0245,2025-07-08,34234.56,Swiggy
TXN016717,ACC0193,2025-02-07,113173.15,Flipkart
TXN014146,ACC0311,2025-05-27,109665.67,Swiggy
TXN006378,ACC0479,2025-07-25,134370.64,ATM_Withdrawal
TXN013114,ACC0199,2025-01-04,99520.76,BigBasket
TXN007062,ACC0350,2025-07-02,54711.17,ATM_Withdrawal
TXN018855,ACC0293,2025-07-15,95173.69,ATM_Withdrawal
TXN008506,ACC0302,2025-07-08,95297.21,Flipkart
TXN011234,ACC0349,2025-05-04,74681.07,Zomato
TXN013338,ACC0172,2025-02-28,113851.93,BigBasket
TXN019558,ACC0123,2025-06-21,31082.93,Flipkart
TXN014232,ACC0325,2025-06-29,142621.56,BigBasket
TXN005385,ACC0100,2025-05-20,59434.65,Flipkart
TXN011939,ACC0376,2025-05-11,131959.05,Uber
TXN012166,ACC0326,2025-06-25,45588.74,Amazon
TXN005765,ACC0043,2025-05-06,149876.01,Swiggy
TXN008036,ACC0316,2025-04-17,102674.56,ATM_Withdrawal
TXN010441,ACC0452,2025-06-26,147743.13,Swiggy
TXN013878,ACC0206,2025-03-19,19577.62,Unknown_POS
TXN008695,ACC0431,2025-07-21,147974.87,BigBasket
TXN007127,ACC0013,2025-01-23,109320.02,Unknown_POS
TXN013184,ACC0183,2025-04-27,120334.78,Flipkart
TXN004071,ACC0459,2025-04-14,112857.67,Amazon
TXN000049,ACC0266,2025-02-23,84154.97,ATM_Withdrawal
TXN004373,ACC0342,2025-05-12,25589.21,Swiggy
TXN007984,ACC0257,2025-06-30,15003.47,ATM_Withdrawal
TXN005202,ACC0072,2025-04-18,145227.03,ATM_Withdrawal
TXN012217,ACC0373,2025-03-18,129336.22,Swiggy
TXN008837,ACC0195,2025-03-31,136469.55,Swiggy
TXN007395,ACC0267,2025-06-19,110544.91,Amazon
TXN016618,ACC0479,2025-07-15,24312.84,Amazon
TXN004350,ACC0372,2025-06-10,123909.6,Unknown_POS
TXN004330,ACC0438,2025-01-08,124887.87,Swiggy
TXN017952,ACC0378,2025-05-25,11079.15,Unknown_POS
TXN003815,ACC0500,2025-03-29,79934.23,Flipkart
TXN015107,ACC0141,2025-01-08,129795.1,Zomato
TXN019432,ACC0075,2025-04-24,55396.82,Swiggy
TXN005022,ACC0034,2025-04-18,146092.02,BigBasket
TXN012565,ACC0327,2025-02-21,50728.26,Unknown_POS
TXN009587,ACC0156,2025-01-18,128436.29,Flipkart
TXN013487,ACC0043,2025-07-01,58136.89,Swiggy
TXN010764,ACC0151,2025-02-02,139880.57,Uber
TXN017297,ACC0204,2025-04-30,47261.05,ATM_Withdrawal
TXN002905,ACC0193,2025-02-02,113545.16,Swiggy
TXN000747,ACC0257,2025-02-05,66012.81,Zomato
TXN003065,ACC0293,2025-03-08,149238.02,Zomato
TXN010546,ACC0193,2025-06-30,37186.28,Swiggy
TXN004143,ACC0046,2025-05-09,87452.74,Uber
TXN009777,ACC0438,2025-01-19,2849.57,ATM_Withdrawal
TXN017482,ACC0133,2025-06-22,112514.8,Zomato
TXN004927,ACC0462,2025-07-16,48716.64,Amazon
TXN005584,ACC0438,2025-02-10,81728.11,Unknown_POS
TXN003824,ACC0352,2025-06-25,54254.97,BigBasket
TXN009029,ACC0180,2025-07-12,73651.82,Zomato
TXN012702,ACC0392,2025-07-26,65117.86,Zomato
TXN015612,ACC0472,2025-06-13,38057.03,Unknown_POS
TXN002596,ACC0058,2025-03-11,102883.33,Amazon
TXN011044,ACC0018,2025-02-06,110749.47,Uber
TXN017306,ACC0326,2025-07-02,30684.51,Amazon
TXN900009,ACC9999,2025-02-14,1500.0,Uber
TXN007357,ACC0482,2025-01-03,64928.65,ATM_Withdrawal
TXN008345,ACC0367,2025-04-20,147239.4,Uber
TXN016798,ACC0290,2025-04-27,18877.12,Uber
TXN001232,ACC0487,2025-06-03,95730.53,Flipkart
TXN016719,ACC0105,2025-02-25,109712.26,Zomato
TXN008537,ACC0132,2025-01-31,65660.15,Amazon
TXN011755,ACC0342,2025-02-01,116869.25,Amazon
TXN018489,ACC0040,2025-07-28,17623.04,Flipkart
TXN013097,ACC0218,2025-03-29,107268.2,Swiggy
TXN018944,ACC0433,2025-03-12,63458.29,Amazon
TXN006817,ACC0093,2025-02-14,83432.16,Uber
TXN017118,ACC0245,2025-06-27,43910.74,Swiggy
TXN004490,ACC0471,2025-04-05,43222.59,Flipkart
TXN006381,ACC0319,2025-07-01,23960.08,BigBasket
TXN002780,ACC0490,2025-01-20,143795.84,Zomato
TXN011129,ACC0012,2025-03-15,146997.02,BigBasket
TXN019188,ACC0128,2025-01-06,70941.85,BigBasket
TXN013635,ACC0310,2025-04-25,54219.25,BigBasket
TXN001259,ACC0357,2025-04-10,134474.28,BigBasket
TXN012258,ACC0012,2025-01-09,89485.67,ATM_Withdrawal
TXN007427,ACC0342,2025-07-30,116996.23,Amazon
TXN017433,ACC0253,2025-05-01,109190.59,Swiggy
TXN017918,ACC0232,2025-06-02,46315.64,Uber
TXN011715,ACC0116,2025-06-14,121019.93,Amazon
TXN014016,ACC0324,2025-02-06,102801.53,Uber
TXN019278,ACC0276,2025-04-19,114122.04,Zomato
TXN010852,ACC0015,2025-02-21,135691.61,Swiggy
TXN018223,ACC0285,2025-02-15,145190.49,Flipkart
TXN000751,ACC0369,2025-01-30,72253.42,ATM_Withdrawal
TXN002834,ACC0222,2025-01-26,139858.58,BigBasket
TXN011061,ACC0322,2025-06-16,17132.2,Unknown_POS
TXN007466,ACC0434,2025-03-08,93202.76,Flipkart
TXN005704,ACC0233,2025-03-03,89081.87,Amazon
TXN009766,ACC0082,2025-03-03,80557.61,ATM_Withdrawal
TXN005711,ACC0379,2025-07-03,92685.5,Unknown_POS
TXN009030,ACC0367,2025-03-11,62799.11,Uber
TXN018641,ACC0316,2025-06-25,61378.02,Swiggy
TXN000953,ACC0346,2025-04-28,105397.43,Unknown_POS
TXN009245,ACC0461,2025-04-13,60162.96,Unknown_POS
TXN002145,ACC0012,2025-05-31,85968.64,ATM_Withdrawal
TXN001882,ACC0012,2025-02-15,126440.07,Flipkart
TXN004595,ACC0319,2025-01-17,55664.66,BigBasket
TXN018975,ACC0396,2025-07-17,141116.4,Uber
TXN012898,ACC0334,2025-07-27,26224.39,ATM_Withdrawal
TXN010814,ACC0039,2025-03-23,69019.06,Uber
TXN007849,ACC0312,2025-06-24,3113.95,Uber
TXN019500,ACC0216,2025-01-04,109212.79,Unknown_POS
TXN013923,ACC0150,2025-05-27,60902.32,ATM_Withdrawal
TXN010339,ACC0488,2025-04-29,56463.91,BigBasket
TXN001912,ACC0151,2025-05-09,76943.01,Flipkart
TXN015730,ACC0065,2025-07-09,69479.42,Amazon
TXN019668,ACC0346,2025-06-06,128322.63,BigBasket
TXN013261,ACC0328,2025-02-13,62393.3,Flipkart
TXN017780,ACC0019,2025-01-15,91717.16,Uber
TXN011517,ACC0210,2025-05-10,39132.12,Amazon
TXN001455,ACC0346,2025-05-06,100830.72,Unknown_POS
TXN009594,ACC0100,2025-04-30,105098.56,Amazon
TXN006907,ACC0381,2025-03-01,12472.43,Unknown_POS
TXN017945,ACC0225,2025-04-02,65762.78,Uber
TXN011827,ACC0450,2025-02-18,122792.85,Flipkart
TXN009123,ACC0425,2025-05-09,5257.99,Swiggy
TXN005875,ACC0396,2025-03-13,63456.58,ATM_Withdrawal
TXN012102,ACC0288,2025-05-27,133998.76,Uber
TXN009316,ACC0227,2025-05-07,25489.48,Amazon
TXN016644,ACC0111,2025-04-03,54987.51,BigBasket
TXN004974,ACC0253,2025-02-24,147805.96,BigBasket
TXN015879,ACC0030,2025-01-22,133566.67,Zomato
TXN000577,ACC0170,2025-03-02,460.56,Flipkart
TXN011387,ACC0300,2025-05-22,126032.93,ATM_Withdrawal
TXN019752,ACC0432,2025-05-22,26381.2,Swiggy
TXN018221,ACC0442,2025-03-21,6553.34,Flipkart
TXN017335,ACC0368,2025-05-22,102748.36,ATM_Withdrawal
TXN009411,ACC0440,2025-01-22,80390.83,ATM_Withdrawal
TXN003319,ACC0201,2025-06-01,29046.03,BigBasket
TXN001952,ACC0236,2025-04-29,86441.11,Flipkart
TXN005212,ACC0493,2025-04-29,66234.85,Flipkart
TXN014780,ACC0217,2025-06-18,55515.65,Flipkart
TXN004788,ACC0169,2025-07-02,95319.48,Amazon
TXN009851,ACC0293,2025-03-19,20017.04,ATM_Withdrawal
TXN014097,ACC0057,2025-07-21,33494.36,ATM_Withdrawal
TXN018726,ACC0483,2025-01-09,37701.32,Uber
TXN013831,ACC0248,2025-02-20,19275.83,Uber
TXN014411,ACC0186,2025-03-06,125385.8,Swiggy
TXN002570,ACC0305,2025-03-12,79457.93,ATM_Withdrawal
TXN014739,ACC0445,2025-01-26,75238.87,Flipkart
TXN000341,ACC0159,2025-06-20,111266.94,Swiggy
TXN015823,ACC0481,2025-02-07,40021.7,Zomato
TXN006266,ACC0343,2025-04-04,37369.01,Flipkart
TXN004009,ACC0171,2025-01-05,61130.08,Flipkart
TXN018466,ACC0485,2025-04-29,34115.95,ATM_Withdrawal
TXN015682,ACC0463,2025-01-15,68617.3,Swiggy
TXN000879,ACC0413,2025-01-23,66306.95,BigBasket
TXN014721,ACC0051,2025-07-16,135791.24,Flipkart
TXN010614,ACC0030,2025-07-24,103694.28,Flipkart
TXN004857,ACC0221,2025-06-29,114611.88,BigBasket
TXN018060,ACC0427,2025-05-22,15808.14,Unknown_POS
TXN002679,ACC0227,2025-07-15,56179.6,Amazon
TXN013755,ACC0495,2025-04-21,111765.57,Uber
TXN016426,ACC0287,2025-02-24,33692.16,Flipkart
TXN012276,ACC0478,2025-04-26,81004.45,Uber
TXN017325,ACC0256,2025-06-09,108115.26,Flipkart
TXN009746,ACC0056,2025-04-26,45330.52,Amazon
TXN019821,ACC0246,2025-05-05,47323.41,BigBasket
TXN013655,ACC0360,2025-07-05,133487.29,Amazon
TXN014740,ACC0206,2025-03-04,30135.96,Swiggy
TXN015360,ACC0147,2025-07-08,112278.6,ATM_Withdrawal
TXN018861,ACC0064,2025-03-03,39319.36,Zomato
TXN017533,ACC0454,2025-04-09,122025.21,Swiggy
TXN006688,ACC0138,2025-02-14,111826.2,BigBasket
TXN007578,ACC0462,2025-04-18,115878.28,Flipkart
TXN011846,ACC0460,2025-04-14,35232.4,Swiggy
TXN002182,ACC0090,2025-05-15,109262.7,Uber
TXN003360,ACC0328,2025-04-14,46973.01,ATM_Withdrawal
TXN015058,ACC0128,2025-05-06,80124.98,Amazon
TXN013802,ACC0307,2025-04-14,112431.07,Swiggy
TXN017488,ACC0151,2025-06-14,21298.82,ATM_Withdrawal
TXN010135,ACC0024,2025-05-24,52950.65,Amazon
TXN003551,ACC0333,2025-03-03,105092.21,Uber
TXN003158,ACC0312,2025-03-10,82818.75,Flipkart
TXN017271,ACC0037,2025-01-16,38715.15,Amazon
TXN009546,ACC0298,2025-07-16,60994.06,Amazon
TXN010118,ACC0352,2025-05-27,25845.18,Swiggy
TXN004646,ACC0085,2025-04-21,127225.82,Swiggy
TXN018425,ACC0404,2025-05-23,48425.24,Uber
TXN005382,ACC0210,2025-01-06,110638.2,Swiggy
TXN017795,ACC0323,2025-01-23,53629.36,ATM_Withdrawal
TXN000699,ACC0203,2025-07-30,99125.44,ATM_Withdrawal
TXN003030,ACC0174,2025-04-09,98124.04,Unknown_POS
TXN007605,ACC0164,2025-04-27,61046.25,Unknown_POS
TXN016916,ACC0393,2025-03-28,119841.23,Zomato
TXN015919,ACC0386,2025-03-02,144897.54,Uber
TXN016007,ACC0494,2025-05-27,87527.88,ATM_Withdrawal
TXN007052,ACC0179,2025-07-09,98814.09,ATM_Withdrawal
TXN018669,ACC0326,2025-03-24,126107.64,Uber
TXN019132,ACC0306,2025-04-14,30226.93,Amazon
TXN010606,ACC0087,2025-03-19,130959.71,Unknown_POS
TXN004881,ACC0424,2025-02-04,41803.0,ATM_Withdrawal
TXN014200,ACC0237,2025-06-12,99887.34,Flipkart
TXN013726,ACC0219,2025-01-21,65214.75,Amazon
TXN015861,ACC0398,2025-07-12,130602.18,ATM_Withdrawal
TXN018922,ACC0324,2025-02-20,102299.77,Zomato
TXN012679,ACC0367,2025-01-31,120728.69,Swiggy
TXN005132,ACC0466,2025-03-02,22296.37,Swiggy
TXN007746,ACC0487,2025-02-06,108902.3,Uber
TXN003984,ACC0056,2025-04-25,18960.16,Flipkart
TXN011321,ACC0120,2025-03-18,122594.92,ATM_Withdrawal
TXN010034,ACC0292,2025-04-16,115875.24,Swiggy
TXN007680,ACC0042,2025-05-03,48390.46,BigBasket
TXN007284,ACC0275,2025-07-02,108554.03,Zomato
TXN015284,ACC0001,2025-02-11,1251.16,ATM_Withdrawal
TXN011107,ACC0111,2025-03-14,106874.14,Amazon
TXN003695,ACC0228,2025-04-08,109325.8,Swiggy
TXN019146,ACC0479,2025-01-20,94466.83,Swiggy
TXN012949,ACC0349,2025-04-04,115357.42,BigBasket
TXN011837,ACC0444,2025-01-23,128433.59,Zomato
TXN016906,ACC0459,2025-04-21,24296.8,Uber
TXN016370,ACC0074,2025-02-27,45780.25,Swiggy
TXN016893,ACC0139,2025-02-08,111853.67,Swiggy
TXN017431,ACC0388,2025-05-16,31505.1,Uber
TXN005235,ACC0458,2025-07-14,85672.49,Swiggy
TXN009493,ACC0266,2025-01-24,102480.75,ATM_Withdrawal
TXN001612,ACC0472,2025-01-20,36961.31,ATM_Withdrawal
TXN009088,ACC0245,2025-06-23,11002.61,ATM_Withdrawal
TXN001238,ACC0132,2025-02-11,117120.66,Uber
TXN012938,ACC0194,2025-03-21,34223.66,Uber
TXN013398,ACC0155,2025-05-04,5358.62,Zomato
TXN000978,ACC0157,2025-05-15,6225.28,Swiggy
TXN018380,ACC0395,2025-01-12,37800.21,BigBasket
TXN001247,ACC0010,2025-05-08,22370.7,Amazon
TXN009099,ACC0278,2025-01-21,134887.65,Swiggy
TXN011144,ACC0431,2025-02-06,101315.57,ATM_Withdrawal
TXN017639,ACC0246,2025-01-14,27201.52,Unknown_POS
TXN005779,ACC0499,2025-02-07,18876.83,BigBasket
TXN010538,ACC0255,2025-03-07,101812.61,Amazon
TXN014064,ACC0080,2025-04-21,29669.92,ATM_Withdrawal
TXN019382,ACC0148,2025-07-07,136518.31,Swiggy
TXN015638,ACC0457,2025-03-22,76595.73,BigBasket
TXN002053,ACC0417,2025-02-06,40389.75,Zomato
TXN009804,ACC0038,2025-06-06,117182.3,Uber
TXN017509,ACC0424,2025-03-19,126393.57,Amazon
TXN019638,ACC0447,2025-03-21,72495.7,ATM_Withdrawal
TXN000166,ACC0007,2025-01-05,79436.18,Uber
TXN016630,ACC0295,2025-01-30,73131.0,BigBasket
TXN008775,ACC0354,2025-05-21,135291.86,Flipkart
TXN011401,ACC0401,2025-01-08,124200.2,Swiggy
TXN003869,ACC0200,2025-05-27,51810.36,Unknown_POS
TXN005394,ACC0433,2025-05-23,148941.87,Zomato
TXN013787,ACC0450,2025-01-09,403.16,Uber
TXN011459,ACC0195,2025-06-04,16331.85,Swiggy
TXN001822,ACC0088,2025-05-22,29105.85,Swiggy
TXN013677,ACC0236,2025-06-06,21184.41,ATM_Withdrawal
TXN014093,ACC0219,2025-07-10,26440.48,Uber
TXN015044,ACC0250,2025-03-10,33901.47,Swiggy
TXN017300,ACC0452,2025-04-18,10543.69,Zomato
TXN005224,ACC0382,2025-02-26,46143.36,Uber
TXN006163,ACC0488,2025-05-25,27618.42,ATM_Withdrawal
TXN003971,ACC0421,2025-02-19,118441.93,Unknown_POS
TXN009184,ACC0422,2025-06-10,22406.61,Uber
TXN009096,ACC0483,2025-01-19,64427.47,ATM_Withdrawal
TXN000596,ACC0442,2025-06-25,131998.54,Swiggy
TXN006719,ACC0460,2025-07-20,77314.59,Zomato
TXN013079,ACC0209,2025-03-05,48293.66,Amazon
TXN014509,ACC0110,2025-06-13,69823.33,Amazon
TXN017279,ACC0171,2025-01-20,107852.61,BigBasket
TXN000778,ACC0210,2025-04-03,16032.15,Unknown_POS
TXN002499,ACC0240,2025-07-10,121361.31,Unknown_POS
TXN013108,ACC0266,2025-03-18,17298.94,Zomato
TXN007151,ACC0268,2025-04-25,84198.66,ATM_Withdrawal
TXN010578,ACC0099,2025-06-26,37460.87,Flipkart
TXN015010,ACC0414,2025-02-05,77858.42,ATM_Withdrawal
TXN017275,ACC0264,2025-03-22,80860.76,Amazon
TXN007535,ACC0483,2025-04-16,64504.1,Amazon
TXN009494,ACC0228,2025-03-19,40930.29,Swiggy
TXN017479,ACC0467,2025-03-31,133294.1,Flipkart
TXN005493,ACC0258,2025-03-25,73413.57,Flipkart
TXN016127,ACC0330,2025-06-10,136070.2,Amazon
TXN006294,ACC0084,2025-07-24,59931.14,Swiggy
TXN011090,ACC0204,2025-03-12,102502.31,Flipkart
TXN009410,ACC0122,2025-05-15,124488.59,BigBasket
TXN013253,ACC0325,2025-03-23,24426.47,Flipkart
TXN004064,ACC0446,2025-02-05,139714.98,Flipkart
TXN019660,ACC0453,2025-04-04,93904.02,Amazon
TXN000937,ACC0023,2025-02-03,26836.89,Amazon
TXN002143,ACC0006,2025-01-31,17538.31,Flipkart
TXN000097,ACC0270,2025-04-25,79249.56,BigBasket
TXN011784,ACC0295,2025-06-19,90905.39,BigBasket
TXN012278,ACC0108,2025-06-26,109248.78,Flipkart
TXN007701,ACC0246,2025-04-08,61560.96,Amazon
TXN001432,ACC0241,2025-01-31,136283.97,Amazon
TXN018608,ACC0485,2025-06-29,36534.94,Flipkart
TXN003829,ACC0126,2025-04-11,72677.28,Uber
TXN012782,ACC0320,2025-07-22,31033.39,Flipkart
TXN000084,ACC0206,2025-06-21,14353.0,Swiggy
TXN006806,ACC0057,2025-02-26,813.79,Unknown_POS
TXN016892,ACC0143,2025-06-21,6958.17,Unknown_POS
TXN016493,ACC0065,2025-01-02,102171.26,Unknown_POS
TXN015174,ACC0276,2025-06-15,89555.97,Uber
TXN014679,ACC0061,2025-01-29,114172.1,ATM_Withdrawal
TXN012015,ACC0219,2025-04-03,86538.39,Swiggy
TXN004671,ACC0302,2025-04-01,34439.12,Flipkart
TXN009516,ACC0352,2025-07-24,137008.86,BigBasket
TXN010350,ACC0441,2025-05-20,139967.15,Zomato
TXN006934,ACC0448,2025-03-04,105470.7,Flipkart
TXN016642,ACC0228,2025-05-16,58999.21,Swiggy
TXN013953,ACC0468,2025-05-10,84983.37,Unknown_POS
TXN004930,ACC0052,2025-01-22,149517.37,ATM_Withdrawal
TXN003478,ACC0340,2025-05-09,115030.19,Zomato
TXN013910,ACC0054,2025-07-18,139219.53,Flipkart
TXN010025,ACC0265,2025-03-29,7798.11,Swiggy
TXN001185,ACC0116,2025-02-17,63744.54,Amazon
TXN009317,ACC0287,2025-07-05,40970.41,Unknown_POS
TXN010643,ACC0297,2025-05-05,83039.23,ATM_Withdrawal
TXN014748,ACC0264,2025-04-03,106789.87,Unknown_POS
TXN015897,ACC0208,2025-02-19,3574.79,Zomato
TXN017563,ACC0435,2025-02-14,10198.09,ATM_Withdrawal
TXN011538,ACC0121,2025-07-03,57039.39,Amazon
TXN018547,ACC0415,2025-03-06,32294.57,Uber
TXN008737,ACC0323,2025-04-09,114766.88,Uber
TXN004884,ACC0003,2025-01-15,13389.46,Swiggy
TXN006936,ACC0307,2025-06-18,93974.05,Unknown_POS
TXN016520,ACC0366,2025-06-02,110455.28,ATM_Withdrawal
TXN005455,ACC0199,2025-03-16,14608.86,Uber
TXN008229,ACC0335,2025-05-04,47014.13,Uber
TXN000664,ACC0067,2025-02-11,87618.71,Uber
TXN016660,ACC0018,2025-03-15,61117.0,ATM_Withdrawal
TXN006643,ACC0077,2025-04-02,13964.61,Uber
TXN017712,ACC0439,2025-01-31,75330.79,Uber
TXN019802,ACC0074,2025-04-21,73257.36,Unknown_POS
TXN000023,ACC0145,2025-05-07,89647.94,ATM_Withdrawal
TXN018057,ACC0139,2025-03-30,3873.22,Flipkart
TXN007387,ACC0464,2025-01-28,122844.13,Swiggy
TXN009598,ACC0328,2025-06-15,22051.03,ATM_Withdrawal
TXN007591,ACC0361,2025-06-05,147305.34,Swiggy
TXN010172,ACC0397,2025-07-30,137423.29,Unknown_POS
TXN005768,ACC0202,2025-04-26,148030.5,Unknown_POS
TXN011275,ACC0310,2025-04-17,54765.32,Swiggy
TXN015733,ACC0312,2025-07-28,38611.62,BigBasket
TXN013414,ACC0334,2025-06-10,100214.27,Uber
TXN012905,ACC0453,2025-05-28,126192.85,BigBasket
TXN007009,ACC0019,2025-01-24,144311.89,Amazon
TXN013516,ACC0289,2025-06-28,14081.66,Flipkart
TXN003044,ACC0173,2025-07-01,88543.45,Zomato
TXN016773,ACC0333,2025-05-23,125425.09,Unknown_POS
TXN008966,ACC0102,2025-02-18,35021.57,Zomato
TXN000604,ACC0006,2025-06-14,140158.99,ATM_Withdrawal
TXN018579,ACC0147,2025-03-27,69154.62,Uber
TXN011415,ACC0402,2025-03-04,110265.23,BigBasket
TXN004519,ACC0164,2025-05-23,140957.43,Uber
TXN015561,ACC0177,2025-04-20,127724.37,Unknown_POS
TXN006714,ACC0402,2025-01-26,59024.79,Swiggy
TXN019061,ACC0164,2025-03-20,13946.67,Zomato
TXN014714,ACC0204,2025-06-18,65988.86,Swiggy
TXN013844,ACC0060,2025-01-29,31679.52,Uber
TXN015657,ACC0017,2025-03-25,43633.78,Flipkart
TXN009702,ACC0492,2025-02-09,114410.99,Zomato
TXN019907,ACC0369,2025-02-08,69582.74,ATM_Withdrawal
TXN006025,ACC0087,2025-07-13,132444.3,Uber
TXN013666,ACC0464,2025-01-20,85396.33,Flipkart
TXN017580,ACC0309,2025-05-27,39072.58,Zomato
TXN010625,ACC0251,2025-06-25,134872.0,BigBasket
TXN013141,ACC0187,2025-05-29,81585.29,Flipkart
TXN017651,ACC0118,2025-01-14,72290.09,Zomato
TXN011048,ACC0172,2025-04-18,8174.13,Uber
TXN005271,ACC0485,2025-01-13,24547.26,Uber
TXN019182,ACC0052,2025-05-20,55697.33,ATM_Withdrawal
TXN019109,ACC0243,2025-05-28,66240.37,Zomato
TXN010917,ACC0495,2025-01-12,127663.08,Amazon
TXN006360,ACC0223,2025-07-10,140512.58,Unknown_POS
TXN003260,ACC0391,2025-01-10,9224.16,Zomato
TXN012733,ACC0304,2025-03-23,36800.7,Unknown_POS
TXN012843,ACC0199,2025-05-05,40466.95,Unknown_POS
TXN003944,ACC0413,2025-06-02,116755.5,Zomato
TXN012428,ACC0048,2025-04-25,52164.99,Unknown_POS
TXN007526,ACC0387,2025-05-01,114991.28,Zomato
TXN013658,ACC0250,2025-02-12,46135.96,ATM_Withdrawal
TXN018929,ACC0177,2025-06-11,102794.55,Uber
TXN008300,ACC0429,2025-03-04,22143.92,Flipkart
TXN007977,ACC0104,2025-01-04,85951.09,BigBasket
TXN014807,ACC0135,2025-01-23,3875.42,BigBasket
TXN005794,ACC0271,2025-05-13,41620.26,Unknown_POS
TXN012461,ACC0401,2025-05-13,25645.12,Uber
TXN001517,ACC0124,2025-02-08,111977.71,Uber
TXN000053,ACC0313,2025-05-04,28880.01,Zomato
TXN008135,ACC0056,2025-06-01,117425.57,Unknown_POS
TXN013497,ACC0011,2025-07-18,79318.36,Zomato
TXN011295,ACC0113,2025-06-27,55321.79,Swiggy
TXN008255,ACC0360,2025-01-21,148655.39,Zomato
TXN013901,ACC0163,2025-04-17,74351.39,Uber
TXN017570,ACC0200,2025-06-28,51477.63,Zomato
TXN016078,ACC0265,2025-05-21,77119.56,Flipkart
TXN019236,ACC0105,2025-01-22,37304.65,ATM_Withdrawal
TXN000468,ACC0116,2025-03-10,84658.78,Swiggy
TXN000629,ACC0284,2025-04-21,125830.48,ATM_Withdrawal
TXN012699,ACC0285,2025-05-15,117273.2,Unknown_POS
TXN017096,ACC0311,2025-01-24,10581.17,Uber
TXN002728,ACC0483,2025-04-04,117042.25,Uber
TXN011547,ACC0444,2025-05-03,126660.57,ATM_Withdrawal
TXN011920,ACC0424,2025-03-01,84454.22,Amazon
TXN013791,ACC0005,2025-07-05,87420.61,BigBasket
TXN014942,ACC0016,2025-06-20,29585.72,Zomato
TXN013519,ACC0143,2025-02-18,123867.9,BigBasket
TXN013512,ACC0391,2025-06-11,75737.76,Uber
TXN017142,ACC0317,2025-04-20,62141.43,Swiggy
TXN011032,ACC0180,2025-04-07,143115.96,Amazon
TXN000223,ACC0072,2025-06-12,45459.75,Uber
TXN014536,ACC0180,2025-04-26,8385.42,Zomato
TXN019071,ACC0443,2025-01-26,70822.42,ATM_Withdrawal
TXN008288,ACC0486,2025-06-10,36789.55,Unknown_POS
TXN013007,ACC0038,2025-03-07,18381.2,Flipkart
TXN002087,ACC0151,2025-06-05,29301.79,Swiggy
TXN006893,ACC0155,2025-05-17,117046.24,BigBasket
TXN000536,ACC0485,2025-06-24,134943.69,Flipkart
TXN004416,ACC0429,2025-02-03,48051.44,Zomato
TXN016271,ACC0492,2025-05-29,22509.63,Unknown_POS
TXN003791,ACC0269,2025-06-20,39919.83,Amazon
TXN002648,ACC0208,2025-05-04,147405.31,Zomato
TXN004823,ACC0237,2025-04-22,56941.39,Amazon
TXN002322,ACC0252,2025-02-13,148615.67,Zomato
TXN013775,ACC0248,2025-05-12,118625.6,Amazon
TXN018811,ACC0014,2025-05-29,89337.52,BigBasket
TXN017825,ACC0267,2025-03-15,49881.24,BigBasket
TXN005004,ACC0055,2025-07-17,16854.08,Unknown_POS
TXN000189,ACC0175,2025-06-04,115362.4,Unknown_POS
TXN007141,ACC0163,2025-01-08,138645.44,Uber
TXN006494,ACC0240,2025-02-18,126665.38,Swiggy
TXN001114,ACC0192,2025-07-20,5657.39,Zomato
TXN000819,ACC0256,2025-07-08,29990.0,Zomato
TXN005655,ACC0056,2025-02-22,81103.35,Unknown_POS
TXN000010,ACC0081,2025-04-23,62372.48,ATM_Withdrawal
TXN008304,ACC0467,2025-01-27,26261.99,Zomato
TXN017700,ACC0395,2025-05-16,71920.44,Zomato
TXN006357,ACC0299,2025-01-14,47931.72,ATM_Withdrawal
TXN000862,ACC0383,2025-05-31,78164.31,ATM_Withdrawal
TXN018088,ACC0435,2025-05-25,43832.37,ATM_Withdrawal
TXN013046,ACC0494,2025-06-18,130817.93,Unknown_POS
TXN014085,ACC0166,2025-03-19,16207.47,Unknown_POS
TXN005252,ACC0484,2025-01-18,39200.66,BigBasket
TXN007876,ACC0290,2025-05-29,1839.57,Zomato
TXN016621,ACC0168,2025-05-30,147030.11,Swiggy
TXN006563,ACC0436,2025-01-13,29807.89,ATM_Withdrawal
TXN014237,ACC0008,2025-02-18,101794.45,Swiggy
TXN018894,ACC0254,2025-05-21,51957.89,ATM_Withdrawal
TXN001973,ACC0274,2025-07-09,58657.88,Flipkart
TXN016836,ACC0204,2025-04-01,14390.47,Swiggy
TXN017425,ACC0446,2025-04-12,8267.95,Unknown_POS
TXN018903,ACC0269,2025-05-13,127859.48,BigBasket
TXN008719,ACC0312,2025-04-21,99024.53,BigBasket
TXN014781,ACC0442,2025-05-13,131728.14,BigBasket
TXN016039,ACC0244,2025-02-22,34954.83,Unknown_POS
TXN004653,ACC0462,2025-02-07,134622.15,Flipkart
TXN005810,ACC0417,2025-01-30,36143.24,ATM_Withdrawal
TXN012314,ACC0088,2025-05-08,79275.17,Uber
TXN009122,ACC0420,2025-04-14,1782.65,BigBasket
TXN005031,ACC0214,2025-03-27,132956.07,Unknown_POS
TXN016299,ACC0322,2025-01-17,59724.83,Uber
TXN006497,ACC0236,2025-04-03,91468.89,Flipkart
TXN001014,ACC0202,2025-07-10,23592.94,BigBasket
TXN017506,ACC0055,2025-05-02,43858.68,BigBasket
TXN012049,ACC0454,2025-06-09,15886.05,Flipkart
TXN006885,ACC0488,2025-02-10,90055.8,Swiggy
TXN013436,ACC0008,2025-07-17,64626.39,BigBasket
TXN006814,ACC0209,2025-02-13,28866.49,Flipkart
TXN005798,ACC0047,2025-02-11,122285.87,BigBasket
TXN019103,ACC0010,2025-06-18,54330.97,Amazon
TXN012281,ACC0327,2025-02-08,14244.43,Flipkart
TXN014966,ACC0018,2025-01-03,69787.94,Uber
TXN017389,ACC0196,2025-03-03,30983.79,Swiggy
TXN005795,ACC0275,2025-01-06,148961.21,Unknown_POS
TXN008178,ACC0022,2025-02-27,141456.14,Flipkart
TXN014067,ACC0349,2025-03-19,19721.9,Flipkart
TXN000122,ACC0229,2025-06-03,100819.94,Amazon
TXN005592,ACC0210,2025-03-09,6475.91,BigBasket
TXN007248,ACC0055,2025-03-05,38339.99,ATM_Withdrawal
TXN019959,ACC0004,2025-05-01,98381.56,Unknown_POS
TXN009305,ACC0027,2025-02-13,57432.69,Swiggy
TXN013990,ACC0309,2025-07-02,25746.22,ATM_Withdrawal
TXN002744,ACC0473,2025-03-09,121546.04,Zomato
TXN006488,ACC0072,2025-06-18,147389.53,Amazon
TXN009527,ACC0182,2025-02-19,132427.41,Uber
TXN013649,ACC0013,2025-02-03,123454.26,ATM_Withdrawal
TXN005525,ACC0246,2025-02-28,86637.04,Zomato
TXN005395,ACC0452,2025-05-09,91431.6,Unknown_POS
TXN003387,ACC0470,2025-07-20,147826.36,ATM_Withdrawal
TXN000014,ACC0264,2025-05-24,15972.28,Zomato
TXN018602,ACC0294,2025-02-22,123408.62,Swiggy
TXN000313,ACC0329,2025-06-23,21470.82,Amazon
TXN002927,ACC0479,2025-03-07,84188.79,Zomato
TXN016171,ACC0325,2025-07-02,104775.29,Flipkart
TXN011849,ACC0385,2025-03-04,71788.86,ATM_Withdrawal
TXN007832,ACC0006,2025-02-20,292.83,ATM_Withdrawal
TXN012238,ACC0099,2025-07-03,125781.02,ATM_Withdrawal
TXN004189,ACC0386,2025-03-16,39157.57,Flipkart
TXN009762,ACC0076,2025-07-05,131517.07,Uber
TXN016820,ACC0278,2025-06-27,131268.59,Flipkart
TXN010946,ACC0387,2025-02-23,71855.48,Uber
TXN018609,ACC0451,2025-01-04,16263.49,Zomato
TXN016072,ACC0365,2025-05-17,29395.13,Zomato
TXN016678,ACC0352,2025-04-25,58640.91,ATM_Withdrawal
TXN009193,ACC0277,2025-05-20,145481.84,Uber
TXN004150,ACC0236,2025-01-16,99266.11,Zomato
TXN016028,ACC0104,2025-03-10,1700.19,BigBasket
TXN001797,ACC0024,2025-02-11,110890.48,Flipkart
TXN005260,ACC0336,2025-01-28,2856.55,Zomato
TXN018370,ACC0481,2025-05-20,47087.14,BigBasket
TXN005195,ACC0169,2025-03-21,28297.0,BigBasket
TXN002775,ACC0189,2025-01-12,43666.35,Swiggy
TXN016430,ACC0029,2025-07-18,126032.48,Amazon
TXN017462,ACC0151,2025-02-27,54845.02,Flipkart
TXN016507,ACC0409,2025-05-19,27580.44,Uber
TXN016935,ACC0464,2025-03-14,145211.84,Swiggy
TXN004681,ACC0480,2025-06-06,64424.77,Uber
TXN008103,ACC0209,2025-05-11,70996.17,BigBasket
TXN005048,ACC0236,2025-07-12,131558.09,Amazon
TXN007312,ACC0177,2025-03-28,58453.32,Flipkart
TXN018867,ACC0393,2025-02-04,118208.48,ATM_Withdrawal
TXN010855,ACC0158,2025-04-25,86956.82,Unknown_POS
TXN018798,ACC0477,2025-05-06,135485.59,ATM_Withdrawal
TXN012303,ACC0085,2025-05-04,139281.34,ATM_Withdrawal
TXN000538,ACC0216,2025-07-21,133032.19,BigBasket
TXN000316,ACC0471,2025-04-16,92430.6,ATM_Withdrawal
TXN002529,ACC0049,2025-07-25,62291.08,Uber
TXN016424,ACC0385,2025-05-28,127319.11,Zomato
TXN001155,ACC0402,2025-04-22,85103.32,BigBasket
TXN009880,ACC0434,2025-04-18,134465.99,Amazon
TXN013766,ACC0121,2025-05-12,96609.8,Flipkart
TXN017891,ACC0133,2025-05-15,88916.42,Unknown_POS
TXN004727,ACC0264,2025-05-29,39022.81,BigBasket
TXN016294,ACC0250,2025-07-28,86478.8,BigBasket
TXN008802,ACC0111,2025-01-08,119872.26,Unknown_POS
TXN014451,ACC0479,2025-06-03,147701.12,Amazon
TXN019760,ACC0148,2025-07-06,91828.52,BigBasket
TXN011760,ACC0264,2025-05-05,110461.35,Zomato
TXN002144,ACC0251,2025-06-14,100335.39,Zomato
TXN003507,ACC0236,2025-07-07,67874.16,Unknown_POS
TXN019316,ACC0087,2025-03-16,49795.86,Flipkart
TXN002504,ACC0222,2025-04-25,63589.41,Uber
TXN014592,ACC0258,2025-04-24,74685.72,Flipkart
TXN009844,ACC0341,2025-05-07,38409.13,Zomato
TXN009552,ACC0375,2025-07-09,107945.7,Flipkart
TXN018407,ACC0250,2025-01-15,8018.53,Zomato
TXN018969,ACC0104,2025-01-30,103198.03,Zomato
TXN003778,ACC0011,2025-07-01,78800.02,BigBasket
TXN018461,ACC0405,2025-07-26,31888.97,ATM_Withdrawal
TXN005180,ACC0412,2025-01-01,121689.96,Amazon
TXN019901,ACC0432,2025-07-12,92031.03,Swiggy
TXN002773,ACC0172,2025-04-15,134613.96,BigBasket
TXN015341,ACC0416,2025-01-25,124487.74,Amazon
TXN017637,ACC0460,2025-01-18,109288.47,Swiggy
TXN010492,ACC0259,2025-03-08,24630.8,Amazon
TXN012684,ACC0376,2025-03-30,46839.77,Uber
TXN008741,ACC0403,2025-02-13,110687.11,Uber
TXN016381,ACC0480,2025-01-29,36021.1,Zomato
TXN017437,ACC0395,2025-07-20,15941.81,Swiggy
TXN000308,ACC0005,2025-01-03,104354.79,Flipkart
TXN018639,ACC0238,2025-05-17,131440.36,Amazon
TXN017633,ACC0162,2025-05-03,3909.07,Swiggy
TXN002949,ACC0101,2025-04-24,54180.66,Zomato
TXN017381,ACC0489,2025-04-19,144427.94,Zomato
TXN017168,ACC0445,2025-04-10,24615.82,Flipkart
TXN005001,ACC0035,2025-04-01,136040.31,Flipkart
TXN007972,ACC0164,2025-06-16,110971.23,Flipkart
TXN017704,ACC0469,2025-01-30,35396.26,Zomato
TXN003630,ACC0271,2025-05-06,69430.25,Uber
TXN003361,ACC0328,2025-02-17,113496.84,Zomato
TXN016284,ACC0412,2025-07-21,748.66,ATM_Withdrawal
TXN000624,ACC0062,2025-04-11,32377.65,Zomato
TXN008957,ACC0357,2025-04-13,23943.16,Zomato
TXN017553,ACC0241,2025-06-27,98054.75,Unknown_POS
TXN015770,ACC0024,2025-01-17,70516.91,ATM_Withdrawal
TXN016574,ACC0276,2025-05-11,125878.21,Unknown_POS
TXN002478,ACC0395,2025-03-08,98905.69,Uber
TXN010388,ACC0290,2025-01-07,17714.84,Zomato
TXN007401,ACC0169,2025-06-16,141858.92,Flipkart
TXN010150,ACC0126,2025-02-11,120025.05,Flipkart
TXN011615,ACC0099,2025-02-08,19319.34,ATM_Withdrawal
TXN005423,ACC0297,2025-06-05,3420.1,Uber
TXN011785,ACC0367,2025-02-26,57719.27,ATM_Withdrawal
TXN008142,ACC0260,2025-07-10,108002.18,Zomato
TXN019304,ACC0063,2025-06-23,37242.94,Flipkart
TXN002086,ACC0338,2025-06-29,135785.15,Unknown_POS
TXN016605,ACC0257,2025-07-25,140391.66,Swiggy
TXN010146,ACC0402,2025-06-23,34862.32,Unknown_POS
TXN002484,ACC0408,2025-01-06,62091.08,ATM_Withdrawal
TXN017975,ACC0466,2025-03-08,104128.06,Flipkart
TXN019052,ACC0379,2025-03-31,138928.04,Swiggy
TXN016862,ACC0427,2025-05-15,137530.29,Zomato
TXN007165,ACC0334,2025-07-01,63550.01,Uber
TXN006217,ACC0335,2025-06-18,104774.35,Unknown_POS
TXN002194,ACC0409,2025-04-30,75359.28,Uber
TXN000453,ACC0361,2025-01-08,64726.93,Swiggy
TXN015746,ACC0369,2025-03-02,40322.21,Amazon
TXN015422,ACC0270,2025-01-21,137359.23,Amazon
TXN016828,ACC0118,2025-03-04,122038.65,Swiggy
TXN000266,ACC0408,2025-07-14,33118.4,Amazon
TXN003283,ACC0169,2025-07-01,146094.81,Uber
TXN015836,ACC0279,2025-01-19,20385.64,Unknown_POS
TXN008427,ACC0468,2025-07-20,128452.3,Zomato
TXN012964,ACC0324,2025-06-14,88297.56,Uber
TXN001578,ACC0485,2025-07-28,117329.19,Uber
TXN002082,ACC0448,2025-01-12,145441.16,BigBasket
TXN000118,ACC0236,2025-03-30,23310.45,Zomato
TXN007100,ACC0034,2025-05-22,66532.92,Flipkart
TXN018807,ACC0418,2025-03-28,109063.98,Swiggy
TXN001379,ACC0229,2025-04-02,13917.55,Amazon
TXN019707,ACC0089,2025-02-19,133740.78,Amazon
TXN000707,ACC0109,2025-04-16,135848.92,Swiggy
TXN017849,ACC0184,2025-03-28,95662.96,Zomato
TXN015906,ACC0249,2025-05-10,93778.41,Zomato
TXN005610,ACC0404,2025-01-28,113645.97,Uber
TXN010236,ACC0129,2025-02-23,123565.64,Unknown_POS
TXN018429,ACC0074,2025-04-23,9821.13,BigBasket
TXN004196,ACC0002,2025-06-19,39229.73,Zomato
TXN019982,ACC0234,2025-02-06,50886.37,Zomato
TXN015278,ACC0232,2025-07-23,121967.08,Unknown_POS
TXN012270,ACC0334,2025-02-07,149085.35,Zomato
TXN003954,ACC0486,2025-06-19,9994.77,BigBasket
TXN014922,ACC0220,2025-01-01,30255.15,Swiggy
TXN008512,ACC0453,2025-02-07,76660.63,ATM_Withdrawal
TXN014073,ACC0277,2025-03-02,109324.81,BigBasket
TXN003491,ACC0190,2025-01-10,21565.8,Flipkart
TXN018315,ACC0056,2025-03-31,135340.93,BigBasket
TXN018628,ACC0275,2025-05-22,129984.92,Amazon
TXN011139,ACC0418,2025-07-19,54487.66,Uber
TXN012498,ACC0037,2025-04-08,21898.18,Unknown_POS
TXN015551,ACC0204,2025-04-25,62934.79,ATM_Withdrawal
TXN011692,ACC0091,2025-07-09,73220.76,Amazon
TXN010371,ACC0043,2025-05-04,102881.13,BigBasket
TXN015871,ACC0058,2025-06-30,66004.85,Swiggy
TXN010777,ACC0459,2025-01-19,134141.85,Uber
TXN001983,ACC0421,2025-02-19,102009.93,Flipkart
TXN003187,ACC0400,2025-07-05,40444.01,Uber
TXN015948,ACC0147,2025-04-09,82132.65,Flipkart
TXN018720,ACC0205,2025-03-08,50736.38,Amazon
TXN000569,ACC0155,2025-04-18,99266.6,Uber
TXN009392,ACC0181,2025-03-09,145359.52,Zomato
TXN014251,ACC0360,2025-01-06,119523.48,Swiggy
TXN006080,ACC0257,2025-03-28,93891.93,BigBasket
TXN007970,ACC0338,2025-06-28,10269.21,Uber
TXN009756,ACC0369,2025-01-30,83983.98,Amazon
TXN012367,ACC0326,2025-04-17,22382.48,Zomato
TXN012738,ACC0410,2025-06-22,124726.59,Swiggy
TXN015332,ACC0086,2025-04-29,139887.65,Flipkart
TXN000141,ACC0448,2025-01-19,28265.09,Zomato
TXN019163,ACC0225,2025-06-07,88428.99,Uber
TXN005883,ACC0272,2025-01-05,116458.69,ATM_Withdrawal
TXN013556,ACC0285,2025-04-23,61622.4,Uber
TXN001242,ACC0313,2025-04-11,26807.4,ATM_Withdrawal
TXN010629,ACC0355,2025-03-25,54752.61,Unknown_POS
TXN000944,ACC0286,2025-07-10,140739.67,Unknown_POS
TXN002315,ACC0080,2025-03-04,8428.53,Uber
TXN012160,ACC0214,2025-07-23,47781.98,Unknown_POS
TXN014855,ACC0172,2025-03-18,94671.68,Unknown_POS
TXN013809,ACC0233,2025-05-29,123847.44,BigBasket
TXN005233,ACC0371,2025-02-25,148249.66,Uber
TXN008086,ACC0062,2025-07-10,61607.07,Flipkart
TXN000436,ACC0436,2025-07-17,144779.33,Amazon
TXN011064,ACC0468,2025-01-19,69980.96,Amazon
TXN007391,ACC0051,2025-02-23,108513.02,Uber
TXN008443,ACC0472,2025-06-06,77382.92,Amazon
TXN007235,ACC0473,2025-06-08,89677.05,Flipkart
TXN019786,ACC0410,2025-01-27,118407.1,Zomato
TXN005111,ACC0449,2025-07-09,123062.35,Zomato
TXN002684,ACC0417,2025-05-16,121310.4,Zomato
TXN014365,ACC0392,2025-01-25,74809.55,Flipkart
TXN008678,ACC0089,2025-02-19,143108.27,Swiggy
TXN004155,ACC0088,2025-04-06,5317.67,Swiggy
TXN008162,ACC0338,2025-04-05,77822.63,Amazon
TXN011008,ACC0031,2025-07-11,110148.53,Amazon
TXN017392,ACC0044,2025-05-30,134797.77,Amazon
TXN008149,ACC0115,2025-03-22,23650.4,Uber
TXN004439,ACC0053,2025-02-27,129074.51,Flipkart
TXN013074,ACC0165,2025-07-04,104353.82,Unknown_POS
TXN014166,ACC0372,2025-01-11,40828.31,Flipkart
TXN013843,ACC0436,2025-01-17,32979.85,Amazon
TXN011700,ACC0178,2025-01-01,123693.37,Zomato
TXN009547,ACC0171,2025-02-03,70988.58,Swiggy
TXN013369,ACC0018,2025-03-13,62276.72,Swiggy
TXN004875,ACC0164,2025-04-22,116936.37,Swiggy
TXN012242,ACC0452,2025-03-24,24589.43,Swiggy
TXN013344,ACC0193,2025-01-18,135770.5,Amazon
TXN005341,ACC0215,2025-01-21,132879.05,BigBasket
TXN005946,ACC0459,2025-05-27,17725.05,Unknown_POS
TXN018052,ACC0005,2025-03-19,61164.11,ATM_Withdrawal
TXN007889,ACC0115,2025-03-21,48723.38,ATM_Withdrawal
TXN016691,ACC0278,2025-03-22,104284.68,Amazon
TXN018439,ACC0010,2025-01-10,45590.1,Zomato
TXN019845,ACC0429,2025-02-25,102342.25,Swiggy
TXN017244,ACC0470,2025-04-25,85382.87,ATM_Withdrawal
TXN015607,ACC0068,2025-01-17,43996.37,Flipkart
TXN012620,ACC0284,2025-02-12,83078.74,ATM_Withdrawal
TXN005412,ACC0236,2025-05-09,104234.29,BigBasket
TXN009174,ACC0112,2025-05-06,93425.19,Flipkart
TXN003070,ACC0466,2025-02-16,101747.33,Uber
TXN006092,ACC0435,2025-04-30,19749.47,Unknown_POS
TXN009432,ACC0154,2025-04-25,115157.49,ATM_Withdrawal
TXN018927,ACC0132,2025-07-19,122214.79,ATM_Withdrawal
TXN001697,ACC0467,2025-04-03,23597.03,Uber
TXN015329,ACC0293,2025-01-30,37941.19,Amazon
TXN012930,ACC0343,2025-03-08,7816.02,BigBasket
TXN018857,ACC0407,2025-01-30,49421.2,Amazon
TXN006775,ACC0149,2025-01-24,17928.7,ATM_Withdrawal
TXN009519,ACC0423,2025-07-25,69083.2,Unknown_POS
TXN004955,ACC0450,2025-02-24,64289.82,Uber
TXN008169,ACC0249,2025-06-12,92150.99,Unknown_POS
TXN008975,ACC0152,2025-04-05,126630.38,BigBasket
TXN011071,ACC0016,2025-04-23,1719.61,BigBasket
TXN009936,ACC0136,2025-02-11,97027.01,Unknown_POS
TXN013934,ACC0345,2025-07-04,115219.75,BigBasket
TXN001834,ACC0003,2025-04-11,29231.49,Flipkart
TXN012730,ACC0398,2025-05-23,133919.42,Swiggy
TXN013740,ACC0309,2025-01-18,35279.75,Uber
TXN008630,ACC0057,2025-02-09,126052.42,Uber
TXN017869,ACC0128,2025-06-01,47518.06,Zomato
TXN015622,ACC0471,2025-03-23,17255.95,Zomato
TXN009586,ACC0294,2025-01-07,21445.54,Amazon
TXN004889,ACC0483,2025-05-24,96239.99,Amazon
TXN015743,ACC0491,2025-02-16,22133.13,Zomato
TXN019648,ACC0104,2025-01-20,553.18,Uber
TXN003353,ACC0181,2025-03-05,41531.04,Amazon
TXN011772,ACC0351,2025-01-15,34593.35,ATM_Withdrawal
TXN007522,ACC0145,2025-01-07,39807.51,Swiggy
TXN009536,ACC0026,2025-05-20,13184.22,Uber
TXN011309,ACC0473,2025-02-01,149806.65,BigBasket
TXN020000,ACC0019,2025-06-05,59339.42,Swiggy
TXN015512,ACC0195,2025-02-04,61314.95,Unknown_POS
TXN007253,ACC0459,2025-01-22,78224.53,Zomato
TXN004621,ACC0224,2025-07-30,22379.59,BigBasket
TXN011671,ACC0008,2025-03-12,16016.34,BigBasket
TXN009271,ACC0348,2025-07-27,73526.78,Unknown_POS
TXN000086,ACC0134,2025-04-09,35366.41,Uber
TXN017573,ACC0209,2025-06-21,62298.69,Flipkart
TXN017288,ACC0326,2025-03-19,18519.26,Amazon
TXN018530,ACC0481,2025-02-15,25054.62,Zomato
TXN007736,ACC0470,2025-03-12,93005.88,Swiggy
TXN010583,ACC0071,2025-07-24,119356.51,Amazon
TXN007910,ACC0152,2025-05-10,50711.11,Amazon
TXN000027,ACC0027,2025-05-26,84294.44,BigBasket
TXN009207,ACC0160,2025-03-11,139739.44,Zomato
TXN018472,ACC0135,2025-05-30,44871.55,Flipkart
TXN002297,ACC0105,2025-05-29,94488.61,Unknown_POS
TXN008797,ACC0031,2025-01-08,73998.18,BigBasket
TXN012599,ACC0182,2025-01-04,143580.89,Amazon
TXN007946,ACC0390,2025-03-19,145594.91,BigBasket
TXN000026,ACC0392,2025-04-14,54922.31,Unknown_POS
TXN013645,ACC0262,2025-05-19,49707.65,Swiggy
TXN002587,ACC0251,2025-03-05,70911.61,Amazon
TXN009441,ACC0281,2025-03-21,85400.14,Unknown_POS
TXN016320,ACC0014,2025-02-12,98720.76,Zomato
TXN017412,ACC0467,2025-04-25,37881.09,BigBasket
TXN003826,ACC0061,2025-07-05,108425.24,Uber
TXN004932,ACC0308,2025-06-25,2913.54,BigBasket
TXN012137,ACC0104,2025-02-18,132445.03,Amazon
TXN013615,ACC0104,2025-01-16,114382.78,Flipkart
TXN010077,ACC0200,2025-03-30,10287.42,ATM_Withdrawal
TXN002589,ACC0428,2025-02-28,78814.11,Swiggy
TXN019327,ACC0159,2025-02-12,87759.45,BigBasket
TXN016047,ACC0082,2025-04-09,52132.46,Uber
TXN015909,ACC0281,2025-04-21,41242.17,Flipkart
TXN017888,ACC0324,2025-02-15,96652.99,Unknown_POS
TXN005760,ACC0197,2025-01-07,16105.29,Flipkart
TXN002109,ACC0434,2025-04-10,146978.43,BigBasket
TXN006632,ACC0416,2025-01-24,44829.65,Amazon
TXN014269,ACC0165,2025-01-31,84132.45,BigBasket
TXN010675,ACC0339,2025-01-18,84349.19,Zomato
TXN003723,ACC0346,2025-05-19,61203.48,Unknown_POS
TXN012247,ACC0151,2025-06-14,116191.96,Zomato
TXN014060,ACC0352,2025-01-27,127139.56,Zomato
TXN015780,ACC0259,2025-04-22,92454.97,Unknown_POS
TXN005551,ACC0378,2025-07-23,92598.41,Swiggy
TXN002506,ACC0220,2025-02-21,85092.95,BigBasket
TXN018476,ACC0415,2025-02-02,25401.95,BigBasket
TXN019216,ACC0025,2025-07-28,118712.81,Amazon
TXN018688,ACC0228,2025-01-19,134037.8,Swiggy
TXN019624,ACC0229,2025-01-27,40029.48,Flipkart
TXN006316,ACC0023,2025-02-03,109653.56,Flipkart
TXN007456,ACC0430,2025-05-01,60758.4,Amazon
TXN017495,ACC0262,2025-05-07,127406.14,Unknown_POS
TXN008119,ACC0457,2025-01-21,39068.84,ATM_Withdrawal
TXN009700,ACC0259,2025-05-20,131599.84,Unknown_POS
TXN014752,ACC0255,2025-03-11,129853.71,Uber
TXN018106,ACC0194,2025-04-12,140329.13,Uber
TXN013053,ACC0052,2025-03-16,70925.26,Zomato
TXN002418,ACC0243,2025-02-24,8158.92,Amazon
TXN013542,ACC0402,2025-06-01,43374.99,Unknown_POS
TXN011842,ACC0295,2025-01-24,107651.9,Uber
TXN015056,ACC0004,2025-06-06,135941.17,Zomato
TXN009662,ACC0292,2025-04-18,144326.55,Zomato
TXN019732,ACC0097,2025-01-09,146416.42,Flipkart
TXN014984,ACC0006,2025-02-07,74541.88,Swiggy
TXN012889,ACC0165,2025-01-07,43360.86,BigBasket
TXN014317,ACC0165,2025-03-11,85562.57,ATM_Withdrawal
TXN006667,ACC0469,2025-02-05,25271.54,Flipkart
TXN006646,ACC0069,2025-06-26,1261.18,Amazon
TXN010529,ACC0287,2025-07-27,112435.21,BigBasket
TXN005481,ACC0171,2025-07-06,52187.34,Flipkart
TXN019124,ACC0441,2025-05-22,37862.47,Zomato
TXN014327,ACC0195,2025-06-03,47009.51,BigBasket
TXN018797,ACC0194,2025-06-24,116417.47,Amazon
TXN011851,ACC0474,2025-02-22,67942.02,Amazon
TXN009529,ACC0045,2025-06-25,76539.73,ATM_Withdrawal
TXN007607,ACC0454,2025-03-19,17995.92,Swiggy
TXN006947,ACC0250,2025-02-16,149013.81,BigBasket
TXN010143,ACC0073,2025-02-12,791.79,Flipkart
TXN019843,ACC0321,2025-03-28,129829.53,BigBasket
TXN010976,ACC0441,2025-03-28,86265.87,ATM_Withdrawal
TXN000979,ACC0168,2025-05-09,104680.41,Swiggy
TXN011171,ACC0385,2025-01-14,106878.94,Flipkart
TXN013774,ACC0168,2025-07-18,136750.97,BigBasket
TXN004637,ACC0238,2025-06-01,65880.65,Flipkart
TXN010508,ACC0003,2025-07-17,42147.18,Zomato
TXN015128,ACC0260,2025-01-18,2389.42,Amazon
TXN014017,ACC0448,2025-05-27,49192.87,Swiggy
TXN002811,ACC0225,2025-02-15,76324.65,Uber
TXN010827,ACC0028,2025-03-28,11615.69,BigBasket
TXN013180,ACC0296,2025-02-14,63162.19,Unknown_POS
TXN015485,ACC0355,2025-03-28,93919.33,Zomato
TXN002178,ACC0328,2025-01-23,54454.78,BigBasket
TXN013665,ACC0033,2025-03-16,3056.88,Zomato
TXN000499,ACC0389,2025-05-13,130084.99,Amazon
TXN001004,ACC0299,2025-06-19,79043.52,Uber
TXN001085,ACC0219,2025-06-05,127177.31,Uber
TXN003069,ACC0257,2025-06-21,6909.04,Unknown_POS
TXN008477,ACC0245,2025-06-23,109876.24,Amazon
TXN004651,ACC0049,2025-05-20,141559.94,Flipkart
TXN000187,ACC0257,2025-07-10,146149.78,Amazon
TXN015466,ACC0079,2025-01-07,106089.45,Flipkart
TXN012651,ACC0309,2025-04-01,146741.53,Uber
TXN017985,ACC0482,2025-01-05,59874.91,BigBasket
TXN017163,ACC0413,2025-03-13,117087.72,Zomato
TXN006452,ACC0462,2025-03-23,109881.61,Unknown_POS
TXN017858,ACC0440,2025-05-27,103712.26,ATM_Withdrawal
TXN014488,ACC0106,2025-04-09,50782.13,BigBasket
TXN016881,ACC0285,2025-05-26,147141.54,Amazon
TXN006613,ACC0069,2025-07-23,127361.99,Swiggy
TXN013154,ACC0229,2025-01-01,125766.69,Swiggy
TXN009759,ACC0053,2025-04-02,60426.19,Swiggy
TXN014873,ACC0051,2025-01-09,122356.29,ATM_Withdrawal
TXN018337,ACC0059,2025-07-20,46471.5,Unknown_POS
TXN013961,ACC0474,2025-02-12,22234.49,ATM_Withdrawal
TXN018277,ACC0237,2025-03-11,133000.89,Amazon
TXN006388,ACC0310,2025-06-01,78814.42,Amazon
TXN004604,ACC0083,2025-04-19,77466.17,Amazon
TXN018819,ACC0279,2025-06-23,57851.75,Unknown_POS
TXN005786,ACC0009,2025-04-13,99005.73,Uber
TXN003827,ACC0327,2025-03-05,30899.79,BigBasket
TXN012762,ACC0289,2025-02-05,103214.45,Uber
TXN015074,ACC0178,2025-06-21,113666.02,Flipkart
TXN003061,ACC0173,2025-06-13,112402.59,Unknown_POS
TXN001777,ACC0079,2025-03-20,142827.1,Swiggy
TXN010684,ACC0298,2025-05-12,42018.17,Amazon
TXN018542,ACC0307,2025-06-28,101904.56,Amazon
TXN012346,ACC0213,2025-04-20,142692.11,Flipkart
TXN015305,ACC0102,2025-01-23,55224.83,Zomato
TXN012578,ACC0031,2025-01-26,75325.58,Amazon
TXN001053,ACC0093,2025-07-19,87837.89,Swiggy
TXN013042,ACC0204,2025-03-23,102228.69,ATM_Withdrawal
TXN009797,ACC0178,2025-01-02,122273.61,Amazon
TXN012632,ACC0127,2025-07-23,147630.76,Swiggy
TXN004673,ACC0058,2025-04-01,64101.09,ATM_Withdrawal
TXN003349,ACC0343,2025-01-07,32445.13,Swiggy
TXN005297,ACC0423,2025-03-08,62117.3,Swiggy
TXN017222,ACC0167,2025-01-24,70972.4,BigBasket
TXN001862,ACC0160,2025-05-30,132789.03,Swiggy
TXN005691,ACC0207,2025-05-27,110559.71,Zomato
TXN010655,ACC0125,2025-04-30,149429.48,Amazon
TXN011420,ACC0014,2025-06-10,81109.9,BigBasket
TXN008979,ACC0149,2025-01-08,48515.16,Swiggy
TXN004219,ACC0451,2025-04-18,113484.09,Swiggy
TXN019381,ACC0368,2025-07-10,86167.23,Swiggy
TXN007447,ACC0416,2025-03-15,26400.39,Zomato
TXN003776,ACC0052,2025-02-12,20923.84,Amazon
TXN018951,ACC0142,2025-03-24,84280.13,Flipkart
TXN001937,ACC0048,2025-02-13,15691.76,Swiggy
TXN014923,ACC0413,2025-06-24,145018.93,Amazon
TXN007450,ACC0138,2025-02-22,51036.87,Amazon
TXN016285,ACC0292,2025-06-07,149364.61,ATM_Withdrawal
TXN013797,ACC0314,2025-02-18,99217.89,Flipkart
TXN006440,ACC0358,2025-01-20,148118.07,Zomato
TXN019876,ACC0456,2025-04-29,118166.57,Flipkart
TXN006417,ACC0137,2025-03-22,89272.14,Zomato
TXN004419,ACC0350,2025-06-10,118871.16,BigBasket
TXN017701,ACC0175,2025-05-17,98106.63,Zomato
TXN019898,ACC0213,2025-04-14,104543.49,Amazon
TXN006196,ACC0298,2025-03-21,85063.79,ATM_Withdrawal
TXN015226,ACC0004,2025-02-16,131832.38,BigBasket
TXN012794,ACC0399,2025-01-08,111967.9,Unknown_POS
TXN017159,ACC0350,2025-03-16,90498.75,Unknown_POS
TXN011353,ACC0328,2025-07-19,4318.77,Amazon
TXN014407,ACC0360,2025-06-05,92637.25,ATM_Withdrawal
TXN013699,ACC0435,2025-05-27,114456.43,ATM_Withdrawal
TXN005155,ACC0130,2025-02-09,51948.61,Swiggy
TXN001349,ACC0097,2025-04-28,13141.95,Unknown_POS
TXN000280,ACC0273,2025-03-13,89548.81,Swiggy
TXN019174,ACC0315,2025-06-08,111506.94,BigBasket
TXN016326,ACC0352,2025-05-02,85321.15,Flipkart
TXN000625,ACC0367,2025-03-28,16209.47,Unknown_POS
TXN018451,ACC0167,2025-02-19,149618.32,Unknown_POS
TXN006231,ACC0319,2025-03-08,83826.96,Unknown_POS
TXN017535,ACC0473,2025-05-03,24425.69,ATM_Withdrawal
TXN013063,ACC0452,2025-06-07,52973.05,Amazon
TXN016413,ACC0078,2025-01-14,11876.62,Amazon
TXN019983,ACC0470,2025-06-09,37195.02,Amazon
TXN015155,ACC0085,2025-04-18,113655.21,BigBasket
TXN019208,ACC0061,2025-07-27,58872.41,Amazon
TXN018338,ACC0422,2025-03-26,138103.52,Amazon
TXN016238,ACC0287,2025-01-26,30710.85,Swiggy
TXN014768,ACC0495,2025-05-14,64684.57,ATM_Withdrawal
TXN009857,ACC0367,2025-05-22,135938.15,ATM_Withdrawal
TXN012363,ACC0487,2025-03-27,33084.19,ATM_Withdrawal
TXN019016,ACC0353,2025-02-22,68866.96,Flipkart
TXN012027,ACC0222,2025-04-20,73241.2,Flipkart
TXN017826,ACC0004,2025-06-10,48127.31,Swiggy
TXN000906,ACC0395,2025-04-24,37111.97,Amazon
TXN008336,ACC0187,2025-05-23,43784.96,Swiggy
TXN018191,ACC0467,2025-07-23,79912.44,Flipkart
TXN019699,ACC0233,2025-04-30,130172.87,Flipkart
TXN000685,ACC0321,2025-01-17,31656.68,Zomato
TXN003593,ACC0358,2025-06-24,90845.75,Flipkart
TXN012439,ACC0296,2025-03-20,127557.57,Swiggy
TXN018330,ACC0305,2025-07-11,37971.61,Uber
TXN014980,ACC0234,2025-02-06,22467.35,Swiggy
TXN001458,ACC0380,2025-02-13,9753.33,Zomato
TXN009878,ACC0042,2025-06-22,84552.94,Uber
TXN016697,ACC0420,2025-03-07,6201.75,Unknown_POS
TXN016546,ACC0319,2025-03-18,2002.85,Amazon
TXN012093,ACC0450,2025-05-16,95283.71,Flipkart
TXN009957,ACC0467,2025-02-03,53751.37,Uber
TXN010217,ACC0409,2025-07-17,86586.26,Swiggy
TXN014764,ACC0449,2025-06-04,19329.88,Unknown_POS
TXN002830,ACC0496,2025-04-01,120555.98,Zomato
TXN007826,ACC0442,2025-05-08,140867.99,Uber
TXN010250,ACC0146,2025-04-14,55482.93,Unknown_POS
TXN016093,ACC0412,2025-03-30,91259.47,Unknown_POS
TXN009576,ACC0410,2025-07-23,28184.12,Zomato
TXN011034,ACC0210,2025-06-24,59557.03,ATM_Withdrawal
TXN006901,ACC0431,2025-03-29,56517.11,Uber
TXN009361,ACC0097,2025-05-06,69285.02,BigBasket
TXN009430,ACC0440,2025-01-16,76193.05,Swiggy
TXN011996,ACC0196,2025-01-15,55395.65,Amazon
TXN019415,ACC0099,2025-07-30,99298.74,Amazon
TXN014140,ACC0495,2025-07-26,65611.13,Zomato
TXN011717,ACC0353,2025-07-09,102596.98,ATM_Withdrawal
TXN007819,ACC0147,2025-01-20,16450.85,Flipkart
TXN006872,ACC0274,2025-03-28,47333.03,Uber
TXN008508,ACC0401,2025-06-16,91429.57,Flipkart
TXN012018,ACC0161,2025-03-06,18268.76,ATM_Withdrawal
TXN011282,ACC0167,2025-03-16,105585.28,Swiggy
TXN005702,ACC0032,2025-01-06,2775.15,Unknown_POS
TXN009252,ACC0447,2025-04-10,112416.75,ATM_Withdrawal
TXN000330,ACC0489,2025-07-17,10995.13,Flipkart
TXN013530,ACC0146,2025-02-21,89788.59,Swiggy
TXN004304,ACC0489,2025-02-14,133586.42,Flipkart
TXN008983,ACC0326,2025-07-25,85846.31,Zomato
TXN005141,ACC0024,2025-05-11,28156.26,ATM_Withdrawal
TXN019119,ACC0301,2025-06-22,149801.76,ATM_Withdrawal
TXN007472,ACC0484,2025-01-06,102949.44,Unknown_POS
TXN003655,ACC0453,2025-05-11,8426.08,Swiggy
TXN015253,ACC0286,2025-06-11,81891.61,BigBasket
TXN003203,ACC0029,2025-06-13,51436.65,BigBasket
TXN017053,ACC0350,2025-04-05,131773.69,Flipkart
TXN008321,ACC0489,2025-03-02,70220.91,Flipkart
TXN017283,ACC0375,2025-07-14,117801.83,Zomato
TXN006408,ACC0139,2025-01-05,101325.86,Unknown_POS
TXN016650,ACC0043,2025-07-18,85875.38,BigBasket
TXN013257,ACC0011,2025-04-05,47817.35,ATM_Withdrawal
TXN006634,ACC0002,2025-02-15,111455.52,BigBasket
TXN010197,ACC0034,2025-06-22,41084.48,Swiggy
TXN005429,ACC0287,2025-04-01,102853.31,Uber
TXN008713,ACC0020,2025-05-19,101065.1,Flipkart
TXN018613,ACC0247,2025-03-15,131231.17,BigBasket
TXN010654,ACC0386,2025-06-05,13617.0,Unknown_POS
TXN000017,ACC0443,2025-06-07,62749.3,Swiggy
TXN019990,ACC0420,2025-04-21,111878.75,Zomato
TXN002777,ACC0414,2025-03-22,76643.88,BigBasket
TXN006085,ACC0245,2025-05-17,11694.0,Unknown_POS
TXN007706,ACC0466,2025-03-18,83054.64,Flipkart
TXN018492,ACC0300,2025-05-26,32028.05,Zomato
TXN014145,ACC0276,2025-04-16,35358.99,Amazon
TXN010162,ACC0163,2025-01-19,140622.03,Zomato
TXN008021,ACC0148,2025-02-12,60857.36,Swiggy
TXN000676,ACC0464,2025-06-14,92074.48,Zomato
TXN018978,ACC0171,2025-06-19,83307.69,ATM_Withdrawal
TXN001943,ACC0201,2025-02-10,148439.79,Swiggy
TXN013236,ACC0148,2025-01-20,92419.01,ATM_Withdrawal
TXN016418,ACC0367,2025-03-19,129981.6,Uber
TXN001730,ACC0230,2025-03-18,85886.67,Amazon
TXN007572,ACC0276,2025-07-11,102309.69,Unknown_POS
TXN001381,ACC0401,2025-07-16,41725.18,Amazon
TXN003119,ACC0037,2025-07-20,62592.59,Uber
TXN016248,ACC0230,2025-03-16,9101.75,Amazon
TXN015039,ACC0015,2025-03-31,92655.27,BigBasket
TXN004175,ACC0023,2025-04-20,73601.73,Zomato
TXN006470,ACC0415,2025-03-10,23124.74,Zomato
TXN000059,ACC0149,2025-01-11,43180.17,Flipkart
TXN015876,ACC0478,2025-02-06,94689.48,Unknown_POS
TXN009728,ACC0341,2025-01-22,79340.8,BigBasket
TXN013862,ACC0066,2025-01-12,14317.79,Swiggy
TXN001253,ACC0063,2025-05-26,80318.85,BigBasket
TXN008943,ACC0340,2025-03-07,51829.72,BigBasket
TXN009250,ACC0441,2025-07-24,64977.9,Flipkart
TXN001596,ACC0364,2025-05-16,64967.8,Uber
TXN014226,ACC0277,2025-06-21,7917.41,Swiggy
TXN001201,ACC0337,2025-03-16,121343.92,Amazon
TXN005383,ACC0362,2025-01-01,9405.07,BigBasket
TXN010415,ACC0129,2025-06-30,147777.13,Zomato
TXN006547,ACC0339,2025-03-19,91140.42,ATM_Withdrawal
TXN002934,ACC0111,2025-01-24,139435.59,Swiggy
TXN008207,ACC0110,2025-04-26,39865.42,ATM_Withdrawal
TXN014035,ACC0075,2025-03-23,7575.18,Flipkart
TXN001558,ACC0181,2025-04-18,90337.29,BigBasket
TXN016757,ACC0167,2025-04-15,106938.33,Zomato
TXN001330,ACC0448,2025-06-30,60833.79,BigBasket
TXN012332,ACC0304,2025-06-30,84694.58,Uber
TXN015461,ACC0131,2025-03-07,8410.09,BigBasket
TXN007303,ACC0234,2025-01-30,65083.56,Uber
TXN001986,ACC0418,2025-03-25,48435.8,Zomato
TXN006385,ACC0217,2025-06-07,28375.39,Swiggy
TXN017346,ACC0297,2025-07-20,82320.86,Uber
TXN017760,ACC0495,2025-05-03,31204.01,Zomato
TXN015437,ACC0500,2025-01-23,1942.91,Uber
TXN002607,ACC0148,2025-01-29,145422.01,ATM_Withdrawal
TXN017393,ACC0353,2025-05-15,70846.11,Amazon
TXN009741,ACC0004,2025-07-12,12659.41,BigBasket
TXN009813,ACC0176,2025-01-28,100895.03,Unknown_POS
TXN001413,ACC0264,2025-02-19,114978.04,Swiggy
TXN006386,ACC0265,2025-03-13,44035.6,Zomato
TXN003742,ACC0124,2025-07-13,60947.67,Zomato
TXN006522,ACC0029,2025-06-21,133291.37,Uber
TXN003592,ACC0302,2025-07-17,137454.19,BigBasket
TXN010960,ACC0101,2025-04-13,70508.56,Flipkart
TXN018345,ACC0146,2025-04-28,540.06,Uber
TXN012262,ACC0063,2025-02-02,75439.31,Unknown_POS
TXN006723,ACC0397,2025-07-17,659.84,Flipkart
TXN001370,ACC0274,2025-03-19,18267.43,Amazon
TXN009158,ACC0465,2025-07-07,134569.26,BigBasket
TXN009584,ACC0350,2025-03-09,61869.11,BigBasket
TXN008449,ACC0157,2025-06-23,5889.54,Zomato
TXN010551,ACC0105,2025-03-09,132777.34,Flipkart
TXN019599,ACC0202,2025-01-08,23338.85,Swiggy
TXN015480,ACC0439,2025-06-27,41775.4,Unknown_POS
TXN006250,ACC0108,2025-04-28,6095.2,Uber
TXN019609,ACC0204,2025-01-18,21299.01,Unknown_POS
TXN007129,ACC0236,2025-04-13,25826.04,Swiggy
TXN007586,ACC0111,2025-05-18,30869.83,Flipkart
TXN004103,ACC0082,2025-01-16,117219.89,Amazon
TXN010787,ACC0287,2025-01-21,82662.17,Flipkart
TXN014452,ACC0076,2025-03-19,127720.15,Swiggy
TXN003078,ACC0176,2025-03-29,47980.44,ATM_Withdrawal
TXN000638,ACC0365,2025-07-08,140330.04,Zomato
TXN017314,ACC0476,2025-01-15,136632.93,Swiggy
TXN010648,ACC0200,2025-05-27,131264.27,Swiggy
TXN010525,ACC0241,2025-07-17,68000.86,BigBasket
TXN016150,ACC0438,2025-06-16,11739.01,Flipkart
TXN004089,ACC0383,2025-03-06,103710.43,Swiggy
TXN015033,ACC0300,2025-06-16,149890.73,Uber
TXN015520,ACC0474,2025-05-19,81651.73,Flipkart
TXN001357,ACC0297,2025-03-29,98381.29,BigBasket
TXN000894,ACC0097,2025-03-24,2958.34,Amazon
TXN014344,ACC0456,2025-06-30,79335.17,Amazon
TXN017635,ACC0308,2025-01-01,104972.99,Unknown_POS
TXN000852,ACC0296,2025-05-28,97497.33,Swiggy
TXN019730,ACC0430,2025-07-27,108589.74,Swiggy
TXN017878,ACC0031,2025-01-29,73705.6,BigBasket
TXN012707,ACC0174,2025-01-02,97507.57,Amazon
TXN010264,ACC0403,2025-06-13,138236.11,Zomato
TXN012680,ACC0212,2025-02-01,9853.66,Uber
TXN002895,ACC0304,2025-03-05,12629.12,Unknown_POS
TXN002371,ACC0015,2025-03-03,42366.93,Flipkart
TXN005105,ACC0108,2025-04-03,122356.04,Uber
TXN000249,ACC0296,2025-01-27,119935.38,Swiggy
TXN008396,ACC0238,2025-04-25,105633.44,Swiggy
TXN018292,ACC0287,2025-07-26,101951.14,Swiggy
TXN005515,ACC0052,2025-05-12,84700.53,Flipkart
TXN018599,ACC0236,2025-04-15,106511.97,Flipkart
TXN018188,ACC0312,2025-07-24,111385.38,Zomato
TXN010498,ACC0087,2025-05-13,105709.37,BigBasket
TXN002041,ACC0377,2025-03-05,36390.81,Amazon
TXN019112,ACC0484,2025-07-11,9659.37,Uber
TXN006997,ACC0277,2025-01-13,32549.73,Amazon
TXN006833,ACC0436,2025-01-19,3608.26,Uber
TXN017581,ACC0458,2025-03-17,79473.55,Flipkart
TXN019610,ACC0211,2025-02-04,49869.19,BigBasket
TXN011404,ACC0058,2025-03-15,146779.65,Swiggy
TXN013358,ACC0101,2025-05-14,108122.04,Flipkart
TXN011396,ACC0018,2025-07-16,68043.14,Amazon
TXN019212,ACC0338,2025-06-05,117819.77,Swiggy
TXN001585,ACC0044,2025-01-03,70358.8,BigBasket
TXN009579,ACC0376,2025-05-30,105144.39,Flipkart
TXN005086,ACC0176,2025-03-15,55522.37,Amazon
TXN006785,ACC0179,2025-03-14,131552.93,Flipkart
TXN013106,ACC0134,2025-06-24,49912.17,Amazon
TXN004229,ACC0211,2025-07-22,42004.16,Uber
TXN011751,ACC0161,2025-03-20,4724.47,ATM_Withdrawal
TXN000054,ACC0143,2025-05-23,44809.95,Uber
TXN000659,ACC0387,2025-05-31,82014.94,Zomato
TXN006621,ACC0062,2025-03-12,44100.16,Swiggy
TXN018648,ACC0113,2025-01-11,94227.39,Flipkart
TXN017390,ACC0018,2025-05-26,42370.26,Flipkart
TXN005559,ACC0345,2025-04-12,3045.28,Flipkart
TXN017732,ACC0483,2025-07-16,109259.46,Unknown_POS
TXN012338,ACC0341,2025-06-12,62133.63,BigBasket
TXN011092,ACC0395,2025-03-27,37276.75,Swiggy
TXN009858,ACC0252,2025-04-19,71444.34,ATM_Withdrawal
TXN002685,ACC0045,2025-05-30,3685.25,Flipkart
TXN002568,ACC0333,2025-04-08,109813.64,Unknown_POS
TXN012415,ACC0424,2025-05-14,10938.59,Uber
TXN011417,ACC0484,2025-07-10,113594.35,ATM_Withdrawal
TXN015457,ACC0408,2025-06-14,146082.9,ATM_Withdrawal
TXN014785,ACC0129,2025-05-17,103999.73,Unknown_POS
TXN015460,ACC0310,2025-02-05,33987.33,Uber
TXN011791,ACC0277,2025-07-24,140633.81,Uber
TXN016548,ACC0087,2025-06-08,144428.67,Flipkart
TXN011867,ACC0249,2025-01-12,99253.01,Uber
TXN001762,ACC0277,2025-01-12,143714.02,ATM_Withdrawal
TXN000224,ACC0338,2025-02-09,107299.7,Unknown_POS
TXN000419,ACC0361,2025-06-29,52784.74,Swiggy
TXN002798,ACC0381,2025-01-26,19003.37,Amazon
TXN001840,ACC0431,2025-03-06,37110.68,ATM_Withdrawal
TXN013991,ACC0092,2025-07-23,145132.35,Flipkart
TXN012741,ACC0198,2025-05-06,5659.18,Flipkart
TXN019976,ACC0138,2025-07-22,15248.54,Unknown_POS
TXN005967,ACC0173,2025-03-14,49317.69,Amazon
TXN005512,ACC0228,2025-06-27,45894.15,BigBasket
TXN018949,ACC0430,2025-07-19,4266.6,Swiggy
TXN004554,ACC0107,2025-02-10,17755.98,ATM_Withdrawal
TXN013259,ACC0475,2025-03-28,93194.63,ATM_Withdrawal
TXN005153,ACC0073,2025-02-11,137950.41,Amazon
TXN016489,ACC0149,2025-03-14,119569.44,ATM_Withdrawal
TXN016807,ACC0373,2025-03-27,21100.63,Swiggy
TXN000972,ACC0089,2025-05-05,123864.5,Flipkart
TXN010971,ACC0428,2025-07-04,45721.83,BigBasket
TXN010584,ACC0198,2025-04-23,42252.05,Flipkart
TXN015545,ACC0428,2025-01-17,146481.48,Amazon
TXN006731,ACC0384,2025-05-29,148724.68,Swiggy
TXN014577,ACC0396,2025-02-04,136819.97,BigBasket
TXN016724,ACC0154,2025-07-27,94434.97,Unknown_POS
TXN018082,ACC0437,2025-06-10,11151.03,Swiggy
TXN013622,ACC0425,2025-02-02,66944.06,Zomato
TXN019608,ACC0340,2025-01-08,12355.38,BigBasket
TXN016943,ACC0306,2025-01-02,12167.02,Swiggy
TXN005635,ACC0444,2025-05-28,61060.73,Swiggy
TXN006615,ACC0138,2025-06-07,88278.05,Amazon
TXN008042,ACC0074,2025-06-04,84437.0,Amazon
TXN001355,ACC0150,2025-02-18,9489.28,Zomato
TXN014791,ACC0167,2025-04-25,45263.29,Uber
TXN014772,ACC0087,2025-05-11,16147.75,Unknown_POS
TXN010057,ACC0449,2025-04-09,39155.51,Zomato
TXN017966,ACC0341,2025-06-19,90828.48,Swiggy
TXN003289,ACC0083,2025-04-12,48413.73,ATM_Withdrawal
TXN011935,ACC0317,2025-06-05,21896.2,Uber
TXN006183,ACC0001,2025-02-03,137747.71,Uber
TXN017110,ACC0466,2025-05-05,18349.98,Unknown_POS
TXN007385,ACC0323,2025-07-09,126464.26,Uber
TXN013070,ACC0352,2025-06-25,94359.98,Zomato
TXN002015,ACC0036,2025-02-19,7863.42,Swiggy
TXN003037,ACC0352,2025-04-27,1787.72,Unknown_POS
TXN002518,ACC0053,2025-05-24,41743.37,Flipkart
TXN019282,ACC0055,2025-02-01,19871.96,Unknown_POS
TXN011085,ACC0233,2025-07-25,29722.93,Uber
TXN005871,ACC0391,2025-06-21,121824.12,ATM_Withdrawal
TXN001194,ACC0314,2025-01-14,135542.61,Amazon
TXN005103,ACC0073,2025-01-31,11956.15,ATM_Withdrawal
TXN006009,ACC0425,2025-05-28,29781.23,Zomato
TXN002079,ACC0189,2025-04-26,92771.84,ATM_Withdrawal
TXN005514,ACC0374,2025-02-27,72420.51,Amazon
TXN005009,ACC0385,2025-07-17,50983.42,Zomato
TXN007688,ACC0218,2025-03-07,50230.04,Uber
TXN009376,ACC0246,2025-02-17,77135.21,Amazon
TXN015101,ACC0248,2025-07-15,57070.54,Unknown_POS
TXN012178,ACC0428,2025-01-29,74542.24,Swiggy
TXN010768,ACC0441,2025-07-11,2209.35,Uber
TXN014058,ACC0071,2025-02-20,56766.9,Uber
TXN000912,ACC0185,2025-01-14,129555.47,Zomato
TXN009783,ACC0386,2025-07-05,143027.7,Zomato
TXN001632,ACC0047,2025-07-13,63409.33,BigBasket
TXN004390,ACC0115,2025-06-11,52428.11,Swiggy
TXN003362,ACC0136,2025-07-01,72841.82,BigBasket
TXN016321,ACC0356,2025-01-31,117752.8,Flipkart
TXN018529,ACC0197,2025-01-30,14432.14,Amazon
TXN007313,ACC0308,2025-02-17,68055.25,ATM_Withdrawal
TXN016860,ACC0354,2025-03-09,132871.12,Uber
TXN018506,ACC0215,2025-03-08,41042.9,Zomato
TXN009882,ACC0394,2025-04-01,29623.11,Uber
TXN007398,ACC0070,2025-06-11,41670.89,Amazon
TXN015616,ACC0019,2025-01-28,149362.07,BigBasket
TXN015510,ACC0265,2025-07-15,28975.73,Unknown_POS
TXN003510,ACC0112,2025-07-02,28685.21,Zomato
TXN005082,ACC0224,2025-04-05,84669.43,Uber
TXN008767,ACC0415,2025-04-03,23709.6,Flipkart
TXN010222,ACC0224,2025-02-10,70908.83,BigBasket
TXN002572,ACC0331,2025-03-05,143847.81,Zomato
TXN018114,ACC0370,2025-03-15,103692.8,Swiggy
TXN000322,ACC0399,2025-06-26,4072.32,Uber
TXN003764,ACC0479,2025-05-10,66692.27,Swiggy
TXN000497,ACC0310,2025-06-15,13438.56,ATM_Withdrawal
TXN000450,ACC0038,2025-03-29,25557.28,Unknown_POS
TXN004781,ACC0392,2025-02-22,36472.29,Uber
TXN006880,ACC0328,2025-05-18,138247.31,Swiggy
TXN015565,ACC0012,2025-02-11,17086.32,BigBasket
TXN016331,ACC0439,2025-07-19,71701.72,Amazon
TXN018981,ACC0397,2025-05-21,43562.54,Amazon
TXN001613,ACC0347,2025-01-25,133110.79,Amazon
TXN018621,ACC0066,2025-05-17,149207.96,Swiggy
TXN016542,ACC0227,2025-06-20,72767.57,Zomato
TXN010468,ACC0014,2025-07-05,75500.66,Swiggy
TXN014531,ACC0238,2025-03-28,25703.22,ATM_Withdrawal
TXN002323,ACC0053,2025-03-14,53628.32,BigBasket
TXN005175,ACC0037,2025-01-20,84955.65,BigBasket
TXN006683,ACC0172,2025-04-16,101907.27,BigBasket
TXN002778,ACC0482,2025-02-25,56857.01,Amazon
TXN007190,ACC0391,2025-07-05,118577.31,BigBasket
TXN016172,ACC0373,2025-07-17,14060.17,Zomato
TXN000880,ACC0212,2025-03-08,23399.84,Amazon
TXN016211,ACC0429,2025-02-23,66251.51,Amazon
TXN015736,ACC0211,2025-06-07,128544.76,Flipkart
TXN005548,ACC0296,2025-03-04,91482.7,ATM_Withdrawal
TXN016568,ACC0168,2025-04-12,30187.23,Flipkart
TXN001947,ACC0082,2025-06-04,86284.95,Uber
TXN012396,ACC0158,2025-06-05,96401.96,Flipkart
TXN010544,ACC0241,2025-03-23,33245.36,BigBasket
TXN003961,ACC0173,2025-02-10,89717.43,Unknown_POS
TXN007366,ACC0270,2025-06-26,106593.58,Amazon
TXN000913,ACC0499,2025-01-29,35433.08,Unknown_POS
TXN009610,ACC0397,2025-04-07,91006.01,Zomato
TXN016053,ACC0206,2025-05-29,83729.64,Amazon
TXN007659,ACC0133,2025-04-28,121341.42,Amazon
TXN005864,ACC0439,2025-02-01,48042.59,Zomato
TXN018210,ACC0259,2025-04-09,54121.09,Swiggy
TXN012494,ACC0023,2025-07-06,64906.79,Zomato
TXN009555,ACC0056,2025-04-13,82486.46,ATM_Withdrawal
TXN007175,ACC0371,2025-01-17,42139.08,Unknown_POS
TXN004511,ACC0475,2025-05-25,98326.64,Swiggy
TXN017236,ACC0154,2025-04-30,23194.9,Swiggy
TXN004470,ACC0253,2025-06-30,50716.68,BigBasket
TXN017926,ACC0143,2025-03-20,136441.33,Unknown_POS
TXN010784,ACC0362,2025-01-03,27095.06,Unknown_POS
TXN000075,ACC0449,2025-01-10,1439.61,Flipkart
TXN007172,ACC0131,2025-01-13,108068.15,ATM_Withdrawal
TXN005611,ACC0398,2025-07-04,114861.71,Amazon
TXN015192,ACC0481,2025-03-29,103402.85,BigBasket
TXN008422,ACC0004,2025-06-25,148258.98,ATM_Withdrawal
TXN008153,ACC0161,2025-03-11,62026.18,Unknown_POS
TXN019545,ACC0139,2025-06-30,145134.45,Swiggy
TXN017899,ACC0317,2025-01-16,3831.71,Amazon
TXN005042,ACC0432,2025-07-09,81204.78,Uber
TXN012138,ACC0289,2025-04-28,4479.91,Swiggy
TXN012783,ACC0121,2025-02-02,93391.16,Amazon
TXN006197,ACC0496,2025-06-20,135766.67,Swiggy
TXN011817,ACC0495,2025-02-19,79575.13,ATM_Withdrawal
TXN016514,ACC0263,2025-02-22,3949.47,Flipkart
TXN000637,ACC0432,2025-06-29,82193.51,BigBasket
TXN011599,ACC0163,2025-04-30,138190.03,Uber
TXN019972,ACC0260,2025-04-13,108257.61,Unknown_POS
TXN005032,ACC0130,2025-04-12,29596.37,Amazon
TXN005657,ACC0453,2025-01-20,98280.14,ATM_Withdrawal
TXN017703,ACC0169,2025-06-20,90389.97,BigBasket
TXN015435,ACC0433,2025-05-17,34470.68,ATM_Withdrawal
TXN003798,ACC0290,2025-02-12,37097.82,Unknown_POS
TXN007959,ACC0296,2025-07-29,17009.39,Unknown_POS
TXN014387,ACC0278,2025-06-26,146823.74,BigBasket
TXN017739,ACC0263,2025-07-20,79360.61,ATM_Withdrawal
TXN005921,ACC0059,2025-03-15,40267.32,Unknown_POS
TXN016310,ACC0285,2025-03-29,124105.95,Zomato
TXN005561,ACC0006,2025-03-05,143780.97,Swiggy
TXN008275,ACC0402,2025-07-23,122861.55,Amazon
TXN012172,ACC0171,2025-07-21,143204.53,ATM_Withdrawal
TXN007835,ACC0216,2025-06-19,99768.57,Unknown_POS
TXN018381,ACC0115,2025-06-27,65726.74,ATM_Withdrawal
TXN001462,ACC0388,2025-07-22,120157.59,Unknown_POS
TXN001985,ACC0371,2025-02-12,6649.68,Flipkart
TXN006182,ACC0128,2025-06-06,56539.54,ATM_Withdrawal
TXN015989,ACC0444,2025-07-19,87177.69,Amazon
TXN019102,ACC0237,2025-01-03,133656.85,Flipkart
TXN007300,ACC0024,2025-01-11,3519.06,Swiggy
TXN015625,ACC0043,2025-02-24,97893.86,Amazon
TXN009585,ACC0322,2025-06-25,49671.1,Flipkart
TXN018893,ACC0450,2025-03-21,118460.83,Unknown_POS
TXN016131,ACC0049,2025-05-20,138617.91,BigBasket
TXN013925,ACC0489,2025-06-25,16072.73,Uber
TXN010066,ACC0331,2025-07-27,140589.17,ATM_Withdrawal
TXN014319,ACC0018,2025-06-30,56021.11,Flipkart
TXN010526,ACC0020,2025-07-30,67116.97,Unknown_POS
TXN018766,ACC0159,2025-01-04,59648.42,Zomato
TXN002391,ACC0491,2025-02-09,85056.78,ATM_Withdrawal
TXN010748,ACC0430,2025-04-18,19210.59,Uber
TXN016737,ACC0454,2025-01-27,13004.8,Amazon
TXN019797,ACC0044,2025-07-27,53179.91,ATM_Withdrawal
TXN017756,ACC0207,2025-05-12,79023.85,Uber
TXN012130,ACC0476,2025-04-08,64339.77,Uber
TXN018759,ACC0108,2025-03-29,92873.27,Swiggy
TXN003705,ACC0033,2025-07-07,103785.64,Zomato
TXN007012,ACC0248,2025-06-29,15469.46,Flipkart
TXN013498,ACC0455,2025-07-25,31057.15,BigBasket
TXN017216,ACC0064,2025-05-13,26167.65,Unknown_POS
TXN004737,ACC0175,2025-05-18,133874.92,ATM_Withdrawal
TXN006451,ACC0004,2025-01-26,62833.26,BigBasket
TXN006921,ACC0068,2025-03-04,10433.66,Flipkart
TXN015862,ACC0204,2025-06-08,113501.94,Amazon
TXN013050,ACC0059,2025-01-19,1923.62,Amazon
TXN012864,ACC0055,2025-02-18,86379.11,Zomato
TXN014750,ACC0191,2025-03-30,128934.13,Zomato
TXN014504,ACC0024,2025-02-01,52229.19,BigBasket
TXN019277,ACC0298,2025-01-01,126417.24,Flipkart
TXN004087,ACC0362,2025-04-18,38287.14,ATM_Withdrawal
TXN004144,ACC0001,2025-04-20,104472.04,BigBasket
TXN007881,ACC0465,2025-01-15,133993.09,Uber
TXN012998,ACC0449,2025-04-07,106715.73,Uber
TXN006354,ACC0029,2025-07-01,56337.66,Uber
TXN016921,ACC0058,2025-06-11,55702.95,ATM_Withdrawal
TXN003547,ACC0009,2025-06-09,133662.6,Unknown_POS
TXN013537,ACC0005,2025-06-02,102819.72,Amazon
TXN013238,ACC0267,2025-01-02,129120.02,Unknown_POS
TXN009845,ACC0158,2025-03-20,19499.91,Amazon
TXN019761,ACC0288,2025-04-08,70494.3,BigBasket
TXN018149,ACC0284,2025-05-08,142553.65,Unknown_POS
TXN004408,ACC0473,2025-02-15,35330.37,Unknown_POS
TXN014248,ACC0080,2025-04-21,32230.07,Amazon
TXN004576,ACC0497,2025-04-27,17841.62,Uber
TXN001491,ACC0467,2025-06-26,9871.76,Uber
TXN002770,ACC0167,2025-05-27,55735.34,Unknown_POS
TXN013292,ACC0325,2025-07-12,21299.66,Zomato
TXN014964,ACC0307,2025-05-21,52268.6,Swiggy
TXN003624,ACC0296,2025-07-23,49692.55,Zomato
TXN005613,ACC0260,2025-05-07,30871.69,ATM_Withdrawal
TXN018314,ACC0379,2025-02-07,129637.6,Unknown_POS
TXN013703,ACC0035,2025-03-10,120251.74,Zomato
TXN009290,ACC0459,2025-03-10,136680.17,ATM_Withdrawal
TXN005952,ACC0183,2025-02-22,88237.41,Uber
TXN018268,ACC0027,2025-03-02,96460.1,Zomato
TXN011838,ACC0443,2025-04-24,94925.63,Uber
TXN019492,ACC0478,2025-03-01,101652.58,BigBasket
TXN013231,ACC0268,2025-01-27,88601.19,Flipkart
TXN019259,ACC0303,2025-06-26,29606.1,Unknown_POS
TXN017466,ACC0071,2025-03-16,122557.58,Amazon
TXN010372,ACC0107,2025-06-14,128576.65,Uber
TXN013445,ACC0090,2025-07-05,70658.84,Flipkart
TXN001625,ACC0046,2025-01-06,127859.26,Swiggy
TXN008710,ACC0047,2025-07-14,56419.38,Zomato
TXN006345,ACC0009,2025-02-03,29551.21,Flipkart
TXN012739,ACC0119,2025-01-14,122648.86,Unknown_POS
TXN003767,ACC0130,2025-05-30,17694.4,ATM_Withdrawal
TXN018752,ACC0421,2025-06-23,121889.01,Zomato
TXN010624,ACC0446,2025-02-02,114054.09,Unknown_POS
TXN003513,ACC0192,2025-06-14,46069.5,Unknown_POS
TXN000076,ACC0476,2025-03-27,42720.02,ATM_Withdrawal
TXN008700,ACC0494,2025-06-26,24497.07,BigBasket
TXN005807,ACC0282,2025-06-01,93453.5,Amazon
TXN004322,ACC0294,2025-04-07,51740.38,Flipkart
TXN011009,ACC0402,2025-04-24,55470.26,Amazon
TXN007294,ACC0371,2025-07-19,95594.38,Zomato
TXN011182,ACC0234,2025-03-06,54348.69,BigBasket
TXN013751,ACC0107,2025-02-02,8870.27,Unknown_POS
TXN017751,ACC0181,2025-06-14,78164.9,Uber
TXN000035,ACC0311,2025-05-12,21010.16,BigBasket
TXN003748,ACC0358,2025-06-02,45067.31,Unknown_POS
TXN013474,ACC0431,2025-04-22,134140.6,Flipkart
TXN004675,ACC0250,2025-03-14,101145.16,Zomato
TXN000441,ACC0421,2025-07-01,100520.18,BigBasket
TXN018943,ACC0451,2025-02-03,61763.99,Swiggy
TXN019332,ACC0195,2025-07-22,84121.02,Uber
TXN003048,ACC0456,2025-06-03,102973.83,Uber
TXN003802,ACC0099,2025-06-21,108987.96,BigBasket
TXN015799,ACC0189,2025-04-14,93977.46,Zomato
TXN010935,ACC0480,2025-06-21,76698.08,ATM_Withdrawal
TXN005159,ACC0109,2025-04-06,98430.65,Unknown_POS
TXN013587,ACC0012,2025-05-03,2547.34,Flipkart
TXN012981,ACC0007,2025-06-24,71675.87,Flipkart
TXN016095,ACC0132,2025-03-18,131183.16,Uber
TXN012841,ACC0194,2025-05-31,67058.44,Uber
TXN000645,ACC0346,2025-07-11,134085.21,Uber
TXN007449,ACC0284,2025-03-26,51561.64,ATM_Withdrawal
TXN003729,ACC0436,2025-07-24,86075.2,Zomato
TXN001401,ACC0064,2025-06-17,99903.72,Uber
TXN001119,ACC0421,2025-05-13,101523.76,Swiggy
TXN015907,ACC0136,2025-01-17,46375.27,BigBasket
TXN003153,ACC0260,2025-01-18,40757.46,Flipkart
TXN011866,ACC0408,2025-07-07,88702.57,Unknown_POS
TXN018653,ACC0496,2025-02-01,76414.06,Swiggy
TXN014313,ACC0308,2025-07-08,40919.16,Flipkart
TXN018733,ACC0476,2025-05-30,44123.32,Uber
TXN014792,ACC0220,2025-06-29,47329.75,Uber
TXN002947,ACC0373,2025-04-19,32106.31,Zomato
TXN011822,ACC0189,2025-05-25,49518.67,Amazon
TXN000560,ACC0085,2025-07-27,60538.58,Zomato
TXN000465,ACC0047,2025-06-14,81641.7,Swiggy
TXN004105,ACC0212,2025-01-29,132201.92,Swiggy
TXN019099,ACC0402,2025-01-27,50049.91,Uber
TXN003636,ACC0402,2025-03-11,143502.31,ATM_Withdrawal
TXN018186,ACC0251,2025-01-06,17734.52,Flipkart
TXN019539,ACC0032,2025-05-26,91806.8,BigBasket
TXN009363,ACC0492,2025-06-22,15412.98,Zomato
TXN007645,ACC0272,2025-05-11,139015.57,ATM_Withdrawal
TXN004713,ACC0471,2025-04-11,94007.19,Uber
TXN006788,ACC0495,2025-06-19,27872.64,Flipkart
TXN019510,ACC0323,2025-06-10,15454.64,Unknown_POS
TXN009896,ACC0353,2025-04-24,55090.8,ATM_Withdrawal
TXN016497,ACC0467,2025-01-08,81713.56,ATM_Withdrawal
TXN007797,ACC0222,2025-04-14,127667.32,Zomato
TXN001461,ACC0143,2025-07-15,107038.4,Uber
TXN013992,ACC0208,2025-06-02,43710.86,Swiggy
TXN010027,ACC0311,2025-06-13,124427.0,Amazon
TXN001450,ACC0253,2025-01-30,57747.93,ATM_Withdrawal
TXN016444,ACC0465,2025-01-11,115268.53,Flipkart
TXN015452,ACC0110,2025-01-07,66521.92,Unknown_POS
TXN005017,ACC0315,2025-03-17,80521.35,Zomato
TXN001008,ACC0443,2025-01-28,2910.79,Unknown_POS
TXN014369,ACC0132,2025-01-09,33663.55,Amazon
TXN009450,ACC0076,2025-06-23,72427.19,BigBasket
TXN005572,ACC0261,2025-07-04,89957.6,Zomato
TXN013888,ACC0423,2025-03-08,116091.26,Uber
TXN018065,ACC0288,2025-03-11,70372.43,Amazon
TXN006650,ACC0258,2025-01-14,9013.19,ATM_Withdrawal
TXN014997,ACC0443,2025-02-06,130001.17,Uber
TXN015054,ACC0121,2025-05-05,67530.19,Flipkart
TXN007167,ACC0123,2025-05-01,141781.35,Uber
TXN003517,ACC0338,2025-04-09,140571.44,Unknown_POS
TXN006514,ACC0421,2025-03-29,84490.81,Unknown_POS
TXN011883,ACC0400,2025-01-03,102889.58,Swiggy
TXN002455,ACC0465,2025-07-30,96746.67,Unknown_POS
TXN006985,ACC0012,2025-07-22,76450.85,Unknown_POS
TXN009551,ACC0160,2025-01-02,94145.3,ATM_Withdrawal
TXN000860,ACC0364,2025-03-10,90827.48,Unknown_POS
TXN017725,ACC0090,2025-01-30,97637.86,Zomato
TXN010979,ACC0011,2025-03-29,70547.79,Unknown_POS
TXN003645,ACC0229,2025-06-10,57333.82,Swiggy
TXN004031,ACC0040,2025-02-09,130989.51,Amazon
TXN012600,ACC0026,2025-02-07,94238.01,Amazon
TXN002005,ACC0256,2025-03-17,30341.67,Unknown_POS
TXN005723,ACC0077,2025-01-05,28407.43,Uber
TXN003083,ACC0043,2025-02-23,112214.23,BigBasket
TXN019050,ACC0104,2025-01-31,88232.75,BigBasket
TXN004338,ACC0314,2025-06-15,41923.1,Uber
TXN010001,ACC0273,2025-07-03,90485.0,Amazon
TXN014001,ACC0121,2025-06-19,42430.98,Zomato
TXN018810,ACC0217,2025-01-25,45222.91,Flipkart
TXN007661,ACC0066,2025-05-24,35943.3,BigBasket
TXN002935,ACC0074,2025-02-12,71345.83,Amazon
TXN004914,ACC0208,2025-03-11,146853.09,Unknown_POS
TXN001015,ACC0351,2025-04-01,53338.95,Uber
TXN019180,ACC0477,2025-03-11,126540.77,BigBasket
TXN018374,ACC0069,2025-02-28,88166.91,Flipkart
TXN013695,ACC0418,2025-07-07,13327.47,Flipkart
TXN013965,ACC0143,2025-05-21,102205.55,Unknown_POS
TXN014898,ACC0216,2025-07-20,145059.27,Unknown_POS
TXN014523,ACC0268,2025-06-14,131106.7,ATM_Withdrawal
TXN019169,ACC0033,2025-01-11,84924.88,Zomato
TXN004990,ACC0088,2025-06-01,110555.15,Unknown_POS
TXN011925,ACC0370,2025-05-04,53619.15,Uber
TXN003896,ACC0035,2025-04-07,20428.84,Uber
TXN011833,ACC0143,2025-04-08,89077.47,Uber
TXN004028,ACC0213,2025-02-11,135897.88,Zomato
TXN010978,ACC0340,2025-02-21,116008.58,Uber
TXN005648,ACC0491,2025-05-20,87529.69,Amazon
TXN013330,ACC0070,2025-02-07,39224.11,Swiggy
TXN004908,ACC0019,2025-03-08,49876.91,Swiggy
TXN003936,ACC0136,2025-07-06,72425.55,Flipkart
TXN014538,ACC0193,2025-01-20,33227.83,Amazon
TXN019402,ACC0055,2025-04-10,49518.34,Flipkart
TXN003892,ACC0434,2025-02-03,36326.74,BigBasket
TXN000963,ACC0306,2025-01-05,77665.52,Uber
TXN016752,ACC0017,2025-07-28,104582.07,Zomato
TXN011370,ACC0399,2025-06-29,118026.02,Zomato
TXN003072,ACC0337,2025-02-03,41251.56,ATM_Withdrawal
TXN014284,ACC0172,2025-02-14,16530.11,Zomato
TXN002840,ACC0145,2025-02-03,29826.02,Flipkart
TXN018335,ACC0377,2025-07-26,25337.02,Zomato
TXN007326,ACC0091,2025-05-07,63668.22,Zomato
TXN004838,ACC0225,2025-01-20,49744.55,Amazon
TXN002446,ACC0325,2025-03-14,105328.79,Flipkart
TXN001829,ACC0438,2025-03-24,64910.6,Unknown_POS
TXN011447,ACC0140,2025-06-15,95425.92,Unknown_POS
TXN009761,ACC0479,2025-07-03,145928.25,Swiggy
TXN016140,ACC0385,2025-01-17,56762.1,Zomato
TXN006190,ACC0061,2025-04-01,131148.03,ATM_Withdrawal
TXN002802,ACC0357,2025-05-23,36253.16,Uber
TXN019461,ACC0434,2025-07-11,122646.12,Flipkart
TXN015068,ACC0468,2025-01-24,127993.38,Uber
TXN015789,ACC0257,2025-06-11,88781.68,Flipkart
TXN011647,ACC0429,2025-02-01,38059.16,ATM_Withdrawal
TXN010489,ACC0455,2025-01-21,39677.81,Uber
TXN006508,ACC0476,2025-05-13,31507.56,ATM_Withdrawal
TXN008744,ACC0120,2025-03-16,96615.66,Amazon
TXN008972,ACC0386,2025-06-25,101645.87,ATM_Withdrawal
TXN012824,ACC0244,2025-02-17,51428.63,Unknown_POS
TXN015373,ACC0391,2025-07-09,70465.8,Zomato
TXN018096,ACC0422,2025-02-11,39577.63,Uber
TXN003403,ACC0365,2025-07-13,53784.51,Flipkart
TXN005363,ACC0200,2025-03-21,148323.83,Swiggy
TXN013209,ACC0420,2025-03-09,133412.07,Swiggy
TXN007831,ACC0087,2025-05-19,31098.47,Unknown_POS
TXN002064,ACC0044,2025-04-07,18746.0,Flipkart
TXN014078,ACC0375,2025-02-21,147706.3,Uber
TXN018534,ACC0012,2025-06-02,100771.48,Uber
TXN005293,ACC0452,2025-04-06,8820.53,Unknown_POS
TXN009256,ACC0043,2025-06-26,61644.92,BigBasket
TXN014373,ACC0267,2025-01-30,34934.7,Swiggy
TXN006189,ACC0424,2025-06-29,40832.99,Swiggy
TXN016594,ACC0231,2025-07-26,88203.57,Amazon
TXN004720,ACC0030,2025-06-25,117167.85,BigBasket
TXN006654,ACC0088,2025-06-11,15627.51,Amazon
TXN019883,ACC0385,2025-04-03,71862.24,Flipkart
TXN007220,ACC0300,2025-03-01,48660.63,Flipkart
TXN006286,ACC0250,2025-01-11,75863.09,ATM_Withdrawal
TXN009855,ACC0067,2025-06-18,12808.71,Unknown_POS
TXN007896,ACC0445,2025-03-29,17490.74,Amazon
TXN015343,ACC0062,2025-06-04,85022.54,Flipkart
TXN003155,ACC0126,2025-03-07,119600.62,Swiggy
TXN001428,ACC0353,2025-02-28,46148.88,Zomato
TXN006984,ACC0217,2025-04-26,101370.48,Unknown_POS
TXN004732,ACC0193,2025-06-24,129784.33,Unknown_POS
TXN012261,ACC0034,2025-04-08,95426.41,Swiggy
TXN006712,ACC0211,2025-05-21,49312.12,Unknown_POS
TXN005064,ACC0379,2025-06-09,139549.26,Swiggy
TXN009874,ACC0393,2025-05-19,95652.13,Zomato
TXN005844,ACC0357,2025-07-11,140943.48,Swiggy
TXN019811,ACC0270,2025-06-15,128756.88,Swiggy
TXN013682,ACC0123,2025-03-06,51200.68,Swiggy
TXN008413,ACC0167,2025-07-16,130203.91,Flipkart
TXN016731,ACC0210,2025-05-17,70145.89,Flipkart
TXN005157,ACC0092,2025-07-07,143755.23,Unknown_POS
TXN900002,ACC0010,,12000.0,Unknown_POS
TXN007035,ACC0416,2025-07-09,106532.55,Swiggy
TXN010559,ACC0032,2025-05-10,122289.53,Uber
TXN014853,ACC0356,2025-07-12,85191.37,Unknown_POS
TXN005665,ACC0439,2025-07-21,139604.5,Swiggy
TXN004683,ACC0228,2025-01-03,22984.74,BigBasket
TXN002407,ACC0292,2025-04-13,128081.69,Zomato
TXN007478,ACC0439,2025-07-01,86513.29,Zomato
TXN005204,ACC0255,2025-04-13,44696.69,ATM_Withdrawal
TXN012006,ACC0169,2025-07-29,18622.66,ATM_Withdrawal
TXN004661,ACC0416,2025-01-07,38962.13,Amazon
TXN009915,ACC0134,2025-04-14,126230.06,Swiggy
TXN013193,ACC0066,2025-07-19,31699.03,Swiggy
TXN005566,ACC0424,2025-05-17,119650.28,Flipkart
TXN013742,ACC0489,2025-06-29,85368.98,Amazon
TXN001266,ACC0173,2025-07-21,108165.75,Unknown_POS
TXN016894,ACC0114,2025-04-03,85295.02,Uber
TXN015080,ACC0220,2025-05-18,83015.05,Uber
TXN000491,ACC0354,2025-03-02,7441.18,ATM_Withdrawal
TXN008866,ACC0220,2025-05-28,49429.0,Swiggy
TXN016811,ACC0069,2025-01-13,28201.99,ATM_Withdrawal
TXN019807,ACC0263,2025-07-29,71456.45,Zomato
TXN008115,ACC0492,2025-05-17,33330.67,Unknown_POS
TXN018521,ACC0098,2025-02-25,39123.59,ATM_Withdrawal
TXN017568,ACC0064,2025-01-21,143348.05,ATM_Withdrawal
TXN004444,ACC0396,2025-06-24,43131.35,Uber
TXN015416,ACC0413,2025-05-03,16003.12,Zomato
TXN019314,ACC0254,2025-05-24,30875.78,ATM_Withdrawal
TXN010003,ACC0301,2025-04-02,25497.74,Swiggy
TXN016336,ACC0092,2025-06-23,46473.02,ATM_Withdrawal
TXN002530,ACC0141,2025-03-23,113066.16,Unknown_POS
TXN013084,ACC0382,2025-03-16,36249.9,Unknown_POS
TXN015177,ACC0445,2025-05-05,48346.07,Uber
TXN002263,ACC0022,2025-05-31,145251.11,Zomato
TXN001028,ACC0095,2025-03-23,125936.4,Swiggy
TXN019974,ACC0129,2025-06-22,12044.58,Flipkart
TXN015132,ACC0051,2025-03-13,87383.93,BigBasket
TXN010709,ACC0456,2025-02-03,84430.34,Uber
TXN019953,ACC0416,2025-01-09,35857.27,Amazon
TXN014760,ACC0324,2025-02-25,79697.86,Flipkart
TXN005820,ACC0115,2025-03-28,79539.87,Flipkart
TXN012788,ACC0109,2025-06-12,22311.79,Flipkart
TXN003787,ACC0299,2025-04-16,17421.68,Amazon
TXN005189,ACC0458,2025-05-04,34737.06,Swiggy
TXN011586,ACC0145,2025-02-19,31461.19,Flipkart
TXN017859,ACC0470,2025-01-03,104052.79,Unknown_POS
TXN004389,ACC0044,2025-06-18,126110.06,Swiggy
TXN017220,ACC0464,2025-02-15,101930.69,Uber
TXN005762,ACC0369,2025-07-10,119792.51,Zomato
TXN007482,ACC0037,2025-05-01,124724.24,Swiggy
TXN015384,ACC0159,2025-06-23,101453.08,Uber
TXN001161,ACC0351,2025-07-28,89480.99,Unknown_POS
TXN008913,ACC0315,2025-04-15,99893.34,Unknown_POS
TXN003344,ACC0185,2025-05-29,100907.78,Unknown_POS
TXN008174,ACC0082,2025-07-24,146563.3,Swiggy
TXN013134,ACC0167,2025-05-23,112340.04,Amazon
TXN004335,ACC0039,2025-01-21,100263.84,BigBasket
TXN004821,ACC0008,2025-02-17,34541.42,Amazon
TXN018769,ACC0217,2025-05-27,123549.33,ATM_Withdrawal
TXN012634,ACC0264,2025-04-21,18014.91,Swiggy
TXN019601,ACC0035,2025-03-21,71420.0,Unknown_POS
TXN008518,ACC0355,2025-06-19,77807.04,Amazon
TXN019678,ACC0398,2025-02-01,17517.23,BigBasket
TXN003039,ACC0133,2025-07-09,95135.87,ATM_Withdrawal
TXN002719,ACC0117,2025-04-16,112133.98,Amazon
TXN011294,ACC0173,2025-05-23,90025.15,Swiggy
TXN000982,ACC0114,2025-04-21,43502.97,Unknown_POS
TXN011058,ACC0197,2025-04-23,65342.26,BigBasket
TXN018455,ACC0418,2025-04-29,45156.91,Zomato
TXN018543,ACC0467,2025-05-10,87162.76,ATM_Withdrawal
TXN002183,ACC0302,2025-07-30,121029.38,Flipkart
TXN010152,ACC0279,2025-06-28,28528.28,Zomato
TXN008137,ACC0345,2025-02-09,1941.66,Flipkart
TXN009380,ACC0253,2025-07-10,77912.65,Uber
TXN013652,ACC0412,2025-03-13,9150.15,Uber
TXN011492,ACC0167,2025-04-01,51255.91,Flipkart
TXN005495,ACC0271,2025-06-13,7122.18,Uber
TXN001845,ACC0499,2025-01-16,137511.32,Unknown_POS
TXN012706,ACC0267,2025-07-10,149344.66,Uber
TXN010961,ACC0236,2025-03-22,22462.98,Flipkart
TXN011969,ACC0431,2025-01-02,14701.11,Uber
TXN018537,ACC0274,2025-06-18,105450.68,Unknown_POS
TXN003111,ACC0166,2025-02-03,43982.64,Amazon
TXN013368,ACC0295,2025-06-30,34042.82,BigBasket
TXN013772,ACC0311,2025-03-08,21703.36,Amazon
TXN001785,ACC0238,2025-05-22,61091.12,ATM_Withdrawal
TXN005232,ACC0257,2025-04-18,19289.14,ATM_Withdrawal
TXN014900,ACC0378,2025-06-02,13197.53,Unknown_POS
TXN018590,ACC0470,2025-05-19,80027.84,Unknown_POS
TXN006804,ACC0448,2025-01-03,71487.82,Amazon
TXN016024,ACC0308,2025-07-27,12565.05,Amazon
TXN009469,ACC0446,2025-01-18,100251.04,Unknown_POS
TXN004146,ACC0014,2025-07-09,14671.8,Amazon
TXN011928,ACC0124,2025-03-20,94189.85,BigBasket
TXN013322,ACC0196,2025-07-14,36364.86,Flipkart
TXN006783,ACC0337,2025-04-08,18361.03,Uber
TXN007672,ACC0270,2025-02-25,23181.65,BigBasket
TXN007668,ACC0428,2025-07-24,49792.71,Swiggy
TXN012106,ACC0027,2025-04-04,61945.78,Unknown_POS
TXN000369,ACC0435,2025-07-08,109095.9,Flipkart
TXN014290,ACC0323,2025-01-24,47301.45,Flipkart
TXN005981,ACC0143,2025-02-10,9881.7,Amazon
TXN012101,ACC0209,2025-06-29,93763.85,Unknown_POS
TXN007240,ACC0226,2025-02-28,101520.98,Flipkart
TXN013083,ACC0074,2025-01-25,120120.62,ATM_Withdrawal
TXN014197,ACC0048,2025-07-25,57466.74,Amazon
TXN017320,ACC0100,2025-01-09,61553.98,ATM_Withdrawal
TXN000201,ACC0306,2025-06-03,117676.59,Unknown_POS
TXN010875,ACC0437,2025-06-16,106119.29,Amazon
TXN012154,ACC0310,2025-04-24,1307.79,Flipkart
TXN018099,ACC0112,2025-06-04,72189.28,Amazon
TXN007532,ACC0176,2025-03-04,78823.8,BigBasket
TXN006335,ACC0179,2025-06-11,52591.13,Zomato
TXN004802,ACC0329,2025-06-25,97654.1,BigBasket
TXN007222,ACC0177,2025-04-02,46934.04,Zomato
TXN017822,ACC0294,2025-06-24,7361.36,BigBasket
TXN012391,ACC0437,2025-07-14,120289.19,Zomato
TXN013240,ACC0482,2025-07-29,29091.84,Amazon
TXN000938,ACC0104,2025-01-28,72831.27,Flipkart
TXN014372,ACC0255,2025-02-27,33483.53,BigBasket
TXN008507,ACC0380,2025-06-02,23674.82,Unknown_POS
TXN006127,ACC0393,2025-05-11,125903.85,Flipkart
TXN003429,ACC0461,2025-01-26,74672.77,Swiggy
TXN019588,ACC0097,2025-02-15,111116.53,Unknown_POS
TXN005641,ACC0051,2025-06-26,57253.3,Amazon
TXN012192,ACC0238,2025-02-11,20333.86,Unknown_POS
TXN008095,ACC0355,2025-04-19,3645.6,Amazon
TXN008645,ACC0215,2025-02-18,129243.54,Flipkart
TXN005925,ACC0096,2025-01-08,134778.39,Unknown_POS
TXN007530,ACC0204,2025-04-02,108909.58,Swiggy
TXN005902,ACC0404,2025-01-07,103111.26,Swiggy
TXN008707,ACC0106,2025-01-16,12817.23,Amazon
TXN000892,ACC0070,2025-03-16,16597.93,ATM_Withdrawal
TXN018650,ACC0029,2025-03-13,18223.14,Zomato
TXN014670,ACC0273,2025-03-14,98513.22,Uber
TXN011990,ACC0206,2025-03-08,113580.41,Unknown_POS
TXN013139,ACC0282,2025-04-09,48071.0,Swiggy
TXN001902,ACC0107,2025-02-26,134237.95,ATM_Withdrawal
TXN002705,ACC0121,2025-05-07,10983.14,Amazon
TXN002380,ACC0170,2025-04-15,134481.85,Flipkart
TXN017715,ACC0145,2025-04-01,53938.39,Zomato
TXN019386,ACC0071,2025-05-12,104419.15,Zomato
TXN000241,ACC0012,2025-03-29,97213.09,Swiggy
TXN005420,ACC0176,2025-03-25,33566.18,Uber
TXN011707,ACC0120,2025-06-29,73536.7,Uber
TXN019943,ACC0159,2025-04-15,127127.73,Flipkart
TXN005173,ACC0410,2025-02-14,140520.68,Flipkart
TXN019483,ACC0485,2025-07-10,117529.2,Unknown_POS
TXN006721,ACC0012,2025-05-08,120970.14,ATM_Withdrawal
TXN018979,ACC0145,2025-06-12,96017.43,BigBasket
TXN007898,ACC0301,2025-03-19,105151.38,ATM_Withdrawal
TXN015864,ACC0417,2025-06-25,4830.8,Flipkart
TXN010424,ACC0457,2025-06-25,94071.03,Swiggy
TXN007649,ACC0432,2025-06-01,3503.36,Flipkart
TXN010418,ACC0442,2025-02-18,109292.82,Amazon
TXN013152,ACC0188,2025-03-10,10410.71,Flipkart
TXN005993,ACC0014,2025-01-02,85683.73,Swiggy
TXN017026,ACC0086,2025-05-10,149291.7,Amazon
TXN005463,ACC0025,2025-03-01,40743.93,Uber
TXN001852,ACC0233,2025-04-09,69658.15,Unknown_POS
TXN012965,ACC0207,2025-07-13,119030.76,Amazon
TXN004299,ACC0046,2025-05-14,44367.35,BigBasket
TXN017165,ACC0466,2025-06-06,103685.46,Unknown_POS
TXN004882,ACC0091,2025-05-09,24485.1,BigBasket
TXN003207,ACC0294,2025-02-21,84297.37,ATM_Withdrawal
TXN001136,ACC0201,2025-02-15,105716.41,ATM_Withdrawal
TXN015138,ACC0196,2025-05-19,46674.54,Swiggy
TXN004178,ACC0217,2025-07-04,95096.48,Flipkart
TXN010307,ACC0446,2025-05-12,59408.55,Unknown_POS
TXN001629,ACC0184,2025-06-20,14461.92,BigBasket
TXN014020,ACC0482,2025-04-12,109657.84,Zomato
TXN015149,ACC0094,2025-02-12,31048.97,ATM_Withdrawal
TXN019899,ACC0218,2025-05-24,133971.35,Unknown_POS
TXN006734,ACC0236,2025-02-05,112220.28,Uber
TXN004744,ACC0028,2025-01-28,59503.73,BigBasket
TXN010920,ACC0119,2025-06-03,44337.19,Amazon
TXN018740,ACC0012,2025-05-26,144851.32,Uber
TXN002118,ACC0254,2025-03-16,105635.86,Unknown_POS
TXN011472,ACC0049,2025-04-19,5571.59,Uber
TXN015288,ACC0039,2025-05-01,51269.43,Zomato
TXN016040,ACC0217,2025-03-20,82330.11,Uber
TXN014091,ACC0236,2025-01-31,101158.49,Unknown_POS
TXN008291,ACC0396,2025-05-16,82065.2,Swiggy
TXN003189,ACC0171,2025-07-06,53122.34,BigBasket
TXN010293,ACC0272,2025-03-25,50341.77,Swiggy
TXN006911,ACC0007,2025-07-20,111026.5,Uber
TXN004759,ACC0228,2025-07-21,134594.94,Uber
TXN002666,ACC0143,2025-07-20,114403.01,Uber
TXN010555,ACC0338,2025-02-25,103746.96,Amazon
TXN000451,ACC0083,2025-07-07,11296.61,Flipkart
TXN003997,ACC0213,2025-01-24,73059.79,BigBasket
TXN019340,ACC0350,2025-07-17,17337.33,Amazon
TXN008673,ACC0225,2025-01-21,143490.37,Amazon
TXN010734,ACC0186,2025-04-18,72477.82,ATM_Withdrawal
TXN010598,ACC0303,2025-06-21,133556.25,Uber
TXN009644,ACC0498,2025-02-22,55290.82,Zomato
TXN016090,ACC0065,2025-03-09,58385.43,Unknown_POS
TXN009478,ACC0301,2025-01-11,27781.9,Amazon
TXN018757,ACC0291,2025-03-15,127406.41,Uber
TXN017955,ACC0129,2025-02-09,11527.21,Zomato
TXN004740,ACC0218,2025-02-03,36415.37,BigBasket
TXN000587,ACC0169,2025-04-02,134184.42,Uber
TXN017199,ACC0300,2025-03-01,127950.4,Unknown_POS
TXN003775,ACC0118,2025-07-02,66727.73,Flipkart
TXN004432,ACC0444,2025-02-19,81950.0,Flipkart
TXN009141,ACC0071,2025-07-16,107888.1,Unknown_POS
TXN003642,ACC0153,2025-03-08,30675.79,Uber
TXN017286,ACC0085,2025-06-17,136161.12,Unknown_POS
TXN002973,ACC0290,2025-04-29,13269.88,Flipkart
TXN008718,ACC0037,2025-03-23,138904.02,BigBasket
TXN005692,ACC0202,2025-06-05,144294.06,Swiggy
TXN018841,ACC0343,2025-03-14,113463.08,Uber
TXN004588,ACC0176,2025-03-23,39196.23,Swiggy
TXN001557,ACC0423,2025-02-11,104787.4,Flipkart
TXN014468,ACC0123,2025-05-30,116820.22,ATM_Withdrawal
TXN006640,ACC0490,2025-03-01,9962.4,BigBasket
TXN010107,ACC0123,2025-05-09,136568.25,ATM_Withdrawal
TXN014261,ACC0299,2025-07-07,85044.72,Uber
TXN011597,ACC0098,2025-01-27,1219.85,ATM_Withdrawal
TXN006398,ACC0253,2025-04-26,70142.54,Zomato
TXN000437,ACC0094,2025-06-04,47766.63,Zomato
TXN004691,ACC0309,2025-05-28,10269.07,Amazon
TXN007467,ACC0042,2025-01-07,144507.92,Zomato
TXN017645,ACC0007,2025-05-21,31014.68,Swiggy
TXN007650,ACC0051,2025-07-24,109051.05,Zomato
TXN004066,ACC0394,2025-03-27,47780.84,Flipkart
TXN019659,ACC0469,2025-05-13,15748.17,ATM_Withdrawal
TXN012191,ACC0090,2025-06-06,26839.4,Amazon
TXN002415,ACC0486,2025-05-01,21869.79,Zomato
TXN008905,ACC0497,2025-07-01,27749.46,ATM_Withdrawal
TXN008249,ACC0368,2025-07-05,22877.86,Zomato
TXN003500,ACC0233,2025-05-18,131922.67,Zomato
TXN005392,ACC0084,2025-07-30,68635.43,Unknown_POS
TXN004123,ACC0129,2025-06-28,120698.75,Zomato
TXN008314,ACC0310,2025-07-01,77984.6,BigBasket
TXN007989,ACC0062,2025-05-24,23252.87,BigBasket
TXN011566,ACC0079,2025-06-02,117711.29,Zomato
TXN015768,ACC0091,2025-06-07,33904.26,Unknown_POS
TXN012987,ACC0476,2025-02-02,133986.38,Flipkart
TXN017484,ACC0162,2025-03-03,83680.21,Zomato
TXN017690,ACC0253,2025-01-13,94866.2,Uber
TXN003970,ACC0299,2025-01-22,148228.29,Amazon
TXN016766,ACC0056,2025-05-21,16035.16,Flipkart
TXN006425,ACC0074,2025-07-30,62571.04,Unknown_POS
TXN010774,ACC0348,2025-04-18,148089.16,Unknown_POS
TXN013201,ACC0273,2025-05-03,72685.44,ATM_Withdrawal
TXN002378,ACC0257,2025-02-19,47205.14,Unknown_POS
TXN015590,ACC0247,2025-05-16,59026.22,Uber
TXN003988,ACC0480,2025-07-01,31505.29,ATM_Withdrawal
TXN006016,ACC0499,2025-07-18,48129.82,Unknown_POS
TXN019444,ACC0474,2025-04-16,119558.21,Swiggy
TXN018635,ACC0169,2025-04-09,874.62,Swiggy
TXN000723,ACC0090,2025-06-15,91013.82,Uber
TXN009839,ACC0498,2025-04-19,9449.04,ATM_Withdrawal
TXN016681,ACC0432,2025-07-06,46080.16,Zomato
TXN003702,ACC0451,2025-05-02,26228.46,Flipkart
TXN017116,ACC0386,2025-02-02,72244.17,Uber
TXN015349,ACC0500,2025-06-26,22577.6,Amazon
TXN004306,ACC0151,2025-07-19,21236.77,Unknown_POS
TXN017589,ACC0114,2025-02-13,148179.51,Zomato
TXN019392,ACC0481,2025-03-31,51576.71,Uber
TXN018678,ACC0346,2025-07-28,83996.71,Swiggy
TXN001679,ACC0408,2025-05-01,119973.27,Swiggy
TXN005667,ACC0008,2025-02-06,51381.07,Zomato
TXN010476,ACC0125,2025-07-11,66908.79,Uber
TXN008414,ACC0045,2025-04-10,134.32,BigBasket
TXN009626,ACC0063,2025-05-24,65444.69,Amazon
TXN018140,ACC0056,2025-06-15,70585.73,Amazon
TXN013842,ACC0112,2025-01-16,132562.43,Uber
TXN011831,ACC0030,2025-02-11,54365.12,Unknown_POS
TXN014489,ACC0383,2025-03-14,23825.5,Zomato
TXN002910,ACC0205,2025-01-03,44547.82,Unknown_POS
TXN005123,ACC0310,2025-03-19,34045.04,Flipkart
TXN006332,ACC0356,2025-03-15,138863.04,Zomato
TXN008847,ACC0490,2025-02-26,145302.68,Unknown_POS
TXN004253,ACC0399,2025-04-17,16846.59,Swiggy
TXN013285,ACC0049,2025-04-03,108177.98,Flipkart
TXN018552,ACC0443,2025-02-28,111963.3,ATM_Withdrawal
TXN001314,ACC0113,2025-03-17,90565.22,Swiggy
TXN005145,ACC0052,2025-04-01,96738.68,Zomato
TXN008124,ACC0218,2025-03-19,53180.8,Amazon
TXN010940,ACC0130,2025-03-15,38610.48,Zomato
TXN007277,ACC0382,2025-03-21,95710.78,Amazon
TXN010549,ACC0012,2025-03-11,8979.64,BigBasket
TXN018051,ACC0497,2025-03-07,24804.15,BigBasket
TXN008497,ACC0347,2025-01-06,60091.64,ATM_Withdrawal
TXN000964,ACC0004,2025-03-18,147659.94,Zomato
TXN008549,ACC0296,2025-06-04,12885.71,Uber
TXN017149,ACC0117,2025-05-02,124765.01,Zomato
TXN019710,ACC0245,2025-07-12,122067.46,Flipkart
TXN016165,ACC0470,2025-01-22,121673.18,ATM_Withdrawal
TXN009374,ACC0338,2025-03-14,103530.48,Amazon
TXN010051,ACC0257,2025-04-20,143317.48,Flipkart
TXN013914,ACC0230,2025-06-26,19120.36,Amazon
TXN011614,ACC0189,2025-05-01,12863.24,BigBasket
TXN001896,ACC0405,2025-06-19,92252.22,Swiggy
TXN008399,ACC0011,2025-03-07,136275.97,BigBasket
TXN005849,ACC0458,2025-07-20,23523.28,Zomato
TXN016801,ACC0173,2025-01-07,27677.34,Swiggy
TXN009145,ACC0248,2025-06-16,6943.62,Unknown_POS
TXN009289,ACC0291,2025-05-25,65852.81,Swiggy
TXN017100,ACC0260,2025-03-20,110935.64,Uber
TXN016656,ACC0259,2025-05-20,99950.2,Amazon
TXN013120,ACC0443,2025-02-26,85247.46,Flipkart
TXN003143,ACC0330,2025-02-09,88090.96,BigBasket
TXN011483,ACC0425,2025-04-20,20298.79,Zomato
TXN002091,ACC0087,2025-04-25,143259.93,ATM_Withdrawal
TXN007103,ACC0089,2025-05-15,96572.39,Zomato
TXN000540,ACC0241,2025-01-14,129965.69,Flipkart
TXN004714,ACC0280,2025-04-19,92489.4,Zomato
TXN019944,ACC0378,2025-03-14,125219.78,ATM_Withdrawal
TXN015735,ACC0194,2025-04-30,59512.63,Uber
TXN018025,ACC0465,2025-02-24,67824.51,Amazon
TXN018089,ACC0059,2025-07-11,33069.87,Uber
TXN005471,ACC0394,2025-02-15,27676.31,Swiggy
TXN017785,ACC0319,2025-03-18,8554.83,Uber
TXN009504,ACC0200,2025-04-18,100167.41,Flipkart
TXN016415,ACC0171,2025-06-27,58748.69,ATM_Withdrawal
TXN016536,ACC0491,2025-05-02,25352.87,Uber
TXN015505,ACC0020,2025-06-22,110913.14,Amazon
TXN008466,ACC0097,2025-02-05,145288.41,Zomato
TXN000734,ACC0388,2025-05-12,21098.59,Swiggy
TXN014263,ACC0471,2025-02-23,114162.54,Unknown_POS
TXN005445,ACC0448,2025-06-20,120684.46,BigBasket
TXN010437,ACC0437,2025-01-27,61681.16,Zomato
TXN017962,ACC0145,2025-07-22,43624.68,Flipkart
TXN006900,ACC0221,2025-01-26,56548.59,Swiggy
TXN007389,ACC0063,2025-06-28,81322.9,Zomato
TXN009921,ACC0050,2025-05-11,118081.88,Swiggy
TXN016846,ACC0250,2025-04-13,5500.02,Unknown_POS
TXN006387,ACC0493,2025-03-18,74221.87,Flipkart
TXN018561,ACC0241,2025-05-02,77175.6,Uber
TXN006368,ACC0434,2025-05-02,120203.27,Flipkart
TXN000941,ACC0026,2025-04-04,33147.38,Flipkart
TXN002676,ACC0054,2025-02-14,109238.07,Unknown_POS
TXN001782,ACC0027,2025-02-21,35981.46,Zomato
TXN010452,ACC0092,2025-06-10,115252.9,Unknown_POS
TXN017650,ACC0047,2025-06-23,10325.04,Swiggy
TXN009681,ACC0235,2025-03-18,30615.81,Swiggy
TXN011328,ACC0126,2025-03-15,148042.12,Amazon
TXN002003,ACC0159,2025-03-02,110700.1,Zomato
TXN007206,ACC0072,2025-04-29,89513.93,Zomato
TXN012311,ACC0384,2025-01-25,128912.59,Unknown_POS
TXN009200,ACC0203,2025-02-02,14337.5,Amazon
TXN015888,ACC0161,2025-01-09,28660.72,Uber
TXN015263,ACC0163,2025-02-01,119736.89,Uber
TXN017864,ACC0252,2025-02-05,118284.09,Amazon
TXN005115,ACC0058,2025-03-13,136658.46,Amazon
TXN017956,ACC0223,2025-01-14,133600.94,ATM_Withdrawal
TXN016260,ACC0108,2025-06-11,12991.52,Swiggy
TXN000013,ACC0500,2025-04-13,19658.38,BigBasket
TXN016671,ACC0387,2025-05-27,125324.64,ATM_Withdrawal
TXN000412,ACC0030,2025-07-27,148730.12,BigBasket
TXN009292,ACC0186,2025-06-24,66617.51,Zomato
TXN017681,ACC0189,2025-02-18,19450.45,ATM_Withdrawal
TXN010789,ACC0040,2025-07-28,70512.1,Unknown_POS
TXN010010,ACC0041,2025-03-30,17998.07,Amazon
TXN005285,ACC0029,2025-01-21,141237.24,Swiggy
TXN006510,ACC0094,2025-06-01,32084.78,Flipkart
TXN007176,ACC0459,2025-05-21,146278.71,Unknown_POS
TXN018409,ACC0500,2025-04-23,39900.89,Swiggy
TXN002025,ACC0390,2025-02-09,122949.59,ATM_Withdrawal
TXN008233,ACC0427,2025-01-14,148905.44,Uber
TXN015188,ACC0387,2025-07-20,68137.55,Zomato
TXN012541,ACC0236,2025-06-04,98838.77,Swiggy
TXN002461,ACC0172,2025-02-13,143876.13,Unknown_POS
TXN003835,ACC0262,2025-05-26,63102.95,Uber
TXN004999,ACC0093,2025-02-18,64745.79,Swiggy
TXN016775,ACC0099,2025-04-15,82271.72,Flipkart
TXN017477,ACC0083,2025-07-29,80867.46,Swiggy
TXN012105,ACC0092,2025-02-22,90429.41,Unknown_POS
TXN015310,ACC0101,2025-07-29,106437.71,Unknown_POS
TXN017402,ACC0122,2025-02-06,116086.78,Zomato
TXN016984,ACC0468,2025-01-18,89595.69,Flipkart
TXN019324,ACC0140,2025-03-21,27832.81,Zomato
TXN002196,ACC0157,2025-06-12,128695.33,Uber
TXN012379,ACC0077,2025-06-04,129429.85,Zomato
TXN000375,ACC0259,2025-02-04,95600.49,Unknown_POS
TXN014460,ACC0477,2025-01-28,131890.2,Amazon
TXN002881,ACC0049,2025-07-08,88249.96,Unknown_POS
TXN009132,ACC0233,2025-04-14,112924.76,Flipkart
TXN018405,ACC0047,2025-04-19,108729.76,Unknown_POS
TXN002979,ACC0383,2025-07-13,110729.66,Uber
TXN004852,ACC0401,2025-06-07,10943.55,Amazon
TXN011416,ACC0149,2025-01-26,121642.04,BigBasket
TXN013405,ACC0245,2025-01-19,51817.24,Uber
TXN007716,ACC0203,2025-06-28,127892.28,Uber
TXN005533,ACC0422,2025-07-18,133480.45,BigBasket
TXN011611,ACC0151,2025-05-29,25183.06,Zomato
TXN009897,ACC0276,2025-06-27,2392.84,Uber
TXN013217,ACC0286,2025-03-24,141112.18,BigBasket
TXN010344,ACC0146,2025-07-04,73947.32,Unknown_POS
TXN003502,ACC0494,2025-04-10,149871.12,Swiggy
TXN014614,ACC0239,2025-05-09,111969.66,Zomato
TXN003850,ACC0047,2025-05-27,111081.39,Uber
TXN016723,ACC0233,2025-07-25,64694.36,BigBasket
TXN001279,ACC0165,2025-07-23,32024.11,Amazon
TXN016997,ACC0289,2025-04-17,18844.37,Amazon
TXN013161,ACC0331,2025-06-17,40436.11,BigBasket
TXN017176,ACC0333,2025-07-17,137107.72,BigBasket
TXN016826,ACC0278,2025-02-23,13356.74,Unknown_POS
TXN013307,ACC0023,2025-03-30,107499.79,ATM_Withdrawal
TXN012075,ACC0251,2025-06-17,79488.67,Amazon
TXN006240,ACC0252,2025-03-07,18121.37,Swiggy
TXN009453,ACC0142,2025-01-27,74490.64,Amazon
TXN013679,ACC0490,2025-03-22,149488.35,Amazon
TXN012112,ACC0458,2025-04-21,58436.21,Uber
TXN018910,ACC0179,2025-07-18,42260.54,ATM_Withdrawal
TXN007044,ACC0062,2025-07-14,75214.34,Swiggy
TXN010454,ACC0039,2025-02-11,93624.86,Flipkart
TXN001281,ACC0141,2025-02-06,113644.64,Swiggy
TXN003490,ACC0317,2025-07-04,25528.79,BigBasket
TXN004629,ACC0300,2025-03-02,81604.5,Flipkart
TXN011478,ACC0350,2025-06-18,75058.79,Swiggy
TXN001468,ACC0256,2025-06-23,4061.0,Swiggy
TXN016372,ACC0436,2025-01-15,77386.82,Flipkart
TXN013463,ACC0396,2025-01-16,3909.76,Flipkart
TXN011098,ACC0397,2025-05-23,90183.56,Uber
TXN003754,ACC0353,2025-05-31,93053.75,BigBasket
TXN011190,ACC0237,2025-03-26,135037.32,Zomato
TXN012571,ACC0053,2025-04-11,21284.86,Unknown_POS
TXN000250,ACC0188,2025-03-25,29601.29,Flipkart
TXN009010,ACC0009,2025-06-19,22013.38,ATM_Withdrawal
TXN004814,ACC0304,2025-04-26,24451.97,Zomato
TXN013633,ACC0175,2025-06-22,123749.89,Amazon
TXN017021,ACC0123,2025-02-24,47682.82,Swiggy
TXN000813,ACC0410,2025-03-22,61893.27,BigBasket
TXN009161,ACC0009,2025-03-26,91912.3,Zomato
TXN017460,ACC0277,2025-06-01,49691.24,Unknown_POS
TXN011903,ACC0051,2025-04-10,90985.38,BigBasket
TXN012559,ACC0194,2025-01-31,72828.17,Amazon
TXN006708,ACC0174,2025-05-02,12315.34,ATM_Withdrawal
TXN016659,ACC0073,2025-01-26,120683.45,Amazon
TXN006056,ACC0154,2025-02-05,140806.75,Flipkart
TXN002151,ACC0285,2025-07-29,80485.7,ATM_Withdrawal
TXN014874,ACC0070,2025-05-07,133856.55,Swiggy
TXN013124,ACC0346,2025-01-26,20243.56,ATM_Withdrawal
TXN008564,ACC0077,2025-03-31,99785.31,ATM_Withdrawal
TXN000984,ACC0293,2025-07-10,7444.2,Unknown_POS
TXN001061,ACC0194,2025-05-21,57122.02,Swiggy
TXN019074,ACC0001,2025-03-12,125044.69,BigBasket
TXN006628,ACC0291,2025-05-30,117355.1,BigBasket
TXN008936,ACC0258,2025-01-27,67039.95,Uber
TXN006427,ACC0500,2025-06-01,38626.12,Unknown_POS
TXN011422,ACC0109,2025-03-29,72690.4,Uber
TXN002120,ACC0435,2025-07-07,140168.21,Zomato
TXN008219,ACC0085,2025-03-24,33917.62,Amazon
TXN010044,ACC0228,2025-05-12,93809.75,Unknown_POS
TXN004615,ACC0290,2025-04-22,27299.79,BigBasket
TXN012079,ACC0459,2025-06-09,81835.59,BigBasket
TXN002528,ACC0173,2025-06-15,2490.03,ATM_Withdrawal
TXN019926,ACC0020,2025-07-30,8562.75,Unknown_POS
TXN006711,ACC0166,2025-03-11,31914.75,Uber
TXN019647,ACC0275,2025-04-28,104449.63,Uber
TXN006555,ACC0349,2025-07-16,47777.85,Amazon
TXN003583,ACC0084,2025-04-12,95312.77,Uber
TXN011059,ACC0147,2025-06-17,687.98,Zomato
TXN000608,ACC0282,2025-06-14,56826.71,Zomato
TXN018900,ACC0123,2025-05-10,143603.6,ATM_Withdrawal
TXN006325,ACC0119,2025-01-29,86192.99,Swiggy
TXN018403,ACC0013,2025-07-18,46418.75,Uber
TXN013636,ACC0169,2025-03-02,59926.57,Uber
TXN007641,ACC0224,2025-04-11,144442.37,Uber
TXN005329,ACC0261,2025-06-03,87037.59,BigBasket
TXN000164,ACC0259,2025-04-27,56011.44,ATM_Withdrawal
TXN004145,ACC0386,2025-04-26,83465.21,Swiggy
TXN002365,ACC0113,2025-04-11,27594.88,Flipkart
TXN011402,ACC0248,2025-05-14,140533.62,Zomato
TXN010243,ACC0472,2025-05-20,47975.17,ATM_Withdrawal
TXN011077,ACC0336,2025-02-14,139919.99,BigBasket
TXN013121,ACC0323,2025-02-13,124255.72,Zomato
TXN005887,ACC0171,2025-03-08,115598.14,Unknown_POS
TXN002903,ACC0363,2025-05-04,77188.95,Flipkart
TXN004085,ACC0208,2025-06-01,61760.88,Uber
TXN017427,ACC0225,2025-02-11,45871.18,Unknown_POS
TXN001188,ACC0018,2025-01-10,85244.03,BigBasket
TXN015645,ACC0499,2025-01-14,122465.71,Swiggy
TXN019086,ACC0121,2025-03-21,111682.73,Amazon
TXN014542,ACC0037,2025-06-18,8648.55,Unknown_POS
TXN007287,ACC0229,2025-02-14,10797.06,BigBasket
TXN003985,ACC0145,2025-07-17,49942.6,BigBasket
TXN007218,ACC0324,2025-07-13,64736.76,Amazon
TXN008196,ACC0448,2025-05-31,100294.04,Uber
TXN011605,ACC0116,2025-04-04,89735.22,Flipkart
TXN003457,ACC0091,2025-04-10,123994.5,BigBasket
TXN018750,ACC0190,2025-04-05,58559.59,Unknown_POS
TXN001647,ACC0161,2025-05-31,108628.0,ATM_Withdrawal
TXN006715,ACC0152,2025-05-25,70584.82,Zomato
TXN013597,ACC0075,2025-03-31,3594.08,Uber
TXN007348,ACC0045,2025-05-18,17176.2,Unknown_POS
TXN012770,ACC0246,2025-07-27,77579.56,BigBasket
TXN019177,ACC0244,2025-03-28,2075.4,Flipkart
TXN008819,ACC0225,2025-04-04,77856.33,Unknown_POS
TXN016792,ACC0008,2025-04-17,31329.0,Uber
TXN002477,ACC0372,2025-07-19,121074.25,Unknown_POS
TXN013482,ACC0129,2025-01-14,75522.38,Zomato
TXN006202,ACC0495,2025-04-27,142296.73,Unknown_POS
TXN004968,ACC0367,2025-02-25,99348.74,Uber
TXN015025,ACC0305,2025-03-03,81564.82,Unknown_POS
TXN003439,ACC0165,2025-02-04,67213.29,Zomato
TXN006759,ACC0078,2025-05-16,84295.1,Unknown_POS
TXN017499,ACC0384,2025-06-10,70687.13,Amazon
TXN014172,ACC0156,2025-04-23,38544.39,ATM_Withdrawal
TXN014022,ACC0090,2025-07-24,137487.5,Flipkart
TXN012091,ACC0007,2025-07-04,54248.47,Zomato
TXN008306,ACC0433,2025-02-12,140445.55,BigBasket
TXN014636,ACC0461,2025-04-04,100814.98,ATM_Withdrawal
TXN013813,ACC0124,2025-03-20,42268.56,Swiggy
TXN010890,ACC0103,2025-05-11,124405.23,Flipkart
TXN005096,ACC0127,2025-07-22,134594.23,Unknown_POS
TXN008129,ACC0302,2025-02-07,2487.81,Amazon
TXN019367,ACC0197,2025-01-11,143573.66,Zomato
TXN001204,ACC0316,2025-03-13,41318.81,Uber
TXN001471,ACC0339,2025-07-12,78016.34,ATM_Withdrawal
TXN015339,ACC0003,2025-07-21,13395.01,Zomato
TXN016741,ACC0260,2025-02-24,96278.44,BigBasket
TXN011465,ACC0304,2025-05-09,67891.63,Swiggy
TXN009015,ACC0088,2025-07-06,30715.54,ATM_Withdrawal
TXN012865,ACC0430,2025-07-25,90114.52,Swiggy
TXN006846,ACC0306,2025-05-28,2110.43,BigBasket
TXN016877,ACC0437,2025-07-25,75242.46,Zomato
TXN014262,ACC0039,2025-07-12,44817.81,BigBasket
TXN009226,ACC0086,2025-02-17,34405.31,BigBasket
TXN004106,ACC0146,2025-03-13,26600.16,Amazon
TXN010422,ACC0090,2025-04-28,143599.65,Zomato
TXN015806,ACC0148,2025-01-13,74530.27,Zomato
TXN019000,ACC0007,2025-07-22,144245.53,Swiggy
TXN010876,ACC0118,2025-01-25,9206.41,Flipkart
TXN015697,ACC0098,2025-06-24,28157.46,ATM_Withdrawal
TXN008264,ACC0479,2025-04-05,112529.8,Unknown_POS
TXN011796,ACC0029,2025-06-12,54266.36,Flipkart
TXN007808,ACC0073,2025-05-10,129604.3,Unknown_POS
TXN015534,ACC0109,2025-05-22,147734.27,Swiggy
TXN003887,ACC0371,2025-02-15,22950.16,Swiggy
TXN014069,ACC0099,2025-05-12,13942.02,Amazon
TXN017020,ACC0384,2025-05-03,2310.48,Swiggy
TXN012254,ACC0369,2025-03-12,137030.98,ATM_Withdrawal
TXN016523,ACC0320,2025-02-09,479.5,Uber
TXN009696,ACC0009,2025-03-18,21928.74,ATM_Withdrawal
TXN015400,ACC0391,2025-01-29,119438.13,Unknown_POS
TXN005346,ACC0078,2025-06-01,47696.03,Unknown_POS
TXN006851,ACC0428,2025-04-18,90431.29,Unknown_POS
TXN015723,ACC0291,2025-01-12,118592.18,Unknown_POS
TXN008561,ACC0027,2025-06-23,70373.83,Flipkart
TXN004873,ACC0054,2025-07-30,83055.14,Uber
TXN014801,ACC0028,2025-05-20,105708.35,Unknown_POS
TXN002312,ACC0437,2025-07-01,12790.53,Swiggy
TXN016437,ACC0290,2025-05-25,69396.75,Swiggy
TXN007496,ACC0044,2025-07-26,91577.96,Zomato
TXN008623,ACC0453,2025-04-26,113785.83,Flipkart
TXN001765,ACC0288,2025-06-15,18611.05,Flipkart
TXN014234,ACC0282,2025-03-21,73718.53,Swiggy
TXN004874,ACC0191,2025-05-05,125024.17,Amazon
TXN003358,ACC0181,2025-06-07,80758.3,Zomato
TXN014157,ACC0103,2025-04-05,37760.57,ATM_Withdrawal
TXN012908,ACC0033,2025-06-12,97608.02,ATM_Withdrawal
TXN007016,ACC0424,2025-04-09,65809.18,Zomato
TXN001774,ACC0441,2025-05-16,47641.5,Uber
TXN009596,ACC0062,2025-04-14,115671.78,Uber
TXN000882,ACC0177,2025-03-15,70406.23,Amazon
TXN009963,ACC0200,2025-03-18,81973.19,Swiggy
TXN013565,ACC0082,2025-03-15,139876.23,Swiggy
TXN012227,ACC0048,2025-02-24,100358.4,Uber
TXN002309,ACC0068,2025-03-05,115529.14,Uber
TXN004203,ACC0374,2025-01-11,82903.87,Amazon
TXN009047,ACC0091,2025-01-29,28040.37,Flipkart
TXN000092,ACC0189,2025-06-07,33166.34,Swiggy
TXN009837,ACC0362,2025-03-06,3609.16,Flipkart
TXN002929,ACC0144,2025-02-15,39477.5,Flipkart
TXN002962,ACC0437,2025-02-19,98283.03,Amazon
TXN012877,ACC0351,2025-07-29,92265.08,Unknown_POS
TXN000036,ACC0084,2025-04-11,148592.83,Uber
TXN009931,ACC0056,2025-06-13,10015.9,Amazon
TXN017845,ACC0467,2025-02-20,46519.39,Flipkart
TXN003246,ACC0048,2025-02-14,76030.16,Flipkart
TXN003883,ACC0459,2025-02-12,35474.97,Zomato
TXN012895,ACC0457,2025-02-01,139181.41,ATM_Withdrawal
TXN017217,ACC0362,2025-01-18,62160.52,Uber
TXN008465,ACC0080,2025-03-09,89155.62,Amazon
TXN001579,ACC0383,2025-05-07,57341.92,Unknown_POS
TXN006874,ACC0090,2025-05-08,84486.78,Unknown_POS
TXN000733,ACC0435,2025-07-26,147278.89,Swiggy
TXN015869,ACC0159,2025-04-27,507.73,Uber
TXN001168,ACC0471,2025-04-22,107682.79,BigBasket
TXN008937,ACC0256,2025-05-03,86630.35,Amazon
TXN016878,ACC0333,2025-04-28,4541.5,Flipkart
TXN006098,ACC0006,2025-07-18,77577.63,BigBasket
TXN003299,ACC0500,2025-04-28,124520.19,Flipkart
TXN005205,ACC0304,2025-04-26,138507.42,Flipkart
TXN001103,ACC0237,2025-07-20,122134.29,Amazon
TXN006277,ACC0351,2025-03-13,94269.89,Amazon
TXN014462,ACC0385,2025-02-06,70042.24,Unknown_POS
TXN019830,ACC0038,2025-06-29,111277.6,Unknown_POS
TXN017950,ACC0431,2025-05-10,68360.88,BigBasket
TXN006767,ACC0218,2025-01-16,104319.07,Flipkart
TXN003235,ACC0458,2025-07-03,130093.11,Swiggy
TXN004894,ACC0381,2025-04-03,34150.54,ATM_Withdrawal
TXN019764,ACC0466,2025-05-18,16610.17,BigBasket
TXN011506,ACC0241,2025-02-10,67722.74,Zomato
TXN018362,ACC0370,2025-01-12,108179.09,ATM_Withdrawal
TXN008323,ACC0203,2025-07-05,3421.97,Swiggy
TXN006550,ACC0262,2025-06-07,62094.17,Zomato
TXN016003,ACC0421,2025-05-28,24289.54,Amazon
TXN007537,ACC0442,2025-01-10,39071.25,Amazon
TXN015605,ACC0048,2025-05-17,108198.51,BigBasket
TXN013404,ACC0153,2025-01-16,104338.51,Zomato
TXN002093,ACC0088,2025-07-12,141634.27,Flipkart
TXN015258,ACC0380,2025-01-26,25364.99,Unknown_POS
TXN015694,ACC0414,2025-01-04,120057.41,Amazon
TXN000649,ACC0147,2025-06-24,37621.62,Amazon
TXN010206,ACC0050,2025-06-21,83611.47,Zomato
TXN019137,ACC0359,2025-07-20,66277.11,Swiggy
TXN015772,ACC0339,2025-01-10,10063.13,Unknown_POS
TXN000962,ACC0001,2025-07-05,5247.7,Uber
TXN003484,ACC0259,2025-01-17,33824.08,Zomato
TXN011165,ACC0381,2025-02-25,27982.57,Zomato
TXN000909,ACC0200,2025-06-24,144184.02,BigBasket
TXN011577,ACC0205,2025-04-16,148049.15,Zomato
TXN010199,ACC0098,2025-07-12,142212.52,Amazon
TXN002382,ACC0301,2025-07-23,57347.65,Amazon
TXN000802,ACC0471,2025-01-24,82461.42,BigBasket
TXN012798,ACC0151,2025-03-16,104058.19,Unknown_POS
TXN016109,ACC0054,2025-07-16,48148.77,ATM_Withdrawal
TXN010577,ACC0422,2025-01-13,80626.57,Swiggy
TXN008051,ACC0416,2025-03-10,141916.09,Zomato
TXN011580,ACC0279,2025-03-04,80972.39,BigBasket
TXN016328,ACC0097,2025-07-19,75122.32,Swiggy
TXN018483,ACC0056,2025-01-20,18620.74,Zomato
TXN016141,ACC0333,2025-06-06,31425.42,Amazon
TXN012655,ACC0409,2025-04-22,70650.11,Uber
TXN009802,ACC0065,2025-07-16,10650.37,Amazon
TXN000094,ACC0213,2025-06-29,82407.71,ATM_Withdrawal
TXN006591,ACC0177,2025-07-10,94846.82,BigBasket
TXN017313,ACC0468,2025-06-21,140209.21,BigBasket
TXN001091,ACC0061,2025-01-07,69759.6,Flipkart
TXN003976,ACC0255,2025-06-05,33607.6,Uber
TXN014075,ACC0087,2025-05-02,15213.18,Uber
TXN002523,ACC0088,2025-06-03,49064.87,Unknown_POS
TXN000739,ACC0343,2025-02-22,77706.89,BigBasket
TXN003889,ACC0393,2025-03-11,77011.22,Amazon
TXN002058,ACC0088,2025-02-15,56228.98,Swiggy
TXN009567,ACC0458,2025-01-14,101184.1,Unknown_POS
TXN018123,ACC0019,2025-03-24,68851.19,Zomato
TXN006727,ACC0294,2025-02-23,17717.8,Flipkart
TXN008702,ACC0015,2025-01-03,98902.36,Unknown_POS
TXN014624,ACC0168,2025-07-13,127679.9,Uber
TXN014278,ACC0353,2025-04-12,61114.44,Amazon
TXN006928,ACC0332,2025-05-12,55176.76,Zomato
TXN017418,ACC0080,2025-07-15,50878.09,Amazon
TXN007932,ACC0417,2025-07-01,133445.07,Unknown_POS
TXN011980,ACC0403,2025-01-09,143530.29,BigBasket
TXN001893,ACC0168,2025-03-05,8036.18,Uber
TXN018430,ACC0073,2025-04-14,13956.47,Flipkart
TXN016022,ACC0225,2025-06-21,130437.27,ATM_Withdrawal
TXN001492,ACC0059,2025-03-28,25508.4,BigBasket
TXN017953,ACC0478,2025-07-20,53005.75,Flipkart
TXN011953,ACC0128,2025-07-21,103287.03,ATM_Withdrawal
TXN018501,ACC0259,2025-07-03,84180.62,BigBasket
TXN010767,ACC0101,2025-07-13,53038.24,Uber
TXN016960,ACC0369,2025-01-16,42614.24,Unknown_POS
TXN003681,ACC0105,2025-02-17,16948.39,Unknown_POS
TXN007221,ACC0245,2025-06-20,135286.47,Uber
TXN012456,ACC0167,2025-04-22,24908.79,Amazon
TXN015690,ACC0081,2025-04-10,120658.79,BigBasket
TXN002715,ACC0282,2025-02-05,17381.7,Flipkart
TXN005253,ACC0283,2025-03-18,28413.43,BigBasket
TXN002621,ACC0458,2025-03-08,138033.11,Uber
TXN003941,ACC0490,2025-03-08,86577.67,BigBasket
TXN018727,ACC0386,2025-07-01,149488.27,Uber
TXN019911,ACC0149,2025-07-07,64796.69,Amazon
TXN017376,ACC0006,2025-04-25,28585.34,ATM_Withdrawal
TXN009398,ACC0048,2025-05-23,146460.01,BigBasket
TXN004983,ACC0003,2025-06-13,114657.6,Unknown_POS
TXN009183,ACC0101,2025-07-11,113591.45,ATM_Withdrawal
TXN015256,ACC0462,2025-02-11,28291.66,Uber
TXN010867,ACC0125,2025-01-05,127796.92,Uber
TXN019192,ACC0477,2025-06-16,127856.62,Unknown_POS
TXN008442,ACC0128,2025-03-29,86981.87,Zomato
TXN001631,ACC0244,2025-03-10,84480.41,Unknown_POS
TXN012286,ACC0228,2025-01-07,93276.32,Amazon
TXN010545,ACC0036,2025-07-01,148978.92,ATM_Withdrawal
TXN008708,ACC0116,2025-03-04,86409.3,Amazon
TXN006580,ACC0493,2025-05-24,116114.78,Zomato
TXN009569,ACC0233,2025-07-05,47147.12,Amazon
TXN010751,ACC0157,2025-01-04,127419.94,Uber
TXN003355,ACC0394,2025-07-23,24130.79,BigBasket
TXN006506,ACC0367,2025-06-09,113523.76,Swiggy
TXN012609,ACC0227,2025-01-11,22672.74,Zomato
TXN016942,ACC0379,2025-05-07,94488.82,BigBasket
TXN001761,ACC0199,2025-03-01,135041.65,BigBasket
TXN009016,ACC0138,2025-05-25,32113.37,Flipkart
TXN004509,ACC0090,2025-01-17,68602.15,Zomato
TXN011495,ACC0274,2025-03-07,140831.16,BigBasket
TXN015628,ACC0227,2025-06-25,47290.93,BigBasket
TXN004693,ACC0110,2025-01-29,87995.37,Zomato
TXN010582,ACC0074,2025-04-07,37597.34,Unknown_POS
TXN008127,ACC0128,2025-07-12,13456.25,Amazon
TXN012685,ACC0423,2025-03-24,139764.45,Unknown_POS
TXN006351,ACC0293,2025-01-16,56044.28,Swiggy
TXN009216,ACC0187,2025-07-09,106730.33,BigBasket
TXN013927,ACC0232,2025-03-01,65896.21,BigBasket
TXN016027,ACC0059,2025-06-10,140019.7,Swiggy
TXN019805,ACC0474,2025-06-16,16985.07,Amazon
TXN007373,ACC0040,2025-05-01,92107.34,BigBasket
TXN014348,ACC0107,2025-02-21,14109.63,Zomato
TXN002291,ACC0167,2025-01-15,93912.0,Amazon
TXN001599,ACC0145,2025-03-09,91959.09,Uber
TXN019977,ACC0182,2025-01-13,64750.28,Uber
TXN011140,ACC0165,2025-05-20,59559.27,Amazon
TXN009505,ACC0491,2025-02-01,99210.17,Swiggy
TXN014654,ACC0075,2025-04-25,96504.18,Zomato
TXN002707,ACC0455,2025-05-22,71841.78,Swiggy
TXN006779,ACC0244,2025-05-11,55306.93,Unknown_POS
TXN010195,ACC0008,2025-03-02,8095.45,ATM_Withdrawal
TXN019026,ACC0295,2025-04-04,71549.27,BigBasket
TXN015693,ACC0191,2025-05-12,32098.16,Flipkart
TXN013764,ACC0052,2025-01-21,136753.42,Zomato
TXN004900,ACC0288,2025-07-02,49117.96,Uber
TXN019547,ACC0341,2025-07-18,106933.3,BigBasket
TXN007205,ACC0160,2025-02-23,51545.48,Flipkart
TXN013861,ACC0337,2025-07-19,53459.31,Swiggy
TXN018444,ACC0480,2025-05-18,74970.11,Unknown_POS
TXN013342,ACC0147,2025-01-15,134946.86,ATM_Withdrawal
TXN002045,ACC0131,2025-03-05,90342.29,Swiggy
TXN015812,ACC0034,2025-05-08,46669.95,ATM_Withdrawal
TXN011821,ACC0349,2025-06-18,55961.2,Flipkart
TXN008814,ACC0220,2025-05-07,81422.01,Zomato
TXN014029,ACC0138,2025-07-19,45354.66,Swiggy
TXN002764,ACC0297,2025-03-23,6341.24,Zomato
TXN016412,ACC0446,2025-04-26,107508.58,ATM_Withdrawal
TXN003855,ACC0223,2025-05-29,129141.24,Unknown_POS
TXN011750,ACC0203,2025-02-13,45964.54,BigBasket
TXN006803,ACC0208,2025-04-04,3932.25,Unknown_POS
TXN009868,ACC0331,2025-07-08,118565.35,Zomato
TXN012203,ACC0191,2025-05-08,40339.34,Amazon
TXN017992,ACC0338,2025-01-26,104389.23,Unknown_POS
TXN018696,ACC0494,2025-05-22,125988.79,Flipkart
TXN003236,ACC0097,2025-07-17,22285.16,Uber
TXN011830,ACC0063,2025-05-30,68812.06,ATM_Withdrawal
TXN010055,ACC0468,2025-01-12,102312.75,Uber
TXN018985,ACC0232,2025-03-22,34164.58,Unknown_POS
TXN016259,ACC0469,2025-04-22,44801.43,Amazon
TXN001405,ACC0298,2025-05-04,84857.91,Uber
TXN016556,ACC0414,2025-02-02,80684.56,BigBasket
TXN010200,ACC0250,2025-03-13,55392.43,Zomato
TXN005496,ACC0307,2025-01-24,38786.04,ATM_Withdrawal
TXN013540,ACC0256,2025-04-12,39146.61,Uber
TXN008470,ACC0189,2025-03-30,104244.36,Amazon
TXN014956,ACC0029,2025-07-01,35345.92,Swiggy
TXN010473,ACC0324,2025-04-17,2036.28,Unknown_POS
TXN016217,ACC0289,2025-01-30,122519.2,Flipkart
TXN004059,ACC0357,2025-03-08,122363.22,Swiggy
TXN002498,ACC0179,2025-07-01,82746.99,Uber
TXN005102,ACC0254,2025-05-16,123301.65,Swiggy
TXN011323,ACC0102,2025-05-03,86594.71,Swiggy
TXN002236,ACC0065,2025-02-09,51650.88,Amazon
TXN005071,ACC0273,2025-03-02,33775.68,Uber
TXN018974,ACC0290,2025-02-12,83804.53,Uber
TXN017683,ACC0006,2025-06-19,140387.1,Unknown_POS
TXN013891,ACC0200,2025-04-20,143534.81,Uber
TXN019551,ACC0020,2025-03-11,24684.43,Flipkart
TXN012043,ACC0381,2025-01-04,128961.51,Amazon
TXN016303,ACC0242,2025-07-18,96186.8,Flipkart
TXN016886,ACC0462,2025-02-15,60082.19,Zomato
TXN010560,ACC0145,2025-01-23,79394.69,Uber
TXN003221,ACC0325,2025-01-18,110178.35,Flipkart
TXN000063,ACC0056,2025-06-07,111146.6,Zomato
TXN006762,ACC0449,2025-06-08,90353.15,Zomato
TXN002071,ACC0478,2025-05-05,71011.11,BigBasket
TXN009904,ACC0241,2025-01-22,17291.31,Amazon
TXN011840,ACC0393,2025-05-07,140033.97,Swiggy
TXN001819,ACC0464,2025-06-30,106059.85,Zomato
TXN018293,ACC0028,2025-01-30,54317.92,Flipkart
TXN018442,ACC0126,2025-07-11,96542.93,Zomato
TXN016890,ACC0378,2025-05-29,53887.21,ATM_Withdrawal
TXN015970,ACC0381,2025-03-24,100337.31,Amazon
TXN008479,ACC0377,2025-04-14,15550.03,Swiggy
TXN001095,ACC0131,2025-07-22,10222.02,Uber
TXN009913,ACC0134,2025-07-24,144077.92,Flipkart
TXN002464,ACC0411,2025-05-28,64393.91,Unknown_POS
TXN001080,ACC0150,2025-05-01,20225.14,Uber
TXN019452,ACC0104,2025-06-27,147827.96,ATM_Withdrawal
TXN009818,ACC0444,2025-06-29,73055.32,ATM_Withdrawal
TXN009634,ACC0239,2025-07-30,73667.58,ATM_Withdrawal
TXN006682,ACC0408,2025-02-24,23790.66,Uber
TXN008118,ACC0312,2025-05-21,30702.71,ATM_Withdrawal
TXN010486,ACC0085,2025-05-23,139256.96,Unknown_POS
TXN011074,ACC0019,2025-05-24,59801.73,ATM_Withdrawal
TXN008914,ACC0373,2025-01-05,22302.96,Unknown_POS
TXN016809,ACC0371,2025-01-12,5080.72,Uber
TXN019238,ACC0364,2025-03-11,125830.57,Flipkart
TXN008394,ACC0469,2025-03-26,116455.21,BigBasket
TXN003773,ACC0396,2025-04-07,6629.01,Swiggy
TXN006206,ACC0111,2025-03-24,112736.77,ATM_Withdrawal
TXN000055,ACC0395,2025-03-15,105749.9,ATM_Withdrawal
TXN005121,ACC0034,2025-03-21,27986.97,ATM_Withdrawal
TXN003323,ACC0390,2025-03-25,1664.82,Flipkart
TXN002603,ACC0455,2025-03-26,58684.38,Unknown_POS
TXN009298,ACC0261,2025-03-29,60974.82,Unknown_POS
TXN002794,ACC0042,2025-04-15,63182.34,Swiggy
TXN005749,ACC0013,2025-01-14,12833.69,Zomato
TXN013339,ACC0499,2025-04-08,17530.3,ATM_Withdrawal
TXN000486,ACC0403,2025-03-15,130127.92,BigBasket
TXN009284,ACC0237,2025-06-20,34713.41,ATM_Withdrawal
TXN017007,ACC0022,2025-03-21,91352.22,Unknown_POS
TXN017647,ACC0156,2025-07-01,33993.83,Flipkart
TXN008338,ACC0279,2025-01-11,54255.99,Zomato
TXN003623,ACC0325,2025-05-02,118031.58,BigBasket
TXN012593,ACC0401,2025-06-22,50936.95,Uber
TXN017991,ACC0443,2025-04-16,67949.07,ATM_Withdrawal
TXN001082,ACC0357,2025-02-23,91827.46,Flipkart
TXN003628,ACC0161,2025-05-11,132115.19,Unknown_POS
TXN015283,ACC0400,2025-07-16,80557.69,ATM_Withdrawal
TXN008542,ACC0039,2025-06-26,125907.53,Unknown_POS
TXN013490,ACC0348,2025-02-05,57234.34,Unknown_POS
TXN003231,ACC0005,2025-02-27,48391.53,Swiggy
TXN005517,ACC0150,2025-03-13,130410.01,ATM_Withdrawal
TXN012390,ACC0009,2025-01-30,121871.26,Zomato
TXN015290,ACC0344,2025-03-31,134301.92,Zomato
TXN001667,ACC0213,2025-05-07,110574.89,Uber
TXN011921,ACC0189,2025-06-04,142809.98,Unknown_POS
TXN000965,ACC0439,2025-03-22,3304.12,Uber
TXN017868,ACC0245,2025-06-18,36820.93,Uber
TXN015905,ACC0315,2025-04-20,126633.98,ATM_Withdrawal
TXN002955,ACC0442,2025-07-03,139139.85,ATM_Withdrawal
TXN008922,ACC0229,2025-01-12,121620.85,ATM_Withdrawal
TXN010713,ACC0471,2025-05-19,80431.56,Unknown_POS
TXN010691,ACC0488,2025-06-26,49536.85,ATM_Withdrawal
TXN015285,ACC0301,2025-06-30,2345.27,Unknown_POS
TXN009367,ACC0322,2025-07-25,113087.64,BigBasket
TXN011046,ACC0295,2025-01-18,47819.17,Uber
TXN013586,ACC0444,2025-01-20,51715.77,Zomato
TXN011410,ACC0399,2025-07-15,77407.78,Flipkart
TXN015428,ACC0276,2025-01-30,127374.31,Zomato
TXN017135,ACC0242,2025-01-16,25357.63,BigBasket
TXN018699,ACC0420,2025-06-27,21189.74,BigBasket
TXN011767,ACC0052,2025-05-27,118325.63,Flipkart
TXN001069,ACC0122,2025-02-25,88349.91,ATM_Withdrawal
TXN007738,ACC0265,2025-07-19,96631.71,ATM_Withdrawal
TXN019985,ACC0143,2025-07-18,10934.62,ATM_Withdrawal
TXN014423,ACC0082,2025-01-25,148835.26,BigBasket
TXN017289,ACC0422,2025-03-09,114858.04,Zomato
TXN017186,ACC0239,2025-05-31,79620.0,Swiggy
TXN009852,ACC0390,2025-02-07,102710.65,Swiggy
TXN015810,ACC0116,2025-03-14,6566.79,Amazon
TXN013031,ACC0175,2025-01-21,15659.35,Swiggy
TXN019493,ACC0272,2025-04-20,20485.28,Uber
TXN008607,ACC0152,2025-05-20,123943.84,ATM_Withdrawal
TXN000732,ACC0204,2025-04-04,75349.98,Zomato
TXN001263,ACC0251,2025-04-10,9495.74,Uber
TXN013043,ACC0473,2025-05-04,19074.22,Flipkart
TXN002191,ACC0028,2025-07-05,95897.06,BigBasket
TXN005062,ACC0137,2025-06-22,22738.27,Amazon
TXN001448,ACC0254,2025-07-15,54219.51,Uber
TXN011412,ACC0218,2025-03-28,100022.93,Amazon
TXN014587,ACC0486,2025-03-30,92672.38,BigBasket
TXN016805,ACC0113,2025-05-03,133034.79,BigBasket
TXN015318,ACC0365,2025-03-07,89433.56,Unknown_POS
TXN004061,ACC0500,2025-05-16,54599.6,ATM_Withdrawal
TXN015668,ACC0072,2025-02-25,147657.84,BigBasket
TXN007623,ACC0072,2025-06-19,119957.96,BigBasket
TXN013748,ACC0010,2025-06-09,57780.94,Zomato
TXN012064,ACC0166,2025-05-19,43966.32,Uber
TXN017464,ACC0185,2025-05-20,119976.9,Unknown_POS
TXN001533,ACC0268,2025-06-20,124355.79,Uber
TXN007839,ACC0353,2025-01-17,95494.47,Swiggy
TXN004843,ACC0145,2025-01-01,121174.04,BigBasket
TXN011879,ACC0200,2025-07-12,100983.02,Zomato
TXN001900,ACC0367,2025-05-07,71090.04,Unknown_POS
TXN006574,ACC0034,2025-04-21,32728.48,Swiggy
TXN014182,ACC0453,2025-07-06,129983.39,BigBasket
TXN003190,ACC0231,2025-03-20,63823.42,Unknown_POS
TXN017181,ACC0375,2025-07-21,58127.18,ATM_Withdrawal
TXN013363,ACC0471,2025-07-29,127729.63,Flipkart
TXN010745,ACC0274,2025-02-01,8767.09,Swiggy
TXN001820,ACC0004,2025-02-20,147640.32,Unknown_POS
TXN005349,ACC0341,2025-07-15,143095.61,Amazon
TXN011518,ACC0466,2025-06-25,49583.6,Unknown_POS
TXN013960,ACC0484,2025-02-23,79468.13,BigBasket
TXN013664,ACC0380,2025-05-16,108388.24,Zomato
TXN001929,ACC0174,2025-02-27,62901.14,Unknown_POS
TXN011149,ACC0415,2025-02-06,142783.28,Unknown_POS
TXN013598,ACC0114,2025-05-15,126631.8,Amazon
TXN015304,ACC0081,2025-02-06,61867.28,Unknown_POS
TXN002615,ACC0403,2025-05-09,99815.63,Swiggy
TXN011684,ACC0087,2025-05-25,3235.86,BigBasket
TXN004880,ACC0141,2025-01-14,68930.76,Zomato
TXN007940,ACC0130,2025-05-16,132872.9,BigBasket
TXN000302,ACC0082,2025-03-12,14046.33,BigBasket
TXN001878,ACC0149,2025-04-23,29200.8,BigBasket
TXN000009,ACC0153,2025-04-27,10992.31,Amazon
TXN006943,ACC0342,2025-01-08,122188.04,BigBasket
TXN010310,ACC0498,2025-03-06,90630.43,Uber
TXN019201,ACC0306,2025-03-30,14411.33,Flipkart
TXN006571,ACC0500,2025-05-02,86197.02,Uber
TXN004317,ACC0455,2025-06-19,17714.9,Swiggy
TXN001923,ACC0243,2025-03-01,77398.01,ATM_Withdrawal
TXN012212,ACC0004,2025-01-13,89613.9,Unknown_POS
TXN006435,ACC0175,2025-04-12,107284.11,ATM_Withdrawal
TXN017923,ACC0361,2025-03-12,126181.86,BigBasket
TXN019912,ACC0413,2025-06-08,3846.14,Uber
TXN003053,ACC0375,2025-01-10,79713.72,Unknown_POS
TXN015062,ACC0164,2025-04-14,144663.19,Unknown_POS
TXN014947,ACC0231,2025-04-14,66083.0,ATM_Withdrawal
TXN017778,ACC0349,2025-05-18,132685.31,Uber
TXN013989,ACC0261,2025-03-28,17152.34,BigBasket
TXN009695,ACC0137,2025-07-25,15967.96,Flipkart
TXN009677,ACC0352,2025-07-04,121676.87,ATM_Withdrawal
TXN004892,ACC0418,2025-06-18,12971.74,Swiggy
TXN001713,ACC0324,2025-07-02,119870.66,Uber
TXN019617,ACC0267,2025-03-30,132920.69,Zomato
TXN018012,ACC0225,2025-07-25,20413.99,Amazon
TXN017386,ACC0271,2025-04-22,80444.7,Unknown_POS
TXN011766,ACC0110,2025-07-15,135817.94,Flipkart
TXN011060,ACC0377,2025-06-12,26855.06,Swiggy
TXN003038,ACC0217,2025-07-17,8223.97,Unknown_POS
TXN019062,ACC0452,2025-05-16,70867.39,BigBasket
TXN019397,ACC0105,2025-07-25,38097.31,Zomato
TXN004383,ACC0492,2025-07-09,3486.66,Unknown_POS
TXN009557,ACC0422,2025-04-28,16579.15,ATM_Withdrawal
TXN011672,ACC0325,2025-03-13,95826.93,ATM_Withdrawal
TXN005550,ACC0296,2025-01-03,133131.82,Amazon
TXN016179,ACC0281,2025-06-02,53779.67,ATM_Withdrawal
TXN005472,ACC0064,2025-06-05,1236.76,Zomato
TXN008296,ACC0135,2025-07-15,17499.45,Unknown_POS
TXN004959,ACC0492,2025-05-20,53908.17,Zomato
TXN014238,ACC0053,2025-07-04,97775.29,ATM_Withdrawal
TXN011429,ACC0220,2025-07-16,102095.71,Flipkart
TXN018281,ACC0191,2025-01-23,71544.44,Uber
TXN003475,ACC0020,2025-04-10,27712.53,Flipkart
TXN014315,ACC0347,2025-05-11,135731.02,Flipkart
TXN013799,ACC0255,2025-07-26,64726.39,Flipkart
TXN012511,ACC0361,2025-04-13,3898.78,Unknown_POS
TXN003528,ACC0104,2025-07-10,22632.91,Zomato
TXN005491,ACC0088,2025-06-24,126262.64,Swiggy
TXN003619,ACC0175,2025-07-05,56034.54,Swiggy
TXN005364,ACC0429,2025-06-22,193.95,Unknown_POS
TXN001853,ACC0451,2025-06-08,92903.62,BigBasket
TXN016782,ACC0028,2025-02-15,19867.46,ATM_Withdrawal
TXN016488,ACC0228,2025-05-13,137051.23,Swiggy
TXN019702,ACC0431,2025-06-22,87075.39,ATM_Withdrawal
TXN005809,ACC0481,2025-01-04,31518.0,ATM_Withdrawal
TXN002732,ACC0144,2025-01-21,30573.06,Swiggy
TXN005836,ACC0449,2025-04-12,144603.11,Swiggy
TXN014832,ACC0214,2025-01-18,97113.57,Amazon
TXN017480,ACC0424,2025-07-02,72360.01,Flipkart
TXN005028,ACC0255,2025-04-02,127580.45,Swiggy
TXN011020,ACC0324,2025-07-30,131562.25,Uber
TXN018761,ACC0416,2025-02-08,55313.68,ATM_Withdrawal
TXN015417,ACC0088,2025-06-25,136602.5,Amazon
TXN010504,ACC0200,2025-04-24,65210.54,ATM_Withdrawal
TXN005618,ACC0319,2025-01-29,141314.83,BigBasket
TXN018576,ACC0273,2025-07-24,103883.36,Unknown_POS
TXN003795,ACC0051,2025-02-14,58209.24,Flipkart
TXN003576,ACC0321,2025-05-16,28936.16,Zomato
TXN018464,ACC0419,2025-07-24,75868.63,ATM_Withdrawal
TXN016103,ACC0075,2025-01-29,63179.53,Zomato
TXN010426,ACC0295,2025-05-09,60162.54,Unknown_POS
TXN002577,ACC0254,2025-02-22,25695.82,Zomato
TXN006314,ACC0202,2025-03-02,6277.42,Unknown_POS
TXN015972,ACC0406,2025-07-02,129.62,Unknown_POS
TXN008076,ACC0165,2025-03-01,76628.23,Amazon
TXN014876,ACC0463,2025-05-03,115005.93,Amazon
TXN015597,ACC0255,2025-05-05,131057.17,Unknown_POS
TXN006861,ACC0113,2025-06-12,3123.33,Uber
TXN007733,ACC0192,2025-04-05,10324.83,Uber
TXN011536,ACC0012,2025-06-22,56668.12,Unknown_POS
TXN004904,ACC0143,2025-05-01,114910.37,Unknown_POS
TXN014931,ACC0270,2025-04-25,122849.58,Zomato
TXN010731,ACC0227,2025-02-11,141641.5,Zomato
TXN013660,ACC0100,2025-05-03,117318.18,Flipkart
TXN009597,ACC0120,2025-04-26,139364.97,Amazon
TXN002278,ACC0288,2025-07-19,58567.52,Uber
TXN006402,ACC0002,2025-02-23,83798.83,Amazon
TXN000162,ACC0212,2025-02-05,126389.58,Zomato
TXN000340,ACC0060,2025-04-27,91863.9,Amazon
TXN010470,ACC0381,2025-05-03,80284.15,Unknown_POS
TXN008675,ACC0422,2025-02-26,39930.67,BigBasket
TXN001422,ACC0214,2025-04-28,137408.87,Flipkart
TXN009912,ACC0387,2025-02-24,95881.13,Amazon
TXN003873,ACC0246,2025-02-10,25322.82,Zomato
TXN019348,ACC0288,2025-02-02,20574.49,Flipkart
TXN009201,ACC0247,2025-03-17,106795.26,Flipkart
TXN005241,ACC0440,2025-07-19,18892.86,Zomato
TXN005490,ACC0284,2025-03-25,25686.83,Uber
TXN000464,ACC0242,2025-05-06,134236.88,Uber
TXN004364,ACC0039,2025-06-20,81801.06,Uber
TXN005007,ACC0354,2025-05-01,25163.54,Flipkart
TXN005907,ACC0211,2025-04-26,8713.06,ATM_Withdrawal
TXN002489,ACC0061,2025-03-29,149061.25,ATM_Withdrawal
TXN016052,ACC0307,2025-01-29,51985.91,Zomato
TXN005237,ACC0390,2025-01-12,71865.58,Uber
TXN003263,ACC0089,2025-02-14,140446.92,Swiggy
TXN019630,ACC0047,2025-07-18,33278.56,Uber
TXN001387,ACC0007,2025-03-14,51770.79,Uber
TXN008844,ACC0404,2025-04-19,4347.9,Zomato
TXN004784,ACC0351,2025-02-13,122956.18,ATM_Withdrawal
TXN003833,ACC0002,2025-01-18,28379.77,Uber
TXN010881,ACC0274,2025-06-12,49727.04,Unknown_POS
TXN017005,ACC0459,2025-01-31,48031.59,Swiggy
TXN006454,ACC0166,2025-03-25,112753.6,BigBasket
TXN016334,ACC0230,2025-03-10,109851.5,Unknown_POS
TXN001886,ACC0482,2025-05-15,146566.42,Unknown_POS
TXN010543,ACC0145,2025-02-06,62256.86,BigBasket
TXN012957,ACC0041,2025-05-19,75712.38,BigBasket
TXN014482,ACC0347,2025-03-31,24052.36,Swiggy
TXN011915,ACC0216,2025-03-09,5961.99,Flipkart
TXN001677,ACC0068,2025-03-17,108463.1,Unknown_POS
TXN012800,ACC0262,2025-01-22,44038.09,Zomato
TXN004952,ACC0491,2025-06-23,93325.0,Uber
TXN006339,ACC0027,2025-03-22,104926.73,Unknown_POS
TXN015881,ACC0218,2025-04-25,9326.74,Flipkart
TXN002450,ACC0325,2025-04-24,75529.06,Amazon
TXN012727,ACC0272,2025-05-11,100396.54,ATM_Withdrawal
TXN005486,ACC0473,2025-07-19,96031.87,ATM_Withdrawal
TXN005664,ACC0423,2025-02-27,113948.46,Uber
TXN001732,ACC0180,2025-03-18,42716.1,Swiggy
TXN007608,ACC0306,2025-06-01,14787.16,Unknown_POS
TXN008879,ACC0028,2025-01-24,66771.16,ATM_Withdrawal
TXN008808,ACC0468,2025-05-19,125778.17,Swiggy
TXN009058,ACC0358,2025-03-22,146856.21,Unknown_POS
TXN011331,ACC0130,2025-05-02,19628.11,Unknown_POS
TXN007236,ACC0224,2025-07-10,74136.07,Amazon
TXN019439,ACC0468,2025-06-05,10663.56,Flipkart
TXN010556,ACC0147,2025-01-27,106799.16,Flipkart
TXN016981,ACC0023,2025-02-09,32310.94,Swiggy
TXN013384,ACC0087,2025-07-10,92984.74,Uber
TXN019489,ACC0404,2025-05-12,92211.28,Flipkart
TXN002899,ACC0019,2025-03-24,103365.19,Unknown_POS
TXN004102,ACC0026,2025-03-06,508.46,ATM_Withdrawal
TXN003848,ACC0391,2025-02-26,25817.76,Unknown_POS
TXN009166,ACC0456,2025-07-10,33971.81,Flipkart
TXN018657,ACC0100,2025-07-09,23753.32,Flipkart
TXN005834,ACC0008,2025-02-13,97717.21,Uber
TXN016114,ACC0168,2025-01-11,101357.38,Unknown_POS
TXN019783,ACC0100,2025-04-10,25826.14,Flipkart
TXN008190,ACC0149,2025-01-17,145324.92,Zomato
TXN005734,ACC0335,2025-02-26,77025.17,Uber
TXN009021,ACC0107,2025-07-10,23180.08,Uber
TXN011089,ACC0481,2025-03-10,62560.69,Flipkart
TXN015566,ACC0277,2025-05-26,26872.06,Zomato
TXN013839,ACC0431,2025-05-06,77378.32,Flipkart
TXN006079,ACC0491,2025-01-01,89363.24,Zomato
TXN018965,ACC0471,2025-07-10,92169.45,ATM_Withdrawal
TXN014570,ACC0372,2025-05-31,16829.68,Unknown_POS
TXN000513,ACC0138,2025-06-16,61455.6,Amazon
TXN009062,ACC0161,2025-05-14,90346.57,Zomato
TXN019045,ACC0459,2025-03-01,58189.11,Amazon
TXN014334,ACC0436,2025-05-15,96768.19,ATM_Withdrawal
TXN004474,ACC0092,2025-05-09,19378.08,Flipkart
TXN008590,ACC0228,2025-03-07,39866.72,Amazon
TXN000181,ACC0461,2025-05-20,84548.3,Amazon
TXN004003,ACC0173,2025-01-01,15734.36,Zomato
TXN010319,ACC0331,2025-07-22,137768.8,ATM_Withdrawal
TXN000737,ACC0021,2025-02-26,114232.78,Zomato
TXN012221,ACC0352,2025-02-20,8522.0,Zomato
TXN007058,ACC0269,2025-03-02,29255.97,Uber
TXN016281,ACC0255,2025-03-08,105832.17,Amazon
TXN010859,ACC0269,2025-04-17,25934.23,Unknown_POS
TXN017054,ACC0131,2025-04-22,17039.66,Swiggy
TXN011421,ACC0413,2025-03-25,79313.35,Swiggy
TXN008672,ACC0230,2025-05-24,34013.18,Uber
TXN000652,ACC0381,2025-06-15,84212.52,Zomato
TXN001605,ACC0362,2025-04-30,65492.66,ATM_Withdrawal
TXN014330,ACC0299,2025-06-08,126988.58,Swiggy
TXN019355,ACC0167,2025-04-26,82252.12,Uber
TXN013667,ACC0204,2025-04-19,62337.93,Flipkart
TXN015728,ACC0028,2025-02-09,103323.5,BigBasket
TXN000377,ACC0340,2025-02-03,35553.92,Uber
TXN015538,ACC0352,2025-07-06,29443.12,BigBasket
TXN015014,ACC0427,2025-05-16,21832.55,Uber
TXN002520,ACC0163,2025-07-28,48052.21,Zomato
TXN016152,ACC0323,2025-04-04,132422.57,Unknown_POS
TXN008367,ACC0364,2025-04-12,33205.97,Unknown_POS
TXN004200,ACC0212,2025-02-08,119665.13,Zomato
TXN002972,ACC0175,2025-04-30,85247.58,Flipkart
TXN007952,ACC0470,2025-05-04,5175.69,Flipkart
TXN014889,ACC0438,2025-06-27,98376.97,Flipkart
TXN010945,ACC0469,2025-05-16,59449.39,ATM_Withdrawal
TXN006636,ACC0426,2025-07-20,145283.15,Uber
TXN006421,ACC0307,2025-06-30,75937.61,Amazon
TXN012319,ACC0263,2025-06-16,8058.4,Unknown_POS
TXN002467,ACC0364,2025-07-25,18993.23,Flipkart
TXN009457,ACC0455,2025-04-04,138548.63,Swiggy
TXN002975,ACC0303,2025-06-10,144866.55,Swiggy
TXN019190,ACC0440,2025-05-09,9871.28,ATM_Withdrawal
TXN006639,ACC0294,2025-01-01,45138.47,Zomato
TXN009538,ACC0461,2025-04-19,61642.95,Zomato
TXN013272,ACC0467,2025-07-20,42484.93,Swiggy
TXN005397,ACC0110,2025-07-28,72573.65,Flipkart
TXN007899,ACC0372,2025-07-25,32621.62,Flipkart
TXN006142,ACC0491,2025-03-11,34838.44,Uber
TXN012577,ACC0199,2025-07-10,43171.77,Swiggy
TXN017874,ACC0444,2025-01-05,5339.35,Swiggy
TXN012951,ACC0420,2025-02-07,133222.53,Uber
TXN008523,ACC0252,2025-04-15,2020.48,Unknown_POS
TXN002265,ACC0039,2025-05-20,92870.6,Uber
TXN003265,ACC0187,2025-01-29,117994.19,Amazon
TXN016712,ACC0039,2025-06-26,43197.6,Amazon
TXN000841,ACC0285,2025-04-21,128453.5,Zomato
TXN009577,ACC0390,2025-06-28,137860.55,Amazon
TXN009038,ACC0227,2025-01-24,89032.58,Zomato
TXN004958,ACC0451,2025-06-07,92509.09,Swiggy
TXN010664,ACC0451,2025-01-03,125722.49,Amazon
TXN009205,ACC0183,2025-02-06,88652.61,Unknown_POS
TXN019585,ACC0126,2025-02-20,37300.24,Zomato
TXN016593,ACC0277,2025-01-15,123342.0,Swiggy
TXN014658,ACC0356,2025-06-14,15113.66,Uber
TXN008359,ACC0215,2025-01-03,149405.08,Swiggy
TXN011355,ACC0180,2025-07-09,17040.83,Zomato
TXN012389,ACC0132,2025-05-05,122165.31,BigBasket
TXN019887,ACC0276,2025-04-10,84734.09,Flipkart
TXN012650,ACC0452,2025-01-26,86816.99,Amazon
TXN016400,ACC0240,2025-03-01,33981.5,BigBasket
TXN004610,ACC0127,2025-01-14,69318.83,Zomato
TXN002887,ACC0288,2025-03-13,72528.26,Zomato
TXN016888,ACC0005,2025-05-22,65250.74,ATM_Withdrawal
TXN001287,ACC0214,2025-06-27,121121.4,ATM_Withdrawal
TXN000905,ACC0499,2025-07-16,107216.64,Unknown_POS
TXN010843,ACC0478,2025-06-29,33476.89,Amazon
TXN006013,ACC0492,2025-04-21,41276.82,BigBasket
TXN006971,ACC0105,2025-02-28,97477.02,Swiggy
TXN009605,ACC0310,2025-04-24,56277.61,BigBasket
TXN012050,ACC0201,2025-04-23,134856.66,Flipkart
TXN007627,ACC0468,2025-03-10,83850.57,ATM_Withdrawal
TXN008597,ACC0460,2025-05-11,91472.73,BigBasket
TXN013457,ACC0369,2025-07-22,5220.63,Unknown_POS
TXN019779,ACC0239,2025-06-12,109946.85,Zomato
TXN005477,ACC0191,2025-06-02,33464.46,Unknown_POS
TXN001722,ACC0267,2025-05-19,42624.98,Flipkart
TXN008384,ACC0063,2025-03-26,125476.77,BigBasket
TXN007882,ACC0038,2025-02-03,38084.7,Unknown_POS
TXN019669,ACC0133,2025-02-23,101881.07,Unknown_POS
TXN012510,ACC0306,2025-07-10,26204.25,Zomato
TXN011834,ACC0188,2025-07-14,142255.67,Swiggy
TXN002758,ACC0210,2025-01-15,86956.57,Flipkart
TXN010198,ACC0032,2025-02-06,132627.61,Uber
TXN000829,ACC0482,2025-05-19,4932.77,BigBasket
TXN014406,ACC0122,2025-06-02,14732.76,Unknown_POS
TXN014773,ACC0447,2025-04-22,50582.52,Flipkart
TXN014759,ACC0462,2025-05-12,73266.01,Unknown_POS
TXN013432,ACC0351,2025-02-22,11302.23,BigBasket
TXN016185,ACC0252,2025-07-17,149602.93,Unknown_POS
TXN003571,ACC0314,2025-02-01,8472.15,Swiggy
TXN000619,ACC0059,2025-01-25,113910.03,Zomato
TXN009520,ACC0288,2025-06-23,369.24,BigBasket
TXN000890,ACC0146,2025-06-16,111451.89,Uber
TXN009084,ACC0107,2025-07-28,21117.55,Zomato
TXN014641,ACC0036,2025-04-01,36540.21,Uber
TXN009836,ACC0035,2025-05-09,23002.24,Flipkart
TXN016816,ACC0123,2025-05-20,29780.03,Unknown_POS
TXN000339,ACC0030,2025-03-04,12977.61,Unknown_POS
TXN014836,ACC0486,2025-02-04,114300.64,Unknown_POS
TXN007913,ACC0380,2025-04-17,1760.6,Unknown_POS
TXN009147,ACC0382,2025-05-06,123236.93,Uber
TXN014055,ACC0182,2025-06-08,92818.44,Flipkart
TXN015483,ACC0498,2025-01-22,123335.86,Swiggy
TXN016735,ACC0023,2025-05-07,139629.27,Flipkart
TXN000030,ACC0066,2025-01-25,59115.86,BigBasket
TXN009352,ACC0438,2025-03-29,3487.89,BigBasket
TXN002575,ACC0116,2025-06-08,104941.87,Unknown_POS
TXN001681,ACC0342,2025-05-04,19408.03,Zomato
TXN012434,ACC0186,2025-01-20,89882.6,Amazon
TXN008836,ACC0175,2025-03-28,106406.13,Uber
TXN007469,ACC0053,2025-03-28,58858.74,BigBasket
TXN018453,ACC0344,2025-01-20,83035.96,ATM_Withdrawal
TXN017606,ACC0450,2025-04-11,52694.08,Unknown_POS
TXN010446,ACC0186,2025-07-24,107504.43,Uber
TXN019237,ACC0497,2025-07-13,115763.47,Uber
TXN002805,ACC0038,2025-07-09,138112.52,ATM_Withdrawal
TXN010276,ACC0080,2025-02-15,88571.11,Swiggy
TXN008952,ACC0032,2025-07-04,119793.09,Zomato
TXN010506,ACC0189,2025-05-31,32801.8,Uber
TXN012715,ACC0326,2025-05-05,121484.16,Flipkart
TXN003744,ACC0013,2025-01-05,4713.06,Flipkart
TXN006288,ACC0348,2025-07-03,17666.8,Flipkart
TXN019498,ACC0099,2025-01-02,54523.6,Unknown_POS
TXN012360,ACC0457,2025-04-20,114125.49,Swiggy
TXN012939,ACC0139,2025-07-14,19200.48,Amazon
TXN013562,ACC0309,2025-03-20,66445.94,Zomato
TXN017132,ACC0453,2025-01-19,108354.1,Unknown_POS
TXN013473,ACC0273,2025-07-01,65052.32,Unknown_POS
TXN009647,ACC0181,2025-01-12,7353.75,BigBasket
TXN014765,ACC0171,2025-01-01,14644.14,Flipkart
TXN008493,ACC0205,2025-05-25,56585.6,Swiggy
TXN003306,ACC0277,2025-02-28,104069.53,Swiggy
TXN012200,ACC0217,2025-06-16,75173.91,Unknown_POS
TXN014214,ACC0119,2025-05-09,105373.4,Swiggy
TXN012687,ACC0033,2025-06-16,14702.06,Unknown_POS
TXN016983,ACC0029,2025-06-04,9909.66,ATM_Withdrawal
TXN015301,ACC0098,2025-03-02,10538.79,Flipkart
TXN017301,ACC0443,2025-01-23,26670.03,Zomato
TXN014265,ACC0179,2025-04-17,140281.75,BigBasket
TXN017935,ACC0119,2025-02-07,35613.66,BigBasket
TXN017450,ACC0457,2025-03-23,10481.0,Swiggy
TXN018316,ACC0081,2025-02-09,43581.33,Flipkart
TXN018102,ACC0183,2025-06-12,86761.04,ATM_Withdrawal
TXN014428,ACC0410,2025-07-17,114892.7,Flipkart
TXN005459,ACC0468,2025-07-04,136844.32,Flipkart
TXN004902,ACC0212,2025-06-01,83322.17,Zomato
TXN004290,ACC0315,2025-07-05,18664.36,Flipkart
TXN015270,ACC0088,2025-07-25,61819.13,ATM_Withdrawal
TXN003562,ACC0471,2025-06-21,12765.06,BigBasket
TXN007556,ACC0355,2025-03-01,591.15,Swiggy
TXN009299,ACC0387,2025-01-17,5288.26,BigBasket
TXN000527,ACC0339,2025-03-23,102129.32,Amazon
TXN003660,ACC0253,2025-04-13,81789.45,Unknown_POS
TXN015637,ACC0106,2025-02-05,86665.45,ATM_Withdrawal
TXN006027,ACC0302,2025-07-14,37830.21,Swiggy
TXN017144,ACC0328,2025-03-08,15995.08,Amazon
TXN015851,ACC0223,2025-05-08,84380.29,Unknown_POS
TXN001180,ACC0074,2025-07-04,132739.06,Unknown_POS
TXN006245,ACC0255,2025-03-31,9363.38,Unknown_POS
TXN007144,ACC0293,2025-01-18,143011.94,Swiggy
TXN003823,ACC0411,2025-07-17,103265.41,Zomato
TXN012817,ACC0314,2025-01-15,129898.32,Swiggy
TXN003560,ACC0369,2025-03-08,82879.78,ATM_Withdrawal
TXN001935,ACC0274,2025-04-09,28291.38,Flipkart
TXN004465,ACC0206,2025-02-11,133533.28,BigBasket
TXN005388,ACC0282,2025-07-01,336.55,BigBasket
TXN004318,ACC0462,2025-06-27,84961.86,Unknown_POS
TXN003898,ACC0282,2025-05-19,108948.93,ATM_Withdrawal
TXN016345,ACC0387,2025-07-07,41532.41,Zomato
TXN005524,ACC0354,2025-01-10,16869.22,BigBasket
TXN004986,ACC0228,2025-02-26,119197.02,Amazon
TXN008721,ACC0181,2025-05-07,51126.96,BigBasket
TXN006397,ACC0321,2025-07-05,116873.44,Swiggy
TXN000811,ACC0247,2025-01-30,38710.07,Unknown_POS
TXN007361,ACC0490,2025-04-04,124928.82,ATM_Withdrawal
TXN014206,ACC0409,2025-06-21,118971.69,ATM_Withdrawal
TXN003914,ACC0460,2025-06-13,138415.87,Uber
TXN017016,ACC0085,2025-07-11,78355.52,Uber
TXN013647,ACC0394,2025-06-26,77679.99,Uber
TXN002388,ACC0185,2025-06-09,128400.09,Unknown_POS
TXN008880,ACC0285,2025-01-27,18861.22,Uber
TXN017256,ACC0171,2025-03-08,52254.14,BigBasket
TXN018320,ACC0448,2025-07-30,57731.87,Zomato
TXN010191,ACC0309,2025-02-24,147812.4,BigBasket
TXN018256,ACC0096,2025-06-03,75620.08,Unknown_POS
TXN010435,ACC0426,2025-03-02,128540.3,Amazon
TXN017949,ACC0003,2025-01-18,61001.06,Uber
TXN011039,ACC0005,2025-04-16,131008.22,Uber
TXN019557,ACC0413,2025-03-29,93843.0,Unknown_POS
TXN010090,ACC0298,2025-05-19,117682.84,Amazon
TXN000592,ACC0058,2025-02-03,104440.67,Amazon
TXN004369,ACC0146,2025-01-14,35514.3,Zomato
TXN017274,ACC0449,2025-04-09,106547.36,ATM_Withdrawal
TXN008736,ACC0405,2025-07-26,99738.42,ATM_Withdrawal
TXN001231,ACC0481,2025-06-02,98508.0,Zomato
TXN012513,ACC0286,2025-06-19,75863.03,Uber
TXN004368,ACC0499,2025-07-29,14222.71,Uber
TXN007273,ACC0163,2025-01-14,1602.32,Swiggy
TXN012886,ACC0460,2025-03-07,137687.29,Swiggy
TXN012594,ACC0250,2025-04-07,112824.48,Flipkart
TXN009888,ACC0234,2025-04-30,104796.62,Swiggy
TXN008025,ACC0473,2025-06-11,146182.63,Flipkart
TXN018780,ACC0245,2025-04-09,115887.02,Amazon
TXN008616,ACC0042,2025-03-09,64495.52,ATM_Withdrawal
TXN003504,ACC0074,2025-01-11,69016.81,Zomato
TXN005430,ACC0208,2025-03-12,11336.43,Zomato
TXN002642,ACC0155,2025-06-10,46668.08,Amazon
TXN016059,ACC0206,2025-06-06,81163.08,Zomato
TXN012652,ACC0498,2025-07-14,46014.98,Uber
TXN011256,ACC0335,2025-06-02,44665.35,ATM_Withdrawal
TXN002170,ACC0484,2025-03-07,101495.02,Swiggy
TXN007089,ACC0045,2025-03-19,99997.63,Unknown_POS
TXN002784,ACC0163,2025-03-10,29293.79,Uber
TXN016932,ACC0500,2025-06-30,82805.5,Flipkart
TXN012797,ACC0226,2025-04-07,60910.96,Swiggy
TXN000768,ACC0048,2025-05-04,98925.92,Amazon
TXN016928,ACC0354,2025-02-07,5944.56,Unknown_POS
TXN004396,ACC0497,2025-04-27,113256.7,Amazon
TXN013688,ACC0231,2025-07-30,3950.18,ATM_Withdrawal
TXN006572,ACC0013,2025-07-14,148451.88,Unknown_POS
TXN018369,ACC0440,2025-05-29,32931.8,BigBasket
TXN012899,ACC0417,2025-07-06,143229.66,Zomato
TXN000256,ACC0161,2025-01-31,35823.98,Flipkart
TXN017077,ACC0363,2025-02-10,120696.07,Uber
TXN018964,ACC0053,2025-04-20,20139.72,Unknown_POS
TXN007117,ACC0005,2025-06-06,64925.93,Zomato
TXN007426,ACC0261,2025-02-15,57862.25,Flipkart
TXN004107,ACC0243,2025-07-21,114406.87,Flipkart
TXN014963,ACC0136,2025-04-30,60473.21,Zomato
TXN016429,ACC0415,2025-02-20,92573.35,Zomato
TXN008390,ACC0489,2025-06-29,127632.45,Uber
TXN004405,ACC0332,2025-01-22,42570.71,ATM_Withdrawal
TXN018325,ACC0167,2025-07-13,60878.95,Uber
TXN000355,ACC0115,2025-03-24,37277.06,BigBasket
TXN019606,ACC0156,2025-07-23,96795.98,Amazon
TXN013706,ACC0224,2025-05-09,65065.47,Unknown_POS
TXN008651,ACC0263,2025-04-13,56537.51,BigBasket
TXN004970,ACC0442,2025-02-27,3125.65,Unknown_POS
TXN019765,ACC0478,2025-04-09,11711.25,Unknown_POS
TXN019078,ACC0463,2025-04-12,127353.99,BigBasket
TXN004433,ACC0175,2025-04-14,24705.01,Flipkart
TXN017091,ACC0150,2025-02-26,35894.85,ATM_Withdrawal
TXN013776,ACC0099,2025-05-03,3604.88,ATM_Withdrawal
TXN006377,ACC0123,2025-07-15,24621.65,Unknown_POS
TXN016539,ACC0349,2025-01-04,67967.3,BigBasket
TXN011793,ACC0381,2025-06-28,107905.49,Flipkart
TXN004385,ACC0233,2025-05-03,105031.73,Unknown_POS
TXN011339,ACC0331,2025-05-16,79096.62,ATM_Withdrawal
TXN001965,ACC0328,2025-06-27,101359.53,ATM_Withdrawal
TXN002671,ACC0300,2025-06-08,124491.45,Flipkart
TXN011222,ACC0324,2025-04-01,77250.91,ATM_Withdrawal
TXN014857,ACC0436,2025-01-31,51700.01,Zomato
TXN013072,ACC0047,2025-04-11,18899.44,Amazon
TXN012491,ACC0302,2025-05-25,103098.38,Unknown_POS
TXN009871,ACC0373,2025-06-23,6055.51,Flipkart
TXN016409,ACC0144,2025-05-19,5445.0,BigBasket
TXN016035,ACC0058,2025-06-28,78313.86,BigBasket
TXN003208,ACC0126,2025-03-25,85931.34,Uber
TXN018725,ACC0358,2025-03-04,116450.03,BigBasket
TXN016204,ACC0132,2025-02-03,56946.14,Amazon
TXN008885,ACC0089,2025-06-10,105856.81,Zomato
TXN014769,ACC0351,2025-03-23,112422.53,Swiggy
TXN016777,ACC0464,2025-03-01,113065.55,Uber
TXN018127,ACC0166,2025-03-11,135437.76,BigBasket
TXN017582,ACC0356,2025-03-10,59509.16,Swiggy
TXN011974,ACC0269,2025-04-08,50229.18,Unknown_POS
TXN011857,ACC0386,2025-01-15,103826.23,Flipkart
TXN008644,ACC0146,2025-03-18,68512.41,BigBasket
TXN013110,ACC0254,2025-05-18,115965.09,Zomato
TXN002288,ACC0333,2025-03-30,94920.8,BigBasket
TXN011685,ACC0017,2025-06-03,52547.59,Swiggy
TXN006738,ACC0368,2025-03-16,85095.19,Flipkart
TXN009035,ACC0338,2025-03-26,58379.21,BigBasket
TXN014496,ACC0151,2025-07-05,113534.37,Amazon
TXN018000,ACC0281,2025-03-16,52178.88,Swiggy
TXN001205,ACC0008,2025-07-09,16776.83,Swiggy
TXN012455,ACC0409,2025-07-09,72408.88,Unknown_POS
TXN002861,ACC0326,2025-07-29,6892.0,ATM_Withdrawal
TXN002814,ACC0147,2025-03-24,57640.96,Swiggy
TXN009763,ACC0203,2025-02-14,141403.3,ATM_Withdrawal
TXN015596,ACC0437,2025-07-18,149683.12,Swiggy
TXN014707,ACC0110,2025-06-06,63708.31,Uber
TXN017184,ACC0126,2025-05-28,61438.43,Amazon
TXN010517,ACC0030,2025-01-23,75086.29,Swiggy
TXN017006,ACC0457,2025-07-23,124675.64,Amazon
TXN009076,ACC0344,2025-07-28,110967.27,Zomato
TXN013630,ACC0494,2025-03-29,27166.86,Zomato
TXN012690,ACC0008,2025-05-20,130233.14,Uber
TXN000742,ACC0428,2025-07-09,39534.24,Swiggy
TXN017971,ACC0169,2025-07-09,86444.49,Flipkart
TXN001818,ACC0496,2025-04-03,5567.57,ATM_Withdrawal
TXN017912,ACC0286,2025-07-05,84520.27,Flipkart
TXN008649,ACC0214,2025-01-20,47876.55,Uber
TXN014491,ACC0224,2025-04-19,67811.72,Unknown_POS
TXN006041,ACC0153,2025-04-29,14092.24,Zomato
TXN014388,ACC0014,2025-06-01,19931.07,Flipkart
TXN000976,ACC0446,2025-07-17,34046.31,Amazon
TXN011160,ACC0445,2025-01-05,20071.26,Unknown_POS
TXN011308,ACC0460,2025-05-14,36846.16,Amazon
TXN012134,ACC0488,2025-04-20,30420.46,Amazon
TXN011818,ACC0309,2025-03-26,110784.94,Flipkart
TXN012291,ACC0002,2025-07-16,74430.05,Amazon
TXN005158,ACC0030,2025-04-07,27496.92,BigBasket
TXN016083,ACC0322,2025-07-18,78809.96,ATM_Withdrawal
TXN019919,ACC0055,2025-02-02,25163.16,Flipkart
TXN006148,ACC0340,2025-02-26,101686.23,BigBasket
TXN018022,ACC0250,2025-02-08,87595.91,Swiggy
TXN008722,ACC0314,2025-05-26,55659.49,BigBasket
TXN004530,ACC0369,2025-01-29,32174.87,BigBasket
TXN013563,ACC0054,2025-05-16,107313.21,Uber
TXN016658,ACC0012,2025-03-15,141368.81,Flipkart
TXN018719,ACC0353,2025-02-09,6540.89,BigBasket
TXN019705,ACC0128,2025-03-25,108878.83,Unknown_POS
TXN009140,ACC0044,2025-01-31,113795.32,Unknown_POS
TXN006858,ACC0074,2025-04-24,62185.46,Zomato
TXN009550,ACC0163,2025-05-09,123253.58,Amazon
TXN011114,ACC0292,2025-03-19,62732.05,Swiggy
TXN018647,ACC0137,2025-06-24,117958.4,Flipkart
TXN010928,ACC0080,2025-07-07,84343.24,BigBasket
TXN003148,ACC0106,2025-02-27,22555.77,Flipkart
TXN013620,ACC0212,2025-06-23,76637.46,Zomato
TXN016632,ACC0049,2025-02-03,144067.72,Zomato
TXN001942,ACC0088,2025-03-25,128963.12,Unknown_POS
TXN007575,ACC0497,2025-02-22,137805.05,Flipkart
TXN011995,ACC0154,2025-05-24,83733.36,Flipkart
TXN010846,ACC0445,2025-07-07,14264.23,BigBasket
TXN013148,ACC0233,2025-01-19,9259.05,Flipkart
TXN010501,ACC0110,2025-07-12,134655.55,Swiggy
TXN019592,ACC0405,2025-03-26,131360.08,Unknown_POS
TXN010602,ACC0161,2025-07-29,59067.88,Uber
TXN004486,ACC0074,2025-05-08,144466.14,Zomato
TXN014025,ACC0341,2025-05-09,3867.02,Amazon
TXN016384,ACC0423,2025-03-19,38640.42,Swiggy
TXN004325,ACC0393,2025-02-18,121094.51,BigBasket
TXN016107,ACC0249,2025-04-02,105250.41,Uber
TXN013806,ACC0470,2025-06-29,126805.39,Amazon
TXN015275,ACC0275,2025-01-22,68059.78,Uber
TXN019257,ACC0263,2025-02-20,11795.64,Zomato
TXN013241,ACC0425,2025-03-09,81848.31,Amazon
TXN011329,ACC0166,2025-02-12,17339.82,Uber
TXN001439,ACC0259,2025-05-26,10297.14,Amazon
TXN004375,ACC0450,2025-05-06,134145.22,Swiggy
TXN003287,ACC0407,2025-02-20,146930.62,Amazon
TXN009676,ACC0464,2025-01-03,118992.71,Uber
TXN006742,ACC0017,2025-01-27,143392.09,Flipkart
TXN001084,ACC0248,2025-07-05,103313.71,Uber
TXN018310,ACC0338,2025-03-17,108785.28,Amazon
TXN009458,ACC0491,2025-02-01,63623.2,Zomato
TXN000780,ACC0290,2025-04-04,91801.51,Unknown_POS
TXN009986,ACC0365,2025-06-09,53138.17,ATM_Withdrawal
TXN007802,ACC0341,2025-01-14,137130.24,Zomato
TXN008274,ACC0200,2025-01-14,1112.84,Flipkart
TXN001955,ACC0201,2025-06-06,123523.27,Swiggy
TXN006496,ACC0341,2025-04-28,70701.19,Unknown_POS
TXN001011,ACC0096,2025-02-20,75122.59,ATM_Withdrawal
TXN007652,ACC0247,2025-05-31,41600.28,ATM_Withdrawal
TXN007289,ACC0031,2025-01-26,81846.53,Swiggy
TXN017321,ACC0097,2025-07-17,41195.1,Flipkart
TXN001928,ACC0157,2025-07-08,1501.69,BigBasket
TXN018936,ACC0267,2025-05-04,58357.47,Unknown_POS
TXN000610,ACC0046,2025-05-08,67087.86,Flipkart
TXN018643,ACC0168,2025-04-04,5944.47,Zomato
TXN012214,ACC0159,2025-03-28,141417.99,Zomato
TXN013895,ACC0368,2025-04-23,96710.24,Uber
TXN010699,ACC0082,2025-07-24,108498.02,Zomato
TXN019328,ACC0496,2025-03-24,140940.16,Uber
TXN008156,ACC0081,2025-02-07,50556.72,ATM_Withdrawal
TXN011749,ACC0229,2025-01-16,100687.95,Uber
TXN015061,ACC0325,2025-02-09,120478.1,Unknown_POS
TXN004180,ACC0349,2025-03-12,148913.15,BigBasket
TXN003861,ACC0165,2025-01-06,74879.87,Unknown_POS
TXN012496,ACC0019,2025-04-09,98720.59,Zomato
TXN014355,ACC0346,2025-02-14,25942.92,Amazon
TXN005511,ACC0351,2025-01-17,47053.47,Flipkart
TXN013286,ACC0138,2025-06-23,95992.34,Zomato
TXN012573,ACC0221,2025-05-13,36213.17,Flipkart
TXN002839,ACC0249,2025-07-28,28106.37,ATM_Withdrawal
TXN002167,ACC0303,2025-04-02,41645.49,Unknown_POS
TXN018667,ACC0340,2025-07-22,26905.81,Flipkart
TXN006790,ACC0173,2025-02-12,149751.13,Swiggy
TXN003311,ACC0152,2025-04-10,135148.45,Unknown_POS
TXN017588,ACC0046,2025-06-03,59794.64,Flipkart
TXN013656,ACC0277,2025-07-02,67734.31,Zomato
TXN009509,ACC0096,2025-01-14,34022.13,Zomato
TXN005927,ACC0049,2025-03-10,27698.49,Unknown_POS
TXN007448,ACC0373,2025-05-24,26530.43,Swiggy
TXN010596,ACC0394,2025-01-29,24163.16,Swiggy
TXN019247,ACC0480,2025-02-14,7248.86,Unknown_POS
TXN000551,ACC0003,2025-01-10,80090.7,BigBasket
TXN015203,ACC0493,2025-04-04,16036.09,Flipkart
TXN016380,ACC0393,2025-05-11,60033.17,Swiggy
TXN013101,ACC0190,2025-01-19,69233.18,Zomato
TXN018520,ACC0334,2025-07-13,25895.02,Unknown_POS
TXN007343,ACC0033,2025-01-12,136181.03,Amazon
TXN012493,ACC0039,2025-05-24,101682.59,Unknown_POS
TXN010574,ACC0396,2025-07-09,108301.42,Flipkart
TXN001676,ACC0472,2025-06-04,128025.4,ATM_Withdrawal
TXN016887,ACC0052,2025-06-16,50275.25,Flipkart
TXN010228,ACC0291,2025-06-28,118137.48,BigBasket
TXN006273,ACC0092,2025-01-21,120650.57,Amazon
TXN004363,ACC0193,2025-02-01,28598.56,ATM_Withdrawal
TXN011746,ACC0277,2025-01-01,29641.48,Uber
TXN005869,ACC0260,2025-01-26,51237.86,Uber
TXN003938,ACC0474,2025-06-22,74047.66,Flipkart
TXN017587,ACC0422,2025-04-05,56524.37,Unknown_POS
TXN000128,ACC0212,2025-03-18,41309.33,Swiggy
TXN005499,ACC0153,2025-04-23,131083.06,Uber
TXN014441,ACC0424,2025-06-10,145673.28,Amazon
TXN004769,ACC0159,2025-02-02,18554.71,Zomato
TXN015532,ACC0153,2025-02-13,3341.58,Zomato
TXN009439,ACC0009,2025-05-07,9365.53,Uber
TXN015340,ACC0106,2025-02-26,19932.09,Swiggy
TXN006860,ACC0301,2025-05-22,8835.0,BigBasket
TXN016229,ACC0159,2025-02-28,122712.33,Flipkart
TXN010938,ACC0467,2025-02-24,70020.34,Swiggy
TXN015985,ACC0332,2025-06-30,120239.96,Uber
TXN016290,ACC0452,2025-03-17,83441.62,ATM_Withdrawal
TXN019615,ACC0092,2025-02-08,121961.97,Uber
TXN002613,ACC0157,2025-01-02,64576.91,Amazon
TXN007226,ACC0129,2025-04-09,14365.48,Swiggy
TXN008062,ACC0151,2025-07-14,71374.18,Uber
TXN004305,ACC0095,2025-07-19,121071.26,Zomato
TXN012556,ACC0014,2025-01-29,143210.0,Swiggy
TXN001147,ACC0237,2025-02-13,42374.49,BigBasket
TXN012540,ACC0479,2025-01-11,2839.48,Flipkart
TXN001729,ACC0025,2025-07-13,97661.81,Flipkart
TXN006036,ACC0095,2025-01-18,71608.25,Uber
TXN006562,ACC0386,2025-02-09,140434.54,BigBasket
TXN006458,ACC0173,2025-05-14,118045.13,Unknown_POS
TXN015097,ACC0460,2025-01-02,24620.02,Uber
TXN012785,ACC0302,2025-03-16,27282.54,Amazon
TXN019333,ACC0073,2025-03-04,92819.98,ATM_Withdrawal
TXN001012,ACC0288,2025-07-02,3272.19,Zomato
TXN014969,ACC0014,2025-05-29,93306.27,Unknown_POS
TXN008532,ACC0073,2025-06-07,77116.67,ATM_Withdrawal
TXN005863,ACC0252,2025-05-10,123048.42,Unknown_POS
TXN019299,ACC0218,2025-03-18,54500.08,ATM_Withdrawal
TXN010061,ACC0230,2025-03-07,145299.38,ATM_Withdrawal
TXN016532,ACC0242,2025-07-21,109310.8,BigBasket
TXN016540,ACC0280,2025-02-03,49577.05,Unknown_POS
TXN011752,ACC0452,2025-01-04,2376.46,Zomato
TXN019880,ACC0053,2025-03-18,61134.91,Swiggy
TXN018538,ACC0369,2025-07-15,9994.71,Flipkart
TXN013981,ACC0122,2025-04-26,122637.37,Uber
TXN011257,ACC0431,2025-04-09,40241.02,Unknown_POS
TXN019841,ACC0337,2025-03-08,119379.03,Amazon
TXN011191,ACC0189,2025-06-19,75470.14,Uber
TXN016278,ACC0053,2025-03-07,130226.79,Flipkart
TXN010445,ACC0017,2025-03-14,41426.9,BigBasket
TXN014837,ACC0201,2025-05-14,128503.62,Uber
TXN018632,ACC0120,2025-06-10,69838.38,Flipkart
TXN019999,ACC0155,2025-03-22,37423.54,ATM_Withdrawal
TXN019412,ACC0391,2025-05-22,45797.45,Amazon
TXN006713,ACC0127,2025-06-21,86683.79,Unknown_POS
TXN009745,ACC0425,2025-02-11,123127.6,Amazon
TXN014499,ACC0273,2025-01-14,56347.41,Zomato
TXN004645,ACC0414,2025-01-04,10095.99,Uber
TXN019280,ACC0284,2025-07-07,102752.06,BigBasket
TXN001226,ACC0161,2025-05-21,1636.17,Amazon
TXN012387,ACC0481,2025-06-28,35188.1,Amazon
TXN001726,ACC0124,2025-07-18,45626.12,Unknown_POS
TXN016897,ACC0145,2025-07-15,142668.05,Uber
TXN009135,ACC0254,2025-02-05,78689.24,Unknown_POS
TXN008810,ACC0381,2025-03-12,53442.8,Flipkart
TXN006040,ACC0276,2025-06-08,26686.6,Swiggy
TXN008455,ACC0299,2025-02-10,22334.4,Zomato
TXN019307,ACC0087,2025-07-21,119907.62,Swiggy
TXN017035,ACC0112,2025-01-12,99972.9,BigBasket
TXN010510,ACC0499,2025-07-26,65075.92,Amazon
TXN016132,ACC0113,2025-03-01,17023.27,Flipkart
TXN002290,ACC0370,2025-02-04,61281.02,Uber
TXN004534,ACC0281,2025-02-18,26031.29,Amazon
TXN003658,ACC0048,2025-07-13,54079.52,BigBasket
TXN016190,ACC0086,2025-06-17,115692.4,BigBasket
TXN014437,ACC0365,2025-01-26,115309.57,ATM_Withdrawal
TXN019829,ACC0123,2025-03-14,5660.25,ATM_Withdrawal
TXN000303,ACC0129,2025-01-22,55807.97,Swiggy
TXN012167,ACC0272,2025-05-08,108733.61,Amazon
TXN015456,ACC0438,2025-04-16,46655.59,Swiggy
TXN000510,ACC0384,2025-06-26,13604.27,Amazon
TXN016457,ACC0249,2025-06-26,135953.49,BigBasket
TXN007657,ACC0374,2025-03-04,84039.92,Uber
TXN006869,ACC0141,2025-01-21,68182.66,Swiggy
TXN009173,ACC0219,2025-05-16,22133.5,Flipkart
TXN018076,ACC0269,2025-05-23,85431.91,Amazon
TXN003495,ACC0289,2025-05-20,11134.91,ATM_Withdrawal
TXN008967,ACC0350,2025-02-01,94856.75,Zomato
TXN001622,ACC0166,2025-07-24,8377.48,Flipkart
TXN011678,ACC0341,2025-07-27,126267.8,ATM_Withdrawal
TXN014850,ACC0387,2025-07-03,88608.64,Amazon
TXN010599,ACC0426,2025-06-04,53767.56,Flipkart
TXN009248,ACC0106,2025-03-29,78181.62,Uber
TXN010115,ACC0452,2025-03-01,94183.71,Uber
TXN007315,ACC0353,2025-07-13,101375.66,Unknown_POS
TXN019536,ACC0370,2025-01-08,95529.4,Swiggy
TXN018844,ACC0334,2025-01-16,144231.96,BigBasket
TXN002140,ACC0335,2025-07-10,56336.98,Flipkart
TXN001559,ACC0233,2025-06-27,4151.27,Amazon
TXN016746,ACC0313,2025-01-03,51527.34,Zomato
TXN003614,ACC0073,2025-03-02,77838.47,ATM_Withdrawal
TXN008092,ACC0311,2025-05-24,98946.59,BigBasket
TXN004495,ACC0321,2025-03-20,93628.98,Amazon
TXN011169,ACC0217,2025-06-13,72978.54,Uber
TXN002136,ACC0092,2025-01-14,17646.16,BigBasket
TXN002866,ACC0411,2025-04-08,13583.39,BigBasket
TXN008738,ACC0238,2025-02-21,3906.81,Swiggy
TXN018658,ACC0112,2025-05-26,86670.3,Swiggy
TXN013784,ACC0474,2025-03-12,2187.93,Amazon
TXN003497,ACC0352,2025-06-07,58045.73,Zomato
TXN013064,ACC0348,2025-04-23,119413.47,Flipkart
TXN006193,ACC0102,2025-02-02,34661.62,Amazon
TXN009291,ACC0054,2025-06-20,126645.31,BigBasket
TXN012316,ACC0455,2025-07-29,123261.62,ATM_Withdrawal
TXN010760,ACC0284,2025-06-04,41480.35,Zomato
TXN013004,ACC0025,2025-07-22,59048.61,Unknown_POS
TXN008932,ACC0409,2025-03-15,100995.98,Uber
TXN002604,ACC0484,2025-03-12,46433.03,Amazon
TXN013942,ACC0485,2025-02-17,14533.86,BigBasket
TXN004617,ACC0255,2025-01-08,30724.06,Amazon
TXN014510,ACC0361,2025-05-15,62413.09,Amazon
TXN010405,ACC0296,2025-01-16,137091.4,Flipkart
TXN014062,ACC0101,2025-06-24,37828.65,Swiggy
TXN000338,ACC0159,2025-06-28,65651.03,Zomato
TXN016900,ACC0309,2025-06-14,30675.98,ATM_Withdrawal
TXN019265,ACC0040,2025-02-03,142811.43,BigBasket
TXN007120,ACC0383,2025-03-20,21032.63,Unknown_POS
TXN006658,ACC0066,2025-03-26,114159.86,Amazon
TXN013444,ACC0061,2025-01-21,136086.91,Unknown_POS
TXN015383,ACC0080,2025-07-29,3532.27,Flipkart
TXN002272,ACC0269,2025-05-09,118643.23,Swiggy
TXN003345,ACC0418,2025-04-11,107757.44,Amazon
TXN000760,ACC0308,2025-02-06,119202.68,Swiggy
TXN015317,ACC0422,2025-07-03,89358.22,Zomato
TXN006896,ACC0296,2025-03-03,96465.89,Zomato
TXN006660,ACC0074,2025-04-20,123304.12,Zomato
TXN019458,ACC0018,2025-07-15,12863.01,ATM_Withdrawal
TXN000153,ACC0152,2025-02-09,29468.96,Zomato
TXN011769,ACC0494,2025-06-01,49891.78,Zomato
TXN007092,ACC0422,2025-02-06,74351.32,Flipkart
TXN012176,ACC0199,2025-02-05,40551.58,Uber
TXN005708,ACC0197,2025-05-26,112957.64,Swiggy
TXN006811,ACC0210,2025-05-19,89945.78,Uber
TXN010177,ACC0429,2025-01-30,72812.7,ATM_Withdrawal
TXN013464,ACC0085,2025-07-04,129221.65,ATM_Withdrawal
TXN017954,ACC0405,2025-04-23,21800.07,Unknown_POS
TXN012326,ACC0163,2025-02-19,13372.76,BigBasket
TXN010326,ACC0124,2025-05-29,14955.96,Swiggy
TXN011385,ACC0378,2025-03-31,63831.99,Flipkart
TXN013181,ACC0178,2025-07-08,81032.91,Amazon
TXN014554,ACC0177,2025-06-06,25450.48,Uber
TXN006051,ACC0047,2025-04-24,123933.05,Swiggy
TXN009000,ACC0076,2025-05-01,57200.99,Swiggy
TXN019043,ACC0453,2025-04-15,135593.98,Swiggy
TXN009323,ACC0474,2025-04-14,87072.87,Swiggy
TXN013071,ACC0118,2025-07-25,116677.35,Uber
TXN009906,ACC0119,2025-03-04,23596.67,ATM_Withdrawal
TXN001042,ACC0444,2025-06-07,73516.94,BigBasket
TXN001563,ACC0057,2025-02-10,37478.05,Swiggy
TXN006659,ACC0209,2025-06-14,82209.99,Amazon
TXN001832,ACC0453,2025-07-04,33721.0,Uber
TXN016849,ACC0140,2025-05-25,137306.97,Zomato
TXN004825,ACC0367,2025-04-09,18299.32,Flipkart
TXN010968,ACC0097,2025-02-16,90033.21,ATM_Withdrawal
TXN016710,ACC0090,2025-02-18,76404.71,Flipkart
TXN018116,ACC0009,2025-03-14,85850.51,Zomato
TXN019001,ACC0346,2025-05-11,67131.09,Amazon
TXN001052,ACC0238,2025-06-15,67782.13,Flipkart
TXN001425,ACC0419,2025-04-24,133464.47,BigBasket
TXN015006,ACC0247,2025-01-04,52416.54,Unknown_POS
TXN007742,ACC0372,2025-06-06,39535.43,Zomato
TXN017268,ACC0232,2025-01-11,89977.08,Amazon
TXN007687,ACC0430,2025-07-11,97804.46,ATM_Withdrawal
TXN012544,ACC0279,2025-06-16,2749.83,Zomato
TXN018309,ACC0283,2025-07-06,41360.54,Flipkart
TXN012017,ACC0201,2025-04-16,110592.94,Amazon
TXN006185,ACC0022,2025-04-01,53261.23,Unknown_POS
TXN019379,ACC0013,2025-06-09,121920.98,Flipkart
TXN011956,ACC0114,2025-07-24,53672.8,Amazon
TXN018175,ACC0260,2025-04-20,83809.01,Unknown_POS
TXN008756,ACC0036,2025-02-21,32190.14,Unknown_POS
TXN000105,ACC0203,2025-03-07,122477.16,Zomato
TXN010269,ACC0498,2025-02-02,48943.85,Uber
TXN003926,ACC0391,2025-05-12,5471.58,Flipkart
TXN016668,ACC0010,2025-03-30,144515.19,Unknown_POS
TXN017817,ACC0286,2025-07-13,60687.31,Amazon
TXN012722,ACC0080,2025-05-11,73992.89,Amazon
TXN010788,ACC0114,2025-02-27,123744.23,Flipkart
TXN000298,ACC0024,2025-01-26,93945.62,ATM_Withdrawal
TXN011756,ACC0342,2025-05-23,121678.29,Zomato
TXN013451,ACC0435,2025-06-28,5453.19,Zomato
TXN009946,ACC0369,2025-06-14,93748.66,Amazon
TXN003145,ACC0332,2025-02-13,130623.8,ATM_Withdrawal
TXN013099,ACC0265,2025-07-24,49694.32,Flipkart
TXN014705,ACC0276,2025-07-17,116428.3,Swiggy
TXN005199,ACC0414,2025-04-07,40879.5,Uber
TXN007429,ACC0316,2025-03-10,27226.73,Swiggy
TXN008949,ACC0140,2025-04-30,59986.82,ATM_Withdrawal
TXN002437,ACC0308,2025-04-07,32459.79,Zomato
TXN008538,ACC0175,2025-02-20,129859.73,Flipkart
TXN005018,ACC0070,2025-06-19,141829.88,Amazon
TXN012754,ACC0219,2025-04-03,115902.09,Uber
TXN019576,ACC0214,2025-06-17,25969.64,BigBasket
TXN010255,ACC0182,2025-06-16,118353.43,Unknown_POS
TXN009065,ACC0052,2025-07-28,33552.51,BigBasket
TXN005270,ACC0030,2025-02-09,34295.71,BigBasket
TXN001336,ACC0377,2025-01-15,77234.74,BigBasket
TXN016155,ACC0427,2025-01-27,15407.58,Flipkart
TXN005057,ACC0086,2025-04-27,28506.42,Swiggy
TXN018689,ACC0238,2025-07-29,121157.54,Uber
TXN010431,ACC0408,2025-06-23,52053.17,Zomato
TXN015055,ACC0401,2025-02-26,142259.1,Zomato
TXN003181,ACC0110,2025-03-20,75291.86,BigBasket
TXN000840,ACC0417,2025-01-26,108136.28,Zomato
TXN016391,ACC0269,2025-02-24,117504.36,ATM_Withdrawal
TXN003402,ACC0442,2025-01-02,145634.73,Amazon
TXN008977,ACC0050,2025-04-05,73445.67,Zomato
TXN011496,ACC0177,2025-01-19,126377.75,BigBasket
TXN016961,ACC0040,2025-06-05,43318.16,BigBasket
TXN017515,ACC0330,2025-02-03,79435.81,BigBasket
TXN016428,ACC0400,2025-03-23,106043.35,Amazon
TXN001211,ACC0395,2025-04-09,35730.22,ATM_Withdrawal
TXN006746,ACC0390,2025-07-13,12241.51,Zomato
TXN003401,ACC0074,2025-07-16,80964.91,BigBasket
TXN003084,ACC0156,2025-03-16,112641.09,ATM_Withdrawal
TXN011713,ACC0074,2025-03-29,7609.62,BigBasket
TXN002619,ACC0128,2025-07-27,101791.12,Unknown_POS
TXN019107,ACC0237,2025-05-04,149332.05,Uber
TXN009530,ACC0129,2025-04-27,107318.06,BigBasket
TXN012337,ACC0433,2025-04-01,67597.51,Zomato
TXN016666,ACC0488,2025-07-11,96521.09,Uber
TXN016096,ACC0409,2025-04-23,85248.28,BigBasket
TXN008626,ACC0213,2025-01-01,103703.81,Unknown_POS
TXN012876,ACC0382,2025-07-24,61540.69,Uber
TXN006433,ACC0071,2025-02-19,122502.23,Uber
TXN018438,ACC0130,2025-05-22,132206.28,Zomato
TXN016031,ACC0216,2025-03-05,122713.16,Flipkart
TXN018519,ACC0167,2025-03-03,63236.18,Zomato
TXN019941,ACC0198,2025-02-05,149199.3,Zomato
TXN015589,ACC0168,2025-01-28,13018.15,ATM_Withdrawal
TXN003717,ACC0046,2025-06-03,55126.21,ATM_Withdrawal
TXN006652,ACC0299,2025-01-22,48719.64,Flipkart
TXN003943,ACC0342,2025-06-24,125312.03,Uber
TXN005387,ACC0415,2025-02-15,40559.41,Zomato
TXN007868,ACC0003,2025-04-15,54345.06,Zomato
TXN002016,ACC0481,2025-02-22,18877.87,Swiggy
TXN013232,ACC0102,2025-05-17,96758.47,BigBasket
TXN008048,ACC0091,2025-06-14,37325.22,Unknown_POS
TXN007414,ACC0080,2025-06-21,147788.2,Amazon
TXN014012,ACC0121,2025-02-26,67917.96,Flipkart
TXN001235,ACC0151,2025-04-30,99088.65,Flipkart
TXN008020,ACC0248,2025-02-28,71708.44,Swiggy
TXN015674,ACC0280,2025-02-08,20832.49,Zomato
TXN011730,ACC0365,2025-07-07,131534.68,Swiggy
TXN008873,ACC0237,2025-05-29,99356.49,Uber
TXN001097,ACC0059,2025-06-25,50025.77,Unknown_POS
TXN002586,ACC0305,2025-04-01,145432.75,Amazon
TXN019769,ACC0438,2025-05-13,145648.17,Unknown_POS
TXN012506,ACC0164,2025-02-13,82090.1,Amazon
TXN012265,ACC0146,2025-05-13,88841.32,Amazon
TXN010752,ACC0198,2025-02-01,124805.82,ATM_Withdrawal
TXN012168,ACC0432,2025-06-29,31786.52,Swiggy
TXN005193,ACC0431,2025-06-13,140398.61,Uber
TXN011218,ACC0056,2025-03-06,130062.76,Amazon
TXN009146,ACC0190,2025-04-07,23652.33,ATM_Withdrawal
TXN016318,ACC0140,2025-07-07,110955.42,Swiggy
TXN014209,ACC0463,2025-01-18,90878.33,Zomato
TXN011861,ACC0058,2025-04-25,65312.5,ATM_Withdrawal
TXN014667,ACC0212,2025-05-08,45104.55,Swiggy
TXN003582,ACC0097,2025-02-17,127300.01,Zomato
TXN007681,ACC0351,2025-07-21,106382.43,Swiggy
TXN015223,ACC0182,2025-03-17,51143.13,Swiggy
TXN017008,ACC0483,2025-01-07,123639.65,Uber
TXN000859,ACC0117,2025-03-22,47565.89,Uber
TXN012863,ACC0457,2025-07-04,70480.3,Amazon
TXN017113,ACC0110,2025-07-14,136793.68,ATM_Withdrawal
TXN009168,ACC0144,2025-01-08,121126.46,ATM_Withdrawal
TXN009673,ACC0119,2025-05-27,146034.5,Swiggy
TXN011181,ACC0245,2025-04-26,115505.89,ATM_Withdrawal
TXN018634,ACC0044,2025-03-23,119526.09,Amazon
TXN004392,ACC0008,2025-07-18,50290.9,ATM_Withdrawal
TXN019875,ACC0439,2025-03-13,135070.21,Flipkart
TXN006533,ACC0211,2025-02-22,78792.29,Swiggy
TXN008100,ACC0276,2025-06-02,31108.25,Uber
TXN008609,ACC0368,2025-06-06,21178.9,Flipkart
TXN010916,ACC0214,2025-06-05,64545.18,BigBasket
TXN010325,ACC0093,2025-01-08,935.28,Swiggy
TXN006465,ACC0104,2025-05-16,61010.06,Unknown_POS
TXN016316,ACC0221,2025-05-14,74114.28,ATM_Withdrawal
TXN012081,ACC0108,2025-05-19,76216.01,Amazon
TXN014644,ACC0173,2025-01-10,86549.49,Flipkart
TXN000966,ACC0471,2025-05-22,76715.16,Swiggy
TXN015503,ACC0222,2025-03-27,110380.52,Swiggy
TXN009668,ACC0092,2025-04-19,103447.41,Amazon
TXN000296,ACC0281,2025-05-28,19632.61,ATM_Withdrawal
TXN012007,ACC0343,2025-05-12,98706.02,Swiggy
TXN008583,ACC0176,2025-05-08,115034.92,ATM_Withdrawal
TXN001953,ACC0148,2025-06-15,132155.06,ATM_Withdrawal
TXN019014,ACC0398,2025-04-01,35084.57,Swiggy
TXN002750,ACC0068,2025-01-04,42140.98,Uber
TXN014851,ACC0155,2025-07-17,47635.03,Unknown_POS
TXN009476,ACC0352,2025-06-23,110048.48,Zomato
TXN008317,ACC0395,2025-06-13,136481.45,Swiggy
TXN016767,ACC0077,2025-04-02,43881.01,ATM_Withdrawal
TXN013375,ACC0175,2025-03-04,114378.56,Uber
TXN018174,ACC0491,2025-03-25,39173.46,Zomato
TXN013156,ACC0426,2025-07-30,104195.55,Uber
TXN013900,ACC0328,2025-05-13,124438.13,Flipkart
TXN007517,ACC0430,2025-05-09,106943.68,Swiggy
TXN013616,ACC0134,2025-04-11,4470.93,ATM_Withdrawal
TXN015664,ACC0261,2025-07-11,43075.8,Swiggy
TXN018604,ACC0199,2025-06-13,107219.22,ATM_Withdrawal
TXN008882,ACC0488,2025-01-20,110663.16,Zomato
TXN017305,ACC0237,2025-03-12,7324.05,BigBasket
TXN019256,ACC0005,2025-06-12,83683.62,ATM_Withdrawal
TXN013452,ACC0256,2025-01-20,28074.55,Amazon
TXN006226,ACC0153,2025-02-10,111355.31,Swiggy
TXN005897,ACC0370,2025-05-10,125392.54,Amazon
TXN017837,ACC0323,2025-02-21,64200.86,Zomato
TXN008281,ACC0025,2025-06-22,110993.05,Swiggy
TXN012854,ACC0130,2025-04-28,124090.84,Swiggy
TXN002102,ACC0335,2025-06-14,117773.03,Unknown_POS
TXN004333,ACC0465,2025-04-10,9437.61,Amazon
TXN008005,ACC0373,2025-04-26,35383.38,Unknown_POS
TXN010364,ACC0229,2025-05-10,16666.96,Unknown_POS
TXN004184,ACC0043,2025-06-26,28603.78,Flipkart
TXN001847,ACC0032,2025-07-25,66315.66,Uber
TXN009678,ACC0192,2025-07-14,96643.33,Amazon
TXN016483,ACC0376,2025-05-12,13314.09,Zomato
TXN012355,ACC0372,2025-02-05,88213.03,ATM_Withdrawal
TXN013304,ACC0270,2025-07-17,23118.38,Uber
TXN009651,ACC0283,2025-02-03,109636.89,ATM_Withdrawal
TXN002930,ACC0065,2025-07-24,78371.55,Unknown_POS
TXN003710,ACC0364,2025-03-14,107844.68,Zomato
TXN011206,ACC0089,2025-02-28,142930.48,BigBasket
TXN010444,ACC0455,2025-02-25,29283.99,ATM_Withdrawal
TXN004242,ACC0049,2025-07-02,89998.29,ATM_Withdrawal
TXN004938,ACC0458,2025-01-22,100045.87,Swiggy
TXN013790,ACC0350,2025-02-19,99832.93,Flipkart
TXN013681,ACC0389,2025-01-18,33444.59,ATM_Withdrawal
TXN005290,ACC0035,2025-07-24,87250.08,Amazon
TXN011228,ACC0437,2025-01-12,142480.12,BigBasket
TXN011952,ACC0291,2025-01-18,20240.94,Uber
TXN012869,ACC0418,2025-03-04,13843.98,ATM_Withdrawal
TXN007333,ACC0431,2025-03-06,58275.31,Unknown_POS
TXN011457,ACC0455,2025-04-12,145446.49,Flipkart
TXN009044,ACC0144,2025-04-11,120342.15,Swiggy
TXN014329,ACC0249,2025-04-29,110572.35,Unknown_POS
TXN003077,ACC0278,2025-04-10,71366.65,Amazon
TXN013701,ACC0001,2025-04-03,64317.87,Swiggy
TXN008425,ACC0296,2025-06-02,19040.54,Flipkart
TXN005520,ACC0302,2025-01-17,148041.19,Zomato
TXN003538,ACC0088,2025-07-16,3042.12,BigBasket
TXN019950,ACC0392,2025-07-30,20145.18,BigBasket
TXN008740,ACC0350,2025-03-03,25886.82,Flipkart
TXN010626,ACC0472,2025-01-24,143922.81,Amazon
TXN017781,ACC0401,2025-07-18,86595.31,Flipkart
TXN000180,ACC0139,2025-01-12,138627.68,Uber
TXN014175,ACC0259,2025-02-18,104149.01,Amazon
TXN002820,ACC0311,2025-07-12,15962.61,Zomato
TXN019774,ACC0401,2025-05-05,139292.86,Amazon
TXN011388,ACC0085,2025-03-13,120241.93,BigBasket
TXN015914,ACC0481,2025-02-23,89806.11,Uber
TXN009102,ACC0101,2025-01-16,27357.34,BigBasket
TXN007901,ACC0011,2025-03-29,126776.57,Swiggy
TXN013548,ACC0268,2025-06-16,45375.99,Unknown_POS
TXN013279,ACC0107,2025-02-23,42011.25,Unknown_POS
TXN009757,ACC0457,2025-01-25,14801.17,Amazon
TXN015582,ACC0282,2025-04-06,59201.88,Uber
TXN019422,ACC0216,2025-02-28,159.98,ATM_Withdrawal
TXN009448,ACC0193,2025-03-19,18632.54,Swiggy
TXN016232,ACC0304,2025-06-04,67886.14,Zomato
TXN013832,ACC0073,2025-03-09,116543.88,ATM_Withdrawal
TXN015621,ACC0368,2025-05-05,84207.25,Zomato
TXN010155,ACC0343,2025-01-06,60102.53,Uber
TXN011847,ACC0330,2025-07-11,43414.97,ATM_Withdrawal
TXN011187,ACC0299,2025-04-12,106740.04,ATM_Withdrawal
TXN000708,ACC0083,2025-02-17,33157.16,Uber
TXN001108,ACC0321,2025-05-17,126368.75,Unknown_POS
TXN006521,ACC0162,2025-07-30,40946.27,ATM_Withdrawal
TXN007803,ACC0412,2025-04-04,116138.2,Unknown_POS
TXN019063,ACC0473,2025-03-23,42877.81,Uber
TXN010681,ACC0118,2025-04-11,97657.2,Uber
TXN013648,ACC0334,2025-06-16,116747.06,Zomato
TXN006507,ACC0236,2025-04-18,125804.61,Uber
TXN003915,ACC0192,2025-01-14,52615.74,Unknown_POS
TXN000452,ACC0174,2025-06-02,147792.15,ATM_Withdrawal
TXN013393,ACC0182,2025-07-09,61601.43,Uber
TXN002771,ACC0037,2025-06-14,63999.98,Uber
TXN017546,ACC0038,2025-02-10,92817.06,Zomato
TXN011666,ACC0324,2025-01-27,113549.3,Amazon
TXN016394,ACC0205,2025-06-18,714.47,Zomato
TXN019095,ACC0369,2025-05-27,94508.61,Zomato
TXN001735,ACC0422,2025-07-19,54222.07,Flipkart
TXN000286,ACC0390,2025-06-23,58935.48,Swiggy
TXN012743,ACC0288,2025-01-01,38335.72,ATM_Withdrawal
TXN008130,ACC0069,2025-03-31,79411.93,BigBasket
TXN019573,ACC0314,2025-07-01,91169.73,Unknown_POS
TXN009210,ACC0117,2025-02-28,122812.24,Uber
TXN019757,ACC0478,2025-04-10,28656.43,BigBasket
TXN006419,ACC0384,2025-05-28,125804.5,Uber
TXN016097,ACC0045,2025-06-02,58672.27,Uber
TXN007030,ACC0004,2025-02-08,118314.53,BigBasket
TXN009653,ACC0484,2025-03-14,74893.96,Zomato
TXN005256,ACC0454,2025-02-22,44528.68,Swiggy
TXN012084,ACC0257,2025-03-25,117619.36,ATM_Withdrawal
TXN008110,ACC0081,2025-07-30,316.55,Flipkart
TXN003188,ACC0242,2025-03-19,55650.13,Uber
TXN008223,ACC0397,2025-06-12,95440.64,Uber
TXN018498,ACC0280,2025-01-31,39931.73,Zomato
TXN008751,ACC0463,2025-02-09,48771.38,Unknown_POS
TXN014567,ACC0164,2025-01-25,126738.02,Amazon
TXN007752,ACC0330,2025-03-06,69378.43,Zomato
TXN007452,ACC0312,2025-03-11,131876.73,ATM_Withdrawal
TXN014306,ACC0476,2025-01-14,47210.6,Amazon
TXN005891,ACC0070,2025-01-03,66825.67,Unknown_POS
TXN004185,ACC0225,2025-07-20,134149.43,BigBasket
TXN014989,ACC0056,2025-03-06,53783.85,Unknown_POS
TXN005607,ACC0434,2025-05-06,18536.72,Uber
TXN010004,ACC0227,2025-07-19,139691.34,Unknown_POS
TXN011690,ACC0047,2025-06-02,51982.08,Uber
TXN012649,ACC0377,2025-01-05,49290.85,ATM_Withdrawal
TXN006371,ACC0084,2025-01-07,90540.33,Unknown_POS
TXN001294,ACC0272,2025-01-25,92857.19,Zomato
TXN018957,ACC0262,2025-02-06,137394.58,ATM_Withdrawal
TXN010490,ACC0073,2025-04-06,5551.11,ATM_Withdrawal
TXN013360,ACC0091,2025-07-04,24542.71,BigBasket
TXN013613,ACC0228,2025-05-16,24336.38,ATM_Withdrawal
TXN001861,ACC0066,2025-03-21,87699.12,BigBasket
TXN014755,ACC0292,2025-04-22,78081.91,Zomato
TXN010331,ACC0249,2025-01-12,27579.47,Flipkart
TXN007820,ACC0409,2025-07-17,103145.51,BigBasket
TXN007838,ACC0002,2025-05-04,63189.11,ATM_Withdrawal
TXN002012,ACC0411,2025-06-25,104456.89,Zomato
TXN008018,ACC0370,2025-01-13,85165.24,Amazon
TXN005656,ACC0290,2025-01-11,111499.5,ATM_Withdrawal
TXN005585,ACC0393,2025-06-16,56762.64,Amazon
TXN017794,ACC0314,2025-01-07,132353.49,Amazon
TXN007895,ACC0468,2025-07-13,147545.75,Uber
TXN016716,ACC0302,2025-03-04,77624.65,Zomato
TXN011820,ACC0406,2025-07-28,57639.35,Swiggy
TXN019544,ACC0222,2025-04-10,67521.65,Unknown_POS
TXN001193,ACC0351,2025-06-12,80902.62,Uber
TXN018445,ACC0085,2025-03-14,546.47,Unknown_POS
TXN009242,ACC0465,2025-03-18,108302.28,BigBasket
TXN000117,ACC0273,2025-04-08,123512.9,Zomato
TXN011467,ACC0476,2025-05-08,118777.44,Uber
TXN007296,ACC0333,2025-06-29,71858.67,Zomato
TXN009810,ACC0298,2025-04-16,31264.96,BigBasket
TXN016339,ACC0205,2025-04-14,65484.12,Swiggy
TXN001144,ACC0201,2025-02-16,104957.21,BigBasket
TXN001614,ACC0146,2025-06-24,147201.1,Flipkart
TXN003075,ACC0114,2025-01-17,91727.37,ATM_Withdrawal
TXN011868,ACC0402,2025-04-25,71646.38,ATM_Withdrawal
TXN000132,ACC0210,2025-02-08,45018.28,Swiggy
TXN011540,ACC0211,2025-06-17,26229.66,Swiggy
TXN015824,ACC0331,2025-04-25,106616.42,Uber
TXN011266,ACC0202,2025-04-13,32695.93,Amazon
TXN014347,ACC0313,2025-03-25,131618.02,Swiggy
TXN002760,ACC0226,2025-02-16,38738.14,Uber
TXN018774,ACC0043,2025-03-30,62363.55,Zomato
TXN004909,ACC0181,2025-07-18,84243.98,Unknown_POS
TXN018115,ACC0062,2025-03-20,59896.31,Amazon
TXN000447,ACC0052,2025-05-03,118320.06,Zomato
TXN019682,ACC0283,2025-06-28,65528.29,BigBasket
TXN005436,ACC0136,2025-03-16,47439.76,Swiggy
TXN019292,ACC0172,2025-02-04,27093.45,ATM_Withdrawal
TXN007066,ACC0011,2025-04-03,104007.25,ATM_Withdrawal
TXN018416,ACC0225,2025-07-27,21152.31,Swiggy
TXN008982,ACC0135,2025-07-05,144234.94,Zomato
TXN004528,ACC0036,2025-02-11,8362.86,Zomato
TXN011710,ACC0095,2025-01-09,65921.09,Zomato
TXN015785,ACC0258,2025-04-21,45667.96,BigBasket
TXN006651,ACC0495,2025-03-04,12911.83,Zomato
TXN014241,ACC0294,2025-01-20,3956.77,Zomato
TXN017086,ACC0003,2025-07-22,37688.73,BigBasket
TXN019161,ACC0411,2025-01-11,29307.89,Amazon
TXN011963,ACC0341,2025-06-27,69202.94,Zomato
TXN019032,ACC0265,2025-03-28,120535.14,Amazon
TXN014464,ACC0114,2025-01-25,58374.96,BigBasket
TXN001661,ACC0045,2025-03-19,115469.69,Swiggy
TXN016124,ACC0481,2025-02-04,123770.12,Amazon
TXN003675,ACC0275,2025-01-02,137284.34,Uber
TXN010844,ACC0444,2025-07-15,149828.39,Unknown_POS
TXN007477,ACC0331,2025-03-27,117241.9,Unknown_POS
TXN005588,ACC0419,2025-06-30,102459.5,Flipkart
TXN006067,ACC0089,2025-03-18,104615.12,Amazon
TXN008924,ACC0471,2025-07-02,105772.06,Unknown_POS
TXN014875,ACC0042,2025-07-01,51130.86,Flipkart
TXN010021,ACC0027,2025-05-02,93423.38,Zomato
TXN000432,ACC0090,2025-07-01,145313.0,BigBasket
TXN017029,ACC0415,2025-07-02,45697.17,Flipkart
TXN014970,ACC0223,2025-06-25,139929.95,Swiggy
TXN003858,ACC0379,2025-04-09,127595.43,Unknown_POS
TXN016538,ACC0476,2025-03-22,93798.2,Zomato
TXN016302,ACC0006,2025-07-19,93481.9,Uber
TXN005991,ACC0360,2025-01-07,133558.92,Unknown_POS
TXN015764,ACC0141,2025-03-07,58254.97,BigBasket
TXN009825,ACC0037,2025-02-11,66213.31,BigBasket
TXN014054,ACC0235,2025-07-08,130523.71,BigBasket
TXN009657,ACC0385,2025-02-01,26657.69,Swiggy
TXN000231,ACC0496,2025-07-12,49772.93,Unknown_POS
TXN018417,ACC0487,2025-01-16,71631.85,Zomato
TXN018828,ACC0039,2025-04-12,60894.85,Flipkart
TXN015648,ACC0091,2025-03-10,40223.57,Uber
TXN016056,ACC0015,2025-03-14,92571.9,Amazon
TXN019114,ACC0267,2025-05-17,35273.19,ATM_Withdrawal
TXN002828,ACC0228,2025-04-21,74013.67,Flipkart
TXN001507,ACC0219,2025-02-23,52130.11,Flipkart
TXN008663,ACC0418,2025-06-07,81082.09,ATM_Withdrawal
TXN010079,ACC0222,2025-06-28,135419.85,Swiggy
TXN018348,ACC0179,2025-04-14,70514.39,Flipkart
TXN010171,ACC0355,2025-02-01,90020.87,Flipkart
TXN010304,ACC0214,2025-04-12,15848.01,BigBasket
TXN015103,ACC0268,2025-05-20,51201.71,Uber
TXN008295,ACC0425,2025-01-08,23373.32,Unknown_POS
TXN014466,ACC0018,2025-01-05,32380.22,Unknown_POS
TXN011801,ACC0410,2025-03-22,90232.67,Zomato
TXN016461,ACC0114,2025-03-15,10214.86,Unknown_POS
TXN012012,ACC0228,2025-04-08,98936.84,Flipkart
TXN018563,ACC0430,2025-03-16,20211.16,Flipkart
TXN004135,ACC0006,2025-05-31,61400.27,Uber
TXN018522,ACC0030,2025-05-10,100448.34,Flipkart
TXN000478,ACC0022,2025-04-19,11801.36,Unknown_POS
TXN011637,ACC0341,2025-05-14,94738.25,Flipkart
TXN016663,ACC0161,2025-03-18,26336.04,BigBasket
TXN011199,ACC0331,2025-04-26,78824.61,Flipkart
TXN010653,ACC0057,2025-05-05,58598.44,Flipkart
TXN015095,ACC0040,2025-06-23,146768.63,BigBasket
TXN011379,ACC0308,2025-04-13,23603.85,Amazon
TXN003857,ACC0210,2025-07-02,66647.75,Swiggy
TXN002697,ACC0035,2025-02-10,145218.82,Flipkart
TXN015726,ACC0094,2025-04-30,142225.04,Zomato
TXN011966,ACC0095,2025-01-27,105861.21,ATM_Withdrawal
TXN012035,ACC0459,2025-05-15,101696.65,Flipkart
TXN008528,ACC0356,2025-03-06,70417.57,Uber
TXN009670,ACC0130,2025-05-03,75651.91,Flipkart
TXN001319,ACC0127,2025-03-25,65165.6,Zomato
TXN002593,ACC0340,2025-05-05,38067.85,ATM_Withdrawal
TXN018294,ACC0059,2025-02-28,138695.6,Zomato
TXN001750,ACC0157,2025-04-06,45523.85,ATM_Withdrawal
TXN017059,ACC0324,2025-01-16,15044.44,Amazon
TXN005804,ACC0073,2025-01-26,107043.82,Unknown_POS
TXN018838,ACC0154,2025-07-15,88502.96,ATM_Withdrawal
TXN009013,ACC0180,2025-07-08,58608.71,ATM_Withdrawal
TXN001256,ACC0042,2025-04-28,114079.94,Uber
TXN012931,ACC0344,2025-03-22,115337.92,Unknown_POS
TXN005976,ACC0228,2025-07-19,50034.3,Unknown_POS
TXN018033,ACC0128,2025-01-23,6712.2,Swiggy
TXN005633,ACC0015,2025-05-31,109541.96,ATM_Withdrawal
TXN017622,ACC0363,2025-05-04,25610.62,BigBasket
TXN011399,ACC0034,2025-07-19,19317.33,Flipkart
TXN008491,ACC0348,2025-07-30,61688.44,Amazon
TXN002680,ACC0473,2025-02-14,48207.82,ATM_Withdrawal
TXN000635,ACC0232,2025-07-26,20049.11,Unknown_POS
TXN003282,ACC0128,2025-02-27,37638.07,Uber
TXN007093,ACC0206,2025-06-16,30477.59,Amazon
TXN007321,ACC0107,2025-04-28,14811.91,ATM_Withdrawal
TXN011487,ACC0419,2025-05-02,100534.1,Amazon
TXN001395,ACC0213,2025-02-14,83394.29,Swiggy
TXN018656,ACC0040,2025-01-07,19115.76,Swiggy
TXN006466,ACC0009,2025-05-12,116340.95,BigBasket
TXN007443,ACC0488,2025-03-02,38640.27,ATM_Withdrawal
TXN009022,ACC0156,2025-07-13,67118.74,Zomato
TXN008515,ACC0252,2025-07-08,81243.98,ATM_Withdrawal
TXN012153,ACC0052,2025-06-20,91691.4,ATM_Withdrawal
TXN009950,ACC0304,2025-02-28,123830.3,Amazon
TXN002672,ACC0024,2025-01-08,127812.08,Swiggy
TXN005647,ACC0036,2025-05-27,54090.63,Unknown_POS
TXN003393,ACC0287,2025-06-16,8678.99,BigBasket
TXN013962,ACC0253,2025-03-27,6683.18,Uber
TXN007367,ACC0201,2025-05-16,146705.57,Swiggy
TXN009086,ACC0022,2025-05-25,130736.46,Uber
TXN006949,ACC0251,2025-04-04,100912.55,BigBasket
TXN007473,ACC0252,2025-06-19,43915.05,Swiggy
TXN012228,ACC0001,2025-06-13,22066.15,Amazon
TXN000399,ACC0087,2025-05-27,65001.8,Unknown_POS
TXN009190,ACC0262,2025-05-01,23867.73,Uber
TXN014777,ACC0123,2025-03-25,20686.61,ATM_Withdrawal
TXN007864,ACC0406,2025-03-12,77184.14,Swiggy
TXN009333,ACC0185,2025-05-13,34607.62,ATM_Withdrawal
TXN015599,ACC0225,2025-06-20,107199.07,Uber
TXN000047,ACC0354,2025-02-22,61586.09,ATM_Withdrawal
TXN006902,ACC0359,2025-05-07,9645.35,BigBasket
TXN013930,ACC0200,2025-07-04,125926.89,Zomato
TXN003739,ACC0328,2025-06-14,68075.43,Zomato
TXN011503,ACC0158,2025-01-09,103855.34,Swiggy
TXN009202,ACC0132,2025-07-22,143206.54,Zomato
TXN008211,ACC0418,2025-06-11,60707.85,Uber
TXN002469,ACC0429,2025-05-22,23900.02,BigBasket
TXN015820,ACC0428,2025-07-21,115631.61,Swiggy
TXN004921,ACC0172,2025-01-14,66855.14,ATM_Withdrawal
TXN016871,ACC0368,2025-06-28,90256.26,BigBasket
TXN002801,ACC0463,2025-04-19,53187.45,Unknown_POS
TXN004193,ACC0257,2025-06-09,118257.06,BigBasket
TXN003532,ACC0462,2025-02-08,24530.35,Flipkart
TXN006078,ACC0376,2025-06-30,39969.75,Amazon
TXN006932,ACC0233,2025-03-28,115947.73,Zomato
TXN011786,ACC0320,2025-06-12,17991.09,Amazon
TXN000139,ACC0275,2025-07-05,124419.47,Amazon
TXN006124,ACC0391,2025-01-18,60362.76,Swiggy
TXN007379,ACC0463,2025-07-30,130142.84,Flipkart
TXN004347,ACC0372,2025-04-14,114456.81,Unknown_POS
TXN010421,ACC0402,2025-03-02,54146.1,ATM_Withdrawal
TXN005019,ACC0130,2025-01-23,41649.77,ATM_Withdrawal
TXN015091,ACC0198,2025-02-11,82322.62,Zomato
TXN014154,ACC0254,2025-03-08,4997.47,Amazon
TXN001031,ACC0078,2025-07-19,28230.64,Swiggy
TXN013315,ACC0331,2025-04-12,48495.05,Unknown_POS
TXN008778,ACC0058,2025-03-03,108340.44,Swiggy
TXN000145,ACC0469,2025-03-04,104359.16,Zomato
TXN005225,ACC0403,2025-01-19,118766.48,Uber
TXN002308,ACC0057,2025-01-04,114528.69,Amazon
TXN018970,ACC0269,2025-01-13,89108.23,Unknown_POS
TXN004536,ACC0266,2025-05-09,75912.01,ATM_Withdrawal
TXN016314,ACC0301,2025-07-27,55760.39,Swiggy
TXN002096,ACC0113,2025-07-04,38681.4,ATM_Withdrawal
TXN013890,ACC0227,2025-06-05,123872.43,Unknown_POS
TXN017850,ACC0214,2025-02-17,120826.92,Zomato
TXN010321,ACC0324,2025-06-06,82677.6,Amazon
TXN010491,ACC0317,2025-04-12,114440.85,ATM_Withdrawal
TXN011434,ACC0172,2025-05-22,45165.31,Swiggy
TXN019080,ACC0141,2025-05-26,142405.88,Flipkart
TXN007396,ACC0334,2025-05-31,64325.92,Uber
TXN005945,ACC0093,2025-05-19,129183.79,Swiggy
TXN000395,ACC0299,2025-05-31,38860.16,Flipkart
TXN018069,ACC0110,2025-02-16,87787.79,Uber
TXN005333,ACC0314,2025-07-16,131249.65,Zomato
TXN006331,ACC0164,2025-03-15,112087.63,Uber
TXN005005,ACC0109,2025-05-18,55745.69,Flipkart
TXN012878,ACC0156,2025-01-07,91525.76,Unknown_POS
TXN016664,ACC0363,2025-04-21,141154.14,Unknown_POS
TXN010271,ACC0430,2025-07-04,29734.12,Swiggy
TXN011348,ACC0260,2025-03-12,77306.23,ATM_Withdrawal
TXN008404,ACC0189,2025-06-29,49305.09,Uber
TXN018171,ACC0033,2025-04-24,52553.94,Amazon
TXN016138,ACC0421,2025-06-30,130578.87,Unknown_POS
TXN005791,ACC0439,2025-06-21,64383.72,Uber
TXN011836,ACC0095,2025-05-11,134215.06,Flipkart
TXN010356,ACC0072,2025-06-24,110417.32,BigBasket
TXN002700,ACC0299,2025-05-01,140542.19,Uber
TXN001657,ACC0008,2025-02-18,16831.28,Amazon
TXN001233,ACC0045,2025-06-04,19529.59,Swiggy
TXN017941,ACC0420,2025-07-29,13039.88,Zomato
TXN002088,ACC0446,2025-05-14,131441.29,Amazon
TXN004406,ACC0321,2025-05-20,76154.86,Amazon
TXN011560,ACC0091,2025-04-12,119423.9,ATM_Withdrawal
TXN000046,ACC0226,2025-03-22,62846.11,Unknown_POS
TXN007043,ACC0234,2025-07-11,142521.46,Flipkart
TXN008325,ACC0275,2025-07-23,1056.69,BigBasket
TXN014141,ACC0495,2025-06-13,51406.76,BigBasket
TXN019775,ACC0277,2025-07-24,38148.0,Flipkart
TXN016147,ACC0460,2025-02-04,142190.72,BigBasket
TXN008198,ACC0213,2025-01-01,85900.07,Uber
TXN012477,ACC0388,2025-04-08,127685.03,Unknown_POS
TXN008965,ACC0105,2025-07-10,66893.34,Uber
TXN016885,ACC0133,2025-06-20,98233.51,ATM_Withdrawal
TXN001443,ACC0188,2025-06-28,88427.62,ATM_Withdrawal
TXN011232,ACC0106,2025-07-14,141453.96,BigBasket
TXN003846,ACC0476,2025-05-22,53065.04,Zomato
TXN014962,ACC0484,2025-04-04,145763.02,Swiggy
TXN017124,ACC0419,2025-03-25,111955.01,Flipkart
TXN006073,ACC0294,2025-03-07,67322.86,Amazon
TXN003789,ACC0383,2025-06-29,58636.93,BigBasket
TXN001687,ACC0173,2025-04-21,17139.7,Zomato
TXN008015,ACC0391,2025-07-26,33997.84,Amazon
TXN017634,ACC0405,2025-05-03,126318.48,Swiggy
TXN010086,ACC0235,2025-06-18,75916.82,BigBasket
TXN007437,ACC0312,2025-06-23,2485.58,Zomato
TXN000058,ACC0459,2025-04-12,122765.7,Swiggy
TXN002081,ACC0327,2025-07-28,48361.43,BigBasket
TXN012992,ACC0188,2025-02-04,148297.72,Amazon
TXN011230,ACC0080,2025-07-10,49816.51,Swiggy
TXN018161,ACC0304,2025-03-12,143155.97,Uber
TXN007324,ACC0342,2025-04-08,144214.15,Uber
TXN014415,ACC0141,2025-07-13,14736.28,Uber
TXN019962,ACC0019,2025-02-21,38771.04,Uber
TXN016013,ACC0315,2025-06-22,120272.05,Amazon
TXN012187,ACC0262,2025-06-19,47525.89,Unknown_POS
TXN018983,ACC0473,2025-06-07,26919.21,ATM_Withdrawal
TXN015327,ACC0055,2025-04-13,29564.03,ATM_Withdrawal
TXN006890,ACC0244,2025-01-02,59462.45,Swiggy
TXN013116,ACC0218,2025-06-29,124466.87,Uber
TXN019626,ACC0500,2025-03-30,78330.36,Uber
TXN002631,ACC0491,2025-07-16,63166.75,Swiggy
TXN001555,ACC0378,2025-04-16,138978.26,BigBasket
TXN005379,ACC0295,2025-06-26,79050.55,Swiggy
TXN004745,ACC0310,2025-06-05,52086.17,Amazon
TXN010565,ACC0375,2025-02-10,102638.81,Flipkart
TXN015276,ACC0071,2025-04-05,100920.66,Unknown_POS
TXN017152,ACC0058,2025-02-16,14759.11,Unknown_POS
TXN018651,ACC0209,2025-03-07,322.57,Unknown_POS
TXN003545,ACC0493,2025-06-12,48138.75,Flipkart
TXN011345,ACC0093,2025-03-28,71859.86,ATM_Withdrawal
TXN003414,ACC0103,2025-02-28,52712.54,Flipkart
TXN015964,ACC0112,2025-02-15,86875.05,Swiggy
TXN009308,ACC0305,2025-04-11,121280.87,Uber
TXN009480,ACC0266,2025-02-13,141548.37,Flipkart
TXN011082,ACC0356,2025-04-03,11379.66,Zomato
TXN001441,ACC0088,2025-07-13,80592.12,Flipkart
TXN007034,ACC0131,2025-03-23,10491.37,BigBasket
TXN010747,ACC0496,2025-05-31,120130.58,Unknown_POS
TXN012403,ACC0187,2025-01-28,76922.98,Flipkart
TXN015653,ACC0351,2025-01-21,21528.66,Amazon
TXN017623,ACC0194,2025-07-08,9139.3,BigBasket
TXN000525,ACC0097,2025-02-08,77618.17,Zomato
TXN007399,ACC0288,2025-07-11,91711.28,Swiggy
TXN013248,ACC0367,2025-05-10,62715.89,Unknown_POS
TXN012383,ACC0132,2025-07-19,32558.59,BigBasket
TXN010451,ACC0324,2025-05-22,79745.22,Uber
TXN008915,ACC0185,2025-07-04,126545.96,Zomato
TXN017353,ACC0096,2025-01-01,119285.01,ATM_Withdrawal
TXN001424,ACC0179,2025-03-21,103673.05,Swiggy
TXN004186,ACC0030,2025-07-21,94645.36,Amazon
TXN006005,ACC0363,2025-07-29,38193.13,BigBasket
TXN001371,ACC0208,2025-05-08,115289.3,ATM_Withdrawal
TXN006087,ACC0378,2025-01-25,44075.32,ATM_Withdrawal
TXN016683,ACC0444,2025-02-02,50628.26,Unknown_POS
TXN001113,ACC0111,2025-05-15,45382.63,Flipkart
TXN006978,ACC0344,2025-02-05,127312.92,Unknown_POS
TXN002654,ACC0244,2025-05-03,43540.93,Flipkart
TXN005620,ACC0497,2025-01-06,27984.14,Swiggy
TXN019675,ACC0311,2025-02-07,23558.25,Uber
TXN009311,ACC0498,2025-04-24,111700.0,BigBasket
TXN016730,ACC0327,2025-02-02,141666.36,Zomato
TXN018037,ACC0019,2025-05-31,27698.4,BigBasket
TXN000203,ACC0372,2025-05-24,135785.88,Zomato
TXN006112,ACC0112,2025-05-09,114001.13,Amazon
TXN003820,ACC0266,2025-06-23,61760.31,Uber
TXN007403,ACC0450,2025-02-22,32408.11,ATM_Withdrawal
TXN003211,ACC0491,2025-04-03,135770.27,ATM_Withdrawal
TXN000932,ACC0398,2025-06-08,35856.04,Flipkart
TXN005700,ACC0444,2025-01-04,53923.98,BigBasket
TXN018215,ACC0236,2025-05-07,18784.07,BigBasket
TXN003454,ACC0024,2025-04-08,30944.17,Flipkart
TXN009163,ACC0065,2025-07-05,107688.38,Flipkart
TXN000673,ACC0170,2025-04-03,44071.47,ATM_Withdrawal
TXN014669,ACC0466,2025-03-21,130817.29,BigBasket
TXN000085,ACC0245,2025-03-24,140377.02,Amazon
TXN009558,ACC0123,2025-02-09,6606.89,Zomato
TXN013952,ACC0130,2025-06-08,139679.87,BigBasket
TXN012372,ACC0434,2025-04-28,8699.04,Amazon
TXN002669,ACC0295,2025-07-01,139115.47,Uber
TXN000276,ACC0398,2025-07-27,35580.06,BigBasket
TXN005419,ACC0105,2025-03-20,92530.56,Swiggy
TXN000856,ACC0445,2025-02-12,96105.07,BigBasket
TXN002243,ACC0342,2025-07-30,64402.38,ATM_Withdrawal
TXN018586,ACC0480,2025-07-24,114484.35,Zomato
TXN018995,ACC0072,2025-07-23,70161.87,BigBasket
TXN004352,ACC0394,2025-07-19,39568.7,Unknown_POS
TXN008016,ACC0329,2025-03-17,18847.89,ATM_Withdrawal
TXN009800,ACC0102,2025-07-20,52008.14,Unknown_POS
TXN002089,ACC0066,2025-05-08,119533.27,Uber
TXN003465,ACC0321,2025-06-27,59350.5,ATM_Withdrawal
TXN009350,ACC0456,2025-03-24,67105.72,BigBasket
TXN009806,ACC0384,2025-02-13,24474.36,BigBasket
TXN005954,ACC0012,2025-04-26,108431.75,Unknown_POS
TXN008356,ACC0263,2025-01-30,92785.59,Uber
TXN016619,ACC0389,2025-01-22,23161.78,Flipkart
TXN018847,ACC0328,2025-05-13,25606.44,Uber
TXN019011,ACC0226,2025-01-13,66004.92,Flipkart
TXN007479,ACC0249,2025-03-29,46664.46,Swiggy
TXN002627,ACC0050,2025-02-05,79009.38,BigBasket
TXN007596,ACC0242,2025-02-19,44314.04,Flipkart
TXN000505,ACC0189,2025-07-30,69659.56,Unknown_POS
TXN009071,ACC0494,2025-05-19,13941.76,BigBasket
TXN017736,ACC0263,2025-07-29,46597.17,Uber
TXN002880,ACC0011,2025-01-04,111410.66,Swiggy
TXN018987,ACC0497,2025-03-29,149879.72,Zomato
TXN000477,ACC0498,2025-02-24,121278.69,Swiggy
TXN002129,ACC0436,2025-07-01,45645.9,Swiggy
TXN012328,ACC0276,2025-05-06,20142.96,Amazon
TXN003240,ACC0104,2025-03-19,24535.17,Uber
TXN003170,ACC0001,2025-03-06,113196.31,Uber
TXN010905,ACC0337,2025-02-20,116441.67,ATM_Withdrawal
TXN001426,ACC0089,2025-07-01,45737.4,Flipkart
TXN014447,ACC0392,2025-02-13,45901.91,ATM_Withdrawal
TXN015161,ACC0075,2025-04-18,8932.5,Unknown_POS
TXN015406,ACC0101,2025-05-06,2141.43,BigBasket
TXN008077,ACC0482,2025-05-05,115615.68,Flipkart
TXN008938,ACC0440,2025-07-26,6101.71,Uber
TXN004117,ACC0124,2025-03-14,37852.21,Zomato
TXN019900,ACC0212,2025-07-20,113789.0,Amazon
TXN008280,ACC0072,2025-01-23,128319.59,Amazon
TXN013640,ACC0444,2025-04-12,53739.74,Zomato
TXN006920,ACC0409,2025-07-04,93760.89,Swiggy
TXN012121,ACC0274,2025-04-25,92624.53,ATM_Withdrawal
TXN010300,ACC0368,2025-04-16,138275.7,Swiggy
TXN000034,ACC0412,2025-05-02,77923.94,Swiggy
TXN012004,ACC0405,2025-06-11,2866.41,Amazon
TXN016815,ACC0050,2025-03-22,99513.92,Unknown_POS
TXN013883,ACC0332,2025-05-22,74554.92,Amazon
TXN011093,ACC0066,2025-06-22,118640.26,ATM_Withdrawal
TXN018377,ACC0225,2025-04-07,128296.02,Amazon
TXN001857,ACC0304,2025-07-22,126124.88,Swiggy
TXN002051,ACC0301,2025-03-20,110103.32,Flipkart
TXN008106,ACC0180,2025-06-10,5325.93,Unknown_POS
TXN009137,ACC0456,2025-05-13,48059.31,Amazon
TXN008424,ACC0383,2025-03-05,109591.87,ATM_Withdrawal
TXN003435,ACC0416,2025-06-18,106160.23,Flipkart
TXN017380,ACC0053,2025-02-10,11344.25,BigBasket
TXN011303,ACC0372,2025-02-19,52644.93,Unknown_POS
TXN010639,ACC0203,2025-06-05,60643.42,Swiggy
TXN001368,ACC0341,2025-03-23,146704.48,Swiggy
TXN000509,ACC0177,2025-02-11,125656.18,Uber
TXN017612,ACC0082,2025-02-16,39725.34,Swiggy
TXN016506,ACC0149,2025-02-28,73116.93,Swiggy
TXN007629,ACC0285,2025-04-29,140894.38,Swiggy
TXN001649,ACC0109,2025-02-17,11779.17,Uber
TXN006616,ACC0038,2025-02-23,108793.44,Unknown_POS
TXN004845,ACC0396,2025-06-08,70441.59,Amazon
TXN001159,ACC0285,2025-01-25,123312.36,Swiggy
TXN015771,ACC0128,2025-02-28,126153.4,ATM_Withdrawal
TXN018193,ACC0381,2025-06-09,113948.3,Unknown_POS
TXN016913,ACC0413,2025-04-19,75484.2,Unknown_POS
TXN014594,ACC0002,2025-02-09,2544.05,Flipkart
TXN006046,ACC0426,2025-01-15,71126.54,Unknown_POS
TXN004961,ACC0076,2025-01-12,54233.83,Flipkart
TXN008278,ACC0099,2025-05-24,38725.56,Uber
TXN013325,ACC0427,2025-01-13,146388.11,Swiggy
TXN018024,ACC0466,2025-05-30,140547.37,Unknown_POS
TXN000613,ACC0423,2025-01-24,118777.9,Uber
TXN006950,ACC0477,2025-07-12,57916.13,ATM_Withdrawal
TXN017085,ACC0428,2025-07-24,55056.13,ATM_Withdrawal
TXN008268,ACC0307,2025-07-03,35638.69,Swiggy
TXN008067,ACC0128,2025-07-30,19853.75,Flipkart
TXN016111,ACC0402,2025-05-23,9901.85,Swiggy
TXN014457,ACC0044,2025-01-24,140101.3,ATM_Withdrawal
TXN019857,ACC0380,2025-01-06,61921.43,Uber
TXN002112,ACC0055,2025-04-12,1427.82,ATM_Withdrawal
TXN003635,ACC0423,2025-06-08,72408.84,Swiggy
TXN006434,ACC0481,2025-05-08,45060.67,Swiggy
TXN008683,ACC0112,2025-01-16,141230.67,ATM_Withdrawal
TXN017436,ACC0091,2025-05-18,100083.3,Unknown_POS
TXN018133,ACC0075,2025-07-22,113605.55,Flipkart
TXN013051,ACC0480,2025-04-12,80143.03,Unknown_POS
TXN017478,ACC0269,2025-01-24,38633.34,Unknown_POS
TXN007780,ACC0389,2025-01-27,65777.5,Amazon
TXN017056,ACC0374,2025-04-27,88461.83,Zomato
TXN005587,ACC0194,2025-07-26,38270.37,Flipkart
TXN015365,ACC0327,2025-05-27,124868.09,Flipkart
TXN010478,ACC0410,2025-07-23,9626.03,ATM_Withdrawal
TXN017911,ACC0338,2025-07-09,132985.6,ATM_Withdrawal
TXN010775,ACC0437,2025-04-21,5489.25,Unknown_POS
TXN000397,ACC0415,2025-02-02,13842.2,BigBasket
TXN018359,ACC0167,2025-04-20,118366.42,Zomato
TXN017713,ACC0073,2025-04-30,126873.09,Unknown_POS
TXN010780,ACC0149,2025-06-21,104973.23,Zomato
TXN011563,ACC0458,2025-06-17,67360.15,Swiggy
TXN009961,ACC0018,2025-03-20,64099.34,Amazon
TXN018860,ACC0103,2025-07-06,48293.57,Swiggy
TXN007579,ACC0179,2025-02-23,142632.4,BigBasket
TXN015077,ACC0130,2025-01-29,68148.91,Amazon
TXN002917,ACC0085,2025-05-15,107276.46,ATM_Withdrawal
TXN005462,ACC0219,2025-04-06,133288.91,Flipkart
TXN002020,ACC0218,2025-02-15,90897.39,Uber
TXN001580,ACC0439,2025-02-22,90032.41,Uber
TXN013215,ACC0177,2025-04-26,54019.95,BigBasket
TXN004941,ACC0389,2025-07-27,104960.42,Amazon
TXN018986,ACC0210,2025-05-24,77571.22,Uber
TXN000794,ACC0485,2025-07-18,123043.3,ATM_Withdrawal
TXN017638,ACC0469,2025-01-22,97431.62,Zomato
TXN010495,ACC0008,2025-06-14,71379.06,ATM_Withdrawal
TXN008618,ACC0415,2025-03-11,51653.36,Swiggy
TXN018652,ACC0141,2025-01-26,56225.27,Flipkart
TXN015769,ACC0379,2025-03-13,148621.44,ATM_Withdrawal
TXN008712,ACC0165,2025-05-21,116270.35,Flipkart
TXN018640,ACC0031,2025-04-10,80637.81,Amazon
TXN007523,ACC0012,2025-05-03,63216.5,BigBasket
TXN014310,ACC0032,2025-01-08,127042.08,BigBasket
TXN005916,ACC0055,2025-07-14,11297.94,ATM_Withdrawal
TXN007980,ACC0219,2025-01-13,119353.36,Uber
TXN006102,ACC0173,2025-01-10,34222.65,Zomato
TXN015563,ACC0373,2025-04-25,134401.92,ATM_Withdrawal
TXN017239,ACC0236,2025-07-03,89131.81,Uber
TXN016727,ACC0113,2025-06-12,4328.48,Zomato
TXN012523,ACC0263,2025-07-03,118076.12,Swiggy
TXN009628,ACC0224,2025-01-01,88165.87,Flipkart
TXN004711,ACC0212,2025-05-13,127176.25,Flipkart
TXN015163,ACC0081,2025-04-30,38326.14,Amazon
TXN005425,ACC0217,2025-06-01,148269.99,Uber
TXN018056,ACC0223,2025-07-23,12775.86,Swiggy
TXN002458,ACC0345,2025-03-03,673.43,Unknown_POS
TXN006146,ACC0242,2025-05-09,129011.86,Amazon
TXN018751,ACC0445,2025-02-26,118.67,Uber
TXN006302,ACC0471,2025-06-13,134315.23,Flipkart
TXN015867,ACC0178,2025-07-09,42341.33,Uber
TXN016323,ACC0380,2025-02-03,6864.62,Flipkart
TXN007954,ACC0494,2025-04-17,138379.42,Swiggy
TXN014890,ACC0253,2025-04-08,108210.85,ATM_Withdrawal
TXN005867,ACC0465,2025-05-07,49460.89,Flipkart
TXN016490,ACC0473,2025-07-28,11419.71,Uber
TXN003552,ACC0230,2025-04-21,50660.8,Uber
TXN006173,ACC0323,2025-06-16,27622.87,Uber
TXN008202,ACC0054,2025-03-09,121408.17,BigBasket
TXN003332,ACC0046,2025-07-07,90517.24,BigBasket
TXN003589,ACC0318,2025-07-13,122664.64,Flipkart
TXN009523,ACC0334,2025-04-19,39207.68,Uber
TXN002588,ACC0420,2025-01-05,85111.65,Uber
TXN010064,ACC0273,2025-03-22,67005.47,Flipkart
TXN007159,ACC0077,2025-02-16,24349.54,Zomato
TXN005027,ACC0437,2025-02-03,19631.15,ATM_Withdrawal
TXN001786,ACC0015,2025-04-15,95049.52,Amazon
TXN003786,ACC0286,2025-03-09,71708.07,Swiggy
TXN010803,ACC0296,2025-04-17,71519.9,Uber
TXN014370,ACC0430,2025-03-29,110841.97,ATM_Withdrawal
TXN000744,ACC0265,2025-03-06,56480.5,Zomato
TXN001123,ACC0171,2025-04-30,133383.42,Flipkart
TXN014724,ACC0051,2025-05-13,6241.12,Amazon
TXN012255,ACC0077,2025-07-21,130184.44,Zomato
TXN019017,ACC0244,2025-06-15,115580.32,BigBasket
TXN018592,ACC0078,2025-03-04,55213.59,Amazon
TXN017156,ACC0112,2025-02-08,35997.07,Amazon
TXN015286,ACC0346,2025-03-05,53724.35,Flipkart
TXN012386,ACC0229,2025-03-06,138093.48,Swiggy
TXN008511,ACC0022,2025-01-15,134662.44,Swiggy
TXN019115,ACC0495,2025-01-01,6127.81,ATM_Withdrawal
TXN005780,ACC0443,2025-03-11,121763.67,Uber
TXN007223,ACC0353,2025-04-27,104795.72,Unknown_POS
TXN002606,ACC0222,2025-07-23,68281.4,BigBasket
TXN010804,ACC0358,2025-04-04,14256.97,Uber
TXN010111,ACC0498,2025-04-06,125009.34,Unknown_POS
TXN008665,ACC0108,2025-07-10,23943.34,Amazon
TXN008145,ACC0159,2025-04-07,14654.64,Zomato
TXN007013,ACC0055,2025-04-04,77417.74,Unknown_POS
TXN019371,ACC0081,2025-04-19,43019.64,ATM_Withdrawal
TXN011398,ACC0210,2025-06-05,62340.41,Swiggy
TXN003483,ACC0201,2025-04-08,23006.97,Uber
TXN011147,ACC0191,2025-04-08,92003.05,Swiggy
TXN007951,ACC0087,2025-02-01,37403.51,Flipkart
TXN005254,ACC0204,2025-04-10,33232.03,Flipkart
TXN016918,ACC0448,2025-06-06,85620.59,Zomato
TXN008231,ACC0228,2025-05-16,15534.35,Flipkart
TXN015335,ACC0199,2025-05-05,62755.92,ATM_Withdrawal
TXN007306,ACC0054,2025-02-16,32542.9,Amazon
TXN019126,ACC0478,2025-02-11,24656.48,Unknown_POS
TXN012960,ACC0348,2025-05-25,51048.85,Swiggy
TXN011797,ACC0499,2025-04-05,138489.95,BigBasket
TXN004449,ACC0298,2025-03-02,40406.61,Amazon
TXN013543,ACC0368,2025-01-20,65153.83,Swiggy
TXN002553,ACC0240,2025-07-29,57789.78,ATM_Withdrawal
TXN013087,ACC0268,2025-05-04,3675.94,Swiggy
TXN008956,ACC0067,2025-02-08,79941.89,BigBasket
TXN008739,ACC0154,2025-01-15,28323.5,BigBasket
TXN003123,ACC0187,2025-04-13,107507.86,ATM_Withdrawal
TXN010659,ACC0212,2025-02-18,52277.29,ATM_Withdrawal
TXN011606,ACC0242,2025-07-24,64858.14,BigBasket
TXN019864,ACC0498,2025-04-17,38842.4,Unknown_POS
TXN009953,ACC0173,2025-01-08,138912.29,ATM_Withdrawal
TXN009951,ACC0356,2025-02-22,142353.47,BigBasket
TXN014213,ACC0157,2025-07-26,2548.26,Swiggy
TXN012554,ACC0354,2025-06-25,133118.54,BigBasket
TXN015023,ACC0167,2025-03-09,92008.34,Flipkart
TXN014007,ACC0214,2025-03-27,35825.32,Amazon
TXN011855,ACC0157,2025-04-24,65310.8,ATM_Withdrawal
TXN015554,ACC0207,2025-07-06,145432.48,BigBasket
TXN003591,ACC0007,2025-07-10,101191.44,BigBasket
TXN018851,ACC0211,2025-02-20,124622.02,Unknown_POS
TXN015614,ACC0254,2025-01-04,119989.59,BigBasket
TXN019894,ACC0373,2025-02-16,139455.4,Flipkart
TXN008939,ACC0171,2025-07-15,19899.92,Swiggy
TXN014165,ACC0487,2025-07-26,61250.46,BigBasket
TXN011665,ACC0329,2025-04-19,111437.37,Zomato
TXN006367,ACC0497,2025-03-04,149073.36,ATM_Withdrawal
TXN002923,ACC0180,2025-06-12,83895.46,Zomato
TXN015754,ACC0321,2025-02-22,143562.19,Flipkart
TXN001288,ACC0355,2025-02-02,30963.72,Uber
TXN009608,ACC0016,2025-07-15,105231.66,Amazon
TXN018249,ACC0398,2025-04-02,23526.24,Swiggy
TXN003996,ACC0004,2025-07-20,24668.66,Uber
TXN005498,ACC0327,2025-02-24,53525.47,Swiggy
TXN009666,ACC0272,2025-02-03,77364.16,ATM_Withdrawal
TXN009187,ACC0497,2025-05-15,101950.52,Swiggy
TXN003169,ACC0302,2025-07-26,95258.14,ATM_Withdrawal
TXN010226,ACC0114,2025-04-26,137847.88,Flipkart
TXN008206,ACC0233,2025-07-05,40195.97,Zomato
TXN008877,ACC0217,2025-03-13,136421.55,ATM_Withdrawal
TXN019988,ACC0407,2025-03-16,141882.3,Flipkart
TXN012642,ACC0415,2025-06-04,115717.02,Amazon
TXN002241,ACC0374,2025-05-11,28069.69,Uber
TXN010301,ACC0243,2025-01-15,109161.96,Uber
TXN017860,ACC0442,2025-04-09,141220.12,Uber
TXN003856,ACC0229,2025-02-24,34865.5,Flipkart
TXN008269,ACC0244,2025-06-28,125997.2,Flipkart
TXN013594,ACC0140,2025-07-12,13089.94,Zomato
TXN003098,ACC0147,2025-04-26,23587.32,Swiggy
TXN006981,ACC0421,2025-01-13,133706.63,Uber
TXN009489,ACC0158,2025-03-12,127241.72,Uber
TXN012907,ACC0008,2025-02-24,11718.09,Uber
TXN005473,ACC0111,2025-06-12,97145.07,Uber
TXN001890,ACC0307,2025-04-20,146548.38,Zomato
TXN002296,ACC0419,2025-04-24,33134.82,Uber
TXN011581,ACC0020,2025-01-04,131181.81,ATM_Withdrawal
TXN002551,ACC0356,2025-01-20,11317.9,ATM_Withdrawal
TXN009172,ACC0024,2025-07-13,22330.69,Flipkart
TXN018568,ACC0371,2025-03-07,16255.44,Flipkart
TXN012044,ACC0077,2025-04-02,73658.83,Amazon
TXN009593,ACC0247,2025-07-01,115848.3,Uber
TXN009974,ACC0016,2025-04-23,84571.76,Unknown_POS
TXN016388,ACC0466,2025-02-14,98661.34,ATM_Withdrawal
TXN000060,ACC0178,2025-04-24,98413.01,ATM_Withdrawal
TXN004503,ACC0288,2025-06-10,39881.27,Swiggy
TXN004593,ACC0490,2025-05-08,84686.02,ATM_Withdrawal
TXN005310,ACC0495,2025-05-12,6342.45,BigBasket
TXN018131,ACC0341,2025-06-23,84162.7,BigBasket
TXN009592,ACC0104,2025-07-15,35755.5,BigBasket
TXN015166,ACC0312,2025-06-07,128200.53,Zomato
TXN014279,ACC0355,2025-06-10,58491.57,Swiggy
TXN010120,ACC0063,2025-03-22,84499.88,Amazon
TXN002545,ACC0327,2025-04-25,100251.88,Zomato
TXN004926,ACC0305,2025-01-09,81149.28,BigBasket
TXN011901,ACC0012,2025-06-25,70636.89,Swiggy
TXN016019,ACC0482,2025-06-18,129065.2,BigBasket
TXN017259,ACC0216,2025-03-19,127221.61,BigBasket
TXN005918,ACC0219,2025-06-05,18147.77,ATM_Withdrawal
TXN002249,ACC0195,2025-04-15,78769.43,Zomato
TXN005324,ACC0303,2025-06-15,57405.9,Zomato
TXN019945,ACC0262,2025-07-23,56141.62,Amazon
TXN005694,ACC0143,2025-05-19,40388.88,Unknown_POS
TXN011120,ACC0398,2025-02-10,7783.6,Uber
TXN011555,ACC0059,2025-03-16,6343.73,Zomato
TXN010618,ACC0055,2025-04-16,14706.73,Uber
TXN012229,ACC0487,2025-01-06,61101.49,Swiggy
TXN001416,ACC0139,2025-06-25,104710.23,BigBasket
TXN006999,ACC0145,2025-01-16,40827.29,Flipkart
TXN015661,ACC0385,2025-01-12,30886.02,Swiggy
TXN000470,ACC0343,2025-03-30,121236.61,Unknown_POS
TXN006881,ACC0269,2025-04-10,33992.66,Uber
TXN001482,ACC0244,2025-05-24,128160.0,Amazon
TXN000588,ACC0450,2025-07-07,13988.05,BigBasket
TXN013979,ACC0235,2025-01-09,49555.86,Zomato
TXN012852,ACC0140,2025-03-29,108965.04,ATM_Withdrawal
TXN005557,ACC0387,2025-07-04,69728.68,Amazon
TXN003444,ACC0395,2025-06-25,104850.3,Amazon
TXN008452,ACC0491,2025-04-10,14133.22,Zomato
TXN019170,ACC0407,2025-03-17,80940.09,Zomato
TXN001961,ACC0466,2025-05-07,61721.16,Flipkart
TXN012719,ACC0250,2025-01-17,61242.95,Zomato
TXN001274,ACC0428,2025-06-01,9640.44,Flipkart
TXN006895,ACC0049,2025-06-21,87776.55,Flipkart
TXN012053,ACC0473,2025-07-11,28969.71,Amazon
TXN018932,ACC0298,2025-01-28,43086.21,Amazon
TXN011701,ACC0266,2025-03-30,141434.09,Unknown_POS
TXN011083,ACC0244,2025-05-14,37607.08,BigBasket
TXN009600,ACC0057,2025-07-29,27631.23,Swiggy
TXN015858,ACC0349,2025-05-24,87588.96,Amazon
TXN019872,ACC0078,2025-04-20,102205.84,BigBasket
TXN010944,ACC0202,2025-05-16,101956.2,Uber
TXN011254,ACC0243,2025-05-24,113902.6,Amazon
TXN017749,ACC0015,2025-07-28,105086.73,Flipkart
TXN010536,ACC0319,2025-03-12,84413.05,Unknown_POS
TXN000268,ACC0400,2025-04-28,84869.29,ATM_Withdrawal
TXN016186,ACC0183,2025-04-29,70993.94,Unknown_POS
TXN000198,ACC0185,2025-07-14,40501.48,Swiggy
TXN000228,ACC0360,2025-07-27,80559.05,Flipkart
TXN015987,ACC0348,2025-03-08,73692.57,Flipkart
TXN018394,ACC0278,2025-03-25,110758.18,Uber
TXN004841,ACC0464,2025-06-15,58978.46,BigBasket
TXN001410,ACC0183,2025-02-11,7980.6,BigBasket
TXN019377,ACC0271,2025-02-24,45815.42,Uber
TXN005381,ACC0030,2025-02-26,131283.75,Unknown_POS
TXN005997,ACC0354,2025-02-28,129015.97,BigBasket
TXN010007,ACC0112,2025-07-12,34424.05,ATM_Withdrawal
TXN013220,ACC0337,2025-04-13,46516.49,ATM_Withdrawal
TXN001049,ACC0098,2025-03-16,65961.1,Uber
TXN013849,ACC0379,2025-02-04,133740.08,ATM_Withdrawal
TXN006546,ACC0115,2025-03-12,135798.1,Unknown_POS
TXN012016,ACC0344,2025-02-27,89415.46,ATM_Withdrawal
TXN011023,ACC0489,2025-06-20,72673.03,Flipkart
TXN016580,ACC0328,2025-04-26,149117.75,BigBasket
TXN017171,ACC0489,2025-05-15,80810.79,Swiggy
TXN012901,ACC0224,2025-06-07,46641.41,Swiggy
TXN001604,ACC0094,2025-01-10,70563.62,Swiggy
TXN006903,ACC0182,2025-06-03,46400.2,ATM_Withdrawal
TXN010056,ACC0465,2025-04-13,21978.17,ATM_Withdrawal
TXN009381,ACC0486,2025-03-08,149077.39,Amazon
TXN006986,ACC0256,2025-07-05,111022.92,Flipkart
TXN001299,ACC0146,2025-02-23,65229.01,BigBasket
TXN007862,ACC0072,2025-02-14,17006.59,Amazon
TXN004411,ACC0400,2025-01-20,144530.37,Flipkart
TXN015676,ACC0077,2025-04-02,142899.54,BigBasket
TXN005012,ACC0261,2025-05-29,71964.8,Swiggy
TXN011033,ACC0024,2025-03-17,18181.58,Flipkart
TXN017802,ACC0238,2025-04-27,109132.54,ATM_Withdrawal
TXN016312,ACC0122,2025-04-12,10256.24,Flipkart
TXN004692,ACC0320,2025-01-17,13422.82,Flipkart
TXN012253,ACC0135,2025-06-12,95486.82,Unknown_POS
TXN002493,ACC0266,2025-05-12,114156.1,Zomato
TXN016821,ACC0430,2025-02-26,106475.6,Uber
TXN006912,ACC0484,2025-07-13,52943.93,Flipkart
TXN001397,ACC0284,2025-05-06,6382.83,Uber
TXN012353,ACC0237,2025-04-05,62917.02,Unknown_POS
TXN005015,ACC0087,2025-07-04,113111.21,Swiggy
TXN014074,ACC0008,2025-05-10,110344.48,Zomato
TXN017510,ACC0342,2025-04-11,132418.21,Uber
TXN005616,ACC0390,2025-05-02,67453.59,Uber
TXN017734,ACC0304,2025-03-27,141866.3,Amazon
TXN012970,ACC0051,2025-05-17,121094.63,ATM_Withdrawal
TXN007697,ACC0295,2025-05-02,97848.54,Swiggy
TXN003313,ACC0370,2025-03-18,103.02,Uber
TXN008351,ACC0314,2025-06-28,64510.8,Zomato
TXN017788,ACC0198,2025-05-25,55373.85,Uber
TXN013323,ACC0391,2025-06-21,119555.63,Flipkart
TXN005986,ACC0039,2025-06-29,34400.55,ATM_Withdrawal
TXN013216,ACC0178,2025-02-05,49812.87,Unknown_POS
TXN003543,ACC0347,2025-04-11,137518.76,Flipkart
TXN012201,ACC0096,2025-05-25,61871.36,Unknown_POS
TXN005631,ACC0051,2025-06-12,138543.36,Swiggy
TXN004070,ACC0465,2025-05-22,98702.06,Flipkart
TXN004293,ACC0290,2025-05-29,106146.71,Uber
TXN006774,ACC0083,2025-05-14,83369.03,Flipkart
TXN017031,ACC0431,2025-03-20,123710.5,BigBasket
TXN019511,ACC0340,2025-07-02,105163.01,Flipkart
TXN019526,ACC0121,2025-05-05,19404.92,Uber
TXN019513,ACC0472,2025-06-14,147749.13,BigBasket
TXN003731,ACC0451,2025-01-29,148576.06,Amazon
TXN017453,ACC0257,2025-04-18,132072.18,Uber
TXN017410,ACC0351,2025-06-07,96870.23,Unknown_POS
TXN000252,ACC0306,2025-04-10,91715.7,Flipkart
TXN002061,ACC0103,2025-01-16,112499.86,Zomato
TXN015486,ACC0392,2025-04-05,85473.27,ATM_Withdrawal
TXN012943,ACC0490,2025-05-01,84052.12,Zomato
TXN018510,ACC0296,2025-01-11,121137.34,BigBasket
TXN010306,ACC0045,2025-05-20,7277.18,Unknown_POS
TXN004810,ACC0349,2025-02-05,38106.28,Zomato
TXN016337,ACC0032,2025-02-14,57956.35,Flipkart
TXN014138,ACC0216,2025-04-14,26536.47,ATM_Withdrawal
TXN000546,ACC0161,2025-06-12,8749.14,ATM_Withdrawal
TXN004345,ACC0227,2025-06-03,42261.07,Swiggy
TXN000586,ACC0437,2025-02-05,99520.09,Swiggy
TXN013439,ACC0171,2025-04-14,3201.88,BigBasket
TXN016209,ACC0166,2025-03-09,55069.47,Swiggy
TXN019509,ACC0150,2025-07-10,83928.56,Flipkart
TXN005721,ACC0356,2025-03-08,49492.43,Swiggy
TXN016908,ACC0258,2025-05-07,144586.69,Amazon
TXN014429,ACC0373,2025-01-16,83538.12,BigBasket
TXN016274,ACC0482,2025-07-16,133393.29,Swiggy
TXN014612,ACC0368,2025-01-31,36805.35,ATM_Withdrawal
TXN002453,ACC0059,2025-02-20,128458.58,Flipkart
TXN015762,ACC0377,2025-07-05,82757.09,Zomato
TXN013022,ACC0276,2025-01-02,43387.41,Zomato
TXN011038,ACC0053,2025-04-23,64524.67,BigBasket
TXN012009,ACC0023,2025-03-17,21489.78,Flipkart
TXN009543,ACC0378,2025-07-30,73685.28,Amazon
TXN000658,ACC0425,2025-02-27,136727.38,BigBasket
TXN019697,ACC0049,2025-02-25,102629.84,Flipkart
TXN000077,ACC0456,2025-02-04,127666.41,ATM_Withdrawal
TXN012318,ACC0326,2025-02-02,141347.52,Zomato
TXN009144,ACC0449,2025-05-21,89194.68,Unknown_POS
TXN008784,ACC0233,2025-03-30,112681.82,Swiggy
TXN015350,ACC0420,2025-04-18,77339.48,Swiggy
TXN012237,ACC0081,2025-05-11,56132.58,BigBasket
TXN009885,ACC0387,2025-02-26,101081.77,Uber
TXN019496,ACC0074,2025-04-17,45350.49,Amazon
TXN015982,ACC0329,2025-05-09,128061.59,Swiggy
TXN001020,ACC0045,2025-07-06,57361.96,Zomato
TXN003033,ACC0092,2025-02-11,59762.51,Flipkart
TXN014361,ACC0058,2025-07-25,113844.73,Uber
TXN000065,ACC0327,2025-03-01,7921.04,Unknown_POS
TXN006855,ACC0199,2025-03-26,63085.77,Zomato
TXN002492,ACC0099,2025-06-05,4481.81,Amazon
TXN008657,ACC0222,2025-05-30,6273.47,BigBasket
TXN001027,ACC0163,2025-01-18,83623.18,Flipkart
TXN019717,ACC0230,2025-03-31,133859.91,Flipkart
TXN000152,ACC0380,2025-02-07,2482.17,Unknown_POS
TXN000616,ACC0419,2025-02-27,126655.4,BigBasket
TXN016305,ACC0393,2025-05-09,45331.72,ATM_Withdrawal
TXN001003,ACC0356,2025-06-28,100255.67,Unknown_POS
TXN018545,ACC0114,2025-04-19,53309.22,Amazon
TXN005639,ACC0089,2025-04-18,14996.83,Amazon
TXN014731,ACC0410,2025-06-08,77358.29,ATM_Withdrawal
TXN014981,ACC0358,2025-04-20,46155.95,Unknown_POS
TXN004890,ACC0047,2025-01-30,86175.42,Amazon
TXN008150,ACC0317,2025-02-27,147888.08,ATM_Withdrawal
TXN005619,ACC0099,2025-05-12,123894.4,Unknown_POS
TXN012522,ACC0292,2025-05-05,49451.04,Unknown_POS
TXN019363,ACC0143,2025-06-17,119367.84,Amazon
TXN006543,ACC0448,2025-01-31,7108.94,Swiggy
TXN004479,ACC0038,2025-03-02,19712.63,Flipkart
TXN010377,ACC0257,2025-03-23,24614.31,Uber
TXN018276,ACC0200,2025-07-07,18516.29,Swiggy
TXN011780,ACC0066,2025-03-18,64768.28,Uber
TXN018636,ACC0077,2025-03-10,74427.06,Amazon
TXN010575,ACC0462,2025-01-13,20999.52,Zomato
TXN008641,ACC0128,2025-01-14,32016.31,ATM_Withdrawal
TXN015281,ACC0079,2025-03-20,117512.5,Unknown_POS
TXN015802,ACC0432,2025-03-01,43574.59,Zomato
TXN007069,ACC0043,2025-03-26,5619.42,Flipkart
TXN000926,ACC0098,2025-05-26,28034.68,BigBasket
TXN019215,ACC0073,2025-07-29,47966.51,Uber
TXN002456,ACC0004,2025-04-06,117340.3,Uber
TXN008297,ACC0312,2025-03-03,63562.91,Zomato
TXN012752,ACC0328,2025-01-17,105899.37,Unknown_POS
TXN001086,ACC0270,2025-05-28,149253.9,BigBasket
TXN012881,ACC0116,2025-04-11,44576.62,Zomato
TXN001433,ACC0034,2025-03-19,100154.58,Flipkart
TXN000846,ACC0204,2025-01-26,103596.95,Amazon
TXN014472,ACC0258,2025-01-20,129873.73,Zomato
TXN003751,ACC0017,2025-05-08,47978.8,Amazon
TXN013858,ACC0098,2025-02-25,84732.3,Amazon
TXN010294,ACC0172,2025-07-21,95000.09,Swiggy
TXN017439,ACC0230,2025-06-05,85107.7,Uber
TXN019298,ACC0137,2025-05-30,141207.33,Zomato
TXN011858,ACC0302,2025-01-31,90228.17,BigBasket
TXN007779,ACC0316,2025-06-23,4734.41,Amazon
TXN016149,ACC0493,2025-06-27,29294.9,Amazon
TXN001171,ACC0190,2025-05-21,145186.53,Amazon
TXN004336,ACC0422,2025-07-30,128174.74,Amazon
TXN016203,ACC0072,2025-06-08,111453.56,Flipkart
TXN004065,ACC0186,2025-01-30,14318.83,Uber
TXN019677,ACC0206,2025-06-11,15337.31,Unknown_POS
TXN010472,ACC0419,2025-06-12,10698.17,Uber
TXN009078,ACC0042,2025-05-09,64993.27,ATM_Withdrawal
TXN004208,ACC0065,2025-01-17,9153.73,Amazon
TXN000508,ACC0492,2025-05-02,88052.69,BigBasket
TXN010703,ACC0212,2025-03-10,86172.91,Zomato
TXN003163,ACC0164,2025-07-22,95104.16,Zomato
TXN009867,ACC0476,2025-05-11,121282.75,Flipkart
TXN013172,ACC0034,2025-04-20,70229.03,BigBasket
TXN008368,ACC0431,2025-07-20,63969.56,Unknown_POS
TXN013718,ACC0026,2025-04-21,90327.57,ATM_Withdrawal
TXN005242,ACC0006,2025-01-11,45300.6,Unknown_POS
TXN007020,ACC0131,2025-04-02,96561.39,Flipkart
TXN005283,ACC0385,2025-07-28,47312.55,Amazon
TXN001353,ACC0151,2025-04-17,145437.71,Swiggy
TXN006545,ACC0199,2025-05-22,91023.97,Zomato
TXN011743,ACC0035,2025-04-06,16051.09,Zomato
TXN004531,ACC0071,2025-05-29,142687.83,Zomato
TXN019390,ACC0313,2025-03-01,61155.84,ATM_Withdrawal
TXN006168,ACC0208,2025-04-11,19908.13,Amazon
TXN003908,ACC0231,2025-06-01,118589.12,Swiggy
TXN005033,ACC0177,2025-07-03,118967.43,Zomato
TXN008509,ACC0002,2025-03-28,33688.48,ATM_Withdrawal
TXN009755,ACC0466,2025-03-22,28748.74,Swiggy
TXN008170,ACC0410,2025-02-19,62471.82,BigBasket
TXN000130,ACC0025,2025-03-30,141240.88,Unknown_POS
TXN012290,ACC0067,2025-04-20,50239.8,Swiggy
TXN000595,ACC0313,2025-04-08,116885.69,Amazon
TXN017082,ACC0249,2025-06-14,93252.67,Zomato
TXN000159,ACC0095,2025-05-19,148549.01,Amazon
TXN011697,ACC0450,2025-05-22,22320.58,Swiggy
TXN015119,ACC0129,2025-06-05,136522.84,Uber
TXN008840,ACC0256,2025-04-26,13471.25,Uber
TXN001051,ACC0151,2025-06-06,137858.97,Swiggy
TXN005011,ACC0035,2025-05-21,146864.46,Swiggy
TXN011912,ACC0051,2025-05-22,616.94,Unknown_POS
TXN016445,ACC0437,2025-04-10,86841.08,Uber
TXN000698,ACC0145,2025-07-15,139007.3,Unknown_POS
TXN005965,ACC0021,2025-02-09,121447.65,BigBasket
TXN012475,ACC0428,2025-03-18,115058.28,Uber
TXN018132,ACC0002,2025-02-18,148583.82,Flipkart
TXN007709,ACC0205,2025-07-11,72921.26,BigBasket
TXN011479,ACC0307,2025-07-22,62142.41,Uber
TXN003770,ACC0057,2025-06-25,23261.69,Flipkart
TXN011041,ACC0353,2025-03-17,31638.35,Flipkart
TXN004040,ACC0268,2025-07-28,103444.99,Zomato
TXN019417,ACC0068,2025-01-09,12499.12,ATM_Withdrawal
TXN006167,ACC0440,2025-01-29,25765.0,ATM_Withdrawal
TXN008471,ACC0468,2025-02-08,5560.34,Unknown_POS
TXN005745,ACC0403,2025-06-11,146184.2,BigBasket
TXN007486,ACC0447,2025-06-30,149848.84,Unknown_POS
TXN017343,ACC0134,2025-05-19,77673.39,BigBasket
TXN019321,ACC0471,2025-07-07,26149.45,Flipkart
TXN004919,ACC0410,2025-02-28,57424.63,Uber
TXN012465,ACC0445,2025-07-07,112385.67,Amazon
TXN005972,ACC0304,2025-04-20,19882.79,Amazon
TXN007407,ACC0157,2025-02-03,97585.91,Swiggy
TXN014508,ACC0048,2025-03-30,3485.99,Uber
TXN007771,ACC0325,2025-07-03,14447.6,ATM_Withdrawal
TXN017652,ACC0041,2025-02-28,88239.07,Swiggy
TXN006740,ACC0211,2025-06-24,133356.57,Zomato
TXN005377,ACC0047,2025-05-01,129411.99,ATM_Withdrawal
TXN014242,ACC0091,2025-01-02,103685.94,Flipkart
TXN018549,ACC0028,2025-03-24,50727.75,Amazon
TXN015439,ACC0095,2025-05-13,24733.2,Flipkart
TXN011987,ACC0434,2025-03-25,38537.44,BigBasket
TXN005959,ACC0096,2025-07-17,11709.26,BigBasket
TXN016768,ACC0002,2025-05-28,87046.51,Zomato
TXN015942,ACC0358,2025-06-12,3345.44,Uber
TXN018908,ACC0322,2025-03-07,25834.19,Amazon
TXN013138,ACC0269,2025-01-04,139323.22,Zomato
TXN009895,ACC0401,2025-02-14,44292.02,Flipkart
TXN001784,ACC0487,2025-01-30,40429.66,BigBasket
TXN012912,ACC0145,2025-04-20,112177.89,Swiggy
TXN006967,ACC0458,2025-05-07,69247.29,Amazon
TXN015817,ACC0427,2025-06-25,95745.74,Flipkart
TXN009204,ACC0413,2025-04-10,12288.85,Uber
TXN008245,ACC0491,2025-07-09,92032.86,ATM_Withdrawal
TXN018044,ACC0452,2025-01-11,139868.51,Uber
TXN003420,ACC0440,2025-01-18,143358.97,Zomato
TXN008912,ACC0248,2025-05-27,145739.8,Amazon
TXN004309,ACC0080,2025-04-12,96053.91,ATM_Withdrawal
TXN006039,ACC0295,2025-02-26,36879.27,Zomato
TXN006236,ACC0316,2025-04-15,61385.57,Unknown_POS
TXN016306,ACC0451,2025-04-08,73575.37,ATM_Withdrawal
TXN019820,ACC0371,2025-02-04,79142.36,Swiggy
TXN000766,ACC0311,2025-01-25,26654.46,Amazon
TXN004074,ACC0049,2025-05-31,651.22,ATM_Withdrawal
TXN005948,ACC0500,2025-07-17,84503.68,Unknown_POS
TXN001736,ACC0076,2025-07-02,63882.54,Unknown_POS
TXN003884,ACC0309,2025-07-02,11603.27,Flipkart
TXN012753,ACC0286,2025-05-26,128978.86,Amazon
TXN008874,ACC0357,2025-07-12,47872.69,Swiggy
TXN019743,ACC0004,2025-06-01,107374.29,ATM_Withdrawal
TXN012736,ACC0086,2025-06-11,45111.79,Unknown_POS
TXN014710,ACC0330,2025-06-03,92477.1,Unknown_POS
TXN013527,ACC0488,2025-04-05,128021.11,BigBasket
TXN009739,ACC0082,2025-05-27,87455.38,Uber
TXN009744,ACC0212,2025-03-24,23117.74,Flipkart
TXN000929,ACC0420,2025-03-09,81263.81,ATM_Withdrawal
TXN003277,ACC0490,2025-06-07,100281.37,Flipkart
TXN004401,ACC0488,2025-06-04,103784.4,Zomato
TXN013575,ACC0185,2025-05-22,19662.83,Zomato
TXN012385,ACC0276,2025-06-25,64649.23,Swiggy
TXN017319,ACC0498,2025-01-05,74460.2,Uber
TXN009629,ACC0302,2025-03-13,126655.33,Amazon
TXN016696,ACC0419,2025-05-29,88139.15,Zomato
TXN005915,ACC0484,2025-06-14,22126.39,Flipkart
TXN007060,ACC0078,2025-02-11,140428.56,Uber
TXN004314,ACC0333,2025-03-04,134783.36,Swiggy
TXN010858,ACC0400,2025-07-09,119073.74,Amazon
TXN010797,ACC0122,2025-06-23,125402.29,Zomato
TXN010467,ACC0134,2025-03-25,111035.53,Flipkart
TXN019189,ACC0120,2025-05-24,58609.27,Swiggy
TXN011964,ACC0048,2025-04-26,53951.11,Amazon
TXN007957,ACC0129,2025-07-25,23667.94,Uber
TXN011346,ACC0245,2025-05-04,41686.3,ATM_Withdrawal
TXN002246,ACC0118,2025-01-31,19887.76,Amazon
TXN009277,ACC0389,2025-01-20,39269.2,Amazon
TXN008755,ACC0411,2025-05-09,106522.35,ATM_Withdrawal
TXN002879,ACC0442,2025-01-22,11525.24,Unknown_POS
TXN019287,ACC0330,2025-06-24,57266.9,Flipkart
TXN006233,ACC0333,2025-04-05,60374.62,Swiggy
TXN009331,ACC0430,2025-01-08,47168.2,Amazon
TXN011914,ACC0061,2025-06-15,104155.08,Uber
TXN018852,ACC0118,2025-01-23,146015.63,Zomato
TXN016496,ACC0163,2025-07-04,90780.58,Zomato
TXN019465,ACC0347,2025-01-07,42262.11,Swiggy
TXN001137,ACC0316,2025-04-02,46900.48,Zomato
TXN007745,ACC0173,2025-04-16,120115.43,Swiggy
TXN018124,ACC0392,2025-03-07,13731.16,Amazon
TXN015779,ACC0223,2025-06-27,3354.2,Flipkart
TXN019604,ACC0094,2025-01-29,101929.23,ATM_Withdrawal
TXN010662,ACC0086,2025-07-16,91217.47,Uber
TXN005858,ACC0119,2025-06-20,130167.01,BigBasket
TXN018839,ACC0035,2025-02-25,80792.47,Swiggy
TXN011885,ACC0244,2025-04-10,85789.1,ATM_Withdrawal
TXN004858,ACC0233,2025-06-11,78320.39,Swiggy
TXN019772,ACC0389,2025-07-03,16351.98,ATM_Withdrawal
TXN007209,ACC0058,2025-02-06,35888.14,BigBasket
TXN011696,ACC0236,2025-05-30,49868.96,Swiggy
TXN008601,ACC0420,2025-06-18,68121.27,Zomato
TXN017284,ACC0119,2025-05-12,531.22,Amazon
TXN005361,ACC0153,2025-01-03,15641.98,Flipkart
TXN002652,ACC0420,2025-07-10,98636.93,Swiggy
TXN009765,ACC0006,2025-02-05,47004.55,Uber
TXN018212,ACC0475,2025-05-13,17138.53,Swiggy
TXN008028,ACC0095,2025-07-29,27382.75,Uber
TXN008831,ACC0038,2025-04-17,80875.29,Flipkart
TXN017245,ACC0206,2025-04-09,141219.23,Amazon
TXN017240,ACC0462,2025-05-01,16660.55,Flipkart
TXN004312,ACC0159,2025-05-24,141457.58,Zomato
TXN010884,ACC0262,2025-03-21,79080.95,Flipkart
TXN008299,ACC0212,2025-04-29,65210.08,Amazon
TXN006596,ACC0263,2025-06-20,14151.8,Flipkart
TXN015140,ACC0334,2025-01-06,123485.87,Amazon
TXN011229,ACC0059,2025-04-27,18688.42,ATM_Withdrawal
TXN010227,ACC0076,2025-04-24,52028.28,Zomato
TXN001714,ACC0215,2025-04-13,132873.14,Uber
TXN014235,ACC0003,2025-04-25,40690.23,BigBasket
TXN002919,ACC0241,2025-01-18,148996.88,Amazon
TXN015641,ACC0469,2025-03-18,58886.35,Uber
TXN017153,ACC0125,2025-01-14,74882.1,Amazon
TXN013157,ACC0435,2025-07-30,139828.22,Unknown_POS
TXN007149,ACC0397,2025-01-12,704.2,Swiggy
TXN009854,ACC0217,2025-07-13,129100.74,ATM_Withdrawal
TXN010141,ACC0271,2025-02-04,89013.03,ATM_Withdrawal
TXN002609,ACC0268,2025-03-16,93588.08,Swiggy
TXN008344,ACC0043,2025-02-13,95519.67,Zomato
TXN010948,ACC0227,2025-02-04,32907.33,Unknown_POS
TXN007834,ACC0240,2025-05-04,6979.17,Amazon
TXN005553,ACC0190,2025-03-22,22213.65,Unknown_POS
TXN018623,ACC0339,2025-04-26,129845.31,Flipkart
TXN000107,ACC0359,2025-01-17,81197.47,Amazon
TXN006695,ACC0289,2025-01-17,40163.29,Unknown_POS
TXN002414,ACC0059,2025-03-13,68214.07,Swiggy
TXN007196,ACC0291,2025-01-12,104556.6,ATM_Withdrawal
TXN002055,ACC0004,2025-02-13,122467.59,Amazon
TXN014003,ACC0262,2025-02-25,58885.18,Flipkart
TXN013392,ACC0382,2025-06-20,9361.89,BigBasket
TXN001414,ACC0392,2025-01-25,89834.44,Swiggy
TXN006832,ACC0015,2025-02-02,138998.8,Amazon
TXN008586,ACC0265,2025-05-11,11872.18,Uber
TXN002953,ACC0329,2025-05-03,59774.19,Uber
TXN015032,ACC0427,2025-04-06,58904.89,Amazon
TXN005912,ACC0433,2025-02-16,71554.69,Unknown_POS
TXN019223,ACC0442,2025-05-10,78156.78,ATM_Withdrawal
TXN000012,ACC0442,2025-07-03,47931.49,BigBasket
TXN004169,ACC0028,2025-05-13,27009.9,Zomato
TXN009109,ACC0325,2025-01-28,85629.55,Unknown_POS
TXN004371,ACC0241,2025-05-17,16286.98,Swiggy
TXN016596,ACC0122,2025-07-29,15335.62,Uber
TXN009660,ACC0219,2025-06-13,86710.59,Swiggy
TXN007565,ACC0130,2025-04-27,109998.19,BigBasket
TXN010753,ACC0394,2025-07-07,1998.77,Amazon
TXN019650,ACC0213,2025-03-13,26829.73,Zomato
TXN006076,ACC0215,2025-05-24,85194.6,Uber
TXN015647,ACC0258,2025-05-17,138304.06,ATM_Withdrawal
TXN013654,ACC0358,2025-04-19,77358.48,Unknown_POS
TXN010873,ACC0145,2025-05-27,12156.38,Flipkart
TXN007237,ACC0160,2025-03-27,4921.29,BigBasket
TXN002440,ACC0460,2025-03-20,75337.68,Flipkart
TXN013324,ACC0433,2025-03-19,147307.61,Swiggy
TXN009962,ACC0025,2025-04-22,1355.93,Swiggy
TXN000871,ACC0378,2025-03-14,66501.91,Swiggy
TXN009642,ACC0304,2025-07-29,25127.43,Amazon
TXN006358,ACC0064,2025-05-27,140039.7,Flipkart
TXN016851,ACC0050,2025-03-21,57314.56,Unknown_POS
TXN010443,ACC0410,2025-05-16,83512.88,Swiggy
TXN011170,ACC0241,2025-05-04,96902.65,Swiggy
TXN018103,ACC0318,2025-03-11,89662.79,BigBasket
TXN007784,ACC0161,2025-06-24,14725.13,Swiggy
TXN003806,ACC0307,2025-05-14,43179.77,Flipkart
TXN006665,ACC0448,2025-03-27,146522.18,BigBasket
TXN015100,ACC0088,2025-07-11,26397.89,Flipkart
TXN002946,ACC0013,2025-04-04,128313.08,BigBasket
TXN000792,ACC0371,2025-04-09,139606.21,Unknown_POS
TXN019836,ACC0206,2025-04-11,136741.43,Amazon
TXN014675,ACC0096,2025-07-24,43195.94,BigBasket
TXN015811,ACC0494,2025-05-06,130764.85,Unknown_POS
TXN008166,ACC0023,2025-07-01,81362.63,Flipkart
TXN011515,ACC0178,2025-06-13,132729.61,Swiggy
TXN012570,ACC0360,2025-01-03,4198.29,Uber
TXN002067,ACC0032,2025-03-10,112782.21,Amazon
TXN016319,ACC0167,2025-01-23,1559.73,Flipkart
TXN006179,ACC0481,2025-02-09,143525.82,ATM_Withdrawal
TXN015167,ACC0223,2025-04-04,63012.42,Amazon
TXN000309,ACC0441,2025-04-19,104119.95,ATM_Withdrawal
TXN017047,ACC0457,2025-02-05,1512.69,Amazon
TXN002307,ACC0309,2025-01-26,56712.38,Amazon
TXN013428,ACC0016,2025-03-14,85287.59,Zomato
TXN013010,ACC0372,2025-01-27,98312.58,ATM_Withdrawal
TXN013980,ACC0165,2025-04-16,116788.46,Swiggy
TXN002608,ACC0475,2025-06-25,22112.31,Swiggy
TXN009110,ACC0441,2025-05-21,7307.92,Uber
TXN009117,ACC0430,2025-01-11,131472.59,Flipkart
TXN007484,ACC0154,2025-01-09,126680.44,BigBasket
TXN005179,ACC0184,2025-07-26,27770.17,ATM_Withdrawal
TXN008717,ACC0252,2025-02-12,76748.49,ATM_Withdrawal
TXN016923,ACC0068,2025-07-09,28431.08,Unknown_POS
TXN013295,ACC0475,2025-07-05,139923.91,Zomato
TXN011657,ACC0201,2025-03-23,22072.01,ATM_Withdrawal
TXN004082,ACC0253,2025-05-21,35724.86,Unknown_POS
TXN000693,ACC0323,2025-04-14,64982.1,Amazon
TXN014604,ACC0090,2025-05-26,56782.38,Swiggy
TXN016977,ACC0078,2025-03-28,37260.68,Uber
TXN012737,ACC0051,2025-06-23,12870.29,Unknown_POS
TXN015491,ACC0097,2025-03-30,130769.42,Uber
TXN009537,ACC0097,2025-02-17,124951.7,ATM_Withdrawal
TXN009658,ACC0396,2025-01-10,126360.89,Zomato
TXN008727,ACC0320,2025-03-30,141311.86,BigBasket
TXN019736,ACC0293,2025-03-18,17465.59,Swiggy
TXN016431,ACC0098,2025-07-12,55408.12,Zomato
TXN005104,ACC0048,2025-05-23,42163.66,Swiggy
TXN019251,ACC0073,2025-04-05,2406.31,Amazon
TXN008926,ACC0085,2025-01-10,74831.64,Amazon
TXN015156,ACC0134,2025-05-31,30944.34,BigBasket
TXN019478,ACC0465,2025-03-21,122691.62,Uber
TXN017526,ACC0137,2025-01-10,87162.91,Flipkart
TXN001909,ACC0189,2025-07-25,74656.58,Uber
TXN009235,ACC0194,2025-07-03,20930.51,Swiggy
TXN018901,ACC0149,2025-04-21,127357.37,Uber
TXN011097,ACC0316,2025-05-23,80309.85,Amazon
TXN011342,ACC0060,2025-03-04,17029.06,Uber
TXN008801,ACC0102,2025-03-05,27431.72,Uber
TXN006769,ACC0031,2025-01-21,48622.63,ATM_Withdrawal
TXN016732,ACC0320,2025-01-06,69024.82,Amazon
TXN019755,ACC0487,2025-04-11,43623.68,ATM_Withdrawal
TXN016456,ACC0329,2025-07-07,71335.38,Swiggy
TXN006448,ACC0079,2025-02-21,59275.97,Flipkart
TXN012673,ACC0082,2025-06-24,40240.52,Zomato
TXN008617,ACC0094,2025-05-08,50425.56,Amazon
TXN014863,ACC0445,2025-02-14,41986.1,ATM_Withdrawal
TXN000755,ACC0029,2025-02-12,38776.03,Swiggy
TXN017593,ACC0069,2025-07-25,15397.38,BigBasket
TXN006700,ACC0435,2025-05-29,104710.48,Swiggy
TXN015819,ACC0469,2025-01-03,11999.39,Zomato
TXN019970,ACC0461,2025-05-23,143678.69,Zomato
TXN012366,ACC0487,2025-05-06,106415.77,Flipkart
TXN010337,ACC0004,2025-06-28,905.19,Flipkart
TXN017928,ACC0197,2025-03-08,72169.07,Unknown_POS
TXN019555,ACC0291,2025-05-16,51197.82,BigBasket
TXN018194,ACC0008,2025-03-17,8111.32,ATM_Withdrawal
TXN006577,ACC0182,2025-05-30,141738.25,BigBasket
TXN004462,ACC0310,2025-07-07,125245.08,ATM_Withdrawal
TXN016198,ACC0233,2025-07-21,120659.62,Uber
TXN009442,ACC0237,2025-03-09,138307.35,Flipkart
TXN001055,ACC0092,2025-04-27,88567.81,Zomato
TXN016237,ACC0038,2025-06-07,146118.09,Uber
TXN003172,ACC0264,2025-03-14,142717.78,Uber
TXN009358,ACC0483,2025-02-10,89977.15,Zomato
TXN009240,ACC0069,2025-04-20,39251.13,Zomato
TXN009431,ACC0340,2025-02-09,67023.17,BigBasket
TXN005465,ACC0202,2025-05-04,41175.1,BigBasket
TXN000114,ACC0271,2025-02-02,109192.33,Zomato
TXN006777,ACC0466,2025-05-05,140086.3,Flipkart
TXN012129,ACC0399,2025-03-21,36811.57,Unknown_POS
TXN005567,ACC0022,2025-03-14,49194.65,Swiggy
TXN000405,ACC0032,2025-01-23,42002.41,Swiggy
TXN013331,ACC0088,2025-03-15,36016.7,Swiggy
TXN012604,ACC0353,2025-02-05,89045.78,Zomato
TXN008686,ACC0473,2025-01-06,46860.26,Swiggy
TXN010232,ACC0018,2025-06-30,58769.86,BigBasket
TXN006889,ACC0461,2025-04-14,57398.34,Zomato
TXN002337,ACC0356,2025-04-16,90281.38,BigBasket
TXN006284,ACC0310,2025-04-30,45032.16,Amazon
TXN001640,ACC0292,2025-01-13,82671.6,Amazon
TXN008393,ACC0024,2025-07-17,16020.71,Flipkart
TXN004258,ACC0470,2025-01-01,132348.08,Zomato
TXN007614,ACC0009,2025-01-16,134280.97,Swiggy
TXN002083,ACC0348,2025-04-24,35072.12,ATM_Withdrawal
TXN018502,ACC0278,2025-05-15,148651.66,ATM_Withdrawal
TXN001472,ACC0406,2025-04-30,30329.67,ATM_Withdrawal
TXN005778,ACC0257,2025-05-25,72531.73,Uber
TXN008789,ACC0048,2025-06-16,145864.35,Amazon
TXN016099,ACC0425,2025-06-18,105565.01,Amazon
TXN012165,ACC0153,2025-01-15,48060.46,ATM_Withdrawal
TXN012170,ACC0225,2025-01-28,19052.14,ATM_Withdrawal
TXN003427,ACC0414,2025-03-21,140258.13,Flipkart
TXN004923,ACC0185,2025-04-25,93000.2,BigBasket
TXN002228,ACC0057,2025-02-18,42770.72,Swiggy
TXN014389,ACC0432,2025-05-15,42830.99,Uber
TXN017694,ACC0034,2025-07-25,141693.54,Amazon
TXN018675,ACC0375,2025-01-30,122088.71,ATM_Withdrawal
TXN009091,ACC0277,2025-01-02,58329.54,Flipkart
TXN001036,ACC0365,2025-06-16,56125.21,Unknown_POS
TXN008407,ACC0289,2025-04-15,66471.05,ATM_Withdrawal
TXN009482,ACC0146,2025-04-26,77983.98,Unknown_POS
TXN011236,ACC0199,2025-07-24,124954.87,BigBasket
TXN007624,ACC0253,2025-02-03,114021.5,ATM_Withdrawal
TXN011895,ACC0411,2025-01-27,64881.19,Zomato
TXN005143,ACC0425,2025-02-21,57200.89,Flipkart
TXN004987,ACC0145,2025-06-23,50210.03,ATM_Withdrawal
TXN004535,ACC0136,2025-07-14,83153.79,ATM_Withdrawal
TXN015672,ACC0318,2025-04-19,132823.07,Uber
TXN003647,ACC0480,2025-03-12,68418.69,Zomato
TXN017200,ACC0398,2025-06-16,14921.36,Unknown_POS
TXN018794,ACC0045,2025-04-27,33595.22,Unknown_POS
TXN008615,ACC0350,2025-05-02,148000.66,Swiggy
TXN007268,ACC0399,2025-05-04,17130.56,Amazon
TXN012028,ACC0310,2025-07-05,23940.33,Swiggy
TXN012890,ACC0205,2025-05-15,63976.14,Unknown_POS
TXN001806,ACC0462,2025-01-03,100922.33,Unknown_POS
TXN017541,ACC0387,2025-02-02,133142.14,Amazon
TXN005507,ACC0219,2025-01-10,76971.33,Swiggy
TXN004011,ACC0473,2025-03-22,125228.59,Zomato
TXN014461,ACC0027,2025-04-06,41442.97,Amazon
TXN000857,ACC0216,2025-06-11,91865.91,Unknown_POS
TXN005703,ACC0128,2025-07-23,43789.04,Unknown_POS
TXN010167,ACC0414,2025-05-19,106821.63,BigBasket
TXN002065,ACC0176,2025-01-08,87867.68,ATM_Withdrawal
TXN005707,ACC0012,2025-05-29,143244.0,Flipkart
TXN001196,ACC0294,2025-07-07,49760.52,BigBasket
TXN000434,ACC0194,2025-03-20,110112.55,Uber
TXN007611,ACC0351,2025-01-22,140243.59,Flipkart
TXN017243,ACC0372,2025-01-12,4358.89,Flipkart
TXN014884,ACC0027,2025-04-19,47496.27,Unknown_POS
TXN011673,ACC0157,2025-05-08,36104.72,Uber
TXN001351,ACC0056,2025-02-12,41427.61,Swiggy
TXN019722,ACC0091,2025-04-06,52487.48,Flipkart
TXN009320,ACC0144,2025-05-22,130041.6,Amazon
TXN006473,ACC0277,2025-06-06,110395.88,Zomato
TXN007354,ACC0055,2025-05-06,18679.61,Uber
TXN012809,ACC0302,2025-04-13,56606.14,Amazon
TXN014664,ACC0344,2025-07-25,38628.68,Unknown_POS
TXN006199,ACC0310,2025-05-15,58073.39,Swiggy
TXN015601,ACC0352,2025-06-29,4610.04,BigBasket
TXN017832,ACC0182,2025-01-26,123625.51,Zomato
TXN003755,ACC0486,2025-06-25,73571.75,Amazon
TXN006538,ACC0080,2025-05-26,97073.75,Unknown_POS
TXN015541,ACC0469,2025-02-28,34928.67,Amazon
TXN009496,ACC0157,2025-03-07,57634.13,Zomato
TXN008945,ACC0314,2025-07-03,113852.53,ATM_Withdrawal
TXN009930,ACC0064,2025-01-19,123251.77,Uber
TXN004326,ACC0293,2025-03-28,147072.09,Flipkart
TXN017508,ACC0101,2025-07-25,82969.54,Uber
TXN009952,ACC0449,2025-06-15,25750.65,Amazon
TXN004861,ACC0479,2025-02-05,141114.74,ATM_Withdrawal
TXN011808,ACC0003,2025-01-13,2082.04,Uber
TXN002835,ACC0098,2025-05-23,99186.51,Amazon
TXN005442,ACC0010,2025-05-20,26912.27,Uber
TXN014620,ACC0220,2025-06-26,45837.82,Uber
TXN004121,ACC0291,2025-03-29,269.0,Zomato
TXN007879,ACC0439,2025-05-05,104903.87,Zomato
TXN000269,ACC0282,2025-05-11,17025.99,Flipkart
TXN008064,ACC0098,2025-07-02,122848.82,Swiggy
TXN015930,ACC0002,2025-01-07,64169.92,Zomato
TXN011998,ACC0182,2025-05-06,6353.69,Swiggy
TXN007922,ACC0302,2025-02-17,131907.29,ATM_Withdrawal
TXN016598,ACC0205,2025-06-25,60304.71,Uber
TXN002559,ACC0097,2025-01-18,41711.87,Swiggy
TXN009711,ACC0493,2025-02-01,124587.81,BigBasket
TXN008779,ACC0012,2025-07-15,133108.76,Zomato
TXN013710,ACC0385,2025-02-03,117608.53,ATM_Withdrawal
TXN013254,ACC0464,2025-06-27,67081.41,Amazon
TXN017206,ACC0119,2025-06-09,56305.94,Zomato
TXN019359,ACC0306,2025-02-04,99299.09,Zomato
TXN002113,ACC0162,2025-02-07,122431.39,Uber
TXN015526,ACC0084,2025-03-09,44329.07,Flipkart
TXN004937,ACC0358,2025-01-22,102404.06,Amazon
TXN001601,ACC0162,2025-07-08,149185.03,Swiggy
TXN008987,ACC0012,2025-03-02,24788.88,BigBasket
TXN013401,ACC0367,2025-02-09,3568.15,BigBasket
TXN000960,ACC0289,2025-05-20,32128.52,Uber
TXN017278,ACC0173,2025-02-18,144247.17,ATM_Withdrawal
TXN001539,ACC0442,2025-05-31,8436.01,BigBasket
TXN006484,ACC0385,2025-06-26,73846.84,Amazon
TXN005603,ACC0481,2025-06-07,76396.67,Uber
TXN016016,ACC0138,2025-07-14,34427.24,Swiggy
TXN019748,ACC0238,2025-04-17,21498.17,ATM_Withdrawal
TXN006106,ACC0242,2025-06-29,118729.2,Flipkart
TXN006672,ACC0218,2025-03-05,30910.71,Swiggy
TXN006356,ACC0349,2025-07-27,48015.1,ATM_Withdrawal
TXN013754,ACC0184,2025-02-26,26901.09,BigBasket
TXN011067,ACC0232,2025-02-27,28059.3,Zomato
TXN009265,ACC0037,2025-02-23,125025.7,Uber
TXN018845,ACC0068,2025-04-12,11287.57,Uber
TXN015707,ACC0289,2025-07-30,60733.56,Uber
TXN000005,ACC0042,2025-01-12,142284.6,Uber
TXN008855,ACC0209,2025-06-24,137812.31,BigBasket
TXN009039,ACC0228,2025-03-12,36864.46,Uber
TXN000716,ACC0356,2025-05-30,22901.62,BigBasket
TXN010571,ACC0170,2025-06-08,132849.5,Zomato
TXN001246,ACC0037,2025-05-27,109145.4,ATM_Withdrawal
TXN006075,ACC0382,2025-02-27,56806.12,Swiggy
TXN015322,ACC0151,2025-01-02,143192.26,Uber
TXN002734,ACC0063,2025-04-06,108750.37,Swiggy
TXN018567,ACC0145,2025-05-25,65789.5,ATM_Withdrawal
TXN002279,ACC0106,2025-02-17,589.9,Zomato
TXN002476,ACC0153,2025-02-19,80335.81,Zomato
TXN008301,ACC0366,2025-05-27,110139.19,Swiggy
TXN005811,ACC0383,2025-01-26,88474.62,ATM_Withdrawal
TXN012784,ACC0086,2025-06-23,70668.73,BigBasket
TXN014211,ACC0356,2025-02-17,78529.39,Zomato
TXN004590,ACC0114,2025-06-29,106564.24,Uber
TXN010942,ACC0064,2025-05-05,140951.3,Amazon
TXN014892,ACC0327,2025-01-03,266.56,Swiggy
TXN019087,ACC0069,2025-06-03,72695.87,Amazon
TXN002662,ACC0082,2025-04-02,75120.73,Zomato
TXN001907,ACC0299,2025-01-11,69814.7,BigBasket
TXN001696,ACC0086,2025-06-11,17753.0,Zomato
TXN000828,ACC0028,2025-05-15,119900.52,ATM_Withdrawal
TXN013085,ACC0147,2025-05-08,45248.12,Zomato
TXN009325,ACC0308,2025-04-08,45476.43,Amazon
TXN017658,ACC0008,2025-07-09,140777.22,ATM_Withdrawal
TXN003730,ACC0423,2025-06-27,59482.71,Unknown_POS
TXN002921,ACC0276,2025-04-28,49688.72,Amazon
TXN001727,ACC0259,2025-01-29,109811.33,BigBasket
TXN017807,ACC0377,2025-01-18,75195.55,ATM_Withdrawal
TXN010359,ACC0453,2025-02-11,13284.26,Flipkart
TXN012572,ACC0250,2025-04-03,6617.73,Uber
TXN003415,ACC0174,2025-04-26,112784.72,Uber
TXN003987,ACC0210,2025-02-01,139484.5,Uber
TXN000156,ACC0132,2025-07-15,123247.71,ATM_Withdrawal
TXN003229,ACC0456,2025-01-06,60249.84,Uber
TXN014077,ACC0045,2025-02-25,47708.18,Unknown_POS
TXN005705,ACC0002,2025-05-13,78187.79,Flipkart
TXN017326,ACC0195,2025-01-11,96823.01,Swiggy
TXN007550,ACC0205,2025-06-21,97652.23,Unknown_POS
TXN011455,ACC0108,2025-01-19,74697.57,Amazon
TXN017162,ACC0153,2025-01-12,25089.7,ATM_Withdrawal
TXN010502,ACC0304,2025-02-28,4355.78,BigBasket
TXN000482,ACC0439,2025-03-12,77977.24,Amazon
TXN015146,ACC0430,2025-05-12,71937.27,Zomato
TXN007421,ACC0053,2025-03-21,74274.17,Zomato
TXN012376,ACC0212,2025-04-24,4890.31,Unknown_POS
TXN005183,ACC0050,2025-02-04,109358.17,Flipkart
TXN016170,ACC0220,2025-06-11,38536.75,Amazon
TXN008693,ACC0185,2025-07-21,87588.01,Uber
TXN007658,ACC0158,2025-01-19,88388.74,Flipkart
TXN014142,ACC0178,2025-02-19,90843.98,BigBasket
TXN002159,ACC0495,2025-05-20,25781.9,Amazon
TXN012648,ACC0357,2025-06-26,130654.82,Flipkart
TXN012563,ACC0029,2025-05-31,125244.05,Swiggy
TXN011557,ACC0043,2025-03-13,113176.47,Amazon
TXN007648,ACC0214,2025-06-15,19240.14,Swiggy
TXN012451,ACC0125,2025-01-31,69453.68,Swiggy
TXN007195,ACC0470,2025-07-14,90546.09,Zomato
TXN012636,ACC0129,2025-03-03,79330.47,Swiggy
TXN017190,ACC0114,2025-06-09,27806.94,Flipkart
TXN008901,ACC0496,2025-01-27,149903.81,Zomato
TXN012404,ACC0364,2025-03-03,57212.03,Amazon
TXN006346,ACC0188,2025-05-10,54806.63,Flipkart
TXN018923,ACC0401,2025-07-15,77111.56,Amazon
TXN011103,ACC0005,2025-07-06,2180.04,Amazon
TXN013092,ACC0115,2025-01-27,129239.61,Swiggy
TXN002694,ACC0256,2025-03-01,7769.28,BigBasket
TXN009393,ACC0016,2025-04-23,89606.46,Flipkart
TXN010725,ACC0274,2025-01-11,149287.12,ATM_Withdrawal
TXN010576,ACC0294,2025-03-22,55751.0,Zomato
TXN002865,ACC0310,2025-05-19,3036.99,Amazon
TXN016827,ACC0056,2025-04-12,142545.39,Unknown_POS
TXN012345,ACC0141,2025-03-13,124309.3,BigBasket
TXN017136,ACC0165,2025-03-30,113251.6,Unknown_POS
TXN016578,ACC0147,2025-06-14,45446.68,ATM_Withdrawal
TXN004863,ACC0236,2025-05-05,68564.88,Flipkart
TXN003097,ACC0440,2025-04-14,74250.24,ATM_Withdrawal
TXN018147,ACC0428,2025-05-20,18142.42,Flipkart
TXN015533,ACC0142,2025-06-09,122342.64,Uber
TXN017230,ACC0234,2025-04-14,114943.83,BigBasket
TXN003720,ACC0377,2025-06-13,52050.82,Swiggy
TXN001469,ACC0196,2025-06-04,101896.69,Swiggy
TXN016645,ACC0336,2025-06-20,147497.43,Flipkart
TXN018993,ACC0159,2025-03-15,84327.0,Amazon
TXN011209,ACC0071,2025-04-13,101218.83,Unknown_POS
TXN016994,ACC0404,2025-04-21,125097.06,Unknown_POS
TXN014524,ACC0475,2025-02-16,114456.13,Zomato
TXN000632,ACC0054,2025-04-10,98645.4,BigBasket
TXN009104,ACC0298,2025-07-04,137295.54,Amazon
TXN011026,ACC0182,2025-06-15,107106.36,Amazon
TXN014273,ACC0161,2025-06-07,20645.4,BigBasket
TXN011947,ACC0161,2025-02-16,125235.85,Uber
TXN013932,ACC0217,2025-07-06,52138.79,Unknown_POS
TXN013617,ACC0343,2025-03-07,114895.15,Unknown_POS
TXN004537,ACC0179,2025-06-25,31627.33,BigBasket
TXN007281,ACC0310,2025-07-19,107838.05,Zomato
TXN001566,ACC0134,2025-02-14,103135.66,BigBasket
TXN016855,ACC0330,2025-06-02,33597.69,ATM_Withdrawal
TXN016289,ACC0380,2025-04-02,129648.97,Swiggy
TXN010083,ACC0073,2025-04-04,58439.36,ATM_Withdrawal
TXN015424,ACC0098,2025-07-16,111844.25,Zomato
TXN011062,ACC0290,2025-03-13,33227.13,Zomato
TXN005651,ACC0070,2025-03-27,143299.48,Amazon
TXN001170,ACC0434,2025-02-02,127883.15,Amazon
TXN004678,ACC0094,2025-03-16,96017.79,Unknown_POS
TXN019469,ACC0026,2025-06-04,143251.06,BigBasket
TXN011931,ACC0351,2025-07-22,11944.2,ATM_Withdrawal
TXN006951,ACC0211,2025-03-08,79363.78,Uber
TXN017782,ACC0331,2025-02-09,57121.08,Zomato
TXN012295,ACC0254,2025-06-19,49355.31,Zomato
TXN016474,ACC0391,2025-05-08,72069.11,Zomato
TXN004730,ACC0414,2025-02-04,44842.07,Uber
TXN011475,ACC0460,2025-04-17,49978.62,Uber
TXN005200,ACC0289,2025-06-13,68441.42,Uber
TXN001032,ACC0095,2025-01-07,114379.0,Uber
TXN015221,ACC0228,2025-01-22,85157.44,Zomato
TXN008406,ACC0024,2025-03-25,110481.01,BigBasket
TXN014879,ACC0352,2025-01-16,99382.5,Uber
TXN014603,ACC0214,2025-04-11,130051.16,Unknown_POS
TXN000717,ACC0414,2025-03-22,143800.91,Swiggy
TXN001637,ACC0149,2025-04-30,65631.46,ATM_Withdrawal
TXN006099,ACC0021,2025-06-28,68190.58,Unknown_POS
TXN004007,ACC0233,2025-07-04,88666.72,Uber
TXN017331,ACC0311,2025-03-31,139489.93,Swiggy
TXN013845,ACC0218,2025-03-19,124934.07,Swiggy
TXN003505,ACC0206,2025-02-02,126028.3,BigBasket
TXN018045,ACC0177,2025-01-07,118487.01,Swiggy
TXN002633,ACC0066,2025-06-08,81513.27,Uber
TXN007559,ACC0143,2025-05-04,102077.35,Unknown_POS
TXN010290,ACC0221,2025-06-25,122946.17,Uber
TXN016808,ACC0404,2025-01-22,127400.0,Swiggy
TXN001354,ACC0243,2025-03-30,63048.49,Amazon
TXN008858,ACC0439,2025-07-12,116057.97,Amazon
TXN000863,ACC0212,2025-02-12,27623.74,Amazon
TXN016411,ACC0387,2025-04-27,49192.08,Flipkart
TXN009782,ACC0304,2025-02-15,72835.15,Unknown_POS
TXN009131,ACC0346,2025-07-14,94083.76,Uber
TXN009564,ACC0262,2025-01-06,62807.07,Swiggy
TXN017253,ACC0380,2025-01-06,25444.74,Uber
TXN000487,ACC0450,2025-04-16,39657.29,ATM_Withdrawal
TXN017315,ACC0068,2025-06-07,75682.64,Amazon
TXN011315,ACC0272,2025-01-03,16375.4,Unknown_POS
TXN001800,ACC0450,2025-04-21,31666.98,BigBasket
TXN010500,ACC0234,2025-03-24,98971.73,Unknown_POS
TXN010668,ACC0156,2025-06-27,148044.4,Zomato
TXN013727,ACC0371,2025-06-10,146559.47,Amazon
TXN007644,ACC0413,2025-02-04,33122.61,ATM_Withdrawal
TXN013551,ACC0197,2025-05-19,76096.03,Unknown_POS
TXN002849,ACC0050,2025-02-26,16899.49,Uber
TXN003007,ACC0473,2025-03-18,132994.96,Zomato
TXN018463,ACC0020,2025-07-23,35274.38,Swiggy
TXN003527,ACC0170,2025-01-24,47028.42,BigBasket
TXN019766,ACC0257,2025-02-17,32932.4,Zomato
TXN004525,ACC0313,2025-07-03,108768.21,Swiggy
TXN016866,ACC0202,2025-07-12,90443.34,Flipkart
TXN003151,ACC0380,2025-02-21,54565.87,Amazon
TXN012473,ACC0102,2025-02-04,95404.8,ATM_Withdrawal
TXN005874,ACC0389,2025-07-08,126394.25,BigBasket
TXN016215,ACC0131,2025-04-13,83918.18,Swiggy
TXN005255,ACC0115,2025-05-19,82631.97,Amazon
TXN011341,ACC0463,2025-06-17,130820.17,ATM_Withdrawal
TXN016359,ACC0011,2025-05-19,115552.74,Swiggy
TXN018346,ACC0142,2025-06-28,118119.13,Uber
TXN003430,ACC0314,2025-03-28,140675.85,Unknown_POS
TXN004069,ACC0416,2025-07-02,82363.03,Uber
TXN018028,ACC0110,2025-05-29,66432.25,ATM_Withdrawal
TXN017129,ACC0274,2025-06-14,116567.38,Flipkart
TXN013535,ACC0411,2025-01-02,75441.57,Zomato
TXN017922,ACC0024,2025-02-26,128240.18,Swiggy
TXN018229,ACC0136,2025-04-03,48929.11,Flipkart
TXN014974,ACC0258,2025-07-13,70101.55,Zomato
TXN005731,ACC0137,2025-06-14,108166.61,Swiggy
TXN012909,ACC0455,2025-03-04,100271.48,Unknown_POS
TXN012677,ACC0270,2025-03-09,28957.1,Flipkart
TXN015629,ACC0185,2025-04-25,102681.63,Zomato
TXN011962,ACC0030,2025-06-27,6995.91,Flipkart
TXN012657,ACC0382,2025-07-25,55930.14,ATM_Withdrawal
TXN008812,ACC0401,2025-01-07,144580.1,Uber
TXN019816,ACC0215,2025-05-09,63114.69,Uber
TXN014790,ACC0433,2025-06-12,144182.51,ATM_Withdrawal
TXN001553,ACC0405,2025-01-09,41141.78,Flipkart
TXN002623,ACC0412,2025-05-29,20919.5,Zomato
TXN013855,ACC0109,2025-03-31,2361.86,ATM_Withdrawal
TXN001534,ACC0255,2025-01-24,35749.62,Flipkart
TXN003015,ACC0047,2025-07-05,36747.64,BigBasket
TXN015765,ACC0009,2025-01-27,100160.34,Flipkart
TXN003488,ACC0074,2025-05-21,144628.27,Amazon
TXN014375,ACC0439,2025-02-09,91999.18,ATM_Withdrawal
TXN008828,ACC0130,2025-07-24,11966.7,ATM_Withdrawal
TXN000818,ACC0094,2025-07-11,102481.94,Zomato
TXN005370,ACC0306,2025-04-22,108646.86,Zomato
TXN011084,ACC0112,2025-01-18,125274.89,Swiggy
TXN008440,ACC0426,2025-04-01,149027.49,Flipkart
TXN013582,ACC0268,2025-01-31,149843.07,Uber
TXN001514,ACC0138,2025-06-13,79931.26,Unknown_POS
TXN018327,ACC0450,2025-01-21,92945.41,ATM_Withdrawal
TXN019096,ACC0058,2025-05-20,136184.32,Uber
TXN001702,ACC0126,2025-07-27,71075.82,Uber
TXN018432,ACC0259,2025-03-03,128720.36,ATM_Withdrawal
TXN010046,ACC0167,2025-03-29,102431.63,BigBasket
TXN003049,ACC0218,2025-03-28,101265.69,Amazon
TXN011075,ACC0456,2025-07-24,40077.13,Flipkart
TXN008065,ACC0029,2025-03-03,34561.22,Amazon
TXN001220,ACC0050,2025-05-17,95631.75,Unknown_POS
TXN008553,ACC0249,2025-01-27,55084.51,Amazon
TXN004278,ACC0198,2025-02-09,102751.97,Flipkart
TXN002189,ACC0352,2025-05-12,106997.74,Swiggy
TXN008935,ACC0347,2025-03-12,13517.35,Swiggy
TXN006262,ACC0019,2025-06-04,122100.76,BigBasket
TXN017744,ACC0489,2025-07-28,131503.6,Zomato
TXN003939,ACC0343,2025-04-28,121762.88,BigBasket
TXN011210,ACC0453,2025-04-01,43844.35,ATM_Withdrawal
TXN015473,ACC0419,2025-04-23,20169.49,BigBasket
TXN012423,ACC0131,2025-06-09,97147.61,ATM_Withdrawal
TXN002383,ACC0149,2025-02-11,22773.09,ATM_Withdrawal
TXN018467,ACC0189,2025-04-22,142499.82,Uber
TXN016067,ACC0295,2025-01-27,66269.78,Unknown_POS
TXN004051,ACC0213,2025-07-11,125635.99,BigBasket
TXN005598,ACC0233,2025-01-30,79353.84,Zomato
TXN009809,ACC0314,2025-01-18,52685.26,Flipkart
TXN017920,ACC0002,2025-06-01,69867.63,Zomato
TXN013481,ACC0006,2025-05-07,506.55,Swiggy
TXN014882,ACC0048,2025-06-06,59489.4,Swiggy
TXN006341,ACC0053,2025-07-27,63028.86,Swiggy
TXN003251,ACC0261,2025-01-29,141737.28,Amazon
TXN001473,ACC0252,2025-05-10,39286.71,BigBasket
TXN018793,ACC0074,2025-05-08,14818.57,Swiggy
TXN019139,ACC0240,2025-05-16,29619.33,Zomato
TXN014720,ACC0147,2025-07-30,85800.09,Zomato
TXN001391,ACC0374,2025-04-17,20978.17,Flipkart
TXN001583,ACC0500,2025-03-09,35361.07,ATM_Withdrawal
TXN008209,ACC0312,2025-01-28,106217.44,Unknown_POS
TXN011156,ACC0083,2025-07-20,139250.47,Swiggy
TXN017137,ACC0098,2025-03-16,94572.49,Flipkart
TXN012508,ACC0391,2025-01-08,78816.47,Flipkart
TXN017542,ACC0221,2025-05-02,83472.18,ATM_Withdrawal
TXN015921,ACC0295,2025-07-25,23776.81,Amazon
TXN002126,ACC0201,2025-01-19,79200.27,Uber
TXN005078,ACC0256,2025-03-26,119420.1,Unknown_POS
TXN007796,ACC0085,2025-05-07,95306.17,Zomato
TXN010406,ACC0386,2025-03-12,123150.87,BigBasket
TXN017596,ACC0343,2025-05-02,101815.74,BigBasket
TXN014111,ACC0034,2025-06-07,113399.03,Flipkart
TXN010874,ACC0222,2025-07-26,149811.03,Uber
TXN003443,ACC0157,2025-05-08,148843.49,Uber
TXN005575,ACC0500,2025-07-12,126241.05,Unknown_POS
TXN010475,ACC0372,2025-01-07,56674.1,Unknown_POS
TXN017255,ACC0055,2025-01-21,132609.8,Unknown_POS
TXN003136,ACC0244,2025-07-02,66007.36,Uber
TXN013559,ACC0194,2025-07-17,96633.59,Amazon
TXN000967,ACC0049,2025-01-10,69082.45,Swiggy
TXN000948,ACC0484,2025-02-25,144089.98,Flipkart
TXN001998,ACC0436,2025-06-20,72345.45,BigBasket
TXN013037,ACC0284,2025-07-28,95608.0,Amazon
TXN013631,ACC0468,2025-06-20,56495.15,BigBasket
TXN003308,ACC0326,2025-06-12,128848.18,Zomato
TXN013623,ACC0321,2025-07-26,144635.37,ATM_Withdrawal
TXN016263,ACC0093,2025-01-05,133466.38,BigBasket
TXN013199,ACC0026,2025-06-09,140815.91,ATM_Withdrawal
TXN001360,ACC0088,2025-07-22,39038.12,ATM_Withdrawal
TXN018866,ACC0195,2025-05-10,28083.48,ATM_Withdrawal
TXN019574,ACC0044,2025-04-04,92655.25,Swiggy
TXN006003,ACC0192,2025-06-27,111200.29,Swiggy
TXN010779,ACC0282,2025-02-25,80086.28,Uber
TXN008409,ACC0055,2025-06-24,28295.62,ATM_Withdrawal
TXN015575,ACC0314,2025-03-11,140331.18,Unknown_POS
TXN000602,ACC0178,2025-06-19,101460.52,Unknown_POS
TXN004540,ACC0409,2025-07-12,118560.89,Amazon
TXN014549,ACC0052,2025-05-16,39708.58,ATM_Withdrawal
TXN001240,ACC0031,2025-03-08,143343.07,Uber
TXN006792,ACC0458,2025-01-20,352.39,BigBasket
TXN002176,ACC0040,2025-03-11,18736.95,Flipkart
TXN001503,ACC0025,2025-03-18,149434.34,Unknown_POS
TXN019637,ACC0435,2025-02-27,11943.62,BigBasket
TXN013896,ACC0422,2025-04-25,69574.42,Unknown_POS
TXN002987,ACC0019,2025-05-30,57882.82,Zomato
TXN015117,ACC0004,2025-01-18,144421.96,Flipkart
TXN016475,ACC0200,2025-07-16,2965.38,Zomato
TXN006295,ACC0337,2025-01-31,16760.19,Unknown_POS
TXN017178,ACC0136,2025-05-05,71897.59,Swiggy
TXN002047,ACC0204,2025-06-30,87944.76,Flipkart
TXN000775,ACC0132,2025-02-18,870.14,Amazon
TXN015708,ACC0113,2025-07-10,99330.41,Zomato
TXN001856,ACC0053,2025-01-04,89296.51,Flipkart
TXN012587,ACC0339,2025-02-07,101062.23,Uber
TXN007244,ACC0337,2025-03-16,97549.42,Amazon
TXN015441,ACC0430,2025-05-11,25946.24,Flipkart
TXN010355,ACC0092,2025-03-09,104699.21,Zomato
TXN010870,ACC0264,2025-07-16,2191.51,Zomato
TXN011462,ACC0198,2025-02-09,55485.38,Zomato
TXN008793,ACC0205,2025-04-29,3455.35,BigBasket
TXN002916,ACC0108,2025-03-26,139065.59,Swiggy
TXN004677,ACC0399,2025-04-28,87176.01,Unknown_POS
TXN003152,ACC0205,2025-06-10,14871.06,BigBasket
TXN000411,ACC0306,2025-02-26,4444.05,Uber
TXN004844,ACC0052,2025-04-13,92137.07,Uber
TXN004139,ACC0023,2025-05-02,103365.05,Swiggy
TXN017663,ACC0097,2025-05-15,48430.71,Uber
TXN007502,ACC0111,2025-03-06,45641.49,Uber
TXN001694,ACC0500,2025-01-28,117258.78,Flipkart
TXN012443,ACC0124,2025-05-14,95056.63,Flipkart
TXN005359,ACC0365,2025-04-06,80772.04,Unknown_POS
TXN007920,ACC0292,2025-05-25,133967.36,Unknown_POS
TXN005924,ACC0107,2025-05-30,128478.86,Swiggy
TXN013745,ACC0013,2025-05-26,148511.89,Flipkart
TXN009618,ACC0240,2025-01-06,99608.83,Unknown_POS
TXN018104,ACC0459,2025-04-14,69114.32,Unknown_POS
TXN019652,ACC0427,2025-07-12,15250.53,ATM_Withdrawal
TXN019047,ACC0129,2025-07-03,76440.57,ATM_Withdrawal
TXN016350,ACC0490,2025-02-05,83590.84,Uber
TXN007259,ACC0486,2025-06-22,140422.34,Swiggy
TXN009262,ACC0091,2025-05-06,59992.38,Unknown_POS
TXN011377,ACC0352,2025-06-14,43885.84,BigBasket
TXN011805,ACC0199,2025-06-11,71839.33,Flipkart
TXN019368,ACC0164,2025-04-07,71110.24,Swiggy
TXN001229,ACC0113,2025-07-05,42530.39,Zomato
TXN018630,ACC0311,2025-07-17,62919.79,ATM_Withdrawal
TXN003761,ACC0283,2025-07-18,105620.81,ATM_Withdrawal
TXN009347,ACC0244,2025-05-25,95095.44,Zomato
TXN013467,ACC0265,2025-05-14,67147.28,Uber
TXN011802,ACC0019,2025-01-07,10779.57,Uber
TXN008902,ACC0031,2025-07-14,86505.53,BigBasket
TXN003982,ACC0077,2025-06-30,23325.1,Flipkart
TXN009407,ACC0228,2025-07-13,123691.96,ATM_Withdrawal
TXN008973,ACC0487,2025-04-18,85726.46,Unknown_POS
TXN009233,ACC0207,2025-04-09,61698.96,BigBasket
TXN001535,ACC0396,2025-07-26,47045.88,Unknown_POS
TXN002751,ACC0044,2025-03-05,115712.31,Uber
TXN019762,ACC0209,2025-07-23,142962.92,Uber
TXN012446,ACC0345,2025-04-05,130520.75,Flipkart
TXN018058,ACC0222,2025-06-21,5717.62,Flipkart
TXN007336,ACC0002,2025-01-08,41781.68,Zomato
TXN010514,ACC0109,2025-04-02,46122.76,ATM_Withdrawal
TXN000709,ACC0100,2025-01-30,27244.63,Amazon
TXN005693,ACC0427,2025-02-20,117824.19,Zomato
TXN010860,ACC0465,2025-05-18,47093.63,Uber
TXN012180,ACC0181,2025-06-16,129610.02,ATM_Withdrawal
TXN013113,ACC0186,2025-02-02,43076.3,Flipkart
TXN019886,ACC0137,2025-03-20,139036.84,Flipkart
TXN015680,ACC0057,2025-02-02,138474.05,BigBasket
TXN006716,ACC0316,2025-06-05,112820.01,Flipkart
TXN004918,ACC0281,2025-03-19,145152.57,BigBasket
TXN014803,ACC0354,2025-07-10,32910.46,ATM_Withdrawal
TXN019778,ACC0377,2025-02-11,74035.58,Amazon
TXN012150,ACC0166,2025-05-09,139338.41,Unknown_POS
TXN015908,ACC0077,2025-03-12,142236.0,Uber
TXN008290,ACC0036,2025-06-05,20818.51,Flipkart
TXN018478,ACC0386,2025-04-11,110475.05,Swiggy
TXN000337,ACC0201,2025-05-31,95162.42,Flipkart
TXN015136,ACC0219,2025-07-05,11728.84,Amazon
TXN010756,ACC0132,2025-04-11,66182.14,Zomato
TXN014264,ACC0434,2025-02-20,113305.25,Swiggy
TXN003792,ACC0156,2025-07-27,20602.42,Zomato
TXN012769,ACC0255,2025-06-13,9382.65,Flipkart
TXN007404,ACC0099,2025-04-20,67950.55,ATM_Withdrawal
TXN007059,ACC0009,2025-01-05,92268.24,BigBasket
TXN017885,ACC0254,2025-05-03,114339.15,Amazon
TXN011585,ACC0393,2025-04-03,148706.96,Amazon
TXN018693,ACC0333,2025-07-11,24803.43,ATM_Withdrawal
TXN001581,ACC0373,2025-06-23,28445.01,Swiggy
TXN001122,ACC0478,2025-01-12,103073.5,Flipkart
TXN006653,ACC0129,2025-02-28,64998.47,Unknown_POS
TXN008753,ACC0489,2025-07-20,17122.3,Uber
TXN017215,ACC0255,2025-05-04,127882.81,Unknown_POS
TXN010744,ACC0387,2025-04-01,77646.75,Unknown_POS
TXN019308,ACC0296,2025-04-26,64981.48,Swiggy
TXN014247,ACC0168,2025-04-02,132699.11,Flipkart
TXN000561,ACC0115,2025-07-06,147732.68,Zomato
TXN005358,ACC0262,2025-06-19,136758.89,Flipkart
TXN003885,ACC0138,2025-07-29,117482.38,Flipkart
TXN000212,ACC0226,2025-03-27,64620.9,Swiggy
TXN005530,ACC0377,2025-05-12,116483.02,Uber
TXN016176,ACC0332,2025-01-12,46735.42,BigBasket
TXN016063,ACC0363,2025-01-13,67070.97,Amazon
TXN008720,ACC0237,2025-06-28,137481.99,Uber
TXN001093,ACC0212,2025-01-12,50102.15,Zomato
TXN000855,ACC0196,2025-06-07,43014.21,Swiggy
TXN012720,ACC0126,2025-05-09,46670.73,ATM_Withdrawal
TXN017787,ACC0172,2025-04-22,1217.61,Uber
TXN013592,ACC0415,2025-03-23,10612.38,Swiggy
TXN001951,ACC0270,2025-03-26,136549.87,ATM_Withdrawal
TXN006492,ACC0467,2025-05-16,90089.67,Swiggy
TXN001375,ACC0410,2025-05-25,109295.14,ATM_Withdrawal
TXN006915,ACC0030,2025-03-30,26560.43,ATM_Withdrawal
TXN011141,ACC0353,2025-03-24,128293.32,Zomato
TXN019015,ACC0176,2025-07-18,105113.96,Uber
TXN011593,ACC0028,2025-06-25,85078.68,Flipkart
TXN013035,ACC0199,2025-02-27,102789.31,Amazon
TXN008608,ACC0472,2025-07-22,82231.73,Flipkart
TXN018884,ACC0258,2025-03-14,66204.05,Amazon
TXN014539,ACC0034,2025-03-15,46798.99,Unknown_POS
TXN003864,ACC0087,2025-07-21,60630.75,Zomato
TXN008705,ACC0491,2025-02-10,63290.78,Amazon
TXN019562,ACC0003,2025-02-22,74043.06,Unknown_POS
TXN000952,ACC0383,2025-01-28,114954.2,BigBasket
TXN015309,ACC0183,2025-07-30,57178.14,BigBasket
TXN019473,ACC0243,2025-01-21,38818.52,ATM_Withdrawal
TXN007105,ACC0172,2025-05-20,132123.14,Swiggy
TXN007571,ACC0331,2025-02-27,125753.49,Flipkart
TXN001930,ACC0391,2025-07-19,103593.27,Uber
TXN002441,ACC0359,2025-05-08,97354.31,ATM_Withdrawal
TXN018130,ACC0090,2025-07-06,22433.52,Amazon
TXN008426,ACC0325,2025-03-26,104404.96,Amazon
TXN002856,ACC0260,2025-02-25,133477.1,Unknown_POS
TXN010106,ACC0043,2025-06-19,109244.91,Unknown_POS
TXN001404,ACC0497,2025-01-18,89853.75,BigBasket
TXN009814,ACC0118,2025-04-13,113458.66,Amazon
TXN011110,ACC0193,2025-07-01,33242.35,Unknown_POS
TXN009988,ACC0230,2025-07-05,28997.2,Flipkart
TXN013132,ACC0086,2025-05-25,95300.25,Unknown_POS
TXN008310,ACC0393,2025-06-30,109460.42,Unknown_POS
TXN016582,ACC0473,2025-06-24,69349.11,Unknown_POS
TXN019330,ACC0226,2025-03-01,146911.71,Flipkart
TXN019747,ACC0370,2025-04-28,96555.79,ATM_Withdrawal
TXN007230,ACC0089,2025-07-12,63676.03,Uber
TXN000696,ACC0359,2025-01-19,53687.14,Flipkart
TXN015176,ACC0167,2025-01-17,96163.17,Uber
TXN018713,ACC0161,2025-07-30,36611.75,Uber
TXN001671,ACC0138,2025-06-15,62599.76,ATM_Withdrawal
TXN010014,ACC0490,2025-05-26,99989.12,Unknown_POS
TXN016046,ACC0093,2025-03-12,125669.94,Zomato
TXN011279,ACC0185,2025-03-18,77548.5,Amazon
TXN009389,ACC0311,2025-06-03,98776.55,Unknown_POS
TXN009526,ACC0189,2025-04-16,16150.27,Unknown_POS
TXN008045,ACC0155,2025-02-07,67768.93,ATM_Withdrawal
TXN010313,ACC0214,2025-07-24,13047.3,Uber
TXN013032,ACC0420,2025-06-12,30388.21,Zomato
TXN004276,ACC0267,2025-02-22,54230.25,Unknown_POS
TXN003832,ACC0064,2025-04-07,121976.52,Unknown_POS
TXN008307,ACC0095,2025-06-07,62200.42,Uber
TXN018248,ACC0405,2025-05-26,148162.11,BigBasket
TXN017212,ACC0051,2025-01-17,68943.31,Swiggy
TXN003134,ACC0451,2025-04-05,84552.74,Uber
TXN012327,ACC0084,2025-06-21,39059.11,Zomato
TXN005422,ACC0392,2025-04-24,110739.21,Swiggy
TXN004014,ACC0203,2025-03-09,692.54,Zomato
TXN015776,ACC0041,2025-06-10,5757.91,Swiggy
TXN005207,ACC0219,2025-06-26,148591.62,Uber
TXN014774,ACC0250,2025-05-06,30177.33,Zomato
TXN001333,ACC0272,2025-01-09,44523.67,Uber
TXN014902,ACC0308,2025-06-16,76704.83,Uber
TXN004133,ACC0368,2025-02-04,33148.79,Zomato
TXN014557,ACC0241,2025-03-16,7777.94,ATM_Withdrawal
TXN007431,ACC0246,2025-04-08,106683.19,Unknown_POS
TXN007724,ACC0233,2025-03-29,131219.04,Swiggy
TXN011654,ACC0115,2025-05-13,121013.75,BigBasket
TXN015110,ACC0175,2025-04-23,72791.48,Amazon
TXN001366,ACC0295,2025-02-02,66161.25,BigBasket
TXN004964,ACC0204,2025-05-27,64299.55,Amazon
TXN006599,ACC0342,2025-05-03,58021.27,Amazon
TXN006061,ACC0458,2025-07-12,4795.33,Zomato
TXN003233,ACC0273,2025-04-28,98059.22,Zomato
TXN018980,ACC0331,2025-03-20,9162.97,BigBasket
TXN015018,ACC0029,2025-04-03,21719.02,BigBasket
TXN016564,ACC0118,2025-03-28,100601.54,Flipkart
TXN005935,ACC0212,2025-04-28,27571.79,Uber
TXN014742,ACC0362,2025-04-21,29568.1,BigBasket
TXN019674,ACC0451,2025-03-17,101421.38,Uber
TXN012280,ACC0407,2025-01-19,27414.1,Uber
TXN006010,ACC0451,2025-03-02,113645.18,Unknown_POS
TXN015007,ACC0307,2025-04-05,106271.43,Amazon
TXN009734,ACC0342,2025-04-06,109067.72,Swiggy
TXN014282,ACC0170,2025-01-01,128845.66,Swiggy
TXN016166,ACC0321,2025-07-10,24019.64,Flipkart
TXN017901,ACC0012,2025-07-22,10885.86,Swiggy
TXN001411,ACC0215,2025-06-12,136820.09,BigBasket
TXN012452,ACC0418,2025-03-23,22490.54,Zomato
TXN007735,ACC0174,2025-02-22,100844.04,Unknown_POS
TXN001744,ACC0067,2025-06-30,77002.16,Flipkart
TXN000958,ACC0433,2025-04-06,61880.88,Unknown_POS
TXN015375,ACC0225,2025-05-22,148690.5,Unknown_POS
TXN010552,ACC0036,2025-05-15,89842.81,ATM_Withdrawal
TXN009064,ACC0366,2025-07-03,99243.07,Amazon
TXN007056,ACC0180,2025-07-17,59844.21,ATM_Withdrawal
TXN015943,ACC0368,2025-06-27,4254.99,Uber
TXN018902,ACC0119,2025-05-10,99568.37,Amazon
TXN012985,ACC0313,2025-06-24,145561.09,Flipkart
TXN003266,ACC0255,2025-02-22,45944.42,BigBasket
TXN006422,ACC0302,2025-07-09,93052.12,BigBasket
TXN018939,ACC0197,2025-03-24,109995.68,Flipkart
TXN011335,ACC0500,2025-04-15,56678.49,BigBasket
TXN016781,ACC0342,2025-05-13,41588.87,Uber
TXN008431,ACC0398,2025-03-02,145374.71,ATM_Withdrawal
TXN004898,ACC0490,2025-05-04,38501.03,Flipkart
TXN000694,ACC0200,2025-06-22,17789.95,Amazon
TXN014662,ACC0222,2025-07-04,134280.82,Swiggy
TXN006395,ACC0404,2025-03-14,147702.96,Zomato
TXN005045,ACC0481,2025-01-31,62998.94,Amazon
TXN004793,ACC0019,2025-06-29,118186.5,Flipkart
TXN004213,ACC0265,2025-02-19,56744.28,Zomato
TXN010391,ACC0131,2025-01-08,64105.29,Zomato
TXN015763,ACC0252,2025-01-14,99811.36,Uber
TXN008714,ACC0188,2025-07-29,32808.03,ATM_Withdrawal
TXN013485,ACC0233,2025-05-28,26803.29,Swiggy
TXN017269,ACC0213,2025-06-03,86316.84,Flipkart
TXN014104,ACC0311,2025-07-12,137166.63,BigBasket
TXN005855,ACC0024,2025-02-07,15185.05,Flipkart
TXN011148,ACC0190,2025-06-20,137309.3,Unknown_POS
TXN014432,ACC0093,2025-05-24,18059.74,Zomato
TXN015954,ACC0082,2025-04-21,30032.74,Zomato
TXN009138,ACC0069,2025-07-20,144291.4,Unknown_POS
TXN007334,ACC0276,2025-05-25,58155.5,ATM_Withdrawal
TXN018157,ACC0159,2025-02-20,38309.32,Unknown_POS
TXN002259,ACC0170,2025-04-03,111206.75,BigBasket
TXN017779,ACC0235,2025-07-15,138625.68,Unknown_POS
TXN005368,ACC0327,2025-04-13,42301.26,Unknown_POS
TXN008039,ACC0405,2025-02-13,24966.31,Swiggy
TXN004634,ACC0332,2025-06-03,123265.66,Unknown_POS
TXN001609,ACC0093,2025-02-13,112503.0,Uber
TXN006728,ACC0147,2025-04-12,117573.96,Uber
TXN014220,ACC0316,2025-03-03,92249.33,Zomato
TXN004715,ACC0358,2025-05-29,59404.34,ATM_Withdrawal
TXN012123,ACC0500,2025-06-22,113960.22,Swiggy
TXN001047,ACC0450,2025-03-04,77829.46,Unknown_POS
TXN001646,ACC0043,2025-04-17,131519.46,Uber
TXN018896,ACC0198,2025-04-07,140499.1,ATM_Withdrawal
TXN013380,ACC0008,2025-01-02,72333.97,Unknown_POS
TXN013242,ACC0444,2025-06-01,77989.14,Swiggy
TXN002836,ACC0486,2025-06-12,94111.39,Zomato
TXN007639,ACC0022,2025-07-03,86956.79,Uber
TXN011458,ACC0115,2025-01-05,34511.92,Uber
TXN002239,ACC0246,2025-03-16,42369.39,Flipkart
TXN016401,ACC0114,2025-05-09,31820.18,Amazon
TXN008420,ACC0140,2025-04-28,64921.81,Flipkart
TXN011489,ACC0160,2025-04-22,39266.36,Uber
TXN006291,ACC0349,2025-02-07,121622.99,Unknown_POS
TXN008997,ACC0127,2025-02-06,83949.11,BigBasket
TXN019069,ACC0299,2025-06-07,142364.88,Uber
TXN009727,ACC0464,2025-06-05,50648.37,Uber
TXN018701,ACC0207,2025-07-12,13894.2,Unknown_POS
TXN000598,ACC0226,2025-01-12,9547.24,BigBasket
TXN003541,ACC0454,2025-03-28,148172.9,BigBasket
TXN017921,ACC0101,2025-01-12,90534.44,ATM_Withdrawal
TXN019517,ACC0094,2025-05-21,143089.36,ATM_Withdrawal
TXN013507,ACC0160,2025-07-24,11720.93,Uber
TXN003227,ACC0334,2025-03-26,11000.22,BigBasket
TXN002626,ACC0280,2025-02-16,56426.09,Unknown_POS
TXN016788,ACC0131,2025-03-11,52664.4,Flipkart
TXN013047,ACC0461,2025-04-20,146127.71,BigBasket
TXN005264,ACC0017,2025-05-22,118730.89,BigBasket
TXN013191,ACC0419,2025-06-03,109351.42,Amazon
TXN001709,ACC0368,2025-07-26,77626.44,Flipkart
TXN018090,ACC0074,2025-03-18,73445.46,Unknown_POS
TXN018770,ACC0293,2025-04-10,89896.17,Swiggy
TXN016223,ACC0006,2025-04-03,5569.16,Flipkart
TXN000157,ACC0236,2025-02-13,109929.2,BigBasket
TXN003625,ACC0462,2025-02-02,144822.81,Zomato
TXN014178,ACC0161,2025-04-07,139243.11,Uber
TXN011905,ACC0246,2025-06-09,76468.23,Zomato
TXN019538,ACC0093,2025-03-05,75417.55,Uber
TXN016327,ACC0302,2025-07-27,41150.04,Swiggy
TXN011891,ACC0223,2025-06-24,131277.28,Uber
TXN013379,ACC0116,2025-02-16,111171.6,Zomato
TXN011951,ACC0361,2025-01-03,69055.83,Flipkart
TXN017798,ACC0236,2025-02-04,116563.86,Amazon
TXN017416,ACC0378,2025-05-30,14260.41,Uber
TXN017340,ACC0130,2025-04-26,93019.3,BigBasket
TXN016200,ACC0399,2025-06-08,118669.7,Uber
TXN003400,ACC0120,2025-05-26,119772.53,Unknown_POS
TXN010289,ACC0194,2025-06-05,46325.72,Zomato
TXN004658,ACC0232,2025-04-02,78315.85,Zomato
TXN018353,ACC0037,2025-04-15,51247.75,Flipkart
TXN010981,ACC0266,2025-07-10,3075.77,Flipkart
TXN006551,ACC0499,2025-02-18,50780.97,ATM_Withdrawal
TXN004132,ACC0053,2025-06-24,148466.7,ATM_Withdrawal
TXN012997,ACC0031,2025-05-07,44316.16,Unknown_POS
TXN017120,ACC0316,2025-02-16,39382.91,Amazon
TXN011440,ACC0472,2025-06-23,33828.38,Unknown_POS
TXN019294,ACC0210,2025-04-19,126261.44,Unknown_POS
TXN015741,ACC0251,2025-07-07,14688.25,ATM_Withdrawal
TXN013207,ACC0128,2025-03-10,96159.57,Uber
TXN010318,ACC0241,2025-04-18,87863.27,Swiggy
TXN008934,ACC0069,2025-04-20,70660.12,BigBasket
TXN014087,ACC0017,2025-04-12,138460.64,Swiggy
TXN018665,ACC0115,2025-06-24,21335.61,Flipkart
TXN000901,ACC0042,2025-07-12,142749.02,Amazon
TXN005152,ACC0108,2025-02-25,147323.74,Swiggy
TXN014394,ACC0065,2025-06-23,16208.7,BigBasket
TXN018683,ACC0222,2025-07-16,55243.92,Zomato
TXN000782,ACC0092,2025-04-05,83886.12,ATM_Withdrawal
TXN016436,ACC0395,2025-06-07,81190.31,BigBasket
TXN016634,ACC0140,2025-06-03,74824.71,Swiggy
TXN002884,ACC0141,2025-04-28,30439.87,Uber
TXN007566,ACC0086,2025-03-08,68308.32,Uber
TXN017282,ACC0118,2025-05-26,111605.04,ATM_Withdrawal
TXN015126,ACC0218,2025-05-13,40555.81,Flipkart
TXN019534,ACC0099,2025-01-10,40306.76,Zomato
TXN010755,ACC0231,2025-02-23,77881.94,BigBasket
TXN007416,ACC0004,2025-06-28,90158.4,ATM_Withdrawal
TXN000015,ACC0239,2025-02-01,40157.38,Zomato
TXN017601,ACC0308,2025-01-22,90131.35,Zomato
TXN006938,ACC0387,2025-05-18,107055.16,Flipkart
TXN012966,ACC0427,2025-04-26,113065.03,BigBasket
TXN009843,ACC0493,2025-01-06,42051.64,Uber
TXN003481,ACC0441,2025-03-06,138279.87,BigBasket
TXN000007,ACC0317,2025-06-13,4591.37,Uber
TXN005002,ACC0268,2025-05-27,136483.63,Amazon
TXN004050,ACC0009,2025-06-20,140091.31,BigBasket
TXN009124,ACC0355,2025-04-27,39378.24,Unknown_POS
TXN016213,ACC0327,2025-06-20,32700.14,ATM_Withdrawal
TXN004459,ACC0398,2025-04-01,26639.85,Unknown_POS
TXN016139,ACC0130,2025-04-04,142688.35,ATM_Withdrawal
TXN017620,ACC0353,2025-05-31,17867.51,Zomato
TXN007344,ACC0194,2025-07-10,140499.37,Swiggy
TXN014911,ACC0134,2025-07-11,142999.9,Uber
TXN009545,ACC0271,2025-03-10,52468.28,Uber
TXN009862,ACC0273,2025-05-27,33519.8,ATM_Withdrawal
TXN001674,ACC0148,2025-07-05,28870.58,BigBasket
TXN010933,ACC0264,2025-03-23,121830.13,BigBasket
TXN018928,ACC0334,2025-06-20,120524.91,Amazon
TXN014289,ACC0262,2025-04-29,39570.14,ATM_Withdrawal
TXN011150,ACC0353,2025-02-11,20871.51,Unknown_POS
TXN009549,ACC0491,2025-01-29,120275.89,Zomato
TXN015355,ACC0315,2025-02-13,93116.22,Zomato
TXN006201,ACC0006,2025-04-09,62572.08,Flipkart
TXN012080,ACC0469,2025-05-06,49294.07,ATM_Withdrawal
TXN014324,ACC0048,2025-06-21,63593.61,Uber
TXN011650,ACC0065,2025-02-28,142852.16,Amazon
TXN016929,ACC0173,2025-03-19,49020.01,BigBasket
TXN001521,ACC0352,2025-06-03,35457.67,Zomato
TXN010020,ACC0341,2025-07-27,85273.26,BigBasket
TXN013237,ACC0434,2025-04-29,107834.16,Flipkart
TXN009343,ACC0011,2025-02-15,94261.38,Unknown_POS
TXN009588,ACC0166,2025-07-01,45751.99,Amazon
TXN009590,ACC0098,2025-03-14,58733.04,BigBasket
TXN002974,ACC0094,2025-07-06,13008.33,BigBasket
TXN008891,ACC0025,2025-02-05,62212.67,BigBasket
TXN013811,ACC0464,2025-03-04,28054.64,Zomato
TXN000366,ACC0078,2025-01-02,139863.01,Amazon
TXN005378,ACC0079,2025-07-14,60967.38,Uber
TXN013886,ACC0271,2025-03-08,94838.24,Uber
TXN016756,ACC0441,2025-03-18,76331.8,Amazon
TXN015859,ACC0085,2025-07-02,116370.6,Swiggy
TXN004797,ACC0143,2025-03-07,38196.28,BigBasket
TXN016856,ACC0490,2025-02-24,113043.46,Swiggy
TXN016231,ACC0210,2025-03-31,12538.35,Uber
TXN019141,ACC0009,2025-03-25,103607.66,Swiggy
TXN018926,ACC0480,2025-06-26,58118.73,Amazon
TXN011015,ACC0384,2025-07-22,45860.34,ATM_Withdrawal
TXN002618,ACC0149,2025-02-26,4868.9,BigBasket
TXN016638,ACC0195,2025-03-13,84191.26,Unknown_POS
TXN001372,ACC0476,2025-03-23,23450.19,BigBasket
TXN015691,ACC0308,2025-07-05,120366.89,Zomato
TXN006897,ACC0192,2025-06-08,33892.65,ATM_Withdrawal
TXN002269,ACC0457,2025-07-14,128023.07,BigBasket
TXN012580,ACC0193,2025-03-31,15818.83,Amazon
TXN004256,ACC0327,2025-06-29,74627.88,Uber
TXN007840,ACC0491,2025-01-25,74873.2,Amazon
TXN001978,ACC0200,2025-06-26,46283.22,Amazon
TXN006424,ACC0306,2025-06-29,120075.33,Zomato
TXN007823,ACC0074,2025-01-15,30951.33,Flipkart
TXN009778,ACC0495,2025-02-07,42584.41,ATM_Withdrawal
TXN013657,ACC0455,2025-03-07,140717.38,Swiggy
TXN003032,ACC0018,2025-03-08,143778.99,Unknown_POS
TXN015045,ACC0449,2025-05-26,126507.61,Amazon
TXN000279,ACC0417,2025-02-22,120825.8,BigBasket
TXN007465,ACC0447,2025-04-21,87657.1,Flipkart
TXN003473,ACC0103,2025-02-02,77757.92,Amazon
TXN007937,ACC0047,2025-02-04,75901.95,Zomato
TXN012726,ACC0214,2025-05-04,80577.17,Swiggy
TXN008362,ACC0362,2025-02-18,100466.35,Swiggy
TXN004650,ACC0339,2025-06-20,98906.61,Uber
TXN015663,ACC0124,2025-03-15,114032.33,ATM_Withdrawal
TXN015034,ACC0321,2025-04-11,130747.2,BigBasket
TXN009296,ACC0347,2025-05-08,30880.01,Swiggy
TXN006974,ACC0356,2025-01-15,138973.4,Uber
TXN018105,ACC0144,2025-04-07,99005.04,ATM_Withdrawal
TXN002920,ACC0160,2025-06-29,28191.78,Flipkart
TXN006703,ACC0342,2025-03-01,50742.68,Unknown_POS
TXN011351,ACC0171,2025-04-06,73941.81,Zomato
TXN004897,ACC0304,2025-03-22,102088.79,Amazon
TXN005289,ACC0024,2025-02-02,81050.56,ATM_Withdrawal
TXN009083,ACC0308,2025-04-19,12605.22,Zomato
TXN008795,ACC0204,2025-06-25,90709.18,Swiggy
TXN017092,ACC0465,2025-02-22,16753.5,Uber
TXN017840,ACC0178,2025-03-18,112864.43,Amazon
TXN017434,ACC0157,2025-07-17,111809.02,Uber
TXN006549,ACC0023,2025-04-18,73649.93,ATM_Withdrawal
TXN007554,ACC0009,2025-05-15,96303.48,Flipkart
TXN013821,ACC0488,2025-04-25,73800.87,Flipkart
TXN014862,ACC0160,2025-01-13,145858.0,Amazon
TXN012199,ACC0071,2025-02-09,53754.82,Uber
TXN007146,ACC0411,2025-01-24,80180.76,ATM_Withdrawal
TXN016922,ACC0451,2025-06-14,119082.68,Uber
TXN001094,ACC0006,2025-06-13,30218.01,Uber
TXN013273,ACC0264,2025-07-30,61777.6,Swiggy
TXN010977,ACC0120,2025-06-06,57772.66,Amazon
TXN010712,ACC0443,2025-04-12,11569.79,Zomato
TXN003273,ACC0496,2025-05-02,69691.78,Unknown_POS
TXN008240,ACC0246,2025-07-18,101971.92,Zomato
TXN018686,ACC0194,2025-03-31,61832.16,ATM_Withdrawal
TXN001270,ACC0019,2025-07-08,21281.49,Amazon
TXN014797,ACC0491,2025-05-01,41960.34,Amazon
TXN007279,ACC0232,2025-07-14,59520.29,Zomato
TXN015852,ACC0418,2025-03-28,67347.17,ATM_Withdrawal
TXN016119,ACC0184,2025-02-16,135554.06,Amazon
TXN017250,ACC0073,2025-01-08,90383.12,Flipkart
TXN001742,ACC0375,2025-04-17,123580.58,Swiggy
TXN019342,ACC0232,2025-01-12,105341.53,Unknown_POS
TXN004731,ACC0092,2025-01-13,44032.94,Unknown_POS
TXN010759,ACC0420,2025-05-27,95452.29,Amazon
TXN000247,ACC0231,2025-06-01,64461.45,Amazon
TXN013500,ACC0330,2025-05-07,64259.86,BigBasket
TXN014286,ACC0136,2025-06-29,123025.34,Swiggy
TXN002481,ACC0055,2025-02-06,42405.33,Swiggy
TXN007491,ACC0441,2025-05-24,130232.45,Unknown_POS
TXN006720,ACC0356,2025-04-29,13303.25,Zomato
TXN004878,ACC0481,2025-07-07,7514.67,Unknown_POS
TXN005556,ACC0382,2025-05-10,80792.23,Amazon
TXN009870,ACC0256,2025-05-29,98615.23,Uber
TXN001029,ACC0373,2025-01-08,114826.98,Unknown_POS
TXN013077,ACC0483,2025-01-22,95853.72,Zomato
TXN001894,ACC0447,2025-02-02,127732.82,ATM_Withdrawal
TXN007636,ACC0135,2025-01-04,62805.43,BigBasket
TXN012922,ACC0413,2025-07-11,96995.59,ATM_Withdrawal
TXN001678,ACC0492,2025-04-17,124970.46,BigBasket
TXN005781,ACC0028,2025-03-20,108922.43,Unknown_POS
TXN016604,ACC0262,2025-03-25,139660.52,Swiggy
TXN000136,ACC0286,2025-05-16,20157.21,Zomato
TXN003828,ACC0094,2025-06-15,121446.14,BigBasket
TXN001019,ACC0078,2025-03-29,134581.44,Swiggy
TXN008582,ACC0393,2025-01-02,125630.53,BigBasket
TXN019751,ACC0076,2025-01-31,140228.21,ATM_Withdrawal
TXN008820,ACC0216,2025-07-24,41056.83,Unknown_POS
TXN011549,ACC0364,2025-06-07,132647.01,Flipkart
TXN005139,ACC0498,2025-01-09,70457.89,Flipkart
TXN018479,ACC0180,2025-03-22,79210.2,Unknown_POS
TXN002541,ACC0353,2025-06-06,118754.59,Unknown_POS
TXN002447,ACC0045,2025-07-26,125593.32,Flipkart
TXN005210,ACC0241,2025-02-20,5693.38,Unknown_POS
TXN005698,ACC0366,2025-01-03,25267.47,Swiggy
TXN007037,ACC0484,2025-03-18,63999.04,Zomato
TXN003195,ACC0151,2025-04-06,3600.67,Unknown_POS
TXN019644,ACC0126,2025-07-13,106318.44,Uber
TXN011617,ACC0356,2025-07-22,101669.56,BigBasket
TXN009195,ACC0041,2025-07-05,99785.72,Amazon
TXN016535,ACC0339,2025-02-10,132926.48,Swiggy
TXN000507,ACC0191,2025-05-06,89126.84,Swiggy
TXN010943,ACC0016,2025-02-21,106518.28,BigBasket
TXN002128,ACC0050,2025-02-03,48546.62,Amazon
TXN013673,ACC0132,2025-05-07,60752.59,Unknown_POS
TXN014766,ACC0239,2025-07-08,54337.84,Unknown_POS
TXN016423,ACC0121,2025-01-05,121523.65,Uber
TXN008783,ACC0177,2025-01-15,123965.13,ATM_Withdrawal
TXN004824,ACC0466,2025-01-08,76213.08,ATM_Withdrawal
TXN002466,ACC0265,2025-02-10,65638.37,Flipkart
TXN006276,ACC0123,2025-05-12,55793.42,Unknown_POS
TXN000483,ACC0403,2025-06-29,93477.54,Unknown_POS
TXN002142,ACC0141,2025-06-11,97996.66,BigBasket
TXN004221,ACC0110,2025-01-27,46472.28,Uber
TXN010812,ACC0420,2025-01-29,47235.41,Unknown_POS
TXN010409,ACC0300,2025-03-28,19430.48,Unknown_POS
TXN009336,ACC0144,2025-06-15,64084.83,Unknown_POS
TXN008555,ACC0242,2025-03-15,8779.36,Zomato
TXN001207,ACC0190,2025-07-26,26351.13,Zomato
TXN018070,ACC0003,2025-06-20,51638.38,Unknown_POS
TXN008405,ACC0339,2025-07-07,54701.58,Swiggy
TXN013400,ACC0432,2025-07-16,48770.13,Zomato
TXN016084,ACC0379,2025-04-19,19330.51,Swiggy
TXN013705,ACC0403,2025-04-12,131224.87,Zomato
TXN018247,ACC0421,2025-07-15,54520.64,Flipkart
TXN012274,ACC0037,2025-07-07,35939.08,BigBasket
TXN018226,ACC0350,2025-06-19,77445.81,Uber
TXN002645,ACC0267,2025-01-25,37118.55,Flipkart
TXN017287,ACC0374,2025-06-25,96772.15,Uber
TXN015540,ACC0111,2025-04-16,99496.59,ATM_Withdrawal
TXN006845,ACC0129,2025-03-03,123311.8,Unknown_POS
TXN002852,ACC0339,2025-01-30,52169.41,Unknown_POS
TXN015649,ACC0200,2025-03-04,12361.91,Uber
TXN019691,ACC0204,2025-02-18,51674.79,Zomato
TXN007438,ACC0402,2025-07-23,45866.29,Uber
TXN003095,ACC0323,2025-01-28,99651.97,BigBasket
TXN019822,ACC0098,2025-06-05,85042.56,Zomato
TXN008053,ACC0351,2025-05-28,60066.81,Amazon
TXN017984,ACC0478,2025-06-29,12554.0,BigBasket
TXN000900,ACC0238,2025-06-28,118724.14,BigBasket
TXN013570,ACC0207,2025-07-08,729.16,Unknown_POS
TXN019184,ACC0227,2025-04-26,54158.76,Unknown_POS
TXN014495,ACC0385,2025-03-27,140956.46,Swiggy
TXN008613,ACC0090,2025-05-30,37223.6,ATM_Withdrawal
TXN003949,ACC0055,2025-07-30,22238.4,Zomato
TXN004849,ACC0082,2025-04-10,91059.64,Amazon
TXN009980,ACC0127,2025-06-22,95211.48,Uber
TXN017496,ACC0015,2025-07-15,115960.35,Flipkart
TXN003291,ACC0232,2025-02-24,68006.38,Uber
TXN004027,ACC0087,2025-06-18,43882.88,Uber
TXN001990,ACC0206,2025-06-17,47470.22,Unknown_POS
TXN012133,ACC0162,2025-05-03,110067.05,Unknown_POS
TXN002318,ACC0073,2025-01-01,136829.44,Amazon
TXN001393,ACC0034,2025-06-01,113429.3,Flipkart
TXN002521,ACC0026,2025-07-25,74115.44,Amazon
TXN010877,ACC0199,2025-04-16,35268.53,Unknown_POS
TXN017528,ACC0396,2025-06-11,125733.31,Flipkart
TXN016291,ACC0268,2025-03-14,94965.81,Uber
TXN002540,ACC0485,2025-03-19,11302.57,BigBasket
TXN016146,ACC0173,2025-05-06,39465.47,Flipkart
TXN001437,ACC0486,2025-05-29,52208.09,Swiggy
TXN015392,ACC0359,2025-06-12,65730.2,Unknown_POS
TXN016934,ACC0453,2025-02-15,31660.02,Amazon
TXN010432,ACC0309,2025-01-20,82983.4,Unknown_POS
TXN007506,ACC0101,2025-02-26,55649.03,Unknown_POS
TXN010730,ACC0203,2025-05-03,64320.12,Zomato
TXN000517,ACC0365,2025-07-01,96428.91,Unknown_POS
TXN018035,ACC0049,2025-01-06,134303.96,Unknown_POS
TXN003639,ACC0152,2025-07-07,9131.41,Zomato
TXN006002,ACC0327,2025-02-05,39176.2,Swiggy
TXN004348,ACC0344,2025-02-03,89466.99,BigBasket
TXN011239,ACC0307,2025-01-24,38551.27,ATM_Withdrawal
TXN004037,ACC0181,2025-02-15,58212.71,Zomato
TXN013539,ACC0059,2025-04-13,59817.95,Amazon
TXN007073,ACC0343,2025-03-08,126712.09,BigBasket
TXN010279,ACC0457,2025-06-21,28569.35,Swiggy
TXN007316,ACC0385,2025-02-06,126976.28,Zomato
TXN000548,ACC0296,2025-07-15,23807.35,Flipkart
TXN007720,ACC0412,2025-05-09,54696.39,Amazon
TXN012734,ACC0303,2025-05-13,109381.71,Zomato
TXN012055,ACC0263,2025-05-05,28241.73,Swiggy
TXN017863,ACC0116,2025-05-17,9950.73,Swiggy
TXN017965,ACC0372,2025-02-27,77683.34,Amazon
TXN018349,ACC0499,2025-06-27,9691.79,BigBasket
TXN015361,ACC0378,2025-07-29,109386.17,Flipkart
TXN015358,ACC0408,2025-01-12,63562.84,Amazon
TXN016188,ACC0493,2025-06-02,143247.85,Flipkart
TXN005960,ACC0398,2025-03-18,132323.4,Zomato
TXN003337,ACC0183,2025-01-22,1988.27,ATM_Withdrawal
TXN014778,ACC0347,2025-04-20,120025.74,BigBasket
TXN014551,ACC0410,2025-06-28,35157.5,Zomato
TXN000193,ACC0044,2025-07-17,92811.45,Zomato
TXN009119,ACC0132,2025-01-10,120676.13,Zomato
TXN000285,ACC0128,2025-02-07,106723.66,Zomato
TXN000233,ACC0262,2025-07-11,77843.73,Zomato
TXN016304,ACC0157,2025-01-27,135571.65,Swiggy
TXN010711,ACC0380,2025-03-23,68729.86,Unknown_POS
TXN018913,ACC0004,2025-01-31,78179.45,Unknown_POS
TXN001690,ACC0395,2025-05-23,40160.31,Swiggy
TXN014926,ACC0140,2025-01-29,94362.74,Zomato
TXN014179,ACC0146,2025-02-04,123712.81,Zomato
TXN001950,ACC0229,2025-01-17,123696.16,Zomato
TXN006463,ACC0134,2025-01-18,115487.54,ATM_Withdrawal
TXN010151,ACC0132,2025-03-05,8388.68,Flipkart
TXN013899,ACC0355,2025-03-04,96350.7,Flipkart
TXN008610,ACC0438,2025-07-14,120664.59,ATM_Withdrawal
TXN004551,ACC0108,2025-06-25,89043.07,Flipkart
TXN011287,ACC0242,2025-07-28,39309.91,Amazon
TXN004633,ACC0313,2025-06-05,75300.31,Uber
TXN018312,ACC0468,2025-05-13,148896.91,Zomato
TXN012637,ACC0166,2025-06-24,50067.78,Amazon
TXN008621,ACC0302,2025-05-19,78734.26,ATM_Withdrawal
TXN006926,ACC0064,2025-05-19,53392.57,Swiggy
TXN013256,ACC0100,2025-06-19,9764.74,Unknown_POS
TXN004160,ACC0454,2025-04-26,23651.7,Zomato
TXN007185,ACC0125,2025-02-10,115982.28,Unknown_POS
TXN011297,ACC0343,2025-01-07,130450.48,Unknown_POS
TXN008138,ACC0074,2025-03-09,99734.71,Swiggy
TXN001338,ACC0239,2025-06-08,6179.11,BigBasket
TXN007725,ACC0046,2025-02-10,57972.29,Unknown_POS
TXN004652,ACC0121,2025-04-05,102667.71,ATM_Withdrawal
TXN005124,ACC0394,2025-02-25,114471.42,Flipkart
TXN017312,ACC0397,2025-02-16,57613.62,Amazon
TXN013306,ACC0153,2025-05-16,118541.62,Amazon
TXN009686,ACC0081,2025-01-13,92854.19,Amazon
TXN018302,ACC0402,2025-01-20,135629.12,Zomato
TXN009498,ACC0128,2025-01-24,121565.53,BigBasket
TXN010133,ACC0419,2025-05-02,107950.52,Unknown_POS
TXN016366,ACC0093,2025-02-13,18185.41,Flipkart
TXN005695,ACC0139,2025-04-25,141685.11,Amazon
TXN018142,ACC0078,2025-06-27,53302.55,Zomato
TXN019794,ACC0298,2025-05-07,6204.82,ATM_Withdrawal
TXN017675,ACC0148,2025-06-22,123599.29,Amazon
TXN004149,ACC0101,2025-02-23,29686.82,Uber
TXN017430,ACC0037,2025-02-25,92528.17,ATM_Withdrawal
TXN014665,ACC0455,2025-01-29,42229.08,Zomato
TXN008498,ACC0396,2025-06-05,5617.08,ATM_Withdrawal
TXN006561,ACC0455,2025-05-04,142648.53,Flipkart
TXN008012,ACC0386,2025-07-02,127718.87,Zomato
TXN005926,ACC0493,2025-05-26,119217.28,Amazon
TXN003888,ACC0126,2025-07-21,1361.54,Swiggy
TXN007683,ACC0141,2025-05-18,106295.2,Uber
TXN017493,ACC0472,2025-01-01,89458.33,Unknown_POS
TXN002890,ACC0232,2025-02-27,86703.03,Amazon
TXN017889,ACC0458,2025-03-12,92707.59,Zomato
TXN012972,ACC0028,2025-07-23,86985.86,Amazon
TXN012902,ACC0011,2025-01-24,82734.07,Uber
TXN012089,ACC0240,2025-01-21,13826.06,ATM_Withdrawal
TXN010947,ACC0307,2025-04-07,60758.95,Amazon
TXN007305,ACC0407,2025-06-17,100710.21,BigBasket
TXN015960,ACC0227,2025-04-19,46862.28,Uber
TXN017776,ACC0441,2025-03-24,52761.0,Uber
TXN004549,ACC0030,2025-06-06,123496.21,Amazon
TXN000711,ACC0331,2025-05-21,11018.03,Flipkart
TXN014024,ACC0323,2025-06-20,62496.4,Flipkart
TXN017862,ACC0222,2025-03-24,4920.21,Zomato
TXN005291,ACC0047,2025-04-27,107669.01,Swiggy
TXN012750,ACC0236,2025-04-15,3848.82,Unknown_POS
TXN006707,ACC0253,2025-06-01,22652.65,Flipkart
TXN002033,ACC0252,2025-04-14,138857.38,Unknown_POS
TXN017401,ACC0261,2025-07-27,77612.71,Swiggy
TXN017865,ACC0056,2025-03-10,8217.08,Uber
TXN011576,ACC0378,2025-03-11,113040.5,Zomato
TXN003665,ACC0027,2025-06-14,126441.83,Zomato
TXN015076,ACC0048,2025-06-02,98689.59,BigBasket
TXN006072,ACC0408,2025-02-20,75172.43,Unknown_POS
TXN005579,ACC0300,2025-05-05,85236.57,BigBasket
TXN000089,ACC0032,2025-06-20,17777.82,Uber
TXN005040,ACC0441,2025-02-10,87326.94,Zomato
TXN007547,ACC0218,2025-01-24,76633.47,Unknown_POS
TXN004354,ACC0035,2025-02-19,29805.97,ATM_Withdrawal
TXN015868,ACC0151,2025-06-09,11856.47,ATM_Withdrawal
TXN000101,ACC0368,2025-05-30,73349.75,ATM_Withdrawal
TXN002552,ACC0031,2025-02-24,2018.56,Zomato
TXN011291,ACC0270,2025-03-10,25958.61,BigBasket
TXN007476,ACC0010,2025-03-13,48664.56,Amazon
TXN006539,ACC0434,2025-06-17,117631.49,Flipkart
TXN009395,ACC0412,2025-02-16,102408.47,Zomato
TXN017295,ACC0440,2025-02-12,134591.83,Flipkart
TXN000803,ACC0178,2025-07-28,41512.35,Zomato
TXN005312,ACC0343,2025-01-19,68189.47,Amazon
TXN016825,ACC0298,2025-03-21,130760.25,Swiggy
TXN012758,ACC0244,2025-07-09,125153.56,BigBasket
TXN012219,ACC0093,2025-07-30,107126.8,BigBasket
TXN011356,ACC0195,2025-03-24,82601.85,Uber
TXN013202,ACC0198,2025-03-04,142899.23,Amazon
TXN004912,ACC0225,2025-03-07,78626.49,Zomato
TXN013283,ACC0327,2025-02-15,88883.13,ATM_Withdrawal
TXN013909,ACC0014,2025-01-06,10731.86,Zomato
TXN003027,ACC0313,2025-06-03,112765.08,Flipkart
TXN001692,ACC0362,2025-01-13,138998.48,ATM_Withdrawal
TXN016641,ACC0346,2025-02-19,142996.01,Swiggy
TXN004483,ACC0285,2025-07-08,27363.25,Flipkart
TXN014190,ACC0448,2025-03-16,139092.97,Flipkart
TXN010080,ACC0388,2025-01-13,125060.22,Zomato
TXN004033,ACC0495,2025-02-15,17049.95,ATM_Withdrawal
TXN005663,ACC0126,2025-04-15,8116.35,Swiggy
TXN014687,ACC0382,2025-06-21,94343.85,Swiggy
TXN009591,ACC0371,2025-03-05,33679.35,Unknown_POS
TXN018748,ACC0196,2025-02-10,36732.44,Flipkart
TXN013725,ACC0319,2025-03-31,141037.94,ATM_Withdrawal
TXN010398,ACC0026,2025-06-21,58961.91,BigBasket
TXN010429,ACC0137,2025-02-04,101615.5,Zomato
TXN004907,ACC0110,2025-07-17,108816.66,Flipkart
TXN014040,ACC0217,2025-01-02,82019.57,Swiggy
TXN009075,ACC0019,2025-04-02,50439.64,Flipkart
TXN010972,ACC0140,2025-07-06,73442.15,ATM_Withdrawal
TXN007634,ACC0009,2025-07-26,57046.5,Uber
TXN010914,ACC0072,2025-01-29,126719.22,Unknown_POS
TXN007799,ACC0227,2025-07-16,123036.54,Flipkart
TXN004128,ACC0253,2025-02-28,64651.94,Amazon
TXN018745,ACC0370,2025-03-28,107988.44,Swiggy
TXN008591,ACC0290,2025-06-08,86654.94,Unknown_POS
TXN003368,ACC0047,2025-07-02,89715.51,Unknown_POS
TXN001187,ACC0365,2025-05-09,40424.1,BigBasket
TXN007730,ACC0426,2025-05-04,124528.89,Flipkart
TXN000381,ACC0070,2025-07-19,115533.49,Flipkart
TXN013002,ACC0067,2025-03-18,57328.63,Uber
TXN006215,ACC0065,2025-04-14,1526.04,Amazon
TXN014079,ACC0116,2025-01-17,104531.13,Flipkart
TXN005360,ACC0279,2025-04-17,80391.03,Unknown_POS
TXN001275,ACC0059,2025-05-08,89266.86,Zomato
TXN003550,ACC0251,2025-03-23,135877.21,Amazon
TXN001619,ACC0169,2025-01-12,98443.1,ATM_Withdrawal
TXN012897,ACC0237,2025-04-19,77614.58,Flipkart
TXN007836,ACC0056,2025-05-20,35623.89,ATM_Withdrawal
TXN015671,ACC0281,2025-03-29,80732.38,Flipkart
TXN016787,ACC0385,2025-07-06,109527.02,Uber
TXN018006,ACC0141,2025-01-01,86090.51,Swiggy
TXN010249,ACC0331,2025-05-02,139777.49,BigBasket
TXN004092,ACC0382,2025-01-12,109701.31,Unknown_POS
TXN009935,ACC0185,2025-02-02,26521.6,Uber
TXN005571,ACC0469,2025-04-23,11875.94,BigBasket
TXN013319,ACC0205,2025-03-03,103545.57,Flipkart
TXN011217,ACC0044,2025-03-24,73291.98,BigBasket
TXN010511,ACC0448,2025-02-04,79634.31,Unknown_POS
TXN010791,ACC0208,2025-04-26,74019.28,Swiggy
TXN003293,ACC0336,2025-07-16,77197.91,BigBasket
TXN011578,ACC0245,2025-03-31,53953.4,BigBasket
TXN010447,ACC0105,2025-03-11,130695.86,Swiggy
TXN007805,ACC0200,2025-01-07,77074.24,BigBasket
TXN019866,ACC0050,2025-03-19,83261.79,Flipkart
TXN001334,ACC0358,2025-06-06,81388.14,Zomato
TXN010656,ACC0429,2025-05-15,54454.97,BigBasket
TXN014339,ACC0299,2025-01-29,50182.44,ATM_Withdrawal
TXN002735,ACC0019,2025-03-02,104766.37,ATM_Withdrawal
TXN018862,ACC0123,2025-04-05,143798.58,Flipkart
TXN016795,ACC0086,2025-03-26,66682.11,BigBasket
TXN017759,ACC0313,2025-03-24,38840.91,Zomato
TXN018165,ACC0306,2025-05-23,42243.34,ATM_Withdrawal
TXN014299,ACC0334,2025-06-23,48287.9,Swiggy
TXN002932,ACC0495,2025-07-26,110602.97,ATM_Withdrawal
TXN005494,ACC0230,2025-01-18,8258.13,Amazon
TXN019709,ACC0201,2025-02-20,69859.49,BigBasket
TXN005870,ACC0080,2025-04-07,128119.59,Amazon
TXN002692,ACC0448,2025-01-19,85394.41,Swiggy
TXN006559,ACC0135,2025-01-12,46711.39,Zomato
TXN001501,ACC0104,2025-05-08,95334.86,Flipkart
TXN001510,ACC0213,2025-04-13,37727.16,ATM_Withdrawal
TXN013659,ACC0054,2025-01-29,52675.37,ATM_Withdrawal
TXN006260,ACC0443,2025-05-18,88983.77,Flipkart
TXN006275,ACC0394,2025-02-11,115088.67,Amazon
TXN003104,ACC0307,2025-05-27,109835.59,Amazon
TXN009773,ACC0250,2025-02-04,11302.06,ATM_Withdrawal
TXN011213,ACC0011,2025-01-12,82543.59,Flipkart
TXN011142,ACC0296,2025-03-04,46878.2,Amazon
TXN001699,ACC0376,2025-01-26,23186.65,BigBasket
TXN003805,ACC0331,2025-07-13,95319.9,Zomato
TXN017034,ACC0119,2025-01-15,40870.58,Amazon
TXN010205,ACC0465,2025-06-08,1853.09,ATM_Withdrawal
TXN015815,ACC0010,2025-07-22,9372.32,Amazon
TXN012853,ACC0288,2025-04-16,9608.38,BigBasket
TXN005920,ACC0081,2025-06-07,132461.98,BigBasket
TXN005689,ACC0150,2025-06-08,126963.3,Swiggy
TXN016701,ACC0080,2025-02-11,52763.97,ATM_Withdrawal
TXN007314,ACC0041,2025-03-02,65906.66,Flipkart
TXN007202,ACC0057,2025-04-01,5815.81,Swiggy
TXN004058,ACC0481,2025-03-18,99740.31,Swiggy
TXN006583,ACC0329,2025-02-11,149389.67,Zomato
TXN007635,ACC0283,2025-01-08,26066.7,Swiggy
TXN009487,ACC0096,2025-07-10,114900.43,Unknown_POS
TXN019587,ACC0274,2025-01-08,40352.62,Zomato
TXN017839,ACC0080,2025-01-27,18527.27,Uber
TXN017324,ACC0275,2025-07-07,50418.54,Unknown_POS
TXN009570,ACC0004,2025-04-02,135517.89,Unknown_POS
TXN011648,ACC0163,2025-03-16,98848.79,Unknown_POS
TXN007095,ACC0121,2025-03-23,134795.14,Zomato
TXN012411,ACC0444,2025-06-30,93914.74,Flipkart
TXN018431,ACC0263,2025-04-18,70576.44,Unknown_POS
TXN018433,ACC0072,2025-01-07,149724.75,Unknown_POS
TXN007150,ACC0135,2025-03-11,89175.16,Swiggy
TXN017338,ACC0005,2025-03-11,25324.27,Zomato
TXN011052,ACC0164,2025-07-01,119341.1,BigBasket
TXN019334,ACC0327,2025-04-23,58793.18,ATM_Withdrawal
TXN008494,ACC0486,2025-04-19,133474.31,Amazon
TXN007011,ACC0208,2025-06-05,79090.94,Zomato
TXN012207,ACC0003,2025-06-15,59848.37,Amazon
TXN000368,ACC0487,2025-03-27,269.23,Unknown_POS
TXN000356,ACC0139,2025-01-20,85751.82,Flipkart
TXN012619,ACC0315,2025-01-10,52681.75,Uber
TXN014425,ACC0188,2025-04-02,102373.77,Swiggy
TXN018947,ACC0172,2025-05-04,82768.89,Unknown_POS
TXN016125,ACC0043,2025-06-21,148094.53,Swiggy
TXN000712,ACC0129,2025-01-26,29652.77,ATM_Withdrawal
TXN006071,ACC0138,2025-03-30,64288.68,BigBasket
TXN000786,ACC0052,2025-02-24,76276.11,BigBasket
TXN002442,ACC0212,2025-04-16,52791.76,Unknown_POS
TXN002179,ACC0399,2025-03-11,21992.13,Zomato
TXN008173,ACC0156,2025-03-19,23336.15,Swiggy
TXN009654,ACC0192,2025-06-07,139279.75,BigBasket
TXN005850,ACC0360,2025-07-11,104240.98,Zomato
TXN004151,ACC0317,2025-02-04,4772.06,Zomato
TXN008757,ACC0355,2025-02-15,133879.44,Unknown_POS
TXN005182,ACC0342,2025-01-04,10714.54,ATM_Withdrawal
TXN011310,ACC0372,2025-06-25,7439.58,Amazon
TXN002230,ACC0083,2025-06-20,29888.84,ATM_Withdrawal
TXN014823,ACC0418,2025-01-14,31714.21,Amazon
TXN011940,ACC0441,2025-06-02,11934.76,Swiggy
TXN008096,ACC0382,2025-07-15,88949.46,Flipkart
TXN004758,ACC0101,2025-01-21,25974.73,BigBasket
TXN002599,ACC0185,2025-02-22,111667.55,Zomato
TXN019989,ACC0054,2025-03-29,19873.73,Swiggy
TXN016682,ACC0080,2025-06-28,122860.69,Swiggy
TXN017594,ACC0436,2025-07-26,75367.15,Amazon
TXN005218,ACC0237,2025-04-16,101179.45,Unknown_POS
TXN019037,ACC0073,2025-07-22,129087.79,Uber
TXN015200,ACC0341,2025-01-20,5882.46,Zomato
TXN004780,ACC0231,2025-04-23,135180.5,Unknown_POS
TXN003120,ACC0453,2025-07-03,80624.35,Amazon
TXN018008,ACC0078,2025-03-31,117110.85,BigBasket
TXN002347,ACC0125,2025-02-23,124181.88,Amazon
TXN019362,ACC0376,2025-01-21,98403.52,ATM_Withdrawal
TXN009486,ACC0263,2025-06-29,13951.12,Uber
TXN001656,ACC0412,2025-03-19,13190.89,Swiggy
TXN005842,ACC0034,2025-04-22,92980.57,Flipkart
TXN012068,ACC0429,2025-06-16,107199.57,Amazon
TXN003711,ACC0411,2025-03-10,3710.71,Uber
TXN011474,ACC0136,2025-07-17,37908.46,Flipkart
TXN006504,ACC0332,2025-07-16,33006.48,Unknown_POS
TXN010370,ACC0088,2025-02-13,6167.34,Uber
TXN017727,ACC0356,2025-01-08,121554.73,Unknown_POS
TXN001787,ACC0138,2025-05-22,144523.03,Flipkart
TXN008648,ACC0277,2025-07-14,119702.05,Unknown_POS
TXN015368,ACC0101,2025-01-12,118420.25,Zomato
TXN000573,ACC0102,2025-06-05,30002.42,Uber
TXN012169,ACC0473,2025-06-14,116402.41,Zomato
TXN019937,ACC0318,2025-04-18,139285.81,Unknown_POS
TXN005198,ACC0432,2025-01-07,116200.63,ATM_Withdrawal
TXN004998,ACC0432,2025-02-11,33886.18,Amazon
TXN006876,ACC0232,2025-01-16,35912.32,Zomato
TXN001668,ACC0019,2025-05-05,59982.07,ATM_Withdrawal
TXN019548,ACC0033,2025-04-13,52241.75,Swiggy
TXN018043,ACC0155,2025-07-30,81207.38,Zomato
TXN011711,ACC0459,2025-05-04,39172.55,BigBasket
TXN005046,ACC0257,2025-01-15,55065.53,BigBasket
TXN013607,ACC0242,2025-03-13,12726.02,BigBasket
TXN014865,ACC0094,2025-03-04,119743.0,Zomato
TXN000570,ACC0319,2025-06-05,105123.92,Unknown_POS
TXN016049,ACC0042,2025-06-20,77100.46,Flipkart
TXN018677,ACC0484,2025-01-01,140859.83,Uber
TXN009456,ACC0181,2025-04-02,93391.93,BigBasket
TXN001989,ACC0055,2025-04-02,48539.01,Amazon
TXN019589,ACC0132,2025-03-13,40067.42,BigBasket
TXN001788,ACC0127,2025-07-15,83228.38,Swiggy
TXN012647,ACC0238,2025-07-22,60307.1,Swiggy
TXN012211,ACC0310,2025-07-20,5487.12,Flipkart
TXN001389,ACC0380,2025-04-17,120562.64,Uber
TXN000553,ACC0010,2025-06-23,668.37,Zomato
TXN016755,ACC0123,2025-07-27,5408.23,Zomato
TXN004379,ACC0120,2025-07-14,63931.77,Zomato
TXN001054,ACC0202,2025-04-16,48552.97,Amazon
TXN008433,ACC0331,2025-01-02,70566.08,ATM_Withdrawal
TXN014868,ACC0064,2025-07-25,76910.78,ATM_Withdrawal
TXN002547,ACC0165,2025-07-17,109643.14,Zomato
TXN018108,ACC0155,2025-06-29,76585.68,Unknown_POS
TXN009094,ACC0370,2025-01-09,97467.5,Amazon
TXN016447,ACC0333,2025-04-08,104792.84,Unknown_POS
TXN017044,ACC0357,2025-05-16,57185.1,BigBasket
TXN014529,ACC0348,2025-02-10,120528.87,Unknown_POS
TXN002048,ACC0266,2025-02-18,131407.12,Swiggy
TXN019310,ACC0395,2025-06-14,11558.96,BigBasket
TXN009959,ACC0248,2025-03-06,42826.87,Uber
TXN000352,ACC0440,2025-01-04,36720.49,ATM_Withdrawal
TXN014502,ACC0436,2025-07-12,120550.21,ATM_Withdrawal
TXN015721,ACC0423,2025-04-01,134544.31,Flipkart
TXN012307,ACC0037,2025-06-15,66923.31,Zomato
TXN006850,ACC0096,2025-05-28,134224.17,Amazon
TXN008817,ACC0075,2025-03-03,79806.77,Amazon
TXN011442,ACC0250,2025-02-05,130630.61,Uber
TXN019144,ACC0455,2025-02-17,137679.61,Zomato
TXN013583,ACC0311,2025-05-16,58725.79,Amazon
TXN019326,ACC0140,2025-05-07,6064.73,Amazon
TXN001463,ACC0183,2025-05-02,100018.22,Unknown_POS
TXN010241,ACC0164,2025-02-10,69299.25,Amazon
TXN004472,ACC0376,2025-05-31,63323.6,BigBasket
TXN005478,ACC0168,2025-02-13,14503.52,Zomato
TXN016779,ACC0426,2025-02-04,117167.51,ATM_Withdrawal
TXN011689,ACC0148,2025-01-20,63931.81,Flipkart
TXN011646,ACC0156,2025-06-19,106119.22,Flipkart
TXN006710,ACC0487,2025-02-20,111754.75,Zomato
TXN016311,ACC0351,2025-04-24,15244.34,Uber
TXN005044,ACC0078,2025-05-26,12219.92,Zomato
TXN005519,ACC0478,2025-02-11,88893.86,Unknown_POS
TXN005251,ACC0498,2025-07-26,11878.25,Zomato
TXN013915,ACC0188,2025-04-04,51322.37,Swiggy
TXN011906,ACC0028,2025-05-03,100500.11,Amazon
TXN014998,ACC0164,2025-04-02,141581.17,BigBasket
TXN015215,ACC0107,2025-02-15,63436.42,Uber
TXN003709,ACC0337,2025-01-17,143916.36,Uber
TXN006479,ACC0070,2025-03-11,50528.47,Swiggy
TXN015108,ACC0313,2025-05-03,22764.76,Unknown_POS
TXN006899,ACC0331,2025-01-06,27611.88,BigBasket
TXN003339,ACC0341,2025-03-10,15639.62,ATM_Withdrawal
TXN008642,ACC0492,2025-06-22,26480.32,ATM_Withdrawal
TXN001691,ACC0437,2025-06-26,131060.67,Flipkart
TXN001562,ACC0103,2025-06-10,45866.85,Flipkart
TXN019850,ACC0460,2025-04-10,141624.64,Swiggy
TXN007869,ACC0454,2025-07-25,48974.4,Flipkart
TXN002416,ACC0164,2025-05-26,4746.92,Unknown_POS
TXN001805,ACC0331,2025-01-01,91337.57,Amazon
TXN011783,ACC0394,2025-04-19,141756.48,Swiggy
TXN014357,ACC0451,2025-01-14,45820.29,Uber
TXN008197,ACC0160,2025-04-26,5830.93,BigBasket
TXN006526,ACC0304,2025-05-15,11655.22,Amazon
TXN002797,ACC0086,2025-01-31,62822.91,ATM_Withdrawal
TXN009791,ACC0181,2025-04-27,116002.28,Zomato
TXN008441,ACC0353,2025-04-11,4697.34,Uber
TXN006175,ACC0461,2025-01-02,12229.39,Amazon
TXN011300,ACC0312,2025-02-27,119616.86,BigBasket
TXN012449,ACC0464,2025-02-22,70609.32,Amazon
TXN016822,ACC0151,2025-07-25,47313.34,BigBasket
TXN011872,ACC0488,2025-07-11,2789.84,Flipkart
TXN010522,ACC0032,2025-05-09,52388.53,Zomato
TXN012804,ACC0135,2025-04-11,117807.21,Unknown_POS
TXN009043,ACC0077,2025-03-03,6809.57,Unknown_POS
TXN005067,ACC0135,2025-02-26,30191.93,BigBasket
TXN004115,ACC0354,2025-01-26,40808.23,Uber
TXN018424,ACC0366,2025-01-10,6768.87,BigBasket
TXN019543,ACC0146,2025-03-12,111887.07,Amazon
TXN000079,ACC0084,2025-07-07,68864.22,Uber
TXN019984,ACC0298,2025-07-26,95128.68,Swiggy
TXN016709,ACC0047,2025-04-19,57837.51,BigBasket
TXN002885,ACC0497,2025-06-17,86451.37,Unknown_POS
TXN010878,ACC0221,2025-02-15,147710.65,Swiggy
TXN015453,ACC0440,2025-04-10,10626.74,Amazon
TXN008176,ACC0098,2025-07-05,10620.96,ATM_Withdrawal
TXN013689,ACC0242,2025-06-17,64144.35,Zomato
TXN005308,ACC0407,2025-02-17,15004.47,Flipkart
TXN002632,ACC0315,2025-03-19,118005.48,BigBasket
TXN000329,ACC0188,2025-05-20,102457.16,ATM_Withdrawal
TXN018181,ACC0198,2025-07-23,37286.22,Unknown_POS
TXN008480,ACC0087,2025-02-08,135957.45,Zomato
TXN003574,ACC0222,2025-07-22,102855.87,Zomato
TXN017400,ACC0144,2025-02-10,50110.81,Amazon
TXN004981,ACC0293,2025-01-11,96490.5,Unknown_POS
TXN004756,ACC0056,2025-05-02,88342.05,Unknown_POS
TXN008622,ACC0170,2025-03-17,41853.16,Uber
TXN009435,ACC0146,2025-07-01,17664.92,Zomato
TXN006443,ACC0201,2025-01-07,112968.1,BigBasket
TXN019789,ACC0235,2025-01-29,86779.19,Unknown_POS
TXN019054,ACC0229,2025-05-15,137780.5,Swiggy
TXN003230,ACC0004,2025-06-09,124241.99,Amazon
TXN004060,ACC0144,2025-03-29,127468.06,Flipkart
TXN010278,ACC0186,2025-06-13,113593.54,Uber
TXN018084,ACC0238,2025-06-17,83767.04,Flipkart
TXN014854,ACC0252,2025-04-07,22893.23,Zomato
TXN016974,ACC0411,2025-01-09,13643.19,Uber
TXN012751,ACC0499,2025-07-14,28275.85,BigBasket
TXN015698,ACC0180,2025-01-09,125774.42,ATM_Withdrawal
TXN011890,ACC0404,2025-06-12,28150.7,ATM_Withdrawal
TXN010716,ACC0305,2025-03-30,108053.43,ATM_Withdrawal
TXN016646,ACC0073,2025-01-17,98674.01,Flipkart
TXN015326,ACC0453,2025-04-26,133501.65,Amazon
TXN009340,ACC0136,2025-01-29,50384.37,Swiggy
TXN000730,ACC0115,2025-07-17,88460.63,Uber
TXN010440,ACC0192,2025-04-12,103472.53,Uber
TXN004224,ACC0485,2025-07-12,56081.06,Uber
TXN011372,ACC0234,2025-02-26,87177.6,Zomato
TXN015546,ACC0444,2025-06-02,48315.81,Unknown_POS
TXN014473,ACC0441,2025-01-13,138886.18,Flipkart
TXN015580,ACC0445,2025-06-12,140300.84,Unknown_POS
TXN017548,ACC0352,2025-04-02,43936.38,Unknown_POS
TXN003932,ACC0489,2025-02-04,29214.29,Zomato
TXN005928,ACC0138,2025-05-07,124332.35,Amazon
TXN012435,ACC0043,2025-01-03,20486.02,Unknown_POS
TXN007666,ACC0443,2025-05-11,113882.92,Unknown_POS
TXN017919,ACC0180,2025-06-15,137301.54,BigBasket
TXN015608,ACC0347,2025-03-01,106858.31,Swiggy
TXN005536,ACC0092,2025-02-06,10764.99,ATM_Withdrawal
TXN016879,ACC0026,2025-07-10,35423.05,ATM_Withdrawal
TXN016110,ACC0005,2025-04-14,138163.99,BigBasket
TXN019808,ACC0241,2025-01-04,16003.07,Uber
TXN016939,ACC0371,2025-01-12,137321.56,Flipkart
TXN019464,ACC0414,2025-05-12,45407.08,ATM_Withdrawal
TXN011856,ACC0222,2025-04-19,104145.29,Unknown_POS
TXN000379,ACC0359,2025-07-08,48971.42,ATM_Withdrawal
TXN013653,ACC0420,2025-05-18,114709.55,Uber
TXN003279,ACC0065,2025-02-26,77234.37,Swiggy
TXN015536,ACC0480,2025-03-21,2546.77,Unknown_POS
TXN004853,ACC0190,2025-07-25,88724.72,Swiggy
TXN016167,ACC0034,2025-01-18,47543.98,Swiggy
TXN000475,ACC0203,2025-07-02,5257.54,Swiggy
TXN009578,ACC0323,2025-04-05,40932.87,Uber
TXN006401,ACC0374,2025-05-03,4290.16,ATM_Withdrawal
TXN013723,ACC0301,2025-07-13,123105.71,Amazon
TXN010058,ACC0476,2025-03-17,90735.88,Zomato
TXN000138,ACC0473,2025-04-26,127077.65,Flipkart
TXN004010,ACC0243,2025-04-17,139360.81,Zomato
TXN008332,ACC0038,2025-01-17,71948.67,Zomato
TXN005292,ACC0339,2025-07-24,19903.79,Amazon
TXN000495,ACC0498,2025-02-28,20201.11,ATM_Withdrawal
TXN017413,ACC0014,2025-04-04,108225.17,Unknown_POS
TXN018094,ACC0371,2025-03-16,7481.79,Amazon
TXN012297,ACC0200,2025-05-25,120840.51,Uber
TXN003868,ACC0331,2025-06-28,9751.01,Amazon
TXN011509,ACC0223,2025-06-07,50394.68,Flipkart
TXN006612,ACC0143,2025-02-14,121705.59,Amazon
TXN018742,ACC0364,2025-03-14,10119.03,Unknown_POS
TXN008308,ACC0133,2025-03-19,102584.93,Uber
TXN009534,ACC0210,2025-04-06,94121.06,Zomato
TXN014486,ACC0222,2025-06-04,13881.75,BigBasket
TXN016439,ACC0448,2025-05-04,78801.18,Swiggy
TXN001034,ACC0119,2025-06-25,3961.37,Flipkart
TXN012535,ACC0447,2025-01-21,79982.7,Swiggy
TXN006084,ACC0428,2025-07-24,4923.58,Zomato
TXN017002,ACC0177,2025-06-01,95337.34,Zomato
TXN010251,ACC0062,2025-05-03,24896.49,Uber
TXN003496,ACC0480,2025-05-27,96736.28,Uber
TXN004227,ACC0151,2025-02-19,143884.8,Amazon
TXN006365,ACC0203,2025-05-21,143229.09,BigBasket
TXN018508,ACC0140,2025-05-12,41038.0,Swiggy
TXN008201,ACC0270,2025-02-24,10427.88,Zomato
TXN013478,ACC0097,2025-01-05,110402.35,ATM_Withdrawal
TXN006730,ACC0166,2025-06-14,41731.77,Swiggy
TXN001695,ACC0422,2025-05-24,6343.32,Flipkart
TXN009220,ACC0486,2025-07-01,149396.49,Swiggy
TXN002018,ACC0121,2025-05-10,11770.77,ATM_Withdrawal
TXN015926,ACC0069,2025-05-22,64302.97,ATM_Withdrawal
TXN009606,ACC0310,2025-01-25,74062.42,Zomato
TXN003392,ACC0034,2025-02-13,3366.17,ATM_Withdrawal
TXN000336,ACC0499,2025-07-26,23348.8,BigBasket
TXN006931,ACC0012,2025-01-11,4386.25,Zomato
TXN016864,ACC0500,2025-01-25,60618.41,Uber
TXN002488,ACC0463,2025-02-15,98966.98,Amazon
TXN015418,ACC0406,2025-01-26,116418.71,Swiggy
TXN003453,ACC0366,2025-02-22,74316.52,Amazon
TXN003223,ACC0409,2025-05-12,126952.59,Flipkart
TXN001841,ACC0123,2025-03-29,124886.0,BigBasket
TXN019136,ACC0087,2025-07-10,64653.0,Flipkart
TXN002298,ACC0080,2025-04-25,34796.89,Unknown_POS
TXN018557,ACC0201,2025-02-01,123941.34,Amazon
TXN013005,ACC0233,2025-06-14,35572.77,ATM_Withdrawal
TXN004527,ACC0002,2025-02-17,85677.93,ATM_Withdrawal
TXN008187,ACC0490,2025-06-18,101497.4,Swiggy
TXN016676,ACC0028,2025-03-19,69723.54,Amazon
TXN002177,ACC0351,2025-05-21,61046.85,BigBasket
TXN016349,ACC0200,2025-06-29,128558.47,Amazon
TXN005249,ACC0098,2025-03-26,87373.42,ATM_Withdrawal
TXN019335,ACC0496,2025-03-23,29745.49,Zomato
TXN014899,ACC0460,2025-03-29,125032.5,Uber
TXN002295,ACC0446,2025-06-10,95164.12,Zomato
TXN006670,ACC0162,2025-01-20,38451.38,Swiggy
TXN012358,ACC0315,2025-01-06,118851.34,Swiggy
TXN004342,ACC0329,2025-04-16,94065.3,Amazon
TXN003981,ACC0342,2025-03-25,31621.57,ATM_Withdrawal
TXN012103,ACC0230,2025-02-27,76663.7,Zomato
TXN015830,ACC0150,2025-05-12,69234.81,Flipkart
TXN009408,ACC0454,2025-02-22,88057.57,Swiggy
TXN004827,ACC0408,2025-01-24,43350.15,Zomato
TXN008159,ACC0067,2025-02-27,134501.11,Uber
TXN015411,ACC0066,2025-04-03,139670.83,Zomato
TXN013593,ACC0309,2025-06-15,111592.93,BigBasket
TXN010400,ACC0468,2025-05-11,83444.79,Zomato
TXN004829,ACC0333,2025-03-04,96190.93,Flipkart
TXN018298,ACC0181,2025-07-25,19156.03,Zomato
TXN013030,ACC0486,2025-04-19,31662.31,Swiggy
TXN000143,ACC0156,2025-01-04,31810.58,Zomato
TXN013255,ACC0328,2025-07-21,4203.31,BigBasket
TXN002963,ACC0171,2025-06-22,127242.09,BigBasket
TXN002844,ACC0315,2025-04-08,94672.41,Zomato
TXN003638,ACC0422,2025-07-27,96893.94,Flipkart
TXN011877,ACC0487,2025-03-10,140072.22,Uber
TXN006141,ACC0098,2025-01-01,55211.27,Swiggy
TXN011852,ACC0165,2025-03-05,41164.19,Swiggy
TXN002274,ACC0149,2025-01-12,143372.65,Amazon
TXN012487,ACC0082,2025-06-10,49187.4,Unknown_POS
TXN001070,ACC0233,2025-04-15,66309.21,Amazon
TXN002402,ACC0226,2025-04-04,76896.26,BigBasket
TXN002657,ACC0238,2025-04-17,122033.37,Swiggy
TXN009005,ACC0470,2025-06-02,43390.1,Zomato
TXN013409,ACC0317,2025-07-08,54805.21,Flipkart
TXN019759,ACC0045,2025-01-22,130597.72,BigBasket
TXN005681,ACC0088,2025-07-26,64508.56,Unknown_POS
TXN010613,ACC0463,2025-01-12,111448.41,Amazon
TXN019951,ACC0376,2025-01-25,8259.14,Flipkart
TXN018206,ACC0241,2025-06-28,111768.1,ATM_Withdrawal
TXN007718,ACC0364,2025-05-16,123160.7,BigBasket
TXN015173,ACC0185,2025-04-29,91402.04,Zomato
TXN001995,ACC0129,2025-01-25,90000.08,Unknown_POS
TXN015050,ACC0255,2025-01-19,136396.89,Uber
TXN004120,ACC0077,2025-01-06,49140.13,Unknown_POS
TXN013462,ACC0484,2025-07-17,105791.75,Uber
TXN012704,ACC0265,2025-01-22,28538.28,Swiggy
TXN003998,ACC0076,2025-01-11,132638.66,Zomato
TXN005315,ACC0181,2025-01-27,88184.16,Uber
TXN001932,ACC0473,2025-02-05,23096.0,BigBasket
TXN012858,ACC0409,2025-01-02,35923.1,Swiggy
TXN009903,ACC0031,2025-06-28,38851.24,Unknown_POS
TXN006352,ACC0131,2025-03-19,11304.24,Zomato
TXN019521,ACC0240,2025-04-08,36520.63,Uber
TXN013794,ACC0432,2025-04-03,64732.94,Uber
TXN014685,ACC0122,2025-05-26,50793.65,Zomato
TXN011411,ACC0217,2025-04-24,24324.39,Unknown_POS
TXN017688,ACC0348,2025-06-22,11037.67,Uber
TXN000225,ACC0038,2025-04-25,148605.56,ATM_Withdrawal
TXN004084,ACC0423,2025-05-16,43941.31,Swiggy
TXN012040,ACC0047,2025-02-15,100692.39,Swiggy
TXN019220,ACC0002,2025-03-27,132560.94,Amazon
TXN018659,ACC0475,2025-07-03,81059.79,Flipkart
TXN017936,ACC0052,2025-01-19,36997.57,BigBasket
TXN016064,ACC0173,2025-05-25,122809.91,Amazon
TXN003090,ACC0050,2025-04-12,32784.89,Flipkart
TXN019853,ACC0368,2025-04-02,78823.15,Amazon
TXN008703,ACC0457,2025-02-11,35910.83,Uber
TXN008088,ACC0457,2025-07-03,64914.66,BigBasket
TXN004868,ACC0482,2025-02-05,65389.58,Swiggy
TXN011814,ACC0459,2025-05-22,87165.27,Swiggy
TXN006624,ACC0465,2025-04-03,65170.44,Uber
TXN006944,ACC0084,2025-06-29,64224.14,Uber
TXN015201,ACC0420,2025-01-06,24392.11,Flipkart
TXN010819,ACC0441,2025-05-30,33539.74,Unknown_POS
TXN000710,ACC0436,2025-07-12,139858.86,ATM_Withdrawal
TXN016720,ACC0324,2025-03-18,136936.01,ATM_Withdrawal
TXN004452,ACC0168,2025-03-25,30384.46,Zomato
TXN000502,ACC0089,2025-02-19,131283.32,Zomato
TXN007630,ACC0313,2025-03-31,13301.43,BigBasket
TXN004289,ACC0209,2025-01-12,31833.51,BigBasket
TXN012189,ACC0340,2025-03-18,22495.86,BigBasket
TXN004877,ACC0255,2025-01-01,106560.48,Amazon
TXN006205,ACC0302,2025-07-08,90500.21,Zomato
TXN008516,ACC0405,2025-02-12,133605.08,Swiggy
TXN013284,ACC0020,2025-07-27,25699.73,Swiggy
TXN010215,ACC0466,2025-04-10,60972.68,Flipkart
TXN007870,ACC0246,2025-03-21,50743.89,Uber
TXN007821,ACC0044,2025-02-24,57337.88,ATM_Withdrawal
TXN008192,ACC0387,2025-01-18,77374.52,Flipkart
TXN016933,ACC0107,2025-06-08,21486.84,Swiggy
TXN014224,ACC0228,2025-04-09,145530.41,BigBasket
TXN007998,ACC0463,2025-07-21,70023.5,ATM_Withdrawal
TXN019546,ACC0326,2025-06-06,119330.24,Amazon
TXN017363,ACC0395,2025-06-15,117073.02,Amazon
TXN010893,ACC0214,2025-04-10,93991.65,Uber
TXN012113,ACC0446,2025-02-18,64630.35,Zomato
TXN019770,ACC0350,2025-06-21,66332.7,Uber
TXN012904,ACC0043,2025-04-17,130327.69,Swiggy
TXN001587,ACC0366,2025-04-09,106282.55,Uber
TXN005114,ACC0209,2025-02-18,29287.13,Amazon
TXN003423,ACC0308,2025-04-06,86119.05,ATM_Withdrawal
TXN012526,ACC0143,2025-04-29,24961.44,Flipkart
TXN015854,ACC0134,2025-04-14,502.94,BigBasket
TXN010891,ACC0466,2025-07-30,107872.4,Swiggy
TXN004848,ACC0284,2025-02-06,56719.2,Unknown_POS
TXN000977,ACC0325,2025-07-19,94847.43,Amazon
TXN015659,ACC0118,2025-05-06,1227.22,ATM_Withdrawal
TXN002960,ACC0029,2025-04-24,95639.85,Amazon
TXN017141,ACC0074,2025-07-12,99285.11,Zomato
TXN015578,ACC0259,2025-03-14,23473.59,Amazon
TXN014810,ACC0216,2025-04-08,55034.33,Swiggy
TXN005827,ACC0067,2025-02-21,101543.07,Unknown_POS
TXN006725,ACC0491,2025-05-22,135580.2,Amazon
TXN001215,ACC0155,2025-05-02,111935.27,Zomato
TXN013846,ACC0043,2025-03-14,37287.69,ATM_Withdrawal
TXN018603,ACC0253,2025-05-18,100990.24,Zomato
TXN016194,ACC0348,2025-07-26,69850.4,Flipkart
TXN002116,ACC0307,2025-03-23,46368.27,Flipkart
TXN002759,ACC0142,2025-06-06,82739.61,Flipkart
TXN018982,ACC0154,2025-06-06,114212.38,Uber
TXN017769,ACC0275,2025-05-07,110080.92,Uber
TXN006457,ACC0004,2025-01-14,57992.9,ATM_Withdrawal
TXN014897,ACC0113,2025-06-05,81787.54,Amazon
TXN015402,ACC0351,2025-04-15,121346.13,Uber
TXN011317,ACC0130,2025-05-08,65314.51,Zomato
TXN010088,ACC0073,2025-06-30,45774.95,BigBasket
TXN007107,ACC0026,2025-03-09,105956.25,ATM_Withdrawal
TXN003919,ACC0100,2025-03-21,138301.69,Swiggy
TXN013028,ACC0104,2025-07-27,106349.88,Unknown_POS
TXN003035,ACC0336,2025-04-14,120542.36,Amazon
TXN007514,ACC0417,2025-05-07,39781.67,ATM_Withdrawal
TXN009923,ACC0030,2025-01-06,36897.29,Zomato
TXN002576,ACC0201,2025-04-11,15240.58,Uber
TXN007192,ACC0306,2025-02-14,79825.15,Unknown_POS
TXN013585,ACC0116,2025-02-16,103115.37,Zomato
TXN008794,ACC0305,2025-06-05,42176.26,Unknown_POS
TXN010622,ACC0432,2025-02-15,73194.97,Uber
TXN013691,ACC0462,2025-03-18,46941.46,Zomato
TXN001075,ACC0092,2025-02-11,100829.97,Swiggy
TXN018360,ACC0041,2025-07-13,41877.09,Zomato
TXN006477,ACC0422,2025-06-05,71370.78,ATM_Withdrawal
TXN013316,ACC0445,2025-06-01,74550.72,Swiggy
TXN019055,ACC0153,2025-03-26,102846.71,Flipkart
TXN014544,ACC0199,2025-05-26,117108.73,Zomato
TXN013377,ACC0031,2025-05-11,104912.12,Swiggy
TXN015385,ACC0415,2025-05-25,92179.99,Flipkart
TXN014028,ACC0202,2025-07-05,26590.41,Swiggy
TXN003142,ACC0245,2025-06-08,135005.6,BigBasket
TXN014439,ACC0425,2025-05-25,101263.27,Zomato
TXN001481,ACC0338,2025-05-22,102821.86,ATM_Withdrawal
TXN008850,ACC0381,2025-07-25,31188.52,Zomato
TXN002922,ACC0320,2025-04-30,89188.45,Flipkart
TXN009214,ACC0383,2025-02-22,118783.93,Uber
TXN002326,ACC0220,2025-05-16,50259.87,Swiggy
TXN005029,ACC0357,2025-01-27,36592.7,Zomato
TXN018558,ACC0063,2025-03-26,111810.21,BigBasket
TXN015051,ACC0096,2025-03-06,101352.67,Zomato
TXN004717,ACC0353,2025-01-24,49132.63,Uber
TXN017866,ACC0103,2025-06-02,34570.01,Unknown_POS
TXN004582,ACC0064,2025-04-03,92156.96,ATM_Withdrawal
TXN016220,ACC0262,2025-07-04,31654.55,BigBasket
TXN015665,ACC0219,2025-04-30,143272.09,Uber
TXN012561,ACC0052,2025-02-22,33239.77,Swiggy
TXN019344,ACC0277,2025-07-23,39832.02,Zomato
TXN000556,ACC0086,2025-01-17,123585.38,Uber
TXN000888,ACC0425,2025-04-07,33127.83,Flipkart
TXN003157,ACC0354,2025-07-03,68437.1,Amazon
TXN010043,ACC0485,2025-02-26,139916.62,Amazon
TXN011828,ACC0321,2025-01-11,103632.65,Zomato
TXN009342,ACC0419,2025-07-28,10518.88,Flipkart
TXN006180,ACC0187,2025-03-05,1392.79,Uber
TXN018881,ACC0433,2025-03-04,102793.75,Zomato
TXN011640,ACC0184,2025-04-19,38966.26,Amazon
TXN013599,ACC0421,2025-02-21,89245.2,Amazon
TXN016197,ACC0325,2025-05-27,119758.23,Uber
TXN015666,ACC0217,2025-03-11,149481.25,Zomato
TXN013385,ACC0281,2025-03-05,111004.97,Unknown_POS
TXN006745,ACC0291,2025-06-04,40852.69,Amazon
TXN014253,ACC0224,2025-05-17,93467.79,Swiggy
TXN009217,ACC0417,2025-05-22,107555.33,Flipkart
TXN010652,ACC0208,2025-05-31,137511.31,Amazon
TXN012527,ACC0366,2025-06-27,133613.22,Flipkart
TXN014733,ACC0349,2025-03-24,142987.29,Uber
TXN012086,ACC0007,2025-04-05,104035.57,BigBasket
TXN015831,ACC0309,2025-02-17,104616.8,Amazon
TXN009655,ACC0336,2025-05-21,46068.9,Zomato
TXN013422,ACC0054,2025-01-29,110846.69,ATM_Withdrawal
TXN014673,ACC0411,2025-07-30,24332.15,Uber
TXN009914,ACC0412,2025-04-29,66374.46,Swiggy
TXN004357,ACC0177,2025-04-13,16351.56,Flipkart
TXN011274,ACC0384,2025-06-11,149040.66,Zomato
TXN017447,ACC0194,2025-02-10,41421.67,Flipkart
TXN010686,ACC0313,2025-01-13,107582.96,Uber
TXN014080,ACC0310,2025-06-22,144549.82,Flipkart
TXN011613,ACC0042,2025-06-20,45187.06,Amazon
TXN015316,ACC0262,2025-06-18,48183.15,Swiggy
TXN012282,ACC0164,2025-03-07,39423.25,ATM_Withdrawal
TXN003031,ACC0078,2025-03-14,46698.26,ATM_Withdrawal
TXN011080,ACC0197,2025-06-15,28103.59,BigBasket
TXN018601,ACC0468,2025-06-18,145776.86,ATM_Withdrawal
TXN009535,ACC0115,2025-03-23,131874.65,BigBasket
TXN014126,ACC0112,2025-05-11,49546.86,BigBasket
TXN007483,ACC0461,2025-03-26,120240.52,Flipkart
TXN013761,ACC0084,2025-07-03,42458.05,BigBasket
TXN007322,ACC0383,2025-03-15,123483.49,Amazon
TXN014652,ACC0236,2025-05-05,33831.81,Amazon
TXN016329,ACC0379,2025-01-18,25963.31,BigBasket
TXN013165,ACC0234,2025-02-08,133839.62,Zomato
TXN006702,ACC0473,2025-07-15,59101.31,BigBasket
TXN015713,ACC0021,2025-05-18,130808.76,Swiggy
TXN004310,ACC0392,2025-04-17,145852.77,Amazon
TXN013149,ACC0461,2025-07-15,63644.06,Swiggy
TXN013568,ACC0163,2025-01-18,118434.45,Swiggy
TXN000866,ACC0108,2025-02-12,59586.99,Flipkart
TXN014831,ACC0150,2025-06-03,13036.26,Uber
TXN013208,ACC0322,2025-07-17,101243.08,Amazon
TXN017682,ACC0269,2025-01-21,121169.4,Flipkart
TXN013951,ACC0235,2025-02-13,24937.11,ATM_Withdrawal
TXN019852,ACC0488,2025-04-26,122108.71,Uber
TXN013554,ACC0141,2025-04-01,28569.44,Flipkart
TXN005231,ACC0075,2025-02-27,7209.25,BigBasket
TXN001312,ACC0144,2025-02-04,16710.84,ATM_Withdrawal
TXN011542,ACC0075,2025-03-28,15759.58,Swiggy
TXN000148,ACC0158,2025-03-08,53978.71,ATM_Withdrawal
TXN005432,ACC0058,2025-04-16,69333.4,Uber
TXN009890,ACC0500,2025-07-24,15922.67,Amazon
TXN019081,ACC0084,2025-02-10,56681.46,BigBasket
TXN004508,ACC0368,2025-04-23,144054.57,ATM_Withdrawal
TXN010658,ACC0404,2025-02-08,26107.83,Amazon
TXN017351,ACC0025,2025-03-30,101951.11,Swiggy
TXN004460,ACC0316,2025-05-16,142198.87,Flipkart
TXN014849,ACC0277,2025-03-11,117994.39,Swiggy
TXN006097,ACC0474,2025-06-28,25082.23,Flipkart
TXN012350,ACC0121,2025-03-11,149221.15,Flipkart
TXN003743,ACC0278,2025-06-13,14533.25,Zomato
TXN009150,ACC0045,2025-07-03,140674.84,BigBasket
TXN014668,ACC0354,2025-05-19,108952.66,BigBasket
TXN018772,ACC0117,2025-03-21,42543.25,Unknown_POS
TXN011709,ACC0370,2025-02-08,1829.22,Uber
TXN015950,ACC0003,2025-02-24,78501.56,Uber
TXN002538,ACC0418,2025-05-18,148435.28,Amazon
TXN010247,ACC0461,2025-01-16,99856.94,Zomato
TXN003296,ACC0343,2025-03-29,114502.24,Uber
TXN015576,ACC0444,2025-05-20,48811.7,Swiggy
TXN005984,ACC0176,2025-06-09,147898.25,Flipkart
TXN001033,ACC0311,2025-05-26,91873.69,Zomato
TXN010823,ACC0193,2025-02-21,103238.18,Zomato
TXN018240,ACC0057,2025-07-07,143470.66,Amazon
TXN005933,ACC0455,2025-03-29,102803.37,Amazon
TXN008729,ACC0074,2025-07-27,139957.64,ATM_Withdrawal
TXN010826,ACC0071,2025-03-13,115407.55,ATM_Withdrawal
TXN011562,ACC0253,2025-03-15,77074.2,BigBasket
TXN009422,ACC0008,2025-07-01,114342.94,Uber
TXN005594,ACC0070,2025-05-06,147020.38,Amazon
TXN013291,ACC0275,2025-04-04,25462.36,Amazon
TXN003278,ACC0245,2025-05-07,112320.4,Zomato
TXN017738,ACC0182,2025-01-10,35371.51,Flipkart
TXN017333,ACC0109,2025-01-21,59686.78,Flipkart
TXN015895,ACC0187,2025-05-31,11295.39,Uber
TXN008697,ACC0264,2025-06-21,139118.45,Uber
TXN000980,ACC0026,2025-06-22,109750.21,Unknown_POS
TXN010283,ACC0014,2025-04-28,120798.86,BigBasket
TXN001143,ACC0441,2025-06-07,38745.01,BigBasket
TXN007533,ACC0336,2025-06-18,63428.83,Zomato
TXN000506,ACC0326,2025-02-01,102192.1,Zomato
TXN013173,ACC0322,2025-06-18,23566.1,Amazon
TXN015096,ACC0221,2025-01-30,122293.76,ATM_Withdrawal
TXN001568,ACC0189,2025-02-16,59054.45,Unknown_POS
TXN005733,ACC0353,2025-05-10,22873.52,Swiggy
TXN000067,ACC0003,2025-05-21,146687.71,Swiggy
TXN017468,ACC0404,2025-01-23,112005.88,Amazon
TXN014954,ACC0144,2025-01-11,100311.55,Swiggy
TXN003118,ACC0444,2025-05-14,149330.41,Unknown_POS
TXN012488,ACC0080,2025-02-13,23021.11,Zomato
TXN007515,ACC0495,2025-07-17,128810.59,Uber
TXN012892,ACC0308,2025-02-13,131489.36,Zomato
TXN011433,ACC0024,2025-01-11,6262.62,Uber
TXN006225,ACC0330,2025-03-25,124931.85,Unknown_POS
TXN009643,ACC0182,2025-07-28,135241.74,Flipkart
TXN009786,ACC0408,2025-05-11,86504.9,Unknown_POS
TXN018253,ACC0432,2025-03-14,20451.09,Amazon
TXN011781,ACC0478,2025-05-03,36612.97,BigBasket
TXN011477,ACC0221,2025-03-08,42625.14,BigBasket
TXN012605,ACC0212,2025-06-11,13970.76,Amazon
TXN011854,ACC0063,2025-04-19,19063.16,ATM_Withdrawal
TXN016575,ACC0365,2025-04-18,77269.41,Amazon
TXN009375,ACC0445,2025-03-16,131652.25,Swiggy
TXN015720,ACC0241,2025-05-18,27243.64,ATM_Withdrawal
TXN004303,ACC0292,2025-06-08,118855.17,Zomato
TXN008806,ACC0172,2025-06-03,109844.65,ATM_Withdrawal
TXN011307,ACC0165,2025-01-09,68255.27,Swiggy
TXN004561,ACC0019,2025-03-17,85803.98,Unknown_POS
TXN013955,ACC0017,2025-01-22,72947.57,Unknown_POS
TXN018972,ACC0262,2025-07-12,59194.72,Flipkart
TXN010425,ACC0359,2025-03-07,4550.43,Zomato
TXN016583,ACC0021,2025-05-14,115496.08,BigBasket
TXN013091,ACC0194,2025-02-05,65739.81,Zomato
TXN002748,ACC0440,2025-05-17,69552.21,Uber
TXN014208,ACC0217,2025-03-21,40601.26,Flipkart
TXN006271,ACC0061,2025-05-19,41479.9,Amazon
TXN009565,ACC0129,2025-04-27,48913.19,BigBasket
TXN019462,ACC0021,2025-01-25,145030.32,Flipkart
TXN014343,ACC0304,2025-06-27,12799.1,ATM_Withdrawal
TXN002709,ACC0255,2025-05-10,33825.49,BigBasket
TXN008328,ACC0497,2025-07-23,85708.96,BigBasket
TXN015478,ACC0424,2025-07-25,23882.18,Unknown_POS
TXN006480,ACC0285,2025-03-10,16471.91,BigBasket
TXN001324,ACC0232,2025-05-07,36114.7,Amazon
TXN016313,ACC0049,2025-04-14,120777.54,BigBasket
TXN019230,ACC0390,2025-02-28,4874.0,Amazon
TXN005110,ACC0355,2025-05-16,61667.77,BigBasket
TXN011548,ACC0473,2025-06-16,2698.35,Swiggy
TXN007792,ACC0399,2025-01-22,145057.45,Zomato
TXN006393,ACC0104,2025-05-22,143911.78,Flipkart
TXN002253,ACC0365,2025-04-18,37082.95,Amazon
TXN012777,ACC0321,2025-02-10,65584.64,Amazon
TXN018700,ACC0148,2025-01-12,40252.2,Swiggy
TXN005489,ACC0317,2025-03-30,83374.97,BigBasket
TXN011497,ACC0140,2025-02-03,130616.42,BigBasket
TXN013281,ACC0497,2025-02-23,36883.47,BigBasket
TXN003404,ACC0397,2025-01-19,92096.88,Unknown_POS
TXN013352,ACC0165,2025-07-27,89752.74,ATM_Withdrawal
TXN004251,ACC0006,2025-02-17,31345.1,Amazon
TXN015479,ACC0163,2025-04-10,144213.93,Unknown_POS
TXN017231,ACC0230,2025-04-24,146324.14,Uber
TXN011273,ACC0392,2025-07-12,29351.93,ATM_Withdrawal
TXN003258,ACC0073,2025-03-05,26644.89,Amazon
TXN003667,ACC0487,2025-02-09,143165.43,Swiggy
TXN004994,ACC0235,2025-04-05,53090.78,Swiggy
TXN011628,ACC0459,2025-07-02,39591.48,Amazon
TXN005814,ACC0453,2025-02-09,114095.91,BigBasket
TXN004093,ACC0069,2025-02-25,41518.53,Flipkart
TXN002614,ACC0026,2025-03-06,20700.93,Uber
TXN012920,ACC0423,2025-02-16,51460.59,Unknown_POS
TXN019963,ACC0407,2025-05-27,13960.3,Flipkart
TXN002658,ACC0015,2025-03-14,68589.49,Unknown_POS
TXN002225,ACC0056,2025-04-23,98459.13,ATM_Withdrawal
TXN003670,ACC0013,2025-06-21,107225.59,Unknown_POS
TXN000071,ACC0334,2025-05-27,34871.42,Amazon
TXN010341,ACC0481,2025-03-17,127497.9,Zomato
TXN003811,ACC0156,2025-05-18,90814.12,Uber
TXN015154,ACC0120,2025-04-02,31666.1,Swiggy
TXN001400,ACC0135,2025-03-18,143406.19,ATM_Withdrawal
TXN012177,ACC0495,2025-07-04,37842.08,Zomato
TXN001634,ACC0048,2025-01-11,77025.55,ATM_Withdrawal
TXN000362,ACC0189,2025-02-21,43774.68,Uber
TXN011570,ACC0282,2025-06-25,142611.22,Uber
TXN006376,ACC0096,2025-05-24,138237.83,BigBasket
TXN017707,ACC0094,2025-03-12,62323.69,Zomato
TXN001418,ACC0007,2025-02-05,77749.7,BigBasket
TXN007304,ACC0288,2025-04-04,130710.66,Amazon
TXN000776,ACC0296,2025-05-14,17718.4,Amazon
TXN007600,ACC0165,2025-02-27,5896.77,Amazon
TXN006793,ACC0145,2025-05-05,108113.56,Flipkart
TXN015571,ACC0344,2025-02-25,22940.95,Uber
TXN004044,ACC0109,2025-02-12,28562.05,ATM_Withdrawal
TXN008058,ACC0457,2025-02-26,36978.68,ATM_Withdrawal
TXN009304,ACC0438,2025-04-16,41107.31,ATM_Withdrawal
TXN005938,ACC0401,2025-04-24,65013.02,Zomato
TXN002329,ACC0139,2025-05-08,99276.67,Uber
TXN002843,ACC0364,2025-02-15,5869.97,Uber
TXN009933,ACC0251,2025-01-27,37214.6,Unknown_POS
TXN000037,ACC0304,2025-03-28,76121.88,ATM_Withdrawal
TXN002294,ACC0370,2025-07-10,103232.9,Uber
TXN004815,ACC0122,2025-05-26,118862.7,Swiggy
TXN011610,ACC0168,2025-07-10,63543.54,Swiggy
TXN006843,ACC0345,2025-02-28,69725.64,Flipkart
TXN010419,ACC0317,2025-04-01,95434.84,Swiggy
TXN000051,ACC0236,2025-05-17,51381.94,BigBasket
TXN000260,ACC0285,2025-02-12,73471.82,Swiggy
TXN006782,ACC0020,2025-06-13,74922.59,Flipkart
TXN012618,ACC0050,2025-04-10,37136.26,ATM_Withdrawal
TXN011439,ACC0379,2025-06-28,127852.36,Amazon
TXN016012,ACC0128,2025-05-01,18918.5,BigBasket
TXN016112,ACC0143,2025-04-05,113577.88,ATM_Withdrawal
TXN002967,ACC0099,2025-07-14,75253.78,Uber
TXN007358,ACC0109,2025-06-11,120128.26,BigBasket
TXN009789,ACC0265,2025-01-06,71741.7,Amazon
TXN003210,ACC0072,2025-07-17,115497.39,BigBasket
TXN018546,ACC0239,2025-04-30,41281.62,ATM_Withdrawal
TXN011860,ACC0176,2025-05-28,98690.27,Zomato
TXN009891,ACC0380,2025-01-10,68357.01,Swiggy
TXN009667,ACC0192,2025-03-01,35351.49,BigBasket
TXN005407,ACC0334,2025-01-12,63402.67,BigBasket
TXN005287,ACC0418,2025-05-05,25635.57,Amazon
TXN006064,ACC0415,2025-01-18,71033.55,BigBasket
TXN003637,ACC0161,2025-06-04,132487.86,Zomato
TXN005877,ACC0227,2025-01-27,4146.1,Zomato
TXN002351,ACC0245,2025-06-02,130578.02,Amazon
TXN003191,ACC0391,2025-04-17,900.6,Unknown_POS
TXN001010,ACC0463,2025-03-22,72725.09,Flipkart
TXN018204,ACC0101,2025-05-19,105534.8,Zomato
TXN010334,ACC0319,2025-03-31,90679.06,Zomato
TXN016235,ACC0165,2025-03-25,42623.54,Amazon
TXN004934,ACC0350,2025-04-10,8144.81,Swiggy
TXN005736,ACC0073,2025-01-09,79655.22,Flipkart
TXN008990,ACC0349,2025-06-25,109136.26,Swiggy
TXN000445,ACC0376,2025-04-18,145366.82,Unknown_POS
TXN009998,ACC0084,2025-05-22,56697.08,Flipkart
TXN014163,ACC0319,2025-03-14,3515.95,Swiggy
TXN009042,ACC0203,2025-02-10,112048.62,Amazon
TXN001449,ACC0286,2025-07-04,6139.25,BigBasket
TXN006694,ACC0492,2025-04-14,55670.4,BigBasket
TXN017560,ACC0043,2025-05-10,98760.14,Amazon
TXN017038,ACC0121,2025-03-29,531.61,Unknown_POS
TXN006689,ACC0127,2025-04-22,112565.61,ATM_Withdrawal
TXN012531,ACC0055,2025-02-04,10871.35,Flipkart
TXN001384,ACC0163,2025-06-04,90781.42,Amazon
TXN016061,ACC0302,2025-07-14,25308.31,Unknown_POS
TXN017106,ACC0474,2025-04-11,12073.5,ATM_Withdrawal
TXN004962,ACC0018,2025-01-16,61163.18,ATM_Withdrawal
TXN009423,ACC0300,2025-07-09,17313.54,BigBasket
TXN001409,ACC0075,2025-03-23,69183.54,Swiggy
TXN002275,ACC0407,2025-06-27,28569.13,Unknown_POS
TXN009178,ACC0177,2025-04-29,77921.78,Unknown_POS
TXN009965,ACC0413,2025-04-04,120358.91,ATM_Withdrawal
TXN005582,ACC0338,2025-02-04,125755.96,Zomato
TXN004272,ACC0122,2025-05-07,140342.07,Unknown_POS
TXN013052,ACC0141,2025-04-18,148815.18,Uber
TXN015268,ACC0497,2025-06-03,103222.91,Zomato
TXN001586,ACC0499,2025-06-27,59663.33,Zomato
TXN002331,ACC0442,2025-02-08,116678.72,Swiggy
TXN016704,ACC0160,2025-02-06,87218.39,ATM_Withdrawal
TXN013182,ACC0454,2025-05-07,98535.07,Amazon
TXN001361,ACC0191,2025-03-15,115473.97,Amazon
TXN006082,ACC0047,2025-04-11,108930.64,Zomato
TXN011065,ACC0188,2025-05-22,133425.61,Zomato
TXN017777,ACC0220,2025-07-09,24844.86,Swiggy
TXN010677,ACC0364,2025-01-27,14128.4,Swiggy
TXN017814,ACC0128,2025-04-18,139439.63,Uber
TXN010365,ACC0473,2025-04-30,119210.09,Unknown_POS
TXN017806,ACC0253,2025-01-26,95644.31,Unknown_POS
TXN001808,ACC0276,2025-01-21,118106.42,Flipkart
TXN008696,ACC0195,2025-06-05,1573.37,Uber
TXN008818,ACC0133,2025-06-27,35346.08,Uber
TXN001408,ACC0433,2025-03-08,24468.94,Amazon
TXN004266,ACC0483,2025-02-25,91004.92,Swiggy
TXN015234,ACC0140,2025-04-10,17700.59,Zomato
TXN004393,ACC0480,2025-01-27,103027.79,Unknown_POS
TXN015046,ACC0361,2025-02-18,48874.69,Swiggy
TXN012076,ACC0082,2025-04-27,63846.65,BigBasket
TXN010465,ACC0470,2025-06-25,134657.84,Amazon
TXN016518,ACC0454,2025-06-24,80278.88,Uber
TXN013427,ACC0375,2025-07-26,44051.08,Swiggy
TXN019806,ACC0209,2025-01-28,19041.46,Unknown_POS
TXN001915,ACC0171,2025-02-20,101282.34,Uber
TXN019297,ACC0331,2025-01-16,32292.76,ATM_Withdrawal
TXN015249,ACC0384,2025-02-21,11771.86,BigBasket
TXN004297,ACC0393,2025-06-09,85928.65,Unknown_POS
TXN016249,ACC0342,2025-01-02,89770.59,ATM_Withdrawal
TXN002562,ACC0124,2025-01-05,134120.0,Swiggy
TXN003480,ACC0292,2025-01-04,142290.98,BigBasket
TXN008554,ACC0246,2025-04-30,97347.19,Amazon
TXN013345,ACC0283,2025-02-18,90.03,ATM_Withdrawal
TXN000651,ACC0184,2025-07-28,67916.55,Zomato
TXN013856,ACC0354,2025-04-22,117949.85,Unknown_POS
TXN012250,ACC0269,2025-04-20,142307.55,ATM_Withdrawal
TXN003978,ACC0356,2025-05-02,121550.1,BigBasket
TXN002001,ACC0258,2025-05-31,105709.14,Amazon
TXN002522,ACC0141,2025-04-18,17932.89,ATM_Withdrawal
TXN019635,ACC0084,2025-02-04,24960.29,Zomato
TXN000796,ACC0100,2025-01-09,117604.72,Zomato
TXN019744,ACC0016,2025-06-24,120431.31,Uber
TXN017311,ACC0415,2025-03-26,39443.47,Zomato
TXN014295,ACC0293,2025-06-05,94115.92,Flipkart
TXN010566,ACC0017,2025-05-29,36082.29,Unknown_POS
TXN003374,ACC0281,2025-02-09,100144.82,Uber
TXN019038,ACC0089,2025-02-25,70655.4,Zomato
TXN019205,ACC0462,2025-02-16,86095.67,Swiggy
TXN019643,ACC0423,2025-02-28,87402.67,Uber
TXN016903,ACC0139,2025-07-02,144559.21,Zomato
TXN019530,ACC0173,2025-07-27,127341.82,ATM_Withdrawal
TXN007241,ACC0486,2025-02-14,142842.63,Zomato
TXN011425,ACC0482,2025-01-30,2511.6,Uber
TXN007866,ACC0280,2025-03-01,113413.0,Uber
TXN019645,ACC0178,2025-06-14,11527.39,Swiggy
TXN009136,ACC0064,2025-05-01,148384.81,Unknown_POS
TXN004767,ACC0284,2025-03-31,146056.75,Swiggy
TXN009697,ACC0400,2025-07-11,88971.04,Uber
TXN012202,ACC0045,2025-01-16,34036.98,Unknown_POS
TXN010833,ACC0396,2025-02-11,107302.72,Unknown_POS
TXN015088,ACC0093,2025-02-17,57210.58,Uber
TXN011727,ACC0485,2025-07-15,101475.7,Swiggy
TXN012629,ACC0196,2025-02-13,49667.54,Amazon
TXN013045,ACC0265,2025-01-28,168.61,Flipkart
TXN017467,ACC0174,2025-01-11,8623.01,BigBasket
TXN018710,ACC0340,2025-07-10,65204.84,ATM_Withdrawal
TXN007858,ACC0061,2025-03-27,138344.91,Flipkart
TXN005738,ACC0240,2025-02-28,118460.81,BigBasket
TXN012421,ACC0176,2025-07-09,77855.84,BigBasket
TXN019253,ACC0176,2025-07-21,77229.66,Uber
TXN019504,ACC0121,2025-06-07,80503.68,Zomato
TXN007927,ACC0209,2025-05-19,145027.03,Swiggy
TXN018170,ACC0488,2025-04-20,136280.01,Uber
TXN011393,ACC0187,2025-02-20,111261.06,BigBasket
TXN015687,ACC0192,2025-07-26,113221.95,Unknown_POS
TXN019400,ACC0253,2025-05-19,51074.26,Zomato
TXN004436,ACC0092,2025-03-29,58392.03,Swiggy
TXN008469,ACC0300,2025-03-04,106568.66,BigBasket
TXN011529,ACC0445,2025-01-31,130702.04,Zomato
TXN013643,ACC0198,2025-07-17,103700.52,Swiggy
TXN006852,ACC0291,2025-06-13,7373.4,Uber
TXN017964,ACC0138,2025-01-03,4233.53,BigBasket
TXN000617,ACC0287,2025-07-16,92982.71,ATM_Withdrawal
TXN016978,ACC0071,2025-03-10,89740.74,Uber
TXN016971,ACC0471,2025-01-02,72142.68,Zomato
TXN010717,ACC0264,2025-02-18,21289.98,Zomato
TXN003087,ACC0392,2025-01-06,112720.69,Uber
TXN009050,ACC0108,2025-03-26,130173.82,Unknown_POS
TXN005094,ACC0137,2025-02-16,57751.65,Uber
TXN014162,ACC0203,2025-06-30,98355.82,Flipkart
TXN002443,ACC0268,2025-07-15,50407.2,Swiggy
TXN013683,ACC0147,2025-05-03,124854.17,Flipkart
TXN018779,ACC0028,2025-05-01,142311.41,Unknown_POS
TXN017995,ACC0390,2025-07-07,43119.78,Swiggy
TXN010340,ACC0432,2025-02-24,123133.27,Swiggy
TXN014993,ACC0255,2025-03-29,130859.55,Amazon
TXN010060,ACC0218,2025-07-20,131829.05,Unknown_POS
TXN013200,ACC0353,2025-05-05,134636.07,Uber
TXN002738,ACC0424,2025-01-22,9005.02,Unknown_POS
TXN017359,ACC0052,2025-06-30,116756.01,ATM_Withdrawal
TXN015737,ACC0143,2025-02-12,107156.9,Uber
TXN008698,ACC0383,2025-06-21,64713.59,Zomato
TXN011622,ACC0444,2025-01-30,14087.76,Uber
TXN011919,ACC0335,2025-02-07,4172.82,Zomato
TXN010210,ACC0224,2025-04-01,51504.97,ATM_Withdrawal
TXN006445,ACC0291,2025-07-18,119527.13,Zomato
TXN019542,ACC0027,2025-04-09,30021.12,BigBasket
TXN004689,ACC0315,2025-01-11,132056.12,Swiggy
TXN014124,ACC0183,2025-06-18,112873.76,BigBasket
TXN007430,ACC0019,2025-06-12,143523.69,Zomato
TXN001477,ACC0017,2025-02-15,83522.15,Uber
TXN000606,ACC0385,2025-05-06,48129.04,BigBasket
TXN018217,ACC0320,2025-07-11,88123.85,Flipkart
TXN019142,ACC0432,2025-03-25,20801.7,Amazon
TXN011513,ACC0500,2025-05-28,43464.84,Zomato
TXN003973,ACC0316,2025-05-15,10798.91,Uber
TXN003019,ACC0362,2025-03-04,114470.27,Flipkart
TXN013997,ACC0192,2025-06-23,72710.23,Swiggy
TXN002913,ACC0289,2025-06-16,24933.55,Uber
TXN015870,ACC0278,2025-07-10,59580.19,Flipkart
TXN003759,ACC0233,2025-04-08,112370.38,Zomato
TXN018584,ACC0218,2025-04-24,76939.11,Swiggy
TXN016562,ACC0180,2025-05-18,38015.24,Amazon
TXN011800,ACC0060,2025-07-06,59064.1,ATM_Withdrawal
TXN006035,ACC0493,2025-05-29,54227.91,Zomato
TXN001708,ACC0484,2025-01-08,66414.67,Amazon
TXN011546,ACC0272,2025-03-16,5023.21,BigBasket
TXN009801,ACC0259,2025-04-17,105667.19,Unknown_POS
TXN019395,ACC0472,2025-02-26,73414.03,Unknown_POS
TXN010902,ACC0178,2025-06-13,139523.22,Amazon
TXN016416,ACC0447,2025-03-17,72013.52,BigBasket
TXN018541,ACC0222,2025-06-16,32080.22,Unknown_POS
TXN010863,ACC0108,2025-01-06,86514.14,BigBasket
TXN018031,ACC0342,2025-02-13,134013.92,Uber
TXN019846,ACC0221,2025-02-13,146923.61,ATM_Withdrawal
TXN011864,ACC0295,2025-01-30,3972.38,BigBasket
TXN008629,ACC0459,2025-03-05,77414.08,Amazon
TXN007843,ACC0257,2025-04-10,122097.67,Zomato
TXN001112,ACC0191,2025-04-26,124427.15,Uber
TXN014023,ACC0401,2025-06-07,124360.07,Flipkart
TXN006298,ACC0348,2025-01-02,71433.52,Uber
TXN009470,ACC0019,2025-05-15,86384.27,BigBasket
TXN008560,ACC0499,2025-01-18,13784.03,Amazon
TXN007239,ACC0470,2025-07-30,18800.15,Unknown_POS
TXN000845,ACC0403,2025-05-05,45040.13,Amazon
TXN018244,ACC0325,2025-02-16,105337.27,BigBasket
TXN008097,ACC0023,2025-01-21,137473.27,Unknown_POS
TXN008496,ACC0289,2025-04-24,56209.99,BigBasket
TXN002754,ACC0064,2025-03-20,85287.74,BigBasket
TXN003650,ACC0064,2025-01-14,130167.27,ATM_Withdrawal
TXN012486,ACC0139,2025-07-26,43257.8,Flipkart
TXN000068,ACC0209,2025-06-17,140258.06,ATM_Withdrawal
TXN002404,ACC0135,2025-06-24,6449.2,Amazon
TXN000935,ACC0314,2025-03-14,48423.88,BigBasket
TXN011535,ACC0441,2025-03-23,86991.32,Flipkart
TXN000622,ACC0024,2025-02-12,73888.7,Unknown_POS
TXN014185,ACC0287,2025-02-05,44223.53,Zomato
TXN004395,ACC0038,2025-05-27,20854.68,Unknown_POS
TXN013696,ACC0083,2025-03-28,142194.09,Unknown_POS
TXN018113,ACC0360,2025-02-04,130843.18,Uber
TXN009341,ACC0401,2025-01-14,106321.4,Uber
TXN011118,ACC0077,2025-06-30,102829.01,BigBasket
TXN007812,ACC0166,2025-02-10,120775.35,Flipkart
TXN003852,ACC0433,2025-04-15,33184.97,ATM_Withdrawal
TXN008033,ACC0169,2025-06-06,79146.85,Uber
TXN006083,ACC0165,2025-07-19,88515.46,Amazon
TXN004279,ACC0165,2025-07-10,31967.37,Swiggy
TXN013098,ACC0156,2025-04-13,126728.31,Unknown_POS
TXN001041,ACC0034,2025-02-15,139069.13,ATM_Withdrawal
TXN005895,ACC0244,2025-04-17,103759.7,BigBasket
TXN018406,ACC0394,2025-07-12,43211.29,Flipkart
TXN005053,ACC0336,2025-01-10,66174.24,Unknown_POS
TXN018744,ACC0260,2025-06-21,137722.01,Amazon
TXN006045,ACC0205,2025-03-13,60064.98,Unknown_POS
TXN012245,ACC0467,2025-06-18,36952.35,Swiggy
TXN001268,ACC0482,2025-06-23,130536.49,Swiggy
TXN019791,ACC0195,2025-02-14,60205.49,ATM_Withdrawal
TXN000389,ACC0347,2025-03-18,39062.01,Swiggy
TXN001959,ACC0123,2025-02-10,41102.75,Uber
TXN008685,ACC0088,2025-05-21,51691.42,ATM_Withdrawal
TXN005227,ACC0386,2025-06-05,36406.59,Uber
TXN007492,ACC0101,2025-03-24,76846.73,Zomato
TXN018610,ACC0207,2025-02-03,42107.25,Zomato
TXN015071,ACC0493,2025-05-04,68141.44,Uber
TXN019187,ACC0053,2025-01-09,42794.75,Amazon
TXN004682,ACC0232,2025-05-11,46893.43,Flipkart
TXN018496,ACC0421,2025-01-06,24300.28,Swiggy
TXN007499,ACC0269,2025-04-07,113860.05,Amazon
TXN012653,ACC0013,2025-04-22,88685.09,Flipkart
TXN013431,ACC0031,2025-04-28,6063.13,Uber
TXN000547,ACC0141,2025-02-23,114190.93,Swiggy
TXN006598,ACC0117,2025-07-21,114493.07,Uber
TXN011011,ACC0027,2025-07-06,63450.17,Amazon
TXN002076,ACC0002,2025-04-27,130587.7,Unknown_POS
TXN005176,ACC0169,2025-04-20,40779.3,Flipkart
TXN001392,ACC0074,2025-02-23,45519.51,BigBasket
TXN011875,ACC0235,2025-07-27,48599.2,BigBasket
TXN003271,ACC0081,2025-01-26,2290.02,Zomato
TXN010911,ACC0260,2025-06-21,135074.99,Flipkart
TXN002107,ACC0489,2025-04-08,86558.68,Amazon
TXN002052,ACC0056,2025-06-12,85913.12,BigBasket
TXN007762,ACC0441,2025-02-07,80484.18,BigBasket
TXN005913,ACC0384,2025-02-03,68343.48,Zomato
TXN018023,ACC0229,2025-07-04,93034.82,Flipkart
TXN014203,ACC0079,2025-03-02,137764.78,Zomato
TXN010154,ACC0056,2025-01-29,120155.66,Uber
TXN017352,ACC0054,2025-05-25,78980.06,Amazon
TXN015685,ACC0167,2025-06-17,90393.28,ATM_Withdrawal
TXN004808,ACC0157,2025-03-22,72212.07,Swiggy
TXN015238,ACC0267,2025-07-14,59498.16,Zomato
TXN014696,ACC0180,2025-02-01,73605.44,Zomato
TXN007436,ACC0321,2025-07-30,81287.81,Zomato
TXN009560,ACC0128,2025-07-24,13093.94,Unknown_POS
TXN016440,ACC0465,2025-05-14,35331.14,Unknown_POS
TXN009237,ACC0062,2025-05-29,124357.58,Zomato
TXN007086,ACC0343,2025-02-02,43550.23,Amazon
TXN008193,ACC0484,2025-05-24,95041.54,Uber
TXN015557,ACC0073,2025-05-15,3924.9,ATM_Withdrawal
TXN002783,ACC0311,2025-05-01,98896.7,ATM_Withdrawal
TXN009944,ACC0162,2025-02-23,65816.32,BigBasket
TXN008576,ACC0399,2025-07-04,31717.82,Uber
TXN014932,ACC0283,2025-07-04,119480.26,Swiggy
TXN006663,ACC0007,2025-04-14,5034.39,Swiggy
TXN009542,ACC0472,2025-07-10,120070.04,Flipkart
TXN013808,ACC0113,2025-06-28,3488.52,Unknown_POS
TXN001885,ACC0190,2025-07-27,55883.92,Swiggy
TXN015511,ACC0452,2025-03-10,79618.1,Zomato
TXN010970,ACC0048,2025-01-22,38131.13,ATM_Withdrawal
TXN012810,ACC0280,2025-06-30,117220.04,Flipkart
TXN015706,ACC0297,2025-07-01,93093.76,Flipkart
TXN004979,ACC0113,2025-07-22,33237.29,BigBasket
TXN014115,ACC0008,2025-07-19,132532.44,Swiggy
TXN019893,ACC0301,2025-02-25,138598.51,Flipkart
TXN004218,ACC0209,2025-03-18,23831.0,Zomato
TXN007082,ACC0047,2025-05-07,103916.36,Unknown_POS
TXN011850,ACC0215,2025-07-25,38233.77,ATM_Withdrawal
TXN017567,ACC0410,2025-05-06,91609.24,Swiggy
TXN013364,ACC0143,2025-03-18,11207.81,Uber
TXN009785,ACC0113,2025-05-23,98651.77,Swiggy
TXN018595,ACC0369,2025-05-09,42935.78,Amazon
TXN007925,ACC0064,2025-02-03,83107.1,Unknown_POS
TXN009455,ACC0173,2025-05-23,36136.91,Uber
TXN008691,ACC0333,2025-01-10,44011.09,Flipkart
TXN007101,ACC0373,2025-01-01,121440.86,Uber
TXN018795,ACC0383,2025-03-28,146983.5,Unknown_POS
TXN000061,ACC0110,2025-02-21,124201.36,Uber
TXN018527,ACC0269,2025-06-27,91009.66,BigBasket
TXN012661,ACC0112,2025-02-12,144495.3,Zomato
TXN015430,ACC0205,2025-05-07,122551.62,Unknown_POS
TXN000494,ACC0144,2025-05-06,128742.31,Flipkart
TXN004391,ACC0045,2025-04-11,101828.13,BigBasket
TXN004487,ACC0217,2025-04-25,134835.37,ATM_Withdrawal
TXN011212,ACC0284,2025-06-10,94767.83,Swiggy
TXN015883,ACC0004,2025-03-10,117916.01,Swiggy
TXN007994,ACC0304,2025-01-27,51583.47,BigBasket
TXN011663,ACC0354,2025-02-24,71396.97,Flipkart
TXN003216,ACC0203,2025-07-26,72979.31,Amazon
TXN000332,ACC0486,2025-07-22,59726.35,Uber
TXN016365,ACC0104,2025-01-02,91462.38,Swiggy
TXN002321,ACC0352,2025-07-03,123426.59,Flipkart
TXN008439,ACC0146,2025-06-17,34877.32,ATM_Withdrawal
TXN011111,ACC0415,2025-07-25,88716.77,Amazon
TXN012993,ACC0279,2025-03-05,16004.21,Zomato
TXN002809,ACC0078,2025-01-02,89053.32,BigBasket
TXN014623,ACC0436,2025-03-18,35090.42,Unknown_POS
TXN015141,ACC0234,2025-01-05,118156.98,Unknown_POS
TXN007788,ACC0102,2025-07-22,64294.02,Zomato
TXN000677,ACC0491,2025-01-11,102398.58,BigBasket
TXN012369,ACC0058,2025-04-01,130154.97,ATM_Withdrawal
TXN005374,ACC0354,2025-01-17,6868.55,Swiggy
TXN005435,ACC0195,2025-03-16,116472.04,Amazon
TXN004862,ACC0185,2025-03-27,76598.99,Flipkart
TXN004372,ACC0464,2025-04-29,111150.42,ATM_Withdrawal
TXN008788,ACC0014,2025-02-20,99337.45,Flipkart
TXN019692,ACC0062,2025-02-10,115784.43,BigBasket
TXN010783,ACC0325,2025-06-09,130896.02,ATM_Withdrawal
TXN012624,ACC0411,2025-05-30,63521.56,BigBasket
TXN004552,ACC0312,2025-01-30,21820.35,Amazon
TXN003321,ACC0072,2025-04-13,18564.54,Swiggy
TXN008248,ACC0356,2025-02-09,40993.29,ATM_Withdrawal
TXN017905,ACC0279,2025-05-01,44412.03,Flipkart
TXN018870,ACC0451,2025-07-15,35028.62,Flipkart
TXN014294,ACC0170,2025-05-09,129561.42,Uber
TXN016348,ACC0353,2025-02-21,143163.67,BigBasket
TXN003799,ACC0430,2025-06-10,54290.29,Zomato
TXN011378,ACC0339,2025-01-12,66581.37,Swiggy
TXN002494,ACC0444,2025-04-04,17262.53,Zomato
TXN014586,ACC0326,2025-05-15,7607.67,ATM_Withdrawal
TXN017117,ACC0313,2025-03-08,35897.93,Swiggy
TXN007953,ACC0319,2025-07-03,135539.87,Unknown_POS
TXN001541,ACC0244,2025-06-24,36989.69,Uber
TXN007588,ACC0281,2025-07-03,114826.13,Amazon
TXN005431,ACC0411,2025-06-05,120307.3,Uber
TXN017365,ACC0249,2025-03-12,26640.68,Flipkart
TXN006043,ACC0495,2025-01-06,139768.05,Swiggy
TXN006686,ACC0220,2025-07-23,796.23,Uber
TXN019767,ACC0339,2025-07-05,21834.92,Amazon
TXN004939,ACC0225,2025-03-22,117750.79,BigBasket
TXN017188,ACC0243,2025-05-09,73621.89,Zomato
TXN006412,ACC0426,2025-02-10,2118.32,Amazon
TXN019968,ACC0126,2025-06-10,73190.56,ATM_Withdrawal
TXN004437,ACC0207,2025-05-31,33286.74,Zomato
TXN010026,ACC0351,2025-06-26,68107.58,BigBasket
TXN013686,ACC0286,2025-01-29,124006.59,BigBasket
TXN012279,ACC0080,2025-05-14,24572.53,Flipkart
TXN013783,ACC0371,2025-06-01,52393.79,Flipkart
TXN019352,ACC0178,2025-02-13,123090.61,Amazon
TXN015899,ACC0367,2025-03-20,76370.28,BigBasket
TXN009354,ACC0210,2025-01-09,27900.14,ATM_Withdrawal
TXN006987,ACC0358,2025-02-22,57209.53,BigBasket
TXN006208,ACC0364,2025-05-07,67668.42,Swiggy
TXN017242,ACC0251,2025-03-01,131960.77,Flipkart
TXN010650,ACC0217,2025-03-06,20015.41,Amazon
TXN009724,ACC0379,2025-02-15,118.24,Swiggy
TXN015983,ACC0088,2025-01-10,87061.84,Swiggy
TXN003284,ACC0390,2025-02-03,49225.2,BigBasket
TXN006958,ACC0440,2025-01-29,21492.03,Amazon
TXN019994,ACC0409,2025-03-03,94535.71,Unknown_POS
TXN013848,ACC0494,2025-04-06,50405.76,Swiggy
TXN019740,ACC0320,2025-06-12,136112.09,Swiggy
TXN004454,ACC0419,2025-04-18,71404.55,Flipkart
TXN017997,ACC0301,2025-06-08,51646.07,Flipkart
TXN013188,ACC0170,2025-03-30,149168.99,BigBasket
TXN005069,ACC0485,2025-04-28,146117.54,Swiggy
TXN003669,ACC0010,2025-05-11,114842.22,ATM_Withdrawal
TXN015988,ACC0109,2025-01-13,109476.92,ATM_Withdrawal
TXN015962,ACC0301,2025-03-18,100175.9,Amazon
TXN002264,ACC0099,2025-06-30,66893.18,Flipkart
TXN002690,ACC0257,2025-04-01,53504.95,Swiggy
TXN014955,ACC0499,2025-03-07,21085.87,Flipkart
TXN018184,ACC0354,2025-05-13,59509.17,Zomato
TXN014128,ACC0098,2025-01-30,141085.47,Swiggy
TXN000205,ACC0087,2025-02-05,40374.4,Uber
TXN004162,ACC0143,2025-03-22,39071.29,Zomato
TXN002989,ACC0107,2025-03-29,104963.09,Uber
TXN009180,ACC0259,2025-05-02,67776.19,Uber
TXN014376,ACC0316,2025-04-18,82977.68,Uber
TXN000019,ACC0098,2025-07-15,23943.39,ATM_Withdrawal
TXN010108,ACC0224,2025-02-17,131254.2,BigBasket
TXN006031,ACC0305,2025-01-03,118219.75,Unknown_POS
TXN012887,ACC0273,2025-01-03,137572.6,Swiggy
TXN013041,ACC0156,2025-06-29,131967.3,Amazon
TXN019508,ACC0423,2025-04-11,99751.27,ATM_Withdrawal
TXN000073,ACC0479,2025-01-10,149575.91,Unknown_POS
TXN003214,ACC0347,2025-06-30,38890.92,Amazon
TXN019620,ACC0137,2025-07-07,56455.86,BigBasket
TXN004267,ACC0038,2025-03-03,67721.23,BigBasket
TXN001778,ACC0031,2025-06-07,144170.44,Swiggy
TXN004236,ACC0352,2025-06-13,8675.64,Uber
TXN019720,ACC0159,2025-02-16,71185.96,ATM_Withdrawal
TXN012862,ACC0274,2025-05-07,72072.3,Amazon
TXN005441,ACC0149,2025-05-22,90294.31,Amazon
TXN012056,ACC0415,2025-01-16,92843.47,Swiggy
TXN018762,ACC0446,2025-04-28,39344.31,Flipkart
TXN006283,ACC0068,2025-02-21,8371.29,Zomato
TXN018500,ACC0092,2025-05-19,37259.38,BigBasket
TXN003329,ACC0196,2025-03-07,16969.99,ATM_Withdrawal
TXN002160,ACC0128,2025-03-18,6972.63,Uber
TXN019057,ACC0371,2025-02-25,32042.19,Flipkart
TXN014494,ACC0302,2025-01-04,41660.31,BigBasket
TXN014478,ACC0381,2025-02-22,143256.8,Flipkart
TXN016902,ACC0074,2025-02-27,50145.08,Unknown_POS
TXN012377,ACC0345,2025-01-13,82448.15,Uber
TXN005135,ACC0001,2025-03-15,54570.41,ATM_Withdrawal
TXN015225,ACC0328,2025-07-19,24288.14,Unknown_POS
TXN008180,ACC0195,2025-06-23,57128.23,Flipkart
TXN012182,ACC0423,2025-01-04,138242.05,ATM_Withdrawal
TXN017757,ACC0102,2025-03-08,118675.87,Unknown_POS
TXN002392,ACC0050,2025-07-26,2290.52,Uber
TXN008061,ACC0159,2025-01-26,126777.82,Swiggy
TXN001059,ACC0362,2025-04-26,95129.16,Flipkart
TXN005994,ACC0338,2025-07-09,131909.96,Uber
TXN006922,ACC0201,2025-05-03,93928.23,ATM_Withdrawal
TXN007428,ACC0330,2025-02-21,47779.99,BigBasket
TXN018364,ACC0303,2025-06-22,147138.7,Amazon
TXN018038,ACC0422,2025-07-18,99996.26,Uber
TXN010991,ACC0226,2025-05-23,137583.98,Unknown_POS
TXN010302,ACC0240,2025-02-15,28905.92,Zomato
TXN012174,ACC0103,2025-07-02,11720.1,Swiggy
TXN004410,ACC0014,2025-06-07,67828.36,Unknown_POS
TXN011624,ACC0150,2025-06-29,120904.63,Uber
TXN007070,ACC0023,2025-01-18,59574.97,Swiggy
TXN000151,ACC0161,2025-04-16,6905.03,Zomato
TXN004707,ACC0359,2025-03-08,89202.35,Amazon
TXN010842,ACC0047,2025-07-17,119138.13,Swiggy
TXN015038,ACC0429,2025-01-15,126973.71,BigBasket
TXN017549,ACC0142,2025-04-09,4136.97,Flipkart
TXN002706,ACC0178,2025-01-19,142488.67,Flipkart
TXN013624,ACC0245,2025-05-03,57394.7,Uber
TXN000204,ACC0293,2025-05-14,25478.96,Unknown_POS
TXN000662,ACC0096,2025-02-14,110275.17,Flipkart
TXN012304,ACC0437,2025-07-25,81532.15,ATM_Withdrawal
TXN008603,ACC0450,2025-07-14,6030.49,Swiggy
TXN016156,ACC0384,2025-02-04,6528.49,Uber
TXN019433,ACC0317,2025-07-04,58314.79,Uber
TXN018784,ACC0472,2025-03-21,91664.37,Amazon
TXN000167,ACC0275,2025-03-15,2620.53,Unknown_POS
TXN013356,ACC0222,2025-02-12,89121.49,Swiggy
TXN011066,ACC0500,2025-05-13,4851.73,BigBasket
TXN016098,ACC0294,2025-06-07,2724.79,Flipkart
TXN011494,ACC0369,2025-02-09,124676.72,Zomato
TXN007789,ACC0189,2025-06-22,119347.77,Unknown_POS
TXN015267,ACC0246,2025-06-11,40950.1,Swiggy
TXN000090,ACC0082,2025-04-14,102926.74,Uber
TXN014618,ACC0492,2025-03-24,38595.94,Uber
TXN013625,ACC0001,2025-02-04,33700.49,ATM_Withdrawal
TXN007245,ACC0075,2025-04-05,91190.62,Zomato
TXN011043,ACC0070,2025-02-12,127235.51,ATM_Withdrawal
TXN007272,ACC0192,2025-02-20,8519.13,Uber
TXN002727,ACC0460,2025-02-26,66559.1,Uber
TXN005208,ACC0440,2025-03-26,5002.29,Unknown_POS
TXN018507,ACC0336,2025-03-30,140256.08,Unknown_POS
TXN001549,ACC0440,2025-04-24,58301.23,Unknown_POS
TXN009368,ACC0061,2025-01-08,122809.55,Uber
TXN015497,ACC0354,2025-06-26,551.7,Zomato
TXN012210,ACC0300,2025-07-24,65119.24,Uber
TXN012499,ACC0008,2025-03-20,104117.78,ATM_Withdrawal
TXN009736,ACC0378,2025-07-25,45637.46,Swiggy
TXN001707,ACC0212,2025-04-15,134714.89,BigBasket
TXN015855,ACC0080,2025-01-21,145958.97,Zomato
TXN013420,ACC0269,2025-07-17,1439.79,Unknown_POS
TXN011967,ACC0110,2025-04-27,32000.53,ATM_Withdrawal
TXN013263,ACC0231,2025-02-23,16423.89,Zomato
TXN007032,ACC0092,2025-05-03,113104.77,Unknown_POS
TXN012659,ACC0320,2025-02-11,84501.27,Swiggy
TXN002740,ACC0228,2025-01-12,33706.05,Unknown_POS
TXN015828,ACC0106,2025-04-12,141604.45,ATM_Withdrawal
TXN011651,ACC0330,2025-04-19,134188.64,Uber
TXN015925,ACC0066,2025-03-23,87400.72,Zomato
TXN014402,ACC0153,2025-04-08,47734.38,Amazon
TXN018137,ACC0036,2025-06-05,104190.93,Flipkart
TXN009989,ACC0253,2025-07-01,131118.57,Swiggy
TXN011537,ACC0007,2025-05-09,63064.85,Swiggy
TXN006014,ACC0326,2025-05-09,117852.24,BigBasket
TXN017290,ACC0417,2025-02-06,139769.08,Amazon
TXN002561,ACC0076,2025-04-29,131435.63,Flipkart
TXN002535,ACC0015,2025-02-27,7222.74,Amazon
TXN014912,ACC0106,2025-01-05,136657.1,Flipkart
TXN017915,ACC0389,2025-05-31,100269.45,Flipkart
TXN012047,ACC0368,2025-03-03,68678.96,Zomato
TXN002199,ACC0484,2025-01-24,24808.71,Amazon
TXN009905,ACC0061,2025-05-09,69504.72,Amazon
TXN003807,ACC0222,2025-06-03,4685.56,Flipkart
TXN014243,ACC0371,2025-01-14,34471.32,ATM_Withdrawal
TXN019590,ACC0402,2025-05-11,14343.88,Uber
TXN019455,ACC0052,2025-07-15,24188.82,Amazon
TXN015798,ACC0274,2025-01-16,99596.61,ATM_Withdrawal
TXN009849,ACC0057,2025-02-21,18337.71,BigBasket
TXN015075,ACC0490,2025-03-17,40701.43,Unknown_POS
TXN003653,ACC0203,2025-02-15,49025.24,Amazon
TXN005542,ACC0474,2025-03-26,121642.23,Uber
TXN001261,ACC0377,2025-02-18,21034.45,Zomato
TXN013674,ACC0226,2025-01-11,148035.92,ATM_Withdrawal
TXN004141,ACC0475,2025-05-06,122568.96,Zomato
TXN003747,ACC0217,2025-04-02,99254.68,Amazon
TXN018169,ACC0190,2025-03-02,31706.51,Zomato
TXN001213,ACC0028,2025-06-14,39696.1,Flipkart
TXN001421,ACC0426,2025-02-18,119276.26,Flipkart
TXN008633,ACC0209,2025-01-31,138172.23,Flipkart
TXN006322,ACC0012,2025-06-05,39380.73,Swiggy
TXN005409,ACC0439,2025-06-17,121992.14,Zomato
TXN012157,ACC0454,2025-07-05,38808.85,ATM_Withdrawal
TXN014789,ACC0007,2025-07-02,71034.84,Unknown_POS
TXN016205,ACC0246,2025-01-17,32951.65,Flipkart
TXN010036,ACC0416,2025-06-08,136044.6,ATM_Withdrawal
TXN019966,ACC0172,2025-05-17,34080.6,Zomato
TXN014896,ACC0486,2025-02-20,61.69,Amazon
TXN005570,ACC0106,2025-04-08,113641.02,Swiggy
TXN001296,ACC0142,2025-01-14,29098.16,Swiggy
TXN010965,ACC0490,2025-06-09,114442.8,BigBasket
TXN014184,ACC0366,2025-03-16,84239.98,Amazon
TXN014574,ACC0406,2025-07-25,141023.51,Unknown_POS
TXN016749,ACC0310,2025-07-29,132818.56,ATM_Withdrawal
TXN006827,ACC0085,2025-07-16,96487.12,Swiggy
TXN010950,ACC0135,2025-01-27,22239.57,Flipkart
TXN015700,ACC0157,2025-02-17,16610.97,Amazon
TXN014651,ACC0151,2025-02-26,2318.82,Swiggy
TXN012300,ACC0270,2025-02-12,59995.58,Swiggy
TXN018984,ACC0199,2025-04-30,100476.31,Unknown_POS
TXN013936,ACC0343,2025-03-31,19034.55,Unknown_POS
TXN001045,ACC0369,2025-03-22,59152.9,Amazon
TXN004708,ACC0280,2025-05-19,143466.09,Amazon
TXN004158,ACC0223,2025-02-28,104968.15,Swiggy
TXN002403,ACC0192,2025-01-22,102346.02,ATM_Withdrawal
TXN006157,ACC0266,2025-06-13,134743.22,Flipkart
TXN000002,ACC0258,2025-06-14,25336.95,Swiggy
TXN002779,ACC0337,2025-07-05,22553.7,Flipkart
TXN001838,ACC0321,2025-06-10,14554.08,ATM_Withdrawal
TXN009445,ACC0061,2025-02-09,49517.32,Zomato
TXN009970,ACC0441,2025-04-03,38029.51,BigBasket
TXN016221,ACC0007,2025-04-24,35472.72,Uber
TXN002410,ACC0056,2025-01-22,27081.99,Flipkart
TXN008398,ACC0142,2025-05-17,88154.78,Zomato
TXN010597,ACC0275,2025-03-09,79631.73,Flipkart
TXN004982,ACC0430,2025-06-23,7006.91,Zomato
TXN001767,ACC0491,2025-05-26,78286.98,ATM_Withdrawal
TXN019861,ACC0360,2025-03-11,125460.79,BigBasket
TXN015704,ACC0479,2025-07-08,133633.01,Uber
TXN008254,ACC0284,2025-04-27,99584.03,Uber
TXN004008,ACC0276,2025-07-13,68492.63,Uber
TXN004532,ACC0067,2025-02-08,4260.35,Flipkart
TXN000607,ACC0497,2025-03-13,7600.09,Zomato
TXN010045,ACC0253,2025-06-16,52464.81,ATM_Withdrawal
TXN007156,ACC0033,2025-06-14,76101.01,Amazon
TXN000333,ACC0322,2025-07-02,75182.29,Unknown_POS
TXN009107,ACC0308,2025-04-21,83267.98,Flipkart
TXN008656,ACC0469,2025-06-19,78520.57,Unknown_POS
TXN001812,ACC0430,2025-07-16,121789.86,Amazon
TXN001891,ACC0472,2025-01-12,114474.2,Zomato
TXN002121,ACC0359,2025-07-08,7932.32,Swiggy
TXN006558,ACC0265,2025-03-12,106650.71,Uber
TXN010772,ACC0374,2025-06-24,34278.98,Swiggy
TXN012347,ACC0318,2025-04-15,120912.7,ATM_Withdrawal
TXN019414,ACC0043,2025-01-20,134308.69,ATM_Withdrawal
TXN019758,ACC0263,2025-07-06,68875.06,Flipkart
TXN016120,ACC0044,2025-04-29,149608.22,ATM_Withdrawal
TXN015525,ACC0173,2025-03-28,6189.11,Unknown_POS
TXN018153,ACC0022,2025-02-22,54410.35,Unknown_POS
TXN018940,ACC0134,2025-01-27,99303.27,ATM_Withdrawal
TXN012109,ACC0245,2025-02-22,91481.11,Uber
TXN000686,ACC0443,2025-06-25,63660.21,Flipkart
TXN004496,ACC0194,2025-07-09,1266.82,Flipkart
TXN016956,ACC0366,2025-06-25,32754.79,Zomato
TXN001158,ACC0059,2025-06-01,89431.52,BigBasket
TXN013458,ACC0346,2025-06-01,19292.91,Zomato
TXN010647,ACC0254,2025-06-10,7689.99,Zomato
TXN016869,ACC0138,2025-07-29,3192.28,Uber
TXN017804,ACC0492,2025-04-25,22400.16,Amazon
TXN016530,ACC0281,2025-04-26,106189.5,ATM_Withdrawal
TXN018372,ACC0021,2025-06-20,3049.51,Uber
TXN005448,ACC0427,2025-07-10,149226.78,BigBasket
TXN017203,ACC0292,2025-04-11,80975.46,Unknown_POS
TXN014983,ACC0479,2025-03-03,35579.56,Amazon
TXN006520,ACC0019,2025-07-01,121892.08,Unknown_POS
TXN007616,ACC0208,2025-05-18,21252.23,Swiggy
TXN001630,ACC0263,2025-02-21,73468.97,Unknown_POS
TXN014741,ACC0454,2025-04-04,33292.57,Zomato
TXN014525,ACC0030,2025-07-14,76761.92,BigBasket
TXN016591,ACC0477,2025-06-14,51675.18,Unknown_POS
TXN017626,ACC0482,2025-05-12,365.13,ATM_Withdrawal
TXN016567,ACC0451,2025-01-09,81190.7,Uber
TXN017791,ACC0468,2025-07-15,10021.22,Zomato
TXN014296,ACC0222,2025-06-01,52149.84,BigBasket
TXN018702,ACC0403,2025-05-14,98504.55,BigBasket
TXN012195,ACC0054,2025-02-28,77538.77,ATM_Withdrawal
TXN002202,ACC0347,2025-05-11,139869.59,Swiggy
TXN012569,ACC0302,2025-03-23,131045.24,Amazon
TXN011337,ACC0225,2025-07-12,44740.93,Zomato
TXN011037,ACC0295,2025-06-30,110260.54,ATM_Withdrawal
TXN015843,ACC0191,2025-06-02,67515.37,BigBasket
TXN005301,ACC0174,2025-05-10,130837.87,Flipkart
TXN014107,ACC0439,2025-01-01,99473.7,Unknown_POS
TXN013752,ACC0018,2025-01-30,55773.49,BigBasket
TXN009418,ACC0028,2025-05-12,18633.83,Unknown_POS
TXN018410,ACC0060,2025-02-03,112294.47,Amazon
TXN010813,ACC0244,2025-03-05,118112.6,BigBasket
TXN013305,ACC0453,2025-02-23,91898.01,ATM_Withdrawal
TXN003259,ACC0066,2025-05-13,23405.96,ATM_Withdrawal
TXN007054,ACC0479,2025-01-31,101694.47,ATM_Withdrawal
TXN016392,ACC0430,2025-03-10,126999.18,Swiggy
TXN003468,ACC0035,2025-02-16,80564.11,Swiggy
TXN018960,ACC0142,2025-04-25,106230.28,Zomato
TXN014515,ACC0192,2025-07-15,91958.76,ATM_Withdrawal
TXN003722,ACC0393,2025-03-16,22187.6,ATM_Withdrawal
TXN014602,ACC0017,2025-06-28,86812.56,Unknown_POS
TXN018849,ACC0117,2025-04-22,32178.51,BigBasket
TXN014788,ACC0013,2025-02-18,30292.75,Unknown_POS
TXN015135,ACC0490,2025-04-30,26267.17,Unknown_POS
TXN001459,ACC0174,2025-02-21,89264.38,Unknown_POS
TXN010361,ACC0372,2025-03-16,24885.37,Zomato
TXN008666,ACC0107,2025-04-21,141699.55,Unknown_POS
TXN006839,ACC0376,2025-06-10,19377.48,Amazon
TXN004250,ACC0237,2025-05-09,128763.85,Amazon
TXN001944,ACC0275,2025-04-18,71763.76,Flipkart
TXN014809,ACC0313,2025-07-06,108755.94,ATM_Withdrawal
TXN018544,ACC0483,2025-03-01,97269.11,Amazon
TXN017438,ACC0219,2025-01-28,23961.46,ATM_Withdrawal
TXN001013,ACC0473,2025-05-16,45773.88,ATM_Withdrawal
TXN001988,ACC0481,2025-04-20,18164.55,Zomato
TXN002678,ACC0314,2025-03-06,17215.34,Flipkart
TXN005185,ACC0293,2025-03-04,112797.07,Unknown_POS
TXN003375,ACC0014,2025-05-07,33709.07,Zomato
TXN013468,ACC0376,2025-01-20,50347.87,Uber
TXN002150,ACC0208,2025-07-28,105126.25,Unknown_POS
TXN000489,ACC0142,2025-04-14,21620.71,Unknown_POS
TXN003034,ACC0239,2025-07-26,12441.94,Flipkart
TXN008057,ACC0102,2025-03-05,124093.96,Flipkart
TXN005396,ACC0345,2025-07-22,132420.45,Zomato
TXN018812,ACC0471,2025-06-15,71774.31,Flipkart
TXN009607,ACC0496,2025-06-26,116145.89,Zomato
TXN009747,ACC0078,2025-01-14,92911.01,Uber
TXN012273,ACC0264,2025-07-17,3065.09,Zomato
TXN012096,ACC0496,2025-07-02,140451.4,Amazon
TXN012910,ACC0189,2025-02-05,31831.96,Unknown_POS
TXN009357,ACC0247,2025-01-22,95494.51,Flipkart
TXN003608,ACC0139,2025-03-28,29703.58,ATM_Withdrawal
TXN009767,ACC0410,2025-01-11,122040.71,ATM_Withdrawal
TXN017174,ACC0212,2025-04-10,65919.06,Swiggy
TXN003533,ACC0273,2025-06-08,61481.5,ATM_Withdrawal
TXN012550,ACC0019,2025-04-30,74324.9,ATM_Withdrawal
TXN016692,ACC0109,2025-05-30,74274.21,Amazon
TXN003668,ACC0257,2025-03-23,48476.39,Unknown_POS
TXN012823,ACC0311,2025-06-06,89505.24,Amazon
TXN010642,ACC0286,2025-07-14,104972.84,Unknown_POS
TXN015150,ACC0114,2025-04-20,91985.61,BigBasket
TXN007722,ACC0497,2025-03-24,108412.1,Zomato
TXN006849,ACC0358,2025-07-16,3177.34,Uber
TXN008389,ACC0121,2025-03-31,138189.02,Amazon
TXN007504,ACC0261,2025-07-19,89682.52,Zomato
TXN013390,ACC0412,2025-07-25,95289.25,Uber
TXN004750,ACC0160,2025-04-13,20193.77,BigBasket
TXN010390,ACC0385,2025-02-10,9528.48,Zomato
TXN008294,ACC0063,2025-05-04,57691.75,Zomato
TXN008098,ACC0376,2025-01-25,127444.39,Zomato
TXN009156,ACC0093,2025-01-28,54326.73,Amazon
TXN015591,ACC0322,2025-01-18,41097.29,ATM_Withdrawal
TXN012003,ACC0393,2025-02-07,112320.55,ATM_Withdrawal
TXN008883,ACC0021,2025-03-11,131099.82,Uber
TXN014928,ACC0309,2025-03-04,98722.73,Zomato
TXN009822,ACC0455,2025-07-22,130986.84,Zomato
TXN007402,ACC0215,2025-04-13,76257.93,Flipkart
TXN013234,ACC0084,2025-02-15,86251.22,Flipkart
TXN012067,ACC0221,2025-01-16,33810.51,BigBasket
TXN011641,ACC0033,2025-05-26,9620.56,BigBasket
TXN015738,ACC0005,2025-01-05,806.81,Amazon
TXN016529,ACC0025,2025-04-29,54568.55,Swiggy
TXN003419,ACC0197,2025-03-20,4196.65,BigBasket
TXN000889,ACC0217,2025-06-10,35972.29,Uber
TXN007654,ACC0110,2025-05-11,2550.61,BigBasket
TXN003768,ACC0090,2025-04-26,44043.75,Swiggy
TXN001169,ACC0046,2025-05-30,1267.48,Unknown_POS
TXN012071,ACC0241,2025-04-06,93591.63,Amazon
TXN014092,ACC0294,2025-06-25,147016.47,Flipkart
TXN005737,ACC0255,2025-03-09,103339.63,Swiggy
TXN019408,ACC0334,2025-05-19,33504.18,Zomato
TXN001403,ACC0015,2025-01-31,114719.52,ATM_Withdrawal
TXN018967,ACC0061,2025-03-10,100484.05,ATM_Withdrawal
TXN019754,ACC0208,2025-07-09,76971.07,Uber
TXN009302,ACC0442,2025-07-29,138068.85,Uber
TXN007865,ACC0443,2025-06-04,34824.16,BigBasket
TXN008634,ACC0185,2025-04-15,83179.94,Unknown_POS
TXN006495,ACC0021,2025-02-28,14500.54,ATM_Withdrawal
TXN005024,ACC0345,2025-02-02,110371.11,Amazon
TXN014725,ACC0367,2025-03-04,112541.72,Unknown_POS
TXN016937,ACC0463,2025-01-08,45370.96,ATM_Withdrawal
TXN004931,ACC0399,2025-05-10,141213.5,Flipkart
TXN002753,ACC0186,2025-03-10,98901.53,Amazon
TXN018072,ACC0076,2025-05-27,121279.91,Flipkart
TXN011000,ACC0449,2025-04-05,29035.49,Zomato
TXN003558,ACC0172,2025-04-04,120481.75,Unknown_POS
TXN002306,ACC0371,2025-05-15,20636.83,Amazon
TXN016158,ACC0355,2025-03-10,18365.08,ATM_Withdrawal
TXN006644,ACC0357,2025-07-20,88274.61,ATM_Withdrawal
TXN005164,ACC0249,2025-06-21,47322.53,Uber
TXN016843,ACC0217,2025-03-26,16333.71,Swiggy
TXN010913,ACC0261,2025-05-31,128935.92,BigBasket
TXN002549,ACC0181,2025-05-23,125339.54,Zomato
TXN005638,ACC0149,2025-01-04,39788.96,Zomato
TXN014467,ACC0385,2025-05-18,52354.51,Uber
TXN004034,ACC0173,2025-02-01,75094.44,ATM_Withdrawal
TXN011728,ACC0445,2025-03-08,60780.6,Uber
TXN010646,ACC0477,2025-02-27,8815.35,Swiggy
TXN002119,ACC0031,2025-07-27,50005.02,Zomato
TXN004830,ACC0302,2025-05-11,113279.82,ATM_Withdrawal
TXN004706,ACC0460,2025-07-11,9846.77,Swiggy
TXN013852,ACC0319,2025-06-16,70981.22,ATM_Withdrawal
TXN018853,ACC0101,2025-07-13,138902.4,BigBasket
TXN005043,ACC0035,2025-06-08,58095.55,Swiggy
TXN018931,ACC0190,2025-05-12,27998.38,Uber
TXN012689,ACC0208,2025-04-14,34747.56,Amazon
TXN007665,ACC0253,2025-01-03,121183.87,Uber
TXN010800,ACC0137,2025-07-14,89584.97,Swiggy
TXN001073,ACC0019,2025-02-07,128081.7,Uber
TXN009020,ACC0369,2025-07-06,3484.66,ATM_Withdrawal
TXN011418,ACC0247,2025-06-18,19669.25,Amazon
TXN012039,ACC0303,2025-07-08,127112.63,Amazon
TXN006802,ACC0080,2025-04-10,60660.89,BigBasket
TXN009502,ACC0434,2025-05-23,140814.47,Unknown_POS
TXN016030,ACC0273,2025-07-04,139643.3,Unknown_POS
TXN002245,ACC0097,2025-06-01,94354.74,Swiggy
TXN006859,ACC0215,2025-06-19,84042.81,Uber
TXN001945,ACC0200,2025-02-22,19533.35,Zomato
TXN007967,ACC0043,2025-07-05,133122.67,BigBasket
TXN019656,ACC0432,2025-05-11,139648.93,Flipkart
TXN002021,ACC0147,2025-05-28,67268.27,Zomato
TXN003613,ACC0035,2025-03-24,105918.31,Uber
TXN003716,ACC0367,2025-07-10,7141.81,BigBasket
TXN002793,ACC0408,2025-03-15,51268.69,Flipkart
TXN008319,ACC0088,2025-04-02,86590.24,Swiggy
TXN001870,ACC0316,2025-03-18,62833.36,Swiggy
TXN009261,ACC0466,2025-06-26,59111.86,ATM_Withdrawal
TXN007409,ACC0416,2025-07-27,9246.57,Zomato
TXN003067,ACC0111,2025-07-14,140324.97,Uber
TXN018859,ACC0062,2025-04-20,23076.84,Swiggy
TXN013753,ACC0104,2025-07-25,94624.75,Amazon
TXN009263,ACC0267,2025-05-07,71462.33,BigBasket
TXN003818,ACC0161,2025-03-24,136087.28,Zomato
TXN003050,ACC0278,2025-03-10,26850.29,BigBasket
TXN015264,ACC0382,2025-01-27,43806.95,BigBasket
TXN005726,ACC0212,2025-04-16,4544.2,BigBasket
TXN000757,ACC0450,2025-07-04,109209.75,Uber
TXN018203,ACC0014,2025-04-11,104997.74,Unknown_POS
TXN019406,ACC0182,2025-05-03,16105.71,ATM_Withdrawal
TXN019723,ACC0348,2025-04-14,51797.23,ATM_Withdrawal
TXN018412,ACC0011,2025-04-06,130825.88,Amazon
TXN018597,ACC0500,2025-07-20,102779.72,ATM_Withdrawal
TXN004332,ACC0342,2025-05-12,65165.51,Unknown_POS
TXN018573,ACC0240,2025-04-17,104808.22,Uber
TXN018109,ACC0470,2025-05-30,114672.94,Uber
TXN016469,ACC0315,2025-04-08,118869.41,Zomato
TXN017998,ACC0495,2025-02-26,121984.6,BigBasket
TXN018440,ACC0453,2025-04-09,131791.74,BigBasket
TXN003674,ACC0261,2025-02-12,59607.36,Swiggy
TXN011761,ACC0238,2025-01-18,148815.98,Unknown_POS
TXN007653,ACC0463,2025-01-21,113062.12,Amazon
TXN008664,ACC0047,2025-07-22,110051.31,Swiggy
TXN014730,ACC0356,2025-01-16,125486.12,Zomato
TXN019385,ACC0416,2025-06-04,73867.15,Swiggy
TXN001916,ACC0155,2025-07-10,122343.94,Uber
TXN001148,ACC0310,2025-05-28,19152.73,Flipkart
TXN004665,ACC0047,2025-07-15,97210.4,Flipkart
TXN017824,ACC0445,2025-04-20,30351.74,BigBasket
TXN008991,ACC0170,2025-01-03,59448.58,Unknown_POS
TXN007349,ACC0334,2025-01-14,127204.95,ATM_Withdrawal
TXN004000,ACC0465,2025-02-21,108131.62,Unknown_POS
TXN014325,ACC0058,2025-02-24,114077.86,Flipkart
TXN018034,ACC0318,2025-05-27,32608.62,Swiggy
TXN004729,ACC0026,2025-01-07,89137.9,Uber
TXN010125,ACC0473,2025-07-23,72472.49,BigBasket
TXN000070,ACC0165,2025-03-15,96902.39,Flipkart
TXN011466,ACC0395,2025-02-11,118005.49,BigBasket
TXN000155,ACC0282,2025-06-17,141522.51,BigBasket
TXN004100,ACC0106,2025-04-10,53009.07,Zomato
TXN015393,ACC0128,2025-02-19,3220.58,BigBasket
TXN018886,ACC0102,2025-03-29,4345.88,Uber
TXN010392,ACC0436,2025-04-09,80147.81,Flipkart
TXN004259,ACC0201,2025-04-05,91480.91,BigBasket
TXN017705,ACC0036,2025-07-03,139951.28,BigBasket
TXN001057,ACC0355,2025-06-16,136079.01,Swiggy
TXN003425,ACC0417,2025-07-29,66793.71,Amazon
TXN005051,ACC0186,2025-04-03,9113.66,Uber
TXN018531,ACC0424,2025-06-13,50942.4,Unknown_POS
TXN012418,ACC0245,2025-07-14,70016.1,Swiggy
TXN014336,ACC0365,2025-02-27,53150.03,Flipkart
TXN016774,ACC0355,2025-02-03,94509.12,Uber
TXN019869,ACC0206,2025-04-04,43661.96,BigBasket
TXN014512,ACC0270,2025-07-03,112265.23,BigBasket
TXN013204,ACC0226,2025-02-03,100421.0,Amazon
TXN001358,ACC0249,2025-06-01,99895.01,ATM_Withdrawal
TXN009162,ACC0148,2025-06-19,22454.58,Swiggy
TXN002625,ACC0155,2025-03-20,12885.41,ATM_Withdrawal
TXN013734,ACC0135,2025-02-20,27905.46,Flipkart
TXN003644,ACC0041,2025-04-05,69767.68,Swiggy
TXN007976,ACC0274,2025-07-16,51281.07,Zomato
TXN001624,ACC0131,2025-02-15,36050.02,Unknown_POS
TXN000050,ACC0270,2025-04-07,47097.2,Swiggy
TXN004245,ACC0324,2025-06-23,29738.62,Zomato
TXN002675,ACC0396,2025-07-26,137594.38,Zomato
TXN018318,ACC0151,2025-05-22,123554.75,Flipkart
TXN000993,ACC0395,2025-03-20,25429.83,BigBasket
TXN003054,ACC0128,2025-02-14,12652.83,Flipkart
TXN016227,ACC0083,2025-01-19,70448.39,Unknown_POS
TXN000197,ACC0047,2025-01-02,141446.89,ATM_Withdrawal
TXN001843,ACC0398,2025-06-03,92954.01,Flipkart
TXN016784,ACC0067,2025-01-25,83123.38,Amazon
TXN011575,ACC0417,2025-06-11,124681.76,Swiggy
TXN019559,ACC0096,2025-02-19,133123.66,Uber
TXN009685,ACC0017,2025-05-31,21151.35,ATM_Withdrawal
TXN007386,ACC0427,2025-05-07,130153.56,Swiggy
TXN005563,ACC0069,2025-06-15,129927.63,BigBasket
TXN007053,ACC0241,2025-01-25,113620.82,Unknown_POS
TXN017631,ACC0238,2025-01-16,112032.65,Unknown_POS
TXN009167,ACC0406,2025-07-28,41610.7,Flipkart
TXN004915,ACC0020,2025-07-10,64418.58,Zomato
TXN015222,ACC0091,2025-02-21,105495.41,Flipkart
TXN001854,ACC0334,2025-06-22,117450.22,ATM_Withdrawal
TXN001186,ACC0296,2025-05-08,127028.24,Zomato
TXN015362,ACC0041,2025-02-17,7437.46,ATM_Withdrawal
TXN007471,ACC0335,2025-03-28,11532.21,Unknown_POS
TXN014712,ACC0286,2025-03-17,23017.84,ATM_Withdrawal
TXN002193,ACC0362,2025-04-28,27506.52,BigBasket
TXN008371,ACC0131,2025-04-06,41803.3,Uber
TXN003357,ACC0433,2025-05-08,128504.12,BigBasket
TXN002964,ACC0460,2025-07-01,25423.57,BigBasket
TXN007425,ACC0048,2025-06-25,95033.98,Amazon
TXN017049,ACC0387,2025-05-07,143047.17,Swiggy
TXN001606,ACC0021,2025-04-24,53510.19,ATM_Withdrawal
TXN006575,ACC0314,2025-03-23,71990.89,ATM_Withdrawal
TXN017543,ACC0081,2025-04-19,68826.87,BigBasket
TXN012592,ACC0456,2025-01-08,124269.31,Unknown_POS
TXN005549,ACC0428,2025-05-18,12013.97,BigBasket
TXN016589,ACC0372,2025-03-24,63896.85,Swiggy
TXN015338,ACC0198,2025-06-02,77097.63,Zomato
TXN012575,ACC0116,2025-05-28,38388.37,BigBasket
TXN009449,ACC0467,2025-07-18,147860.21,ATM_Withdrawal
TXN004228,ACC0343,2025-01-22,70501.32,Uber
TXN012194,ACC0342,2025-01-07,14879.03,Uber
TXN015157,ACC0441,2025-02-23,144209.45,ATM_Withdrawal
TXN008974,ACC0277,2025-01-05,134052.13,Unknown_POS
TXN007956,ACC0082,2025-05-13,74584.6,Flipkart
TXN011558,ACC0100,2025-06-08,1551.27,Swiggy
TXN000904,ACC0419,2025-04-08,124246.39,Flipkart
TXN000872,ACC0068,2025-05-15,125785.74,Amazon
TXN006469,ACC0100,2025-01-12,132290.44,Uber
TXN010245,ACC0097,2025-05-19,112603.95,Zomato
TXN009999,ACC0490,2025-02-01,144725.35,BigBasket
TXN004094,ACC0295,2025-01-01,97795.36,Flipkart
TXN011699,ACC0169,2025-04-10,72932.56,Swiggy
TXN014877,ACC0375,2025-05-06,102594.27,Unknown_POS
TXN010273,ACC0140,2025-01-18,42746.79,Unknown_POS
TXN010002,ACC0245,2025-07-18,97494.92,BigBasket
TXN000038,ACC0363,2025-05-25,45003.6,Amazon
TXN006415,ACC0453,2025-07-23,39392.7,Unknown_POS
TXN012681,ACC0237,2025-04-08,138783.97,Swiggy
TXN000576,ACC0281,2025-05-08,136557.98,ATM_Withdrawal
TXN002817,ACC0051,2025-03-30,42754.4,Flipkart
TXN004453,ACC0374,2025-02-14,54948.21,Zomato
TXN005750,ACC0268,2025-02-06,68769.27,Amazon
TXN016342,ACC0359,2025-01-30,108039.34,ATM_Withdrawal
TXN008627,ACC0094,2025-06-28,68079.08,Flipkart
TXN000093,ACC0245,2025-02-09,68274.05,BigBasket
TXN008592,ACC0108,2025-02-16,38802.64,Zomato
TXN010256,ACC0439,2025-05-16,42792.6,Flipkart
TXN001766,ACC0099,2025-06-08,81298.06,Amazon
TXN017080,ACC0038,2025-04-10,108306.21,Uber
TXN009919,ACC0126,2025-02-04,37156.71,Uber
TXN003718,ACC0279,2025-02-11,56021.46,BigBasket
TXN006177,ACC0153,2025-02-11,98661.54,BigBasket
TXN010436,ACC0481,2025-04-10,94633.77,Amazon
TXN013313,ACC0008,2025-03-27,61885.53,Unknown_POS
TXN014483,ACC0295,2025-02-10,48934.95,Unknown_POS
TXN018809,ACC0234,2025-04-21,40669.07,Swiggy
TXN005041,ACC0062,2025-07-21,4424.29,Zomato
TXN002943,ACC0365,2025-02-06,125989.42,ATM_Withdrawal
TXN015337,ACC0200,2025-05-03,94455.05,Swiggy
TXN012837,ACC0415,2025-02-03,4564.67,Uber
TXN005724,ACC0413,2025-06-20,1855.14,BigBasket
TXN001938,ACC0017,2025-06-26,90524.42,Amazon
TXN008492,ACC0267,2025-02-15,104157.42,Zomato
TXN004996,ACC0456,2025-01-07,104250.71,Swiggy
TXN007880,ACC0017,2025-03-30,61650.29,ATM_Withdrawal
TXN005325,ACC0466,2025-02-19,111018.68,Amazon
TXN002859,ACC0218,2025-04-13,39141.87,Amazon
TXN001925,ACC0161,2025-02-18,64347.51,Unknown_POS
TXN016330,ACC0412,2025-06-27,80876.73,Uber
TXN002438,ACC0488,2025-02-18,145763.09,Amazon
TXN018198,ACC0317,2025-05-31,119102.22,Uber
TXN012660,ACC0378,2025-04-15,34025.77,ATM_Withdrawal
TXN015194,ACC0101,2025-06-24,147749.76,Unknown_POS
TXN007513,ACC0261,2025-06-07,135264.24,ATM_Withdrawal
TXN001974,ACC0344,2025-07-15,1731.03,Uber
TXN012893,ACC0046,2025-07-21,135924.4,Swiggy
TXN001706,ACC0404,2025-02-28,20742.25,Unknown_POS
TXN008577,ACC0021,2025-07-23,118046.35,BigBasket
TXN014500,ACC0247,2025-01-22,92626.92,Unknown_POS
TXN008224,ACC0261,2025-03-06,77538.84,ATM_Withdrawal
TXN010201,ACC0378,2025-03-05,141252.06,Amazon
TXN014845,ACC0111,2025-03-28,26708.33,Uber
TXN006166,ACC0369,2025-06-03,132689.52,Unknown_POS
TXN001445,ACC0195,2025-04-19,32180.39,Zomato
TXN014031,ACC0070,2025-04-10,73304.47,Swiggy
TXN016625,ACC0109,2025-05-16,3780.81,Amazon
TXN007936,ACC0166,2025-07-19,21129.19,Uber
TXN002090,ACC0427,2025-06-22,149445.9,ATM_Withdrawal
TXN003853,ACC0313,2025-02-12,133788.18,Zomato
TXN003780,ACC0018,2025-03-13,65471.85,Unknown_POS
TXN009984,ACC0303,2025-03-09,85507.83,Uber
TXN019505,ACC0358,2025-05-26,4051.37,Flipkart
TXN009025,ACC0408,2025-01-15,118044.46,Amazon
TXN019398,ACC0104,2025-05-05,101028.89,BigBasket
TXN019694,ACC0311,2025-06-03,145704.24,Flipkart
TXN010185,ACC0398,2025-07-25,54831.31,Flipkart
TXN003094,ACC0215,2025-06-03,41868.01,BigBasket
TXN018912,ACC0382,2025-05-11,88530.28,Zomato
TXN019577,ACC0173,2025-03-27,66846.84,Uber
TXN010533,ACC0043,2025-06-18,73791.49,BigBasket
TXN006272,ACC0390,2025-03-05,90650.84,Swiggy
TXN001063,ACC0084,2025-02-07,26871.07,Amazon
TXN009784,ACC0298,2025-05-22,47893.44,Swiggy
TXN016565,ACC0250,2025-04-06,90954.47,Flipkart
TXN005838,ACC0405,2025-04-09,90389.6,Unknown_POS
TXN007825,ACC0263,2025-03-19,117059.43,Uber
TXN018352,ACC0206,2025-04-01,134763.98,Swiggy
TXN008400,ACC0411,2025-05-17,133639.56,Amazon
TXN006830,ACC0490,2025-05-06,83500.86,Amazon
TXN010048,ACC0156,2025-03-27,6511.96,ATM_Withdrawal
TXN006430,ACC0288,2025-03-28,34235.37,Amazon
TXN014049,ACC0378,2025-05-27,17846.09,Flipkart
TXN013270,ACC0393,2025-04-09,149072.83,ATM_Withdrawal
TXN018456,ACC0198,2025-06-15,11266.82,BigBasket
TXN003952,ACC0212,2025-07-10,60007.61,BigBasket
TXN000384,ACC0494,2025-07-17,31185.05,Uber
TXN007711,ACC0177,2025-03-04,87886.29,Unknown_POS
TXN010434,ACC0243,2025-03-05,50056.87,Zomato
TXN003904,ACC0432,2025-03-18,17374.65,Unknown_POS
TXN018095,ACC0144,2025-05-09,135859.02,BigBasket
TXN019849,ACC0006,2025-02-10,72286.49,Uber
TXN011325,ACC0471,2025-02-13,75324.69,Flipkart
TXN008942,ACC0030,2025-02-25,18794.85,Unknown_POS
TXN014288,ACC0490,2025-07-04,14433.8,Uber
TXN002002,ACC0120,2025-01-06,92471.48,Flipkart
TXN016639,ACC0356,2025-04-09,79261.86,Swiggy
TXN004924,ACC0041,2025-04-04,144140.09,Swiggy
TXN016105,ACC0407,2025-05-30,146424.61,Amazon
TXN003542,ACC0036,2025-02-15,20284.76,Uber
TXN002092,ACC0340,2025-05-19,36173.2,Zomato
TXN014341,ACC0451,2025-02-19,84392.25,Unknown_POS
TXN007760,ACC0449,2025-06-16,56145.18,Zomato
TXN013504,ACC0023,2025-04-17,93878.74,Swiggy
TXN017745,ACC0172,2025-02-07,130726.05,Flipkart
TXN013987,ACC0345,2025-04-14,72808.5,Flipkart
TXN002181,ACC0194,2025-01-27,117420.91,Flipkart
TXN006864,ACC0138,2025-03-19,69001.81,ATM_Withdrawal
TXN009266,ACC0046,2025-05-05,38562.96,Flipkart
TXN005539,ACC0328,2025-06-05,136100.22,ATM_Withdrawal
TXN019075,ACC0385,2025-03-19,51308.42,Uber
TXN014051,ACC0475,2025-04-04,129062.28,Unknown_POS
TXN006125,ACC0296,2025-06-23,134452.22,Amazon
TXN010899,ACC0236,2025-01-20,120047.92,Amazon
TXN008155,ACC0184,2025-01-26,78304.25,Unknown_POS
TXN014996,ACC0476,2025-05-26,32895.61,Swiggy
TXN011601,ACC0015,2025-05-22,11086.74,Amazon
TXN001129,ACC0008,2025-06-09,83965.88,Flipkart
TXN019172,ACC0240,2025-03-27,131389.93,Unknown_POS
TXN005949,ACC0031,2025-02-02,124575.25,Unknown_POS
TXN006392,ACC0030,2025-04-24,48574.94,Flipkart
TXN004497,ACC0267,2025-03-04,62334.43,ATM_Withdrawal
TXN018948,ACC0201,2025-04-28,135232.52,Unknown_POS
TXN019241,ACC0166,2025-07-08,106167.05,Amazon
TXN013533,ACC0107,2025-05-07,80989.01,Amazon
TXN010901,ACC0013,2025-02-13,36620.24,Amazon
TXN000243,ACC0283,2025-02-10,49681.9,Unknown_POS
TXN002902,ACC0161,2025-06-16,35399.11,ATM_Withdrawal
TXN002056,ACC0050,2025-01-18,116072.86,Unknown_POS
TXN000083,ACC0424,2025-04-20,77316.33,Flipkart
TXN000989,ACC0125,2025-01-19,39975.25,Unknown_POS
TXN008955,ACC0223,2025-03-01,32604.05,Uber
TXN016054,ACC0457,2025-06-14,134739.22,Uber
TXN005052,ACC0399,2025-07-15,117494.22,Uber
TXN005230,ACC0009,2025-05-15,113872.62,Swiggy
TXN009303,ACC0425,2025-02-24,142336.45,Zomato
TXN006244,ACC0254,2025-02-20,96372.42,Flipkart
TXN019889,ACC0277,2025-01-14,76150.53,Unknown_POS
TXN008724,ACC0353,2025-06-11,58039.07,Flipkart
TXN004152,ACC0188,2025-06-10,113500.58,Uber
TXN018411,ACC0218,2025-07-25,131050.94,Unknown_POS
TXN019948,ACC0184,2025-04-07,2702.91,Zomato
TXN014638,ACC0449,2025-01-23,17324.22,Flipkart
TXN005568,ACC0154,2025-02-24,107209.32,Zomato
TXN013016,ACC0205,2025-06-10,69202.16,BigBasket
TXN005130,ACC0402,2025-03-05,51628.21,BigBasket
TXN002491,ACC0268,2025-07-09,38212.43,Flipkart
TXN011320,ACC0199,2025-07-15,49607.61,Zomato
TXN009737,ACC0088,2025-01-22,122175.27,Flipkart
TXN012392,ACC0197,2025-04-26,128691.41,Flipkart
TXN004232,ACC0124,2025-05-23,104626.06,Swiggy
TXN017226,ACC0279,2025-07-27,79512.58,Zomato
TXN006259,ACC0046,2025-05-04,104276.72,Swiggy
TXN012425,ACC0360,2025-05-04,26537.1,Amazon
TXN005743,ACC0283,2025-06-29,49835.73,Flipkart
TXN013492,ACC0487,2025-05-31,63519.33,Flipkart
TXN007161,ACC0325,2025-05-24,2400.81,Swiggy
TXN013532,ACC0030,2025-04-28,81876.29,Amazon
TXN016907,ACC0255,2025-07-07,56090.77,Uber
TXN015246,ACC0182,2025-07-13,12680.22,Uber
TXN000974,ACC0041,2025-07-19,8435.61,BigBasket
TXN004166,ACC0408,2025-06-27,19060.5,Amazon
TXN011554,ACC0391,2025-04-11,83595.11,Swiggy
TXN014723,ACC0160,2025-01-08,25563.72,Swiggy
TXN017740,ACC0426,2025-03-17,9639.45,Zomato
TXN015518,ACC0319,2025-01-26,53659.45,Uber
TXN012186,ACC0072,2025-01-30,90004.81,ATM_Withdrawal
TXN000253,ACC0179,2025-04-01,126835.39,Swiggy
TXN000785,ACC0383,2025-02-28,67016.9,Swiggy
TXN006887,ACC0278,2025-07-16,26566.18,Flipkart
TXN004574,ACC0066,2025-07-19,104199.36,ATM_Withdrawal
TXN005404,ACC0179,2025-02-17,69189.94,Flipkart
TXN017916,ACC0325,2025-02-09,57605.91,Zomato
TXN007173,ACC0404,2025-02-23,54314.96,Uber
TXN019022,ACC0185,2025-05-21,88458.51,Flipkart
TXN012070,ACC0455,2025-01-10,57602.77,Zomato
TXN004055,ACC0062,2025-06-09,121633.85,BigBasket
TXN010770,ACC0423,2025-02-16,47061.36,ATM_Withdrawal
TXN013872,ACC0058,2025-06-04,149402.04,BigBasket
TXN013684,ACC0494,2025-01-17,51911.96,BigBasket
TXN006796,ACC0219,2025-04-10,90696.13,Zomato
TXN015121,ACC0253,2025-06-26,144056.17,Swiggy
TXN013102,ACC0191,2025-06-26,98574.7,Uber
TXN019409,ACC0405,2025-02-27,34883.98,Unknown_POS
TXN000185,ACC0291,2025-04-10,101571.39,BigBasket
TXN004502,ACC0246,2025-04-29,48161.29,BigBasket
TXN012839,ACC0276,2025-06-30,93705.7,Uber
TXN017428,ACC0458,2025-04-10,145771.19,Amazon
TXN013506,ACC0180,2025-04-05,133676.42,Uber
TXN003060,ACC0196,2025-05-12,147040.96,Flipkart
TXN002037,ACC0198,2025-05-25,24396.24,Unknown_POS
TXN014816,ACC0104,2025-05-30,70394.57,Flipkart
TXN017893,ACC0174,2025-07-10,32258.79,ATM_Withdrawal
TXN002726,ACC0129,2025-05-20,30918.85,BigBasket
TXN014958,ACC0097,2025-04-10,52560.09,Uber
TXN012819,ACC0451,2025-01-06,90119.05,Uber
TXN000660,ACC0398,2025-07-05,144645.26,Uber
TXN017407,ACC0310,2025-02-12,97406.42,Zomato
TXN001223,ACC0336,2025-05-30,58703.51,Zomato
TXN002952,ACC0311,2025-03-11,5077.55,Uber
TXN005581,ACC0195,2025-03-16,36952.6,Amazon
TXN016434,ACC0408,2025-06-27,4374.31,Uber
TXN018054,ACC0150,2025-02-05,58057.28,Uber
TXN017160,ACC0202,2025-05-06,34215.95,Swiggy
TXN000911,ACC0130,2025-05-04,95796.08,Zomato
TXN009371,ACC0226,2025-05-16,109626.12,Zomato
TXN011454,ACC0057,2025-07-09,65657.64,ATM_Withdrawal
TXN011683,ACC0138,2025-06-14,2726.54,BigBasket
TXN006243,ACC0050,2025-01-04,7821.88,ATM_Withdrawal
TXN019214,ACC0473,2025-07-19,67630.06,ATM_Withdrawal
TXN015570,ACC0495,2025-06-20,68486.42,Amazon
TXN007041,ACC0392,2025-02-27,83357.7,Swiggy
TXN016824,ACC0255,2025-05-08,28523.96,BigBasket
TXN006685,ACC0153,2025-07-17,120633.38,ATM_Withdrawal
TXN003549,ACC0263,2025-03-13,147306.36,Amazon
TXN010494,ACC0430,2025-03-11,20505.42,Unknown_POS
TXN018919,ACC0093,2025-05-03,6021.61,Zomato
TXN001030,ACC0493,2025-04-16,45537.05,Uber
TXN017540,ACC0156,2025-02-19,63090.99,Flipkart
TXN012036,ACC0088,2025-06-25,115565.47,BigBasket
TXN006661,ACC0126,2025-07-27,108236.83,BigBasket
TXN011327,ACC0149,2025-02-22,82434.81,ATM_Withdrawal
TXN012919,ACC0109,2025-03-28,131479.23,Uber
TXN013212,ACC0449,2025-03-30,68530.29,Zomato
TXN008566,ACC0361,2025-06-24,92685.15,Amazon
TXN010000,ACC0004,2025-02-04,106117.06,Swiggy
TXN012094,ACC0263,2025-01-07,53860.49,Flipkart
TXN013827,ACC0192,2025-03-28,50455.92,Uber
TXN018376,ACC0050,2025-07-13,139784.31,Amazon
TXN003725,ACC0171,2025-04-02,96837.35,ATM_Withdrawal
TXN006213,ACC0168,2025-02-21,90488.22,Zomato
TXN019729,ACC0170,2025-07-18,25424.8,Zomato
TXN010384,ACC0165,2025-03-25,107697.03,Amazon
TXN009821,ACC0072,2025-05-13,12072.74,Flipkart
TXN016969,ACC0330,2025-06-16,22120.59,Flipkart
TXN011231,ACC0335,2025-02-25,129703.53,Uber
TXN001007,ACC0035,2025-04-10,99072.91,BigBasket
TXN015307,ACC0106,2025-06-14,144478.68,Uber
TXN003222,ACC0499,2025-05-23,117099.2,Swiggy
TXN003752,ACC0131,2025-06-29,71065.94,Unknown_POS
TXN005402,ACC0103,2025-02-27,107548.59,Swiggy
TXN013086,ACC0072,2025-04-11,79263.72,Uber
TXN011313,ACC0385,2025-01-07,112088.73,BigBasket
TXN000850,ACC0177,2025-01-06,61793.55,BigBasket
TXN016612,ACC0383,2025-04-18,59908.05,Flipkart
TXN015611,ACC0339,2025-05-11,64109.98,Flipkart
TXN006152,ACC0462,2025-06-17,76674.78,BigBasket
TXN018642,ACC0294,2025-07-30,34658.34,BigBasket
TXN016403,ACC0401,2025-06-22,8449.99,Unknown_POS
TXN007651,ACC0285,2025-04-08,1417.77,Uber
TXN001660,ACC0224,2025-06-10,128735.49,Zomato
TXN000738,ACC0033,2025-03-09,55446.81,Amazon
TXN009717,ACC0471,2025-07-25,93652.17,BigBasket
TXN006884,ACC0227,2025-02-10,14926.35,Uber
TXN014105,ACC0494,2025-03-03,120697.94,Swiggy
TXN002417,ACC0032,2025-07-26,54255.84,Unknown_POS
TXN004136,ACC0330,2025-05-31,133475.74,Zomato
TXN008769,ACC0263,2025-02-09,10562.04,Zomato
TXN010982,ACC0362,2025-06-22,74562.08,BigBasket
TXN009328,ACC0496,2025-07-25,131327.26,Flipkart
TXN019173,ACC0382,2025-02-17,45211.32,ATM_Withdrawal
TXN012204,ACC0287,2025-03-21,30155.64,Flipkart
TXN012298,ACC0186,2025-03-12,40192.51,Zomato
TXN017929,ACC0436,2025-03-28,85170.22,Zomato
TXN009209,ACC0050,2025-07-27,18416.16,BigBasket
TXN014828,ACC0180,2025-05-09,93877.53,ATM_Withdrawal
TXN003085,ACC0346,2025-04-30,4483.21,Swiggy
TXN004032,ACC0489,2025-03-03,9944.04,Uber
TXN006925,ACC0070,2025-02-08,29803.45,ATM_Withdrawal
TXN015911,ACC0470,2025-01-07,85632.54,Uber
TXN005099,ACC0232,2025-05-26,61926.75,ATM_Withdrawal
TXN009447,ACC0221,2025-04-25,39562.93,Amazon
TXN016946,ACC0228,2025-01-04,111641.31,BigBasket
TXN011367,ACC0305,2025-04-14,137438.22,ATM_Withdrawal
TXN013211,ACC0008,2025-03-22,117158.78,ATM_Withdrawal
TXN001844,ACC0321,2025-04-25,86861.22,Flipkart
TXN016257,ACC0200,2025-04-20,87243.82,ATM_Withdrawal
TXN019171,ACC0174,2025-06-02,9860.15,Swiggy
TXN001340,ACC0288,2025-07-01,116047.65,Swiggy
TXN011992,ACC0388,2025-01-29,117065.04,ATM_Withdrawal
TXN013963,ACC0408,2025-05-15,120293.17,Unknown_POS
TXN002190,ACC0074,2025-04-07,85155.74,Uber
TXN005221,ACC0314,2025-04-11,52334.71,Uber
TXN016965,ACC0339,2025-02-08,119822.29,Swiggy
TXN009208,ACC0036,2025-06-02,119364.71,ATM_Withdrawal
TXN010329,ACC0348,2025-01-18,43698.76,Amazon
TXN004129,ACC0354,2025-01-20,15523.7,Swiggy
TXN005342,ACC0278,2025-01-22,21306.89,Swiggy
TXN009901,ACC0077,2025-04-21,18956.14,Uber
TXN010727,ACC0463,2025-02-27,138966.12,Zomato
TXN011251,ACC0367,2025-02-06,132542.4,BigBasket
TXN012675,ACC0374,2025-06-19,32292.38,Zomato
TXN002767,ACC0277,2025-07-03,6757.72,Zomato
TXN008606,ACC0340,2025-02-04,1347.35,BigBasket
TXN000826,ACC0252,2025-02-16,147659.98,Uber
TXN008476,ACC0475,2025-06-19,89579.96,Swiggy
TXN012045,ACC0406,2025-01-18,127492.89,Swiggy
TXN001817,ACC0414,2025-07-03,33211.09,ATM_Withdrawal
TXN001529,ACC0161,2025-06-04,44731.98,Flipkart
TXN011349,ACC0190,2025-04-09,135374.59,Flipkart
TXN015587,ACC0047,2025-04-13,51913.5,Swiggy
TXN010628,ACC0178,2025-04-02,111420.2,Flipkart
TXN002702,ACC0134,2025-02-21,50214.46,Amazon
TXN004792,ACC0435,2025-02-28,132170.43,Amazon
TXN013975,ACC0077,2025-06-06,128602.33,BigBasket
TXN019942,ACC0295,2025-06-25,42629.91,Unknown_POS
TXN002644,ACC0059,2025-01-18,55.35,Flipkart
TXN005956,ACC0187,2025-07-12,61946.85,Amazon
TXN019712,ACC0482,2025-07-07,118330.07,ATM_Withdrawal
TXN002439,ACC0190,2025-07-28,54600.98,Uber
TXN017980,ACC0012,2025-02-21,144801.04,BigBasket
TXN012252,ACC0152,2025-05-01,141466.6,Swiggy
TXN007374,ACC0138,2025-05-29,5542.81,Amazon
TXN005523,ACC0135,2025-03-29,7946.11,Amazon
TXN008602,ACC0334,2025-03-12,103992.34,Amazon
TXN014988,ACC0439,2025-05-18,103797.37,BigBasket
TXN015853,ACC0126,2025-06-15,122869.97,BigBasket
TXN007079,ACC0125,2025-07-01,75828.32,Unknown_POS
TXN003866,ACC0367,2025-03-16,134772.97,Unknown_POS
TXN016799,ACC0268,2025-04-18,78054.13,Zomato
TXN015348,ACC0279,2025-03-14,87494.98,BigBasket
TXN015082,ACC0121,2025-07-18,131072.42,Unknown_POS
TXN009856,ACC0407,2025-07-19,11559.44,ATM_Withdrawal
TXN014229,ACC0121,2025-05-23,54360.88,BigBasket
TXN008647,ACC0252,2025-05-20,127123.02,ATM_Withdrawal
TXN000861,ACC0139,2025-04-24,117157.06,BigBasket
TXN004204,ACC0321,2025-05-01,8002.86,Zomato
TXN019672,ACC0334,2025-01-30,76081.57,Swiggy
TXN013009,ACC0258,2025-06-19,38619.23,Amazon
TXN004669,ACC0238,2025-07-05,112835.88,ATM_Withdrawal
TXN014130,ACC0263,2025-02-25,134111.34,Uber
TXN019673,ACC0291,2025-03-03,7779.37,Amazon
TXN000008,ACC0329,2025-03-19,72467.58,Unknown_POS
TXN004866,ACC0050,2025-05-19,100962.49,Swiggy
TXN001206,ACC0466,2025-06-01,110858.14,ATM_Withdrawal
TXN012208,ACC0374,2025-01-20,22339.46,Unknown_POS
TXN015630,ACC0149,2025-06-25,96796.75,Swiggy
TXN008152,ACC0291,2025-05-25,144268.0,Unknown_POS
TXN014522,ACC0414,2025-06-27,133480.01,ATM_Withdrawal
TXN014396,ACC0482,2025-03-09,122005.67,BigBasket
TXN000398,ACC0063,2025-01-11,141344.99,Amazon
TXN013678,ACC0275,2025-04-05,103793.81,Zomato
TXN002526,ACC0467,2025-04-29,42690.65,Unknown_POS
TXN007420,ACC0141,2025-01-03,91922.66,Uber
TXN019296,ACC0017,2025-03-14,27583.85,Flipkart
TXN007682,ACC0473,2025-05-09,105018.03,ATM_Withdrawal
TXN002420,ACC0130,2025-06-12,26457.04,Swiggy
TXN018347,ACC0162,2025-02-28,116213.38,Swiggy
TXN007410,ACC0095,2025-07-07,35241.54,BigBasket
TXN012144,ACC0279,2025-05-27,58111.72,Amazon
TXN004426,ACC0138,2025-03-06,27424.28,Unknown_POS
TXN012048,ACC0462,2025-04-06,139065.35,BigBasket
TXN008574,ACC0343,2025-06-16,24906.24,Uber
TXN000361,ACC0168,2025-01-23,82986.05,Amazon
TXN016073,ACC0044,2025-05-15,54679.79,Unknown_POS
TXN017605,ACC0057,2025-01-21,114758.89,ATM_Withdrawal
TXN010089,ACC0398,2025-04-10,57129.58,Amazon
TXN009672,ACC0149,2025-07-10,55290.06,ATM_Withdrawal
TXN016041,ACC0115,2025-01-23,32739.48,ATM_Withdrawal
TXN008320,ACC0009,2025-07-02,109473.84,Unknown_POS
TXN014183,ACC0034,2025-05-27,137841.4,Zomato
TXN005901,ACC0399,2025-03-02,38993.25,BigBasket
TXN011679,ACC0409,2025-03-23,7364.77,Amazon
TXN012826,ACC0481,2025-03-05,8657.31,Zomato
TXN008962,ACC0423,2025-07-16,110015.69,Amazon
TXN007091,ACC0287,2025-07-16,50721.17,Zomato
TXN007337,ACC0250,2025-06-24,90522.54,Zomato
TXN001515,ACC0479,2025-05-25,109005.93,Amazon
TXN007813,ACC0473,2025-01-28,87857.85,Swiggy
TXN005552,ACC0427,2025-01-27,66821.97,Amazon
TXN014318,ACC0281,2025-04-24,26151.55,BigBasket
TXN016184,ACC0158,2025-03-10,79344.26,Amazon
TXN014205,ACC0466,2025-01-02,115564.72,Swiggy
TXN017198,ACC0234,2025-07-13,99883.25,Swiggy
TXN017058,ACC0404,2025-01-20,120245.85,Unknown_POS
TXN009522,ACC0470,2025-04-12,95598.34,ATM_Withdrawal
TXN009705,ACC0052,2025-01-23,48776.37,ATM_Withdrawal
TXN008485,ACC0298,2025-03-27,7705.71,Unknown_POS
TXN006133,ACC0274,2025-04-19,123362.66,Uber
TXN015610,ACC0320,2025-01-13,79770.41,Unknown_POS
TXN017530,ACC0487,2025-02-25,123271.54,Uber
TXN009118,ACC0355,2025-06-06,74959.5,Flipkart
TXN017426,ACC0153,2025-03-05,4044.47,Amazon
TXN002247,ACC0141,2025-02-19,139368.29,Unknown_POS
TXN012983,ACC0062,2025-01-18,27172.11,Zomato
TXN004404,ACC0452,2025-06-05,50691.26,Flipkart
TXN003026,ACC0189,2025-04-03,51010.65,Amazon
TXN016772,ACC0131,2025-07-12,132764.42,Flipkart
TXN000111,ACC0192,2025-04-08,67308.14,Unknown_POS
TXN010383,ACC0426,2025-01-11,50994.39,Zomato
TXN013994,ACC0474,2025-03-31,37052.02,Uber
TXN012529,ACC0317,2025-06-27,66142.73,Unknown_POS
TXN013477,ACC0358,2025-04-30,22304.61,Uber
TXN010585,ACC0164,2025-06-11,149861.26,Uber
TXN007741,ACC0247,2025-01-05,54278.63,Uber
TXN015936,ACC0049,2025-05-01,21139.7,Swiggy
TXN010993,ACC0168,2025-07-27,71585.3,Swiggy
TXN013012,ACC0139,2025-04-30,95675.78,Unknown_POS
TXN000842,ACC0075,2025-07-24,143874.23,Swiggy
TXN018145,ACC0241,2025-05-29,23451.28,Flipkart
TXN015604,ACC0108,2025-03-09,115755.79,BigBasket
TXN007021,ACC0302,2025-03-31,63326.2,ATM_Withdrawal
TXN009969,ACC0012,2025-03-07,3702.38,Swiggy
TXN018111,ACC0399,2025-02-06,24252.94,Unknown_POS
TXN003171,ACC0253,2025-06-11,26520.95,ATM_Withdrawal
TXN001670,ACC0217,2025-05-28,47411.73,Flipkart
TXN007138,ACC0499,2025-06-04,125400.08,Unknown_POS
TXN005298,ACC0474,2025-03-09,7554.46,BigBasket
TXN005356,ACC0091,2025-02-08,14199.46,Swiggy
TXN014438,ACC0066,2025-06-10,1936.57,Amazon
TXN002030,ACC0288,2025-06-05,72152.61,BigBasket
TXN008557,ACC0375,2025-04-24,89585.53,ATM_Withdrawal
TXN010008,ACC0100,2025-07-07,118141.16,ATM_Withdrawal
TXN013670,ACC0246,2025-04-11,25885.29,Flipkart
TXN006441,ACC0358,2025-07-05,38349.9,BigBasket
TXN014180,ACC0101,2025-02-23,123510.26,Zomato
TXN017661,ACC0272,2025-07-20,55269.45,BigBasket
TXN015632,ACC0097,2025-02-02,149137.8,Flipkart
TXN007380,ACC0079,2025-05-04,127599.18,Zomato
TXN001022,ACC0497,2025-03-21,136464.82,BigBasket
TXN006411,ACC0292,2025-01-01,126286.51,Unknown_POS
TXN005047,ACC0497,2025-04-17,126223.12,Unknown_POS
TXN008456,ACC0367,2025-07-02,75182.35,Uber
TXN016528,ACC0356,2025-03-06,8223.35,Flipkart
TXN010912,ACC0183,2025-07-21,98053.64,Amazon
TXN003515,ACC0154,2025-07-18,130523.13,Unknown_POS
TXN009151,ACC0076,2025-03-12,26937.75,Zomato
TXN013555,ACC0273,2025-01-11,26474.99,Uber
TXN017442,ACC0091,2025-04-28,52080.61,Flipkart
TXN014597,ACC0231,2025-04-19,124763.73,ATM_Withdrawal
TXN015423,ACC0049,2025-03-15,57628.05,Swiggy
TXN006123,ACC0201,2025-02-22,28063.51,Amazon
TXN011168,ACC0439,2025-05-27,95590.42,Unknown_POS
TXN004159,ACC0137,2025-07-02,78063.27,BigBasket
TXN014600,ACC0256,2025-02-19,92260.44,Amazon
TXN008464,ACC0415,2025-01-31,42747.28,ATM_Withdrawal
TXN014404,ACC0129,2025-03-02,147181.17,ATM_Withdrawal
TXN003931,ACC0113,2025-01-11,6649.81,Amazon
TXN015528,ACC0227,2025-05-13,144141.95,BigBasket
TXN005878,ACC0032,2025-05-09,69603.6,BigBasket
TXN010404,ACC0482,2025-03-05,81384.19,Flipkart
TXN016234,ACC0198,2025-07-11,31903.75,Uber
TXN003182,ACC0393,2025-05-16,70807.75,Uber
TXN011770,ACC0014,2025-06-02,36773.19,Zomato
TXN002766,ACC0009,2025-06-23,126747.39,BigBasket
TXN000161,ACC0484,2025-07-29,100248.92,Amazon
TXN017344,ACC0308,2025-05-12,128377.65,Amazon
TXN017598,ACC0433,2025-05-15,80296.82,Amazon
TXN013275,ACC0052,2025-04-29,38502.48,Amazon
TXN004648,ACC0420,2025-05-19,126645.42,Flipkart
TXN012747,ACC0110,2025-07-28,67328.65,Unknown_POS
TXN007694,ACC0180,2025-07-08,75672.31,Swiggy
TXN017036,ACC0281,2025-07-19,12245.53,Flipkart
TXN010941,ACC0291,2025-01-28,103787.66,ATM_Withdrawal
TXN011381,ACC0314,2025-03-01,106615.01,Swiggy
TXN010054,ACC0334,2025-05-22,40595.01,BigBasket
TXN014421,ACC0306,2025-06-04,83579.05,ATM_Withdrawal
TXN005659,ACC0162,2025-07-01,116032.42,Unknown_POS
TXN009990,ACC0225,2025-07-06,16015.24,Zomato
TXN009072,ACC0287,2025-01-15,57745.8,Flipkart
TXN007123,ACC0208,2025-07-27,72898.97,ATM_Withdrawal
TXN003657,ACC0078,2025-01-27,78440.95,Zomato
TXN012925,ACC0408,2025-03-27,127029.65,Zomato
TXN010035,ACC0121,2025-02-23,11354.17,BigBasket
TXN011073,ACC0187,2025-02-10,93453.03,BigBasket
TXN017892,ACC0137,2025-02-05,55813.5,ATM_Withdrawal
TXN014886,ACC0227,2025-05-11,55836.69,ATM_Withdrawal
TXN001560,ACC0329,2025-06-14,27601.76,ATM_Withdrawal
TXN019725,ACC0005,2025-01-17,100053.09,BigBasket
TXN000402,ACC0141,2025-03-13,66929.41,Swiggy
TXN000543,ACC0071,2025-02-21,51433.35,ATM_Withdrawal
TXN003016,ACC0003,2025-05-03,23941.5,Flipkart
TXN013571,ACC0023,2025-01-23,3008.77,Unknown_POS
TXN014246,ACC0089,2025-06-02,51267.93,ATM_Withdrawal
TXN003139,ACC0132,2025-06-13,34226.31,Zomato
TXN010333,ACC0096,2025-01-09,125069.89,Swiggy
TXN007451,ACC0296,2025-03-30,24505.23,BigBasket
TXN016858,ACC0044,2025-07-14,110045.81,Unknown_POS
TXN015567,ACC0289,2025-06-29,3331.66,Zomato
TXN002057,ACC0269,2025-04-17,98195.45,Unknown_POS
TXN006153,ACC0001,2025-02-21,140925.38,Amazon
TXN011949,ACC0039,2025-06-20,77093.19,Swiggy
TXN012582,ACC0437,2025-05-05,114857.27,Amazon
TXN001124,ACC0267,2025-07-16,98864.69,Uber
TXN002792,ACC0346,2025-05-30,99902.1,Uber
TXN013137,ACC0328,2025-03-23,83286.85,Swiggy
TXN001914,ACC0061,2025-01-19,54067.52,Zomato
TXN007663,ACC0243,2025-02-25,95958.73,BigBasket
TXN005106,ACC0379,2025-02-15,64970.19,ATM_Withdrawal
TXN012832,ACC0412,2025-05-29,98481.34,Zomato
TXN010357,ACC0096,2025-07-02,67657.69,Swiggy
TXN005685,ACC0465,2025-01-03,75054.97,Uber
TXN001863,ACC0076,2025-05-01,46335.73,BigBasket
TXN014417,ACC0468,2025-02-07,6582.87,Uber
TXN002539,ACC0133,2025-07-20,6509.27,Amazon
TXN019724,ACC0291,2025-03-06,41375.16,Uber
TXN007656,ACC0439,2025-05-14,88050.17,BigBasket
TXN018551,ACC0106,2025-02-19,122327.01,Uber
TXN011916,ACC0055,2025-05-19,23395.68,ATM_Withdrawal
TXN004477,ACC0452,2025-01-11,6479.1,Uber
TXN008989,ACC0494,2025-03-30,119690.28,Flipkart
TXN017276,ACC0097,2025-06-03,15119.93,ATM_Withdrawal
TXN015093,ACC0338,2025-04-06,112792.42,Zomato
TXN004211,ACC0134,2025-06-10,110006.09,Swiggy
TXN010274,ACC0158,2025-02-24,8659.78,ATM_Withdrawal
TXN017855,ACC0242,2025-02-18,139300.19,Amazon
TXN001615,ACC0202,2025-04-06,88571.26,Flipkart
TXN003013,ACC0453,2025-02-14,45227.29,Flipkart
TXN008303,ACC0454,2025-06-12,120765.94,ATM_Withdrawal
TXN001924,ACC0370,2025-07-28,69237.1,Flipkart
TXN006603,ACC0275,2025-04-14,43327.9,Zomato
TXN008752,ACC0005,2025-01-23,83075.54,Flipkart
TXN005366,ACC0227,2025-06-13,78686.39,Zomato
TXN002883,ACC0218,2025-05-12,111535.33,Uber
TXN016817,ACC0213,2025-05-25,42009.4,Zomato
TXN002982,ACC0116,2025-02-18,40956.27,Zomato
TXN018487,ACC0484,2025-02-24,111203.81,BigBasket
TXN003436,ACC0435,2025-05-14,13688.47,BigBasket
TXN013049,ACC0248,2025-02-21,124227.08,ATM_Withdrawal
TXN001345,ACC0142,2025-01-14,9552.21,BigBasket
TXN005722,ACC0389,2025-05-27,144429.77,Uber
TXN002224,ACC0220,2025-02-16,80487.29,Uber
TXN005438,ACC0449,2025-01-03,49033.72,Swiggy
TXN000270,ACC0138,2025-07-18,81488.77,BigBasket
TXN000190,ACC0497,2025-07-18,48990.18,Uber
TXN007775,ACC0266,2025-07-02,32551.98,Uber
TXN010464,ACC0439,2025-03-13,72042.05,Swiggy
TXN019024,ACC0121,2025-06-04,30847.5,Uber
TXN008692,ACC0213,2025-05-03,145661.34,Flipkart
TXN003028,ACC0331,2025-02-28,20755.08,Zomato
TXN010098,ACC0444,2025-07-04,120415.03,Amazon
TXN005892,ACC0350,2025-02-22,21615.34,Flipkart
TXN003376,ACC0126,2025-02-27,66081.37,Zomato
TXN002995,ACC0166,2025-06-29,15736.71,BigBasket
TXN004980,ACC0439,2025-01-25,10508.11,Amazon
TXN013383,ACC0146,2025-04-30,107878.37,BigBasket
TXN002894,ACC0049,2025-05-24,25429.89,ATM_Withdrawal
TXN016776,ACC0098,2025-01-23,44371.97,BigBasket
TXN016273,ACC0051,2025-01-08,60017.47,BigBasket
TXN011449,ACC0395,2025-01-11,109458.2,Uber
TXN013716,ACC0137,2025-04-25,39433.51,Zomato
TXN003008,ACC0488,2025-05-26,112789.92,Swiggy
TXN009087,ACC0022,2025-06-20,7871.71,Zomato
TXN012271,ACC0147,2025-02-22,137872.8,Uber
TXN008272,ACC0186,2025-03-24,18965.17,Amazon
TXN014426,ACC0497,2025-04-17,141630.84,Swiggy
TXN016236,ACC0046,2025-02-02,98333.24,Swiggy
TXN006018,ACC0404,2025-02-14,2747.52,Uber
TXN015981,ACC0261,2025-02-14,3248.47,ATM_Withdrawal
TXN000022,ACC0111,2025-05-30,52966.62,Amazon
TXN001039,ACC0474,2025-03-11,142532.2,Zomato
TXN014605,ACC0486,2025-07-22,106373.34,Unknown_POS
TXN008055,ACC0406,2025-06-26,52046.6,ATM_Withdrawal
TXN009665,ACC0286,2025-02-25,5988.85,Unknown_POS
TXN011276,ACC0248,2025-06-10,133031.43,BigBasket
TXN018782,ACC0019,2025-02-22,49267.93,Flipkart
TXN006828,ACC0473,2025-01-02,118742.27,Unknown_POS
TXN005586,ACC0176,2025-03-05,44283.04,Flipkart
TXN011068,ACC0194,2025-07-18,120977.99,Unknown_POS
TXN008639,ACC0053,2025-04-07,5316.73,Swiggy
TXN015217,ACC0098,2025-03-28,53331.9,Uber
TXN017603,ACC0045,2025-05-24,54878.22,Amazon
TXN003516,ACC0027,2025-02-21,32615.86,Swiggy
TXN006404,ACC0315,2025-03-22,25461.38,Uber
TXN016322,ACC0139,2025-01-20,8031.29,Flipkart
TXN006066,ACC0045,2025-05-07,92977.4,Zomato
TXN008478,ACC0432,2025-04-18,48772.91,ATM_Withdrawal
TXN006757,ACC0396,2025-01-07,7181.72,Uber
TXN009057,ACC0023,2025-07-13,35699.08,Unknown_POS
TXN001791,ACC0192,2025-05-19,147797.04,Zomato
TXN008829,ACC0092,2025-05-20,16955.34,Uber
TXN019125,ACC0428,2025-01-02,5600.35,Zomato
TXN018955,ACC0263,2025-02-22,103594.47,ATM_Withdrawal
TXN001289,ACC0268,2025-04-26,61834.1,Swiggy
TXN001452,ACC0116,2025-05-22,61121.97,Unknown_POS
TXN019261,ACC0185,2025-05-10,146597.04,Flipkart
TXN003487,ACC0309,2025-05-16,43206.59,Swiggy
TXN008833,ACC0441,2025-02-20,131623.72,Flipkart
TXN013596,ACC0156,2025-06-16,73743.42,Uber
TXN007638,ACC0231,2025-07-25,59900.95,BigBasket
TXN011391,ACC0004,2025-05-07,49433.16,BigBasket
TXN001505,ACC0368,2025-05-29,14255.31,BigBasket
TXN004422,ACC0196,2025-07-06,92949.9,ATM_Withdrawal
TXN015370,ACC0115,2025-05-28,81164.39,BigBasket
TXN002818,ACC0148,2025-03-12,73021.03,Zomato
TXN016407,ACC0079,2025-07-10,101496.05,Amazon
TXN005621,ACC0203,2025-02-04,52334.69,Swiggy
TXN001780,ACC0051,2025-03-23,21411.96,BigBasket
TXN003890,ACC0257,2025-05-10,134230.99,Unknown_POS
TXN007285,ACC0404,2025-04-19,81278.44,Flipkart
TXN006908,ACC0334,2025-06-10,70335.03,Flipkart
TXN014292,ACC0142,2025-04-05,113081.14,Zomato
TXN014632,ACC0341,2025-01-02,145980.49,Zomato
TXN002909,ACC0072,2025-07-11,131138.55,Unknown_POS
TXN005406,ACC0208,2025-05-04,73976.6,Flipkart
TXN015805,ACC0433,2025-07-27,136216.13,Zomato
TXN002821,ACC0342,2025-03-13,21193.42,Zomato
TXN001746,ACC0383,2025-02-10,141613.23,BigBasket
TXN018366,ACC0127,2025-01-23,14656.49,Swiggy
TXN004800,ACC0244,2025-06-04,92950.19,ATM_Withdrawal
TXN017108,ACC0351,2025-05-12,80330.32,Amazon
TXN009159,ACC0102,2025-07-16,13194.11,Flipkart
TXN006929,ACC0467,2025-05-08,12614.02,Uber
TXN013984,ACC0447,2025-01-23,12799.9,Amazon
TXN016863,ACC0068,2025-01-01,68653.98,Flipkart
TXN005801,ACC0442,2025-01-08,17813.66,Unknown_POS
TXN004775,ACC0446,2025-02-20,126834.22,Flipkart
TXN006620,ACC0077,2025-06-12,45699.14,Unknown_POS
TXN016778,ACC0284,2025-06-16,1299.43,ATM_Withdrawal
TXN019301,ACC0360,2025-02-11,44944.58,ATM_Withdrawal
TXN015809,ACC0232,2025-06-20,14114.67,Amazon
TXN010103,ACC0402,2025-03-13,110001.68,Flipkart
TXN012014,ACC0274,2025-01-20,135255.99,Zomato
TXN004466,ACC0286,2025-07-27,136938.28,Unknown_POS
TXN016597,ACC0478,2025-07-02,138937.07,Amazon
TXN005591,ACC0172,2025-05-18,130835.25,Uber
TXN004701,ACC0385,2025-03-19,74364.01,Uber
TXN002232,ACC0216,2025-05-06,82541.04,Swiggy
TXN014469,ACC0330,2025-03-02,82326.15,ATM_Withdrawal
TXN004355,ACC0119,2025-01-23,140589.39,BigBasket
TXN005113,ACC0296,2025-04-21,60075.73,BigBasket
TXN013127,ACC0332,2025-05-09,149339.9,Zomato
TXN010348,ACC0464,2025-01-09,126572.73,Amazon
TXN017383,ACC0205,2025-01-18,41120.49,BigBasket
TXN016010,ACC0057,2025-04-06,148861.43,Amazon
TXN016544,ACC0458,2025-01-21,61096.54,Amazon
TXN015369,ACC0191,2025-07-08,83039.69,Zomato
TXN019178,ACC0458,2025-05-04,82620.65,BigBasket
TXN012489,ACC0402,2025-03-13,115752.99,Uber
TXN015122,ACC0011,2025-01-25,122858.8,Unknown_POS
TXN013429,ACC0009,2025-07-02,143644.78,Uber
TXN011138,ACC0212,2025-01-26,133895.43,BigBasket
TXN009002,ACC0124,2025-06-23,66292.84,Zomato
TXN019933,ACC0047,2025-02-19,57348.24,BigBasket
TXN016689,ACC0272,2025-01-15,119103.03,BigBasket
TXN019563,ACC0029,2025-02-03,95711.39,Amazon
TXN006638,ACC0247,2025-02-06,27126.16,Zomato
TXN014164,ACC0424,2025-07-24,144943.51,Uber
TXN015446,ACC0114,2025-03-18,86967.24,Amazon
TXN006304,ACC0382,2025-01-19,123440.0,BigBasket
TXN006594,ACC0218,2025-01-17,66320.92,BigBasket
TXN011242,ACC0044,2025-06-19,148693.11,Amazon
TXN001087,ACC0475,2025-02-03,92162.78,ATM_Withdrawal
TXN004198,ACC0186,2025-07-05,77407.81,Swiggy
TXN012246,ACC0309,2025-05-07,68724.79,Uber
TXN016266,ACC0451,2025-04-01,47615.77,Swiggy
TXN007116,ACC0349,2025-05-21,142034.3,Zomato
TXN008123,ACC0391,2025-05-06,133987.65,Flipkart
TXN017249,ACC0070,2025-03-05,51581.62,Swiggy
TXN017323,ACC0315,2025-04-24,101107.21,Swiggy
TXN016865,ACC0129,2025-01-30,99491.49,Swiggy
TXN001833,ACC0471,2025-04-18,79884.92,BigBasket
TXN007844,ACC0023,2025-02-27,132912.93,Swiggy
TXN007397,ACC0186,2025-07-21,86915.26,ATM_Withdrawal
TXN016990,ACC0165,2025-06-05,103045.51,Zomato
TXN000849,ACC0185,2025-05-24,83645.85,Uber
TXN001072,ACC0026,2025-02-17,22281.01,BigBasket
TXN016196,ACC0330,2025-07-02,40021.9,Uber
TXN019145,ACC0470,2025-01-05,72050.21,Amazon
TXN009485,ACC0379,2025-01-03,81574.46,Uber
TXN016560,ACC0396,2025-03-18,131728.12,Unknown_POS
TXN006930,ACC0434,2025-02-08,90960.79,Zomato
TXN002042,ACC0472,2025-07-28,54244.07,Amazon
TXN016085,ACC0168,2025-03-27,137666.31,Flipkart
TXN011124,ACC0001,2025-03-04,33652.59,Uber
TXN006820,ACC0311,2025-06-01,89344.55,Amazon
TXN001309,ACC0092,2025-04-10,56054.09,ATM_Withdrawal
TXN010297,ACC0108,2025-07-26,136969.87,Swiggy
TXN013938,ACC0053,2025-07-10,4136.58,Amazon
TXN012584,ACC0200,2025-07-28,135545.81,ATM_Withdrawal
TXN007915,ACC0473,2025-06-16,107688.42,Unknown_POS
TXN009259,ACC0256,2025-05-27,113218.09,Flipkart
TXN014883,ACC0247,2025-01-24,41488.96,ATM_Withdrawal
TXN008186,ACC0376,2025-03-22,127057.49,Unknown_POS
TXN000762,ACC0371,2025-06-25,51433.56,ATM_Withdrawal
TXN002104,ACC0149,2025-01-23,16751.81,BigBasket
TXN000062,ACC0478,2025-05-24,104440.89,Swiggy
TXN011932,ACC0295,2025-02-22,122112.48,Unknown_POS
TXN007585,ACC0193,2025-04-28,51807.02,Swiggy
TXN011255,ACC0339,2025-05-08,26419.84,Zomato
TXN015752,ACC0084,2025-06-14,109773.09,ATM_Withdrawal
TXN018687,ACC0317,2025-07-03,14232.81,Unknown_POS
TXN018880,ACC0348,2025-01-21,2642.04,Flipkart
TXN006122,ACC0350,2025-07-05,66445.15,Unknown_POS
TXN000808,ACC0356,2025-04-24,144910.02,ATM_Withdrawal
TXN008363,ACC0450,2025-07-29,95979.75,Zomato
TXN004903,ACC0443,2025-04-16,51724.84,Uber
TXN007800,ACC0487,2025-06-27,40241.12,Amazon
TXN003772,ACC0199,2025-07-18,111692.39,Swiggy
TXN018705,ACC0409,2025-05-19,39321.69,Flipkart
TXN013130,ACC0292,2025-03-06,2150.67,Amazon
TXN017937,ACC0364,2025-02-12,25939.86,Uber
TXN010746,ACC0170,2025-02-24,147154.01,Swiggy
TXN008916,ACC0425,2025-05-27,97005.75,BigBasket
TXN015160,ACC0415,2025-06-07,88131.48,Uber
TXN014953,ACC0112,2025-01-09,54264.55,ATM_Withdrawal
TXN019928,ACC0442,2025-02-19,131911.8,Swiggy
TXN014377,ACC0207,2025-02-14,12245.91,Unknown_POS
TXN004916,ACC0302,2025-05-21,32893.46,Uber
TXN000550,ACC0207,2025-04-20,144800.91,Unknown_POS
TXN008027,ACC0056,2025-07-01,17091.65,ATM_Withdrawal
TXN019143,ACC0021,2025-01-18,95282.82,Flipkart
TXN013835,ACC0317,2025-01-20,96550.59,ATM_Withdrawal
TXN001775,ACC0047,2025-01-30,146968.93,Swiggy
TXN001344,ACC0181,2025-03-10,75559.72,Unknown_POS
TXN016992,ACC0217,2025-05-24,44049.98,Flipkart
TXN002261,ACC0122,2025-06-16,41428.24,Unknown_POS
TXN000680,ACC0467,2025-05-13,123325.25,BigBasket
TXN001991,ACC0109,2025-04-28,33053.42,Uber
TXN017938,ACC0295,2025-06-24,119362.91,BigBasket
TXN001960,ACC0342,2025-01-18,104721.7,Zomato
TXN010158,ACC0183,2025-02-09,85448.5,Flipkart
TXN003679,ACC0202,2025-01-31,97586.87,ATM_Withdrawal
TXN000870,ACC0336,2025-04-10,46440.13,Zomato
TXN010548,ACC0067,2025-07-05,65186.21,Swiggy
TXN013588,ACC0317,2025-01-11,119399.52,ATM_Withdrawal
TXN017121,ACC0085,2025-03-02,108187.0,Zomato
TXN010028,ACC0270,2025-02-08,61825.63,Amazon
TXN015686,ACC0036,2025-01-27,34622.14,Flipkart
TXN002634,ACC0028,2025-07-13,126773.85,Swiggy
TXN015678,ACC0377,2025-06-07,25301.8,Zomato
TXN011659,ACC0390,2025-03-01,14827.5,Unknown_POS
TXN011499,ACC0004,2025-04-05,60324.37,Amazon
TXN007382,ACC0398,2025-03-29,15920.92,Uber
TXN002436,ACC0216,2025-06-28,81935.63,Swiggy
TXN009835,ACC0347,2025-01-10,137658.41,Swiggy
TXN013638,ACC0439,2025-05-29,39337.45,Amazon
TXN015432,ACC0288,2025-05-30,27051.93,Uber
TXN013511,ACC0226,2025-04-13,13877.22,Flipkart
TXN013329,ACC0326,2025-03-15,139487.4,Uber
TXN008846,ACC0330,2025-02-05,22870.55,Swiggy
TXN011243,ACC0247,2025-03-09,149467.49,Unknown_POS
TXN016280,ACC0335,2025-04-24,2728.31,Swiggy
TXN012585,ACC0325,2025-04-01,120371.9,Uber
TXN010903,ACC0431,2025-04-19,65086.48,Flipkart
TXN011311,ACC0479,2025-05-19,72053.45,Unknown_POS
TXN014047,ACC0263,2025-01-22,31868.91,Swiggy
TXN001078,ACC0166,2025-04-05,134634.59,Flipkart
TXN006600,ACC0362,2025-06-01,38309.07,Zomato
TXN002508,ACC0086,2025-01-09,143716.71,Uber
TXN014041,ACC0397,2025-03-17,124994.89,BigBasket
TXN018714,ACC0489,2025-04-02,33836.98,Uber
TXN005197,ACC0082,2025-01-31,87934.72,BigBasket
TXN016910,ACC0137,2025-04-07,86023.0,Uber
TXN006394,ACC0016,2025-01-01,107507.32,Unknown_POS
TXN012305,ACC0491,2025-01-26,54199.53,BigBasket
TXN010736,ACC0178,2025-04-14,98919.92,BigBasket
TXN004148,ACC0120,2025-07-08,6828.36,Swiggy
TXN008330,ACC0035,2025-05-25,144252.49,Swiggy
TXN013373,ACC0107,2025-07-03,78367.06,BigBasket
TXN002659,ACC0006,2025-05-29,45449.1,ATM_Withdrawal
TXN019149,ACC0180,2025-02-02,142465.01,Flipkart
TXN007080,ACC0325,2025-04-10,127966.91,Zomato
TXN018832,ACC0149,2025-07-20,77264.31,Amazon
TXN009708,ACC0147,2025-06-25,24247.66,Swiggy
TXN002210,ACC0254,2025-04-08,25614.07,Flipkart
TXN005150,ACC0400,2025-04-14,71797.53,BigBasket
TXN012566,ACC0213,2025-03-28,35867.0,Amazon
TXN018914,ACC0422,2025-01-13,136554.86,Amazon
TXN013957,ACC0490,2025-02-24,135838.55,Amazon
TXN015346,ACC0377,2025-04-28,53235.26,Flipkart
TXN001901,ACC0327,2025-07-22,87618.19,Amazon
TXN003106,ACC0351,2025-01-24,142779.32,Amazon
TXN007612,ACC0012,2025-04-18,145756.26,Unknown_POS
TXN009196,ACC0321,2025-05-01,47045.22,Flipkart
TXN001739,ACC0347,2025-05-15,60442.92,Unknown_POS
TXN011958,ACC0463,2025-01-17,99275.23,Amazon
TXN015766,ACC0126,2025-05-10,55062.03,Uber
TXN008529,ACC0008,2025-04-24,590.35,Uber
TXN018865,ACC0113,2025-06-13,80243.78,Amazon
TXN010695,ACC0285,2025-01-16,68439.39,Flipkart
TXN007204,ACC0176,2025-01-06,98707.15,Flipkart
TXN012691,ACC0115,2025-05-21,29191.93,Flipkart
TXN010461,ACC0185,2025-03-03,128117.37,Amazon
TXN002379,ACC0372,2025-04-02,146078.92,Flipkart
TXN006585,ACC0438,2025-07-08,55958.6,BigBasket
TXN018173,ACC0198,2025-04-05,80317.26,BigBasket
TXN005056,ACC0005,2025-03-19,97101.12,Unknown_POS
TXN017494,ACC0158,2025-06-21,8677.5,ATM_Withdrawal
TXN008763,ACC0048,2025-03-16,88829.85,Uber
TXN015850,ACC0354,2025-01-24,138992.93,Swiggy
TXN004387,ACC0266,2025-07-19,121150.47,Amazon
TXN001532,ACC0058,2025-05-27,110185.34,Flipkart
TXN016703,ACC0172,2025-04-04,103983.94,Uber
TXN019023,ACC0271,2025-06-11,135464.51,Swiggy
TXN016533,ACC0025,2025-02-02,136389.55,BigBasket
TXN007250,ACC0239,2025-02-17,90976.46,Flipkart
TXN010208,ACC0481,2025-02-03,113485.81,ATM_Withdrawal
TXN000472,ACC0431,2025-04-10,122769.86,Unknown_POS
TXN014518,ACC0375,2025-07-16,127229.23,Zomato
TXN019812,ACC0389,2025-05-07,83237.54,Flipkart
TXN019245,ACC0074,2025-07-03,146964.73,Flipkart
TXN008044,ACC0432,2025-04-27,61016.56,Uber
TXN005746,ACC0290,2025-01-05,43065.36,Unknown_POS
TXN007907,ACC0149,2025-06-22,111489.8,Unknown_POS
TXN010209,ACC0244,2025-06-11,96478.25,ATM_Withdrawal
TXN016606,ACC0382,2025-01-03,141126.7,Unknown_POS
TXN003556,ACC0103,2025-05-01,57033.54,Amazon
TXN012395,ACC0486,2025-03-17,112863.21,Unknown_POS
TXN011445,ACC0121,2025-03-31,9739.99,Uber
TXN001435,ACC0301,2025-02-21,27758.03,BigBasket
TXN003537,ACC0070,2025-04-08,70948.32,ATM_Withdrawal
TXN008312,ACC0039,2025-03-21,117483.89,Zomato
TXN016199,ACC0275,2025-03-19,78812.34,Unknown_POS
TXN009181,ACC0398,2025-03-30,130032.92,Unknown_POS
TXN001968,ACC0364,2025-02-04,49100.2,ATM_Withdrawal
TXN003909,ACC0333,2025-07-23,45330.72,Zomato
TXN002579,ACC0376,2025-01-01,14181.67,ATM_Withdrawal
TXN002970,ACC0089,2025-06-12,112036.92,Amazon
TXN019810,ACC0248,2025-01-26,136150.82,BigBasket
TXN011354,ACC0166,2025-05-31,1893.68,Uber
TXN007766,ACC0207,2025-01-12,23349.82,Uber
TXN012308,ACC0037,2025-07-23,99788.05,Uber
TXN008870,ACC0087,2025-05-09,1212.47,Amazon
TXN001427,ACC0114,2025-02-02,128529.44,Swiggy
TXN001383,ACC0500,2025-05-12,59193.82,ATM_Withdrawal
TXN011437,ACC0475,2025-06-16,57694.83,Uber
TXN005688,ACC0290,2025-01-29,85804.46,ATM_Withdrawal
TXN002479,ACC0043,2025-02-06,94134.33,Flipkart
TXN012760,ACC0182,2025-02-26,51430.94,ATM_Withdrawal
TXN004170,ACC0410,2025-02-02,36110.41,Amazon
TXN009061,ACC0022,2025-07-21,124290.74,Flipkart
TXN005753,ACC0036,2025-03-31,13481.22,Amazon
TXN001620,ACC0167,2025-07-07,149973.18,Swiggy
TXN007097,ACC0416,2025-01-04,13456.9,Amazon
TXN013968,ACC0215,2025-01-27,59432.69,BigBasket
TXN017130,ACC0370,2025-02-21,124025.16,Swiggy
TXN002558,ACC0445,2025-06-08,77043.93,Unknown_POS
TXN002385,ACC0453,2025-02-25,121131.03,Swiggy
TXN013741,ACC0034,2025-05-06,96534.16,BigBasket
TXN003023,ACC0306,2025-04-11,80140.57,BigBasket
TXN013235,ACC0341,2025-02-18,36960.34,Swiggy
TXN018238,ACC0443,2025-04-27,114561.58,Swiggy
TXN001362,ACC0076,2025-04-01,42693.09,Swiggy
TXN013447,ACC0135,2025-01-29,5412.42,Flipkart
TXN014353,ACC0389,2025-07-28,92461.82,Amazon
TXN019847,ACC0166,2025-01-06,50332.39,Uber
TXN011188,ACC0278,2025-05-10,130983.55,Swiggy
TXN013546,ACC0010,2025-03-29,40321.68,Amazon
TXN003577,ACC0363,2025-05-07,90838.4,Swiggy
TXN016086,ACC0044,2025-06-15,111105.19,Flipkart
TXN001987,ACC0320,2025-02-23,140152.39,Unknown_POS
TXN017717,ACC0267,2025-03-08,2823.32,Zomato
TXN018208,ACC0215,2025-07-03,101997.02,Amazon
TXN000549,ACC0067,2025-06-07,65085.03,Unknown_POS
TXN010726,ACC0070,2025-01-01,100357.74,Amazon
TXN000534,ACC0151,2025-01-25,70643.59,Uber
TXN007365,ACC0046,2025-05-27,125885.07,Zomato
TXN003197,ACC0409,2025-02-25,92652.5,ATM_Withdrawal
TXN003672,ACC0107,2025-02-28,87431.74,Amazon
TXN012630,ACC0285,2025-03-08,138258.09,Amazon
TXN006642,ACC0192,2025-06-25,72356.15,Zomato
TXN002153,ACC0386,2025-07-12,31159.19,Flipkart
TXN017369,ACC0008,2025-02-07,101606.59,Unknown_POS
TXN009387,ACC0064,2025-07-10,54272.38,Zomato
TXN003040,ACC0258,2025-04-06,117161.48,BigBasket
TXN018195,ACC0145,2025-03-20,69072.23,Amazon
TXN004183,ACC0043,2025-03-24,24780.34,Flipkart
TXN009615,ACC0361,2025-07-03,120224.93,Uber
TXN012398,ACC0406,2025-03-25,8437.7,Uber
TXN019497,ACC0063,2025-03-08,95403.47,Swiggy
TXN001626,ACC0199,2025-07-19,60389.32,Swiggy
TXN014233,ACC0348,2025-03-21,45445.39,Uber
TXN006919,ACC0281,2025-01-15,61046.58,Flipkart
TXN002892,ACC0245,2025-05-25,16386.82,Uber
TXN013332,ACC0119,2025-06-26,19768.57,Amazon
TXN019254,ACC0302,2025-06-28,22244.07,Zomato
TXN003897,ACC0236,2025-05-16,119835.77,Unknown_POS
TXN000921,ACC0065,2025-05-05,34939.56,BigBasket
TXN019128,ACC0334,2025-04-20,73242.49,Zomato
TXN002914,ACC0268,2025-06-25,30709.05,BigBasket
TXN019264,ACC0216,2025-01-18,97527.99,ATM_Withdrawal
TXN001102,ACC0080,2025-06-10,69119.66,BigBasket
TXN003458,ACC0470,2025-04-13,6761.28,Swiggy
TXN013014,ACC0233,2025-07-13,54730.8,Amazon
TXN004585,ACC0369,2025-07-04,144600.9,Unknown_POS
TXN005259,ACC0150,2025-02-16,39805.21,Zomato
TXN004119,ACC0322,2025-05-08,146618.89,Amazon
TXN007075,ACC0113,2025-03-23,43388.91,Zomato
TXN005830,ACC0021,2025-04-25,131752.08,Flipkart
TXN019954,ACC0435,2025-02-11,41488.67,ATM_Withdrawal
TXN011936,ACC0346,2025-07-18,105457.84,Zomato
TXN000908,ACC0267,2025-06-20,147318.27,ATM_Withdrawal
TXN019904,ACC0326,2025-02-03,4370.36,BigBasket
TXN008165,ACC0173,2025-01-18,61952.02,Unknown_POS
TXN002345,ACC0467,2025-03-31,54160.74,Swiggy
TXN006089,ACC0235,2025-01-14,59457.09,Unknown_POS
TXN011876,ACC0200,2025-06-11,32509.62,Uber
TXN007068,ACC0172,2025-05-07,118299.2,Flipkart
TXN019995,ACC0395,2025-05-19,78080.45,Unknown_POS
TXN000681,ACC0264,2025-07-25,76334.9,ATM_Withdrawal
TXN016653,ACC0497,2025-03-07,54156.2,Flipkart
TXN003239,ACC0168,2025-03-22,139273.4,Zomato
TXN016307,ACC0143,2025-01-27,65042.09,Zomato
TXN009355,ACC0015,2025-07-05,60552.98,ATM_Withdrawal
TXN010277,ACC0063,2025-01-05,93009.05,Zomato
TXN013937,ACC0129,2025-05-29,136049.82,Flipkart
TXN004991,ACC0160,2025-02-12,59316.44,Zomato
TXN011794,ACC0423,2025-07-06,67117.04,Uber
TXN016838,ACC0500,2025-06-02,133693.17,ATM_Withdrawal
TXN001772,ACC0206,2025-05-31,6795.3,Amazon
TXN017329,ACC0369,2025-04-11,146518.25,Flipkart
TXN013145,ACC0280,2025-04-12,129796.74,ATM_Withdrawal
TXN000572,ACC0145,2025-01-30,117724.77,ATM_Withdrawal
TXN004319,ACC0175,2025-01-08,82410.37,Swiggy
TXN016705,ACC0253,2025-03-29,3507.3,Zomato
TXN002721,ACC0417,2025-01-15,11537.92,Swiggy
TXN005321,ACC0011,2025-04-03,128580.39,Swiggy
TXN003101,ACC0197,2025-05-29,97982.98,Unknown_POS
TXN007331,ACC0058,2025-06-03,59547.48,Unknown_POS
TXN014846,ACC0308,2025-04-06,71484.2,Amazon
TXN004501,ACC0091,2025-07-21,27140.75,BigBasket
TXN010937,ACC0429,2025-03-22,17731.87,Swiggy
TXN004469,ACC0144,2025-03-18,129395.77,Swiggy
TXN008226,ACC0013,2025-01-14,138206.91,ATM_Withdrawal
TXN005764,ACC0133,2025-03-02,52490.86,Unknown_POS
TXN019284,ACC0332,2025-02-04,20055.98,ATM_Withdrawal
TXN011247,ACC0385,2025-02-13,43510.15,Zomato
TXN016228,ACC0475,2025-02-11,101253.45,Swiggy
TXN002965,ACC0265,2025-01-04,141084.75,Unknown_POS
TXN001554,ACC0422,2025-07-19,141077.29,ATM_Withdrawal
TXN012838,ACC0172,2025-03-09,100518.9,Swiggy
TXN000232,ACC0055,2025-01-03,14836.05,Zomato
TXN014702,ACC0478,2025-01-18,34685.49,Zomato
TXN001908,ACC0219,2025-04-26,70159.27,Unknown_POS
TXN012918,ACC0458,2025-03-18,101963.17,BigBasket
TXN008826,ACC0063,2025-03-08,53784.62,Uber
TXN017145,ACC0263,2025-07-13,126561.47,Swiggy
TXN003534,ACC0359,2025-03-13,103510.06,Zomato
TXN001224,ACC0376,2025-06-22,88329.21,Zomato
TXN008732,ACC0050,2025-01-18,91558.25,Swiggy
TXN019405,ACC0467,2025-04-01,125897.62,Amazon
TXN003010,ACC0497,2025-01-24,46425.57,Swiggy
TXN019013,ACC0498,2025-07-03,131901.06,ATM_Withdrawal
TXN009831,ACC0375,2025-07-16,50182.67,Uber
TXN018589,ACC0139,2025-06-23,15494.2,BigBasket
TXN007886,ACC0060,2025-07-13,83625.01,Unknown_POS
TXN019129,ACC0214,2025-07-19,12780.73,Uber
TXN018698,ACC0365,2025-06-22,142977.48,Swiggy
TXN003512,ACC0461,2025-04-29,82253.42,Unknown_POS
TXN004686,ACC0141,2025-05-19,82029.45,Amazon
TXN016517,ACC0180,2025-01-21,32007.22,Unknown_POS
TXN015189,ACC0317,2025-04-19,132841.34,Zomato
TXN006187,ACC0405,2025-04-05,116843.73,Uber
TXN013733,ACC0214,2025-01-01,137361.82,ATM_Withdrawal
TXN005662,ACC0243,2025-01-02,68245.49,Uber
TXN001776,ACC0147,2025-02-06,27441.21,Flipkart
TXN005089,ACC0390,2025-04-13,89411.88,BigBasket
TXN004231,ACC0396,2025-02-27,109630.47,BigBasket
TXN014595,ACC0354,2025-02-22,92360.92,Swiggy
TXN004635,ACC0402,2025-06-05,79401.73,ATM_Withdrawal
TXN012146,ACC0438,2025-07-22,75654.59,Flipkart
TXN012062,ACC0326,2025-03-15,133810.52,Amazon
TXN011706,ACC0074,2025-02-21,47366.48,ATM_Withdrawal
TXN016000,ACC0055,2025-07-21,52106.51,Unknown_POS
TXN007381,ACC0310,2025-06-11,23161.37,BigBasket
TXN011653,ACC0217,2025-05-11,39293.64,Amazon
TXN001315,ACC0296,2025-05-22,128257.85,Flipkart
TXN002533,ACC0253,2025-06-14,145074.52,Flipkart
TXN019491,ACC0285,2025-05-14,19020.05,Zomato
TXN017396,ACC0402,2025-06-10,105835.89,ATM_Withdrawal
TXN006501,ACC0430,2025-06-05,48034.0,Unknown_POS
TXN017994,ACC0099,2025-01-25,148161.25,Zomato
TXN014659,ACC0127,2025-01-21,112003.23,ATM_Withdrawal
TXN016210,ACC0459,2025-03-27,108672.78,Flipkart
TXN010382,ACC0334,2025-04-26,58935.87,Uber
TXN017981,ACC0075,2025-06-17,77406.64,ATM_Withdrawal
TXN008500,ACC0348,2025-01-28,25937.89,Amazon
TXN019060,ACC0317,2025-02-16,105556.2,ATM_Withdrawal
TXN019164,ACC0310,2025-03-03,73953.14,Flipkart
TXN017896,ACC0090,2025-04-02,61542.5,Unknown_POS
TXN017754,ACC0463,2025-02-25,5329.06,Uber
TXN007481,ACC0462,2025-02-15,119320.95,Unknown_POS
TXN015974,ACC0100,2025-06-18,124920.01,ATM_Withdrawal
TXN012914,ACC0390,2025-07-14,81269.38,Unknown_POS
TXN010591,ACC0090,2025-05-30,42316.95,Unknown_POS
TXN017072,ACC0095,2025-02-07,84117.48,Uber
TXN014192,ACC0105,2025-03-14,107758.09,Zomato
TXN013719,ACC0278,2025-02-13,9010.03,Zomato
TXN018179,ACC0022,2025-06-29,110659.62,Amazon
TXN008619,ACC0319,2025-02-16,63602.3,Unknown_POS
TXN011271,ACC0447,2025-03-18,125899.41,Flipkart
TXN013818,ACC0315,2025-07-15,135538.26,Uber
TXN009428,ACC0178,2025-07-20,52876.9,Zomato
TXN001313,ACC0235,2025-04-18,25721.64,BigBasket
TXN000471,ACC0498,2025-07-13,88479.48,Amazon
TXN018303,ACC0250,2025-07-16,57543.58,ATM_Withdrawal
TXN007698,ACC0089,2025-03-13,21730.3,Uber
TXN007674,ACC0219,2025-05-18,109137.59,Unknown_POS
TXN001385,ACC0466,2025-06-20,54191.68,Swiggy
TXN009234,ACC0206,2025-01-04,609.59,ATM_Withdrawal
TXN013250,ACC0413,2025-04-28,57495.74,BigBasket
TXN001117,ACC0098,2025-03-29,138549.33,Uber
TXN016803,ACC0328,2025-05-29,1149.06,Zomato
TXN000113,ACC0335,2025-03-31,17839.04,Unknown_POS
TXN010295,ACC0293,2025-05-03,118923.9,Unknown_POS
TXN008305,ACC0237,2025-05-30,39042.51,BigBasket
TXN002670,ACC0067,2025-06-28,48645.29,BigBasket
TXN001098,ACC0371,2025-05-26,92418.2,Amazon
TXN008970,ACC0138,2025-04-29,32907.12,Flipkart
TXN013260,ACC0217,2025-05-27,48183.45,Flipkart
TXN011505,ACC0376,2025-07-20,37272.19,Unknown_POS
TXN017904,ACC0192,2025-06-21,87348.52,ATM_Withdrawal
TXN009477,ACC0482,2025-05-27,65042.69,ATM_Withdrawal
TXN018765,ACC0385,2025-03-22,135302.56,Unknown_POS
TXN017421,ACC0224,2025-01-13,44994.26,Uber
TXN016569,ACC0387,2025-03-06,67056.17,Unknown_POS
TXN017524,ACC0440,2025-05-08,16449.7,Flipkart
TXN003686,ACC0291,2025-03-06,32560.07,Amazon
TXN008522,ACC0258,2025-05-29,48640.39,Uber
TXN010189,ACC0078,2025-01-10,14122.88,BigBasket
TXN006588,ACC0485,2025-04-30,136561.78,Uber
TXN010850,ACC0044,2025-03-08,114885.1,Amazon
TXN012414,ACC0491,2025-06-23,7544.55,Unknown_POS
TXN018998,ACC0419,2025-03-07,105724.86,Swiggy
TXN017898,ACC0099,2025-03-20,82024.12,Flipkart
TXN001192,ACC0126,2025-05-01,94617.89,Flipkart
TXN006103,ACC0228,2025-03-10,137231.28,Zomato
TXN005862,ACC0216,2025-03-08,115317.68,Swiggy
TXN019104,ACC0395,2025-06-03,14903.86,Flipkart
TXN019768,ACC0363,2025-03-16,147118.55,Amazon
TXN004831,ACC0142,2025-04-18,117466.6,Swiggy
TXN005806,ACC0358,2025-02-21,15799.93,ATM_Withdrawal
TXN018990,ACC0381,2025-02-21,73289.39,Zomato
TXN000126,ACC0418,2025-07-07,86437.74,BigBasket
TXN004631,ACC0294,2025-01-01,47291.29,Flipkart
TXN011055,ACC0360,2025-06-09,130633.62,ATM_Withdrawal
TXN003460,ACC0452,2025-04-19,102075.34,Uber
TXN018333,ACC0169,2025-04-27,128642.52,Uber
TXN002583,ACC0493,2025-01-04,99921.41,Unknown_POS
TXN004498,ACC0082,2025-02-22,107645.81,ATM_Withdrawal
TXN012462,ACC0022,2025-05-02,128694.99,Swiggy
TXN015137,ACC0274,2025-03-07,36224.5,Flipkart
TXN009515,ACC0404,2025-03-26,49212.31,Unknown_POS
TXN013288,ACC0244,2025-02-03,97460.64,Unknown_POS
TXN017334,ACC0172,2025-04-08,121405.55,ATM_Withdrawal
TXN008581,ACC0195,2025-05-17,17326.08,Unknown_POS
TXN014543,ACC0253,2025-03-25,79611.39,Amazon
TXN011001,ACC0032,2025-06-30,119230.39,Zomato
TXN016699,ACC0450,2025-04-14,75598.57,Unknown_POS
TXN000564,ACC0193,2025-06-13,38405.59,Amazon
TXN003096,ACC0258,2025-05-18,79899.63,Zomato
TXN015714,ACC0066,2025-01-15,53873.7,Swiggy
TXN008256,ACC0141,2025-05-28,30153.69,Flipkart
TXN001272,ACC0008,2025-02-14,94917.59,Uber
TXN006171,ACC0473,2025-04-18,29233.02,Uber
TXN015499,ACC0005,2025-05-25,2102.89,Amazon
TXN001582,ACC0210,2025-07-22,21934.13,Uber
TXN012911,ACC0190,2025-06-29,133987.03,BigBasket
TXN016975,ACC0137,2025-02-01,932.11,Zomato
TXN003839,ACC0186,2025-07-14,120204.9,Amazon
TXN006637,ACC0474,2025-06-24,38409.91,Unknown_POS
TXN002173,ACC0289,2025-06-18,97183.28,Swiggy
TXN008716,ACC0235,2025-01-06,19438.6,ATM_Withdrawal
TXN017963,ACC0281,2025-06-19,2388.78,BigBasket
TXN018228,ACC0499,2025-01-31,95886.9,Amazon
TXN013882,ACC0229,2025-01-18,121876.01,ATM_Withdrawal
TXN008239,ACC0192,2025-02-11,34360.33,Flipkart
TXN003900,ACC0403,2025-06-05,86641.91,Unknown_POS
TXN002869,ACC0275,2025-02-20,147783.33,Unknown_POS
TXN015994,ACC0171,2025-07-21,91873.08,Uber
TXN006760,ACC0437,2025-04-17,138878.15,Unknown_POS
TXN014125,ACC0201,2025-02-20,61332.39,Amazon
TXN008022,ACC0065,2025-04-04,39291.77,Swiggy
TXN006764,ACC0133,2025-05-09,134303.04,BigBasket
TXN014799,ACC0394,2025-01-17,51099.22,Zomato
TXN015376,ACC0225,2025-05-17,123252.7,Zomato
TXN011016,ACC0474,2025-02-22,111408.97,Uber
TXN013722,ACC0262,2025-02-08,108508.17,Zomato
TXN019879,ACC0185,2025-07-06,97485.18,Unknown_POS
TXN001165,ACC0273,2025-03-16,58527.9,ATM_Withdrawal
TXN001454,ACC0481,2025-06-23,55147.84,Amazon
TXN019472,ACC0168,2025-07-10,121270.74,Swiggy
TXN019622,ACC0382,2025-06-13,97366.01,ATM_Withdrawal
TXN011136,ACC0139,2025-07-06,146848.92,ATM_Withdrawal
TXN000864,ACC0065,2025-07-06,35232.35,Uber
TXN018135,ACC0295,2025-06-07,126774.08,BigBasket
TXN011981,ACC0027,2025-01-22,134133.04,Zomato
TXN018785,ACC0322,2025-06-23,58944.74,Uber
TXN007754,ACC0124,2025-06-19,10809.9,Uber
TXN011431,ACC0497,2025-04-22,13445.41,Uber
TXN005829,ACC0275,2025-02-20,72800.44,Zomato
TXN016835,ACC0191,2025-06-14,40576.32,ATM_Withdrawal
TXN016695,ACC0019,2025-04-04,114537.41,Amazon
TXN012114,ACC0496,2025-04-20,52524.16,Zomato
TXN006248,ACC0427,2025-06-09,111644.42,Flipkart
TXN003198,ACC0439,2025-03-12,16069.84,Zomato
TXN014775,ACC0043,2025-06-07,115174.57,ATM_Withdrawal
TXN004049,ACC0019,2025-04-26,28252.68,BigBasket
TXN018605,ACC0298,2025-05-13,89615.04,ATM_Withdrawal
TXN017835,ACC0347,2025-01-14,18715.67,Uber
TXN003579,ACC0227,2025-02-17,76162.28,Flipkart
TXN003413,ACC0256,2025-01-24,27725.73,Unknown_POS
TXN015631,ACC0287,2025-02-16,34371.97,Flipkart
TXN000833,ACC0195,2025-05-29,15157.14,BigBasket
TXN009788,ACC0398,2025-04-28,82414.63,Unknown_POS
TXN018572,ACC0270,2025-02-13,111025.28,Swiggy
TXN010636,ACC0113,2025-02-23,88072.51,Unknown_POS
TXN014362,ACC0498,2025-02-06,100308.96,BigBasket
TXN005413,ACC0497,2025-06-01,62878.94,Zomato
TXN011726,ACC0016,2025-05-02,49259.58,BigBasket
TXN003994,ACC0069,2025-07-28,49069.88,Unknown_POS
TXN019522,ACC0416,2025-04-26,100219.6,Swiggy
TXN016684,ACC0447,2025-07-20,31277.07,Zomato
TXN000191,ACC0402,2025-04-26,73615.99,BigBasket
TXN007063,ACC0320,2025-02-21,143580.34,Swiggy
TXN019684,ACC0457,2025-01-30,91283.34,BigBasket
TXN004978,ACC0339,2025-05-27,105383.34,Swiggy
TXN008366,ACC0443,2025-06-05,16822.99,Unknown_POS
TXN015624,ACC0082,2025-07-24,132551.08,Flipkart
TXN017088,ACC0006,2025-03-16,32906.74,Uber
TXN007921,ACC0074,2025-04-07,33462.03,ATM_Withdrawal
TXN018225,ACC0242,2025-06-16,21517.97,Swiggy
TXN003150,ACC0292,2025-06-13,135949.99,Zomato
TXN004779,ACC0350,2025-06-08,110029.3,Flipkart
TXN008373,ACC0201,2025-03-09,87063.71,Amazon
TXN016654,ACC0134,2025-03-22,22214.82,Flipkart
TXN015013,ACC0352,2025-04-07,86707.09,Zomato
TXN009383,ACC0381,2025-05-31,32381.03,Zomato
TXN011773,ACC0319,2025-01-20,145880.86,Amazon
TXN003477,ACC0379,2025-02-06,66331.47,Amazon
TXN009639,ACC0157,2025-04-22,4274.3,ATM_Withdrawal
TXN018264,ACC0333,2025-01-31,58978.01,Unknown_POS
TXN001648,ACC0320,2025-07-26,39797.9,Swiggy
TXN012329,ACC0228,2025-03-25,66937.6,Zomato
TXN004327,ACC0129,2025-02-19,116593.93,Unknown_POS
TXN000555,ACC0067,2025-01-27,57563.39,Uber
TXN010448,ACC0044,2025-01-20,15832.67,BigBasket
TXN018061,ACC0028,2025-04-27,59613.8,Flipkart
TXN004722,ACC0180,2025-01-30,10604.03,Flipkart
TXN017046,ACC0445,2025-06-18,8940.85,Swiggy
TXN001789,ACC0156,2025-05-26,61041.55,Flipkart
TXN019991,ACC0215,2025-01-02,86688.58,ATM_Withdrawal
TXN016473,ACC0404,2025-02-10,92156.55,Flipkart
TXN018863,ACC0397,2025-07-23,25995.03,BigBasket
TXN004002,ACC0365,2025-03-29,120041.28,BigBasket
TXN002898,ACC0160,2025-07-09,50713.38,Swiggy
TXN003965,ACC0027,2025-01-01,70707.66,Amazon
TXN003058,ACC0021,2025-01-20,49021.94,Amazon
TXN005277,ACC0111,2025-02-22,131678.32,Zomato
TXN017680,ACC0382,2025-04-26,119095.07,Zomato
TXN019780,ACC0496,2025-07-13,63877.24,Zomato
TXN000182,ACC0092,2025-03-22,2397.93,Zomato
TXN000200,ACC0053,2025-01-07,13488.35,Flipkart
TXN006776,ACC0436,2025-06-11,44896.14,Swiggy
TXN013076,ACC0014,2025-05-28,80295.23,BigBasket
TXN003498,ACC0350,2025-05-06,91910.64,BigBasket
TXN012179,ACC0231,2025-02-27,108375.65,Amazon
TXN019657,ACC0398,2025-04-17,81125.2,Amazon
TXN016958,ACC0384,2025-04-27,112090.07,Zomato
TXN003146,ACC0090,2025-05-04,134575.18,Amazon
TXN015688,ACC0410,2025-05-15,125081.95,Zomato
TXN000021,ACC0484,2025-04-11,75841.4,Zomato
TXN002646,ACC0243,2025-01-07,124917.33,ATM_Withdrawal
TXN001871,ACC0054,2025-04-27,131422.02,Amazon
TXN002600,ACC0472,2025-04-07,95828.13,Uber
TXN016375,ACC0110,2025-06-25,143336.94,Swiggy
TXN004846,ACC0189,2025-07-17,84276.59,Zomato
TXN012185,ACC0227,2025-04-25,44180.66,Unknown_POS
TXN008147,ACC0128,2025-05-15,33002.86,Amazon
TXN000345,ACC0376,2025-01-31,115725.97,Amazon
TXN008195,ACC0081,2025-03-22,95445.32,ATM_Withdrawal
TXN011759,ACC0303,2025-05-22,114576.78,BigBasket
TXN005229,ACC0295,2025-03-11,131567.16,Uber
TXN002185,ACC0283,2025-03-11,91139.67,Amazon
TXN005037,ACC0334,2025-02-11,148600.72,Flipkart
TXN014131,ACC0104,2025-04-02,80390.44,BigBasket
TXN001926,ACC0108,2025-04-23,67523.29,Amazon
TXN010926,ACC0247,2025-06-14,58978.04,Uber
TXN011154,ACC0495,2025-03-28,95235.37,ATM_Withdrawal
TXN005941,ACC0388,2025-03-25,39053.43,Swiggy
TXN008047,ACC0134,2025-06-18,140754.14,Uber
TXN018918,ACC0402,2025-01-03,143532.41,Uber
TXN009583,ACC0017,2025-02-07,40747.87,Unknown_POS
TXN015354,ACC0290,2025-04-08,57411.3,BigBasket
TXN010204,ACC0155,2025-07-21,30371.64,Amazon
TXN003951,ACC0238,2025-02-09,138911.44,BigBasket
TXN010216,ACC0174,2025-06-24,37097.12,Zomato
TXN006086,ACC0026,2025-03-20,73334.88,Unknown_POS
TXN018959,ACC0006,2025-02-12,29639.78,Amazon
TXN005188,ACC0111,2025-01-19,24787.8,ATM_Withdrawal
TXN016453,ACC0008,2025-07-08,15416.51,Amazon
TXN019636,ACC0063,2025-01-17,46699.58,Swiggy
TXN009461,ACC0287,2025-07-30,117358.77,BigBasket
TXN017406,ACC0128,2025-05-06,23589.41,Swiggy
TXN008650,ACC0178,2025-06-09,129271.83,BigBasket
TXN007480,ACC0423,2025-07-02,112421.02,Uber
TXN005023,ACC0296,2025-06-04,106595.5,Amazon
TXN005295,ACC0374,2025-07-18,143768.29,ATM_Withdrawal
TXN007119,ACC0072,2025-01-25,83677.05,Flipkart
TXN007383,ACC0036,2025-06-03,105099.55,Swiggy
TXN000473,ACC0495,2025-05-18,103075.84,ATM_Withdrawal
TXN019529,ACC0082,2025-01-18,98324.39,Amazon
TXN015642,ACC0179,2025-05-25,81294.04,Amazon
TXN004935,ACC0087,2025-06-12,3617.76,BigBasket
TXN017354,ACC0239,2025-05-08,29139.52,Flipkart
TXN012030,ACC0133,2025-02-22,1650.44,Swiggy
TXN004205,ACC0124,2025-04-16,90335.27,ATM_Withdrawal
TXN018434,ACC0131,2025-05-19,97856.59,BigBasket
TXN002578,ACC0178,2025-06-13,43234.48,Uber
TXN013111,ACC0180,2025-06-05,42958.29,Swiggy
TXN010149,ACC0213,2025-04-21,30365.28,Amazon
TXN006021,ACC0378,2025-04-06,12068.96,Unknown_POS
TXN003202,ACC0311,2025-05-31,56284.09,Flipkart
TXN019882,ACC0419,2025-06-24,57250.03,ATM_Withdrawal
TXN001888,ACC0452,2025-02-03,119244.97,Zomato
TXN017834,ACC0235,2025-04-03,54449.92,ATM_Withdrawal
TXN015205,ACC0070,2025-02-18,23036.09,BigBasket
TXN017999,ACC0238,2025-01-06,6863.22,Unknown_POS
TXN014096,ACC0052,2025-02-21,32586.87,Unknown_POS
TXN007568,ACC0311,2025-03-09,42339.8,Amazon
TXN018736,ACC0342,2025-05-09,133531.34,Uber
TXN007078,ACC0292,2025-01-24,122739.41,Unknown_POS
TXN006057,ACC0200,2025-03-31,41439.47,Uber
TXN017087,ACC0445,2025-07-03,28351.8,Zomato
TXN001883,ACC0011,2025-06-23,20629.67,Flipkart
TXN003107,ACC0381,2025-06-03,132532.7,Unknown_POS
TXN017668,ACC0106,2025-03-08,38363.83,Swiggy
TXN018956,ACC0380,2025-04-18,141260.17,Amazon
TXN000647,ACC0013,2025-04-08,21841.74,Amazon
TXN009018,ACC0298,2025-02-01,5056.12,Amazon
TXN018003,ACC0414,2025-05-18,92143.3,Zomato
TXN006809,ACC0399,2025-07-26,15435.98,Amazon
TXN000220,ACC0488,2025-07-06,69270.25,Zomato
TXN000208,ACC0185,2025-03-06,141636.13,ATM_Withdrawal
TXN014677,ACC0078,2025-02-01,3248.32,Flipkart
TXN016253,ACC0375,2025-01-30,21210.99,Zomato
TXN009082,ACC0009,2025-05-06,137765.44,Flipkart
TXN012479,ACC0226,2025-06-01,88198.22,ATM_Withdrawal
TXN012664,ACC0210,2025-04-14,114730.18,Flipkart
TXN010042,ACC0087,2025-07-23,110150.06,Flipkart
TXN019255,ACC0062,2025-06-11,52029.33,Flipkart
TXN018920,ACC0309,2025-04-16,112546.25,BigBasket
TXN014455,ACC0020,2025-04-23,57615.97,Flipkart
TXN013840,ACC0126,2025-01-28,43686.92,Unknown_POS
TXN000942,ACC0007,2025-02-23,98379.62,Flipkart
TXN014301,ACC0281,2025-01-23,74506.11,Uber
TXN017204,ACC0119,2025-06-15,121002.86,Unknown_POS
TXN013964,ACC0335,2025-03-03,94395.95,Uber
TXN014230,ACC0371,2025-03-26,110874.86,Amazon
TXN016214,ACC0288,2025-01-07,36217.47,Zomato
TXN014193,ACC0479,2025-07-12,106315.53,Amazon
TXN001770,ACC0126,2025-06-30,125845.67,ATM_Withdrawal
TXN010810,ACC0363,2025-01-29,122464.98,BigBasket
TXN014302,ACC0387,2025-05-28,68653.98,Flipkart
TXN001210,ACC0429,2025-05-07,112926.56,Unknown_POS
TXN006606,ACC0497,2025-07-11,4484.04,Unknown_POS
TXN007005,ACC0101,2025-01-11,93688.59,Amazon
TXN013096,ACC0500,2025-07-10,37883.84,ATM_Withdrawal
TXN006343,ACC0006,2025-03-17,67364.01,Swiggy
TXN008569,ACC0138,2025-06-15,69133.82,BigBasket
TXN008222,ACC0238,2025-06-03,45082.03,Unknown_POS
TXN010074,ACC0475,2025-03-08,147327.38,ATM_Withdrawal
TXN017119,ACC0195,2025-04-01,51460.98,BigBasket
TXN016687,ACC0134,2025-04-16,38528.81,ATM_Withdrawal
TXN015940,ACC0127,2025-04-01,64793.99,ATM_Withdrawal
TXN002405,ACC0380,2025-07-22,36760.28,Amazon
TXN009977,ACC0352,2025-04-11,116089.03,Zomato
TXN002401,ACC0210,2025-06-08,137575.16,Swiggy
TXN018046,ACC0474,2025-05-07,95560.11,Unknown_POS
TXN012171,ACC0012,2025-03-15,148943.45,Flipkart
TXN008620,ACC0318,2025-05-09,77794.57,ATM_Withdrawal
TXN018257,ACC0230,2025-03-03,37307.97,BigBasket
TXN014156,ACC0326,2025-06-26,69813.06,Amazon
TXN011778,ACC0245,2025-02-06,120977.32,Unknown_POS
TXN004933,ACC0413,2025-03-17,105638.73,ATM_Withdrawal
TXN005279,ACC0240,2025-04-23,10204.74,Flipkart
TXN007124,ACC0354,2025-01-26,76387.61,ATM_Withdrawal
TXN000805,ACC0090,2025-04-15,75960.4,Flipkart
TXN014782,ACC0224,2025-07-12,131622.94,BigBasket
TXN013837,ACC0335,2025-06-15,36633.45,Uber
TXN004329,ACC0436,2025-05-11,40821.62,Amazon
TXN005288,ACC0111,2025-03-11,107524.99,Swiggy
TXN004111,ACC0083,2025-05-03,33123.82,Swiggy
TXN000251,ACC0135,2025-06-21,129402.35,BigBasket
TXN011954,ACC0029,2025-02-16,63378.87,ATM_Withdrawal
TXN017627,ACC0471,2025-01-29,29998.84,Zomato
TXN010861,ACC0492,2025-06-10,31588.54,ATM_Withdrawal
TXN001879,ACC0023,2025-01-08,29908.47,Uber
TXN017731,ACC0036,2025-05-29,16249.54,Zomato
TXN014326,ACC0088,2025-07-29,81319.18,Zomato
TXN017247,ACC0332,2025-03-05,103355.3,Unknown_POS
TXN015125,ACC0180,2025-05-02,34223.65,ATM_Withdrawal
TXN013396,ACC0403,2025-06-15,140042.56,Uber
TXN005821,ACC0012,2025-05-01,138397.47,ATM_Withdrawal
TXN014366,ACC0277,2025-07-24,117187.8,Zomato
TXN012432,ACC0313,2025-03-11,88489.91,BigBasket
TXN005845,ACC0046,2025-03-24,8285.06,Flipkart
TXN009572,ACC0164,2025-04-29,143542.03,Flipkart
TXN017931,ACC0066,2025-02-12,107906.01,Flipkart
TXN018938,ACC0034,2025-05-21,140013.71,Flipkart
TXN006544,ACC0113,2025-05-04,116911.4,Swiggy
TXN001804,ACC0492,2025-06-03,49302.16,Swiggy
TXN013972,ACC0344,2025-04-08,11656.03,Unknown_POS
TXN002511,ACC0220,2025-07-22,27927.94,Zomato
TXN004195,ACC0240,2025-01-07,6669.76,Amazon
TXN007947,ACC0171,2025-07-24,4528.04,Unknown_POS
TXN002240,ACC0390,2025-04-20,37199.71,Swiggy
TXN019902,ACC0264,2025-05-21,49717.56,Uber
TXN005888,ACC0351,2025-05-16,60453.86,Swiggy
TXN005833,ACC0402,2025-04-01,69855.04,Amazon
TXN001184,ACC0283,2025-07-29,67534.36,BigBasket
TXN015923,ACC0197,2025-02-24,35908.34,Swiggy
TXN006191,ACC0256,2025-03-05,77689.73,Uber
TXN016561,ACC0097,2025-04-17,93265.92,Amazon
TXN018878,ACC0450,2025-06-16,96486.16,Unknown_POS
TXN003584,ACC0308,2025-04-16,76022.84,Uber
TXN000335,ACC0143,2025-01-22,46520.54,Zomato
TXN007782,ACC0295,2025-01-09,73357.74,Unknown_POS
TXN000272,ACC0280,2025-02-25,148466.87,Flipkart
TXN008052,ACC0319,2025-02-20,45901.26,Zomato
TXN012512,ACC0262,2025-01-08,76163.63,BigBasket
TXN008163,ACC0423,2025-03-09,15388.23,Swiggy
TXN010040,ACC0407,2025-04-22,129565.43,Uber
TXN010534,ACC0396,2025-02-13,127822.42,ATM_Withdrawal
TXN018373,ACC0473,2025-07-29,64765.55,ATM_Withdrawal
TXN019273,ACC0353,2025-03-22,89057.83,Flipkart
TXN016060,ACC0097,2025-02-18,12909.67,ATM_Withdrawal
TXN012921,ACC0065,2025-05-17,100269.28,Unknown_POS
TXN012827,ACC0482,2025-04-18,52301.28,Zomato
TXN002951,ACC0467,2025-04-05,137375.27,Amazon
TXN004869,ACC0084,2025-02-06,90493.62,ATM_Withdrawal
TXN009978,ACC0068,2025-04-06,8854.68,Zomato
TXN002827,ACC0152,2025-01-29,107451.82,Flipkart
TXN016613,ACC0239,2025-05-24,2011.19,Unknown_POS
TXN006426,ACC0152,2025-02-25,19177.47,Zomato
TXN010173,ACC0067,2025-03-09,129113.7,Uber
TXN009614,ACC0371,2025-03-18,6521.9,BigBasket
TXN010314,ACC0140,2025-01-13,127521.65,Zomato
TXN012384,ACC0319,2025-04-14,147932.12,Unknown_POS
TXN009238,ACC0440,2025-05-09,62329.95,Swiggy
TXN000769,ACC0460,2025-07-18,101799.98,Unknown_POS
TXN017440,ACC0338,2025-05-10,11035.15,Uber
TXN001079,ACC0389,2025-04-20,126504.28,Flipkart
TXN019166,ACC0057,2025-03-19,18383.81,Unknown_POS
TXN014027,ACC0135,2025-01-05,93764.39,Zomato
TXN014732,ACC0041,2025-06-15,100540.38,Uber
TXN018708,ACC0362,2025-04-23,82415.85,Uber
TXN002101,ACC0330,2025-03-29,56582.7,Unknown_POS
TXN011010,ACC0077,2025-03-03,116145.1,Flipkart
TXN019337,ACC0311,2025-05-27,7734.08,Uber
TXN012397,ACC0329,2025-03-03,67434.58,Unknown_POS
TXN013015,ACC0454,2025-02-27,120843.14,Zomato
TXN014701,ACC0454,2025-05-21,71365.77,ATM_Withdrawal
TXN012524,ACC0061,2025-05-23,18273.32,Amazon
TXN014871,ACC0311,2025-06-18,122197.49,Uber
TXN002837,ACC0071,2025-05-31,56462.55,Zomato
TXN006765,ACC0155,2025-05-22,39206.91,Swiggy
TXN008593,ACC0163,2025-02-07,146103.44,Flipkart
TXN001949,ACC0142,2025-02-21,1166.12,Swiggy
TXN015245,ACC0468,2025-01-18,8952.95,Unknown_POS
TXN002548,ACC0048,2025-03-09,114941.99,Flipkart
TXN009011,ACC0482,2025-02-22,57056.4,Unknown_POS
TXN019833,ACC0268,2025-04-22,4271.06,BigBasket
TXN000531,ACC0176,2025-07-05,107019.72,ATM_Withdrawal
TXN001407,ACC0192,2025-05-12,109956.94,Amazon
TXN006170,ACC0320,2025-01-31,68470.61,Swiggy
TXN006181,ACC0292,2025-04-26,60790.1,Amazon
TXN015968,ACC0248,2025-03-23,138317.67,Uber
TXN003661,ACC0329,2025-07-22,59428.73,Swiggy
TXN014650,ACC0032,2025-01-08,96687.17,Uber
TXN013765,ACC0190,2025-02-20,85042.63,Amazon
TXN002454,ACC0180,2025-07-23,137108.7,Unknown_POS
TXN014186,ACC0022,2025-01-31,63364.74,Amazon
TXN005223,ACC0498,2025-03-26,113070.2,Uber
TXN018357,ACC0158,2025-03-03,68704.84,ATM_Withdrawal
TXN018093,ACC0409,2025-07-28,113975.21,Unknown_POS
TXN013486,ACC0344,2025-03-05,118728.4,Unknown_POS
TXN015218,ACC0213,2025-06-06,102087.48,Zomato
TXN008430,ACC0263,2025-06-16,15781.76,Uber
TXN007675,ACC0249,2025-04-15,95888.83,Amazon
TXN018280,ACC0412,2025-05-16,67672.74,Zomato
TXN017592,ACC0415,2025-04-09,12362.2,Zomato
TXN003385,ACC0040,2025-06-27,20217.2,Zomato
TXN018468,ACC0330,2025-01-27,3294.29,Uber
TXN009105,ACC0220,2025-07-21,22638.98,Flipkart
TXN017123,ACC0332,2025-03-13,108130.36,Amazon
TXN012936,ACC0080,2025-03-26,35798.26,Amazon
TXN015803,ACC0472,2025-01-22,134053.51,Swiggy
TXN015426,ACC0261,2025-02-11,76561.81,Amazon
TXN014656,ACC0196,2025-02-20,140139.18,Unknown_POS
TXN013271,ACC0139,2025-07-17,31188.81,Flipkart
TXN018375,ACC0054,2025-05-15,145261.31,Swiggy
TXN003518,ACC0093,2025-04-24,3624.12,Zomato
TXN014590,ACC0126,2025-04-06,26956.64,Flipkart
TXN018164,ACC0357,2025-02-03,1452.62,Uber
TXN002335,ACC0166,2025-02-02,27321.76,Unknown_POS
TXN013075,ACC0204,2025-01-14,99262.83,Zomato
TXN016033,ACC0278,2025-04-30,8517.84,Flipkart
TXN008961,ACC0120,2025-07-27,34452.7,ATM_Withdrawal
TXN018332,ACC0316,2025-02-25,792.15,Uber
TXN014728,ACC0075,2025-06-02,98893.28,Unknown_POS
TXN013293,ACC0171,2025-03-15,98287.94,Swiggy
TXN014776,ACC0462,2025-03-16,85425.11,Flipkart
TXN002432,ACC0256,2025-03-23,17085.35,Unknown_POS
TXN018092,ACC0066,2025-02-02,47218.9,ATM_Withdrawal
TXN012916,ACC0155,2025-06-22,7817.36,Swiggy
TXN019349,ACC0205,2025-03-05,46042.1,BigBasket
TXN014655,ACC0284,2025-01-03,125140.25,Swiggy
TXN010908,ACC0088,2025-05-25,137870.57,Swiggy
TXN010427,ACC0101,2025-07-02,90983.68,Uber
TXN003115,ACC0412,2025-06-04,125689.42,Swiggy
TXN003114,ACC0408,2025-02-15,145922.15,Flipkart
TXN016967,ACC0381,2025-05-10,86934.37,BigBasket
TXN014103,ACC0359,2025-03-08,72608.23,Unknown_POS
TXN013777,ACC0242,2025-02-22,112740.91,Swiggy
TXN000996,ACC0103,2025-06-25,56104.43,Flipkart
TXN016025,ACC0119,2025-04-04,28339.08,Unknown_POS
TXN002573,ACC0059,2025-01-14,134264.02,Uber
TXN016963,ACC0275,2025-01-28,75793.32,Flipkart
TXN016587,ACC0476,2025-02-12,128038.45,BigBasket
TXN006471,ACC0263,2025-06-14,61711.27,Swiggy
TXN013419,ACC0070,2025-03-17,149931.4,Uber
TXN018041,ACC0484,2025-05-20,9143.11,Uber
TXN008200,ACC0233,2025-01-26,44422.03,ATM_Withdrawal
TXN005479,ACC0274,2025-02-27,46915.35,ATM_Withdrawal
TXN010050,ACC0347,2025-04-11,19234.01,Swiggy
TXN008105,ACC0478,2025-04-18,139648.01,Amazon
TXN012352,ACC0176,2025-04-27,56804.59,Uber
TXN015323,ACC0046,2025-02-06,29482.01,Flipkart
TXN002149,ACC0033,2025-07-02,136336.63,Swiggy
TXN013088,ACC0299,2025-03-27,15681.98,Swiggy
TXN005181,ACC0130,2025-02-13,65217.79,Swiggy
TXN011002,ACC0234,2025-04-17,30520.11,BigBasket
TXN018617,ACC0239,2025-07-08,78380.34,Uber
TXN019939,ACC0239,2025-06-25,49220.0,Flipkart
TXN002206,ACC0126,2025-07-09,99193.06,Amazon
TXN006722,ACC0067,2025-04-08,8886.66,Swiggy
TXN000390,ACC0016,2025-04-14,128197.47,Zomato
TXN017128,ACC0337,2025-03-13,74628.09,Flipkart
TXN017185,ACC0386,2025-04-13,33156.63,Amazon
TXN009694,ACC0117,2025-07-18,138414.67,Uber
TXN005162,ACC0273,2025-01-15,40769.83,ATM_Withdrawal
TXN017613,ACC0354,2025-03-11,38257.51,Uber
TXN005774,ACC0405,2025-06-09,44053.1,ATM_Withdrawal
TXN006228,ACC0029,2025-05-13,27438.59,BigBasket
TXN018869,ACC0206,2025-03-21,119763.83,BigBasket
TXN011202,ACC0448,2025-02-27,130465.75,BigBasket
TXN001659,ACC0247,2025-06-16,21815.87,Zomato
TXN009218,ACC0376,2025-05-16,78547.76,Flipkart
TXN014042,ACC0450,2025-01-28,33749.47,Unknown_POS
TXN018395,ACC0149,2025-04-11,123592.27,Unknown_POS
TXN019218,ACC0014,2025-05-30,149567.67,Uber
TXN011698,ACC0108,2025-03-03,143337.86,Swiggy
TXN014533,ACC0371,2025-02-07,109241.66,BigBasket
TXN003995,ACC0338,2025-03-22,143711.86,Swiggy
TXN009228,ACC0008,2025-03-16,67597.82,Flipkart
TXN016479,ACC0499,2025-01-30,148799.53,Swiggy
TXN004774,ACC0334,2025-04-30,50813.95,Swiggy
TXN010423,ACC0111,2025-06-10,108726.77,ATM_Withdrawal
TXN007462,ACC0221,2025-04-26,88376.98,Uber
TXN010248,ACC0325,2025-02-05,51348.87,Unknown_POS
TXN002276,ACC0254,2025-06-25,79893.85,Flipkart
TXN014307,ACC0145,2025-06-22,149294.43,BigBasket
TXN017959,ACC0418,2025-06-22,18870.68,Uber
TXN018172,ACC0345,2025-01-01,67281.37,BigBasket
TXN011695,ACC0391,2025-02-01,22556.45,Flipkart
TXN005206,ACC0215,2025-07-28,30235.88,BigBasket
TXN001997,ACC0090,2025-06-12,114269.36,BigBasket
TXN003683,ACC0103,2025-07-14,85552.54,Uber
TXN018885,ACC0278,2025-01-23,61690.47,Amazon
TXN019248,ACC0351,2025-05-01,85906.37,ATM_Withdrawal
TXN007781,ACC0482,2025-04-09,69028.79,Uber
TXN009924,ACC0463,2025-07-14,69071.11,Zomato
TXN018594,ACC0232,2025-03-24,113637.15,Uber
TXN010964,ACC0388,2025-06-06,33071.03,Zomato
TXN008868,ACC0432,2025-06-28,104739.66,BigBasket
TXN013524,ACC0019,2025-02-20,142026.87,Amazon
TXN000485,ACC0474,2025-01-28,84424.43,Flipkart
TXN004287,ACC0407,2025-05-16,147772.78,Zomato
TXN019868,ACC0367,2025-01-16,128641.76,Zomato
TXN000238,ACC0267,2025-05-04,52277.63,Flipkart
TXN008003,ACC0265,2025-05-20,35698.3,Flipkart
TXN003526,ACC0011,2025-01-03,138029.76,Amazon
TXN015913,ACC0427,2025-05-14,41629.23,Unknown_POS
TXN019138,ACC0298,2025-06-15,96914.35,BigBasket
TXN009967,ACC0463,2025-06-16,129808.29,Unknown_POS
TXN006485,ACC0294,2025-03-24,74764.89,Zomato
TXN001156,ACC0279,2025-06-27,35461.34,Flipkart
TXN005634,ACC0078,2025-07-10,58496.7,Uber
TXN017358,ACC0297,2025-02-04,53045.17,Uber
TXN004174,ACC0171,2025-05-21,20470.18,Swiggy
TXN011215,ACC0092,2025-05-10,122558.74,Unknown_POS
TXN004770,ACC0258,2025-03-25,131803.56,BigBasket
TXN015230,ACC0007,2025-05-04,104394.64,Unknown_POS
TXN002555,ACC0390,2025-03-21,106291.43,Swiggy
TXN017147,ACC0141,2025-04-06,61752.79,Swiggy
TXN016850,ACC0118,2025-07-18,138195.49,Uber
TXN000140,ACC0138,2025-04-07,101067.1,Amazon
TXN012954,ACC0428,2025-07-27,34454.01,Zomato
TXN007356,ACC0183,2025-05-13,110678.52,Flipkart
TXN008781,ACC0221,2025-01-08,143724.54,Flipkart
TXN009795,ACC0346,2025-01-21,97637.56,BigBasket
TXN016301,ACC0434,2025-04-14,103459.06,Zomato
TXN008445,ACC0187,2025-05-10,128268.05,ATM_Withdrawal
TXN001402,ACC0214,2025-02-15,73808.38,Zomato
TXN017173,ACC0046,2025-02-23,64698.15,Flipkart
TXN018802,ACC0211,2025-04-01,103947.98,ATM_Withdrawal
TXN002602,ACC0491,2025-05-15,26284.09,BigBasket
TXN014134,ACC0263,2025-04-03,76796.53,Unknown_POS
TXN008250,ACC0406,2025-07-11,121777.51,BigBasket
TXN009710,ACC0214,2025-02-11,536.81,Swiggy
TXN017604,ACC0396,2025-03-31,24053.7,Zomato
TXN019934,ACC0406,2025-01-27,1314.96,Amazon
TXN017336,ACC0387,2025-01-27,31682.24,Flipkart
TXN018771,ACC0144,2025-05-30,96405.97,Swiggy
TXN016954,ACC0396,2025-04-21,84166.87,Flipkart
TXN011975,ACC0475,2025-04-14,7997.7,BigBasket
TXN001157,ACC0379,2025-07-02,86149.53,ATM_Withdrawal
TXN004036,ACC0403,2025-01-22,53471.05,Flipkart
TXN015389,ACC0266,2025-03-11,35680.55,Zomato
TXN014159,ACC0026,2025-04-26,118413.59,ATM_Withdrawal
TXN014084,ACC0125,2025-06-13,95082.19,Swiggy
TXN013013,ACC0379,2025-03-26,80925.89,BigBasket
TXN012928,ACC0258,2025-07-08,47627.92,BigBasket
TXN013870,ACC0158,2025-06-23,46144.03,Unknown_POS
TXN009464,ACC0151,2025-02-21,11964.68,Flipkart
TXN003371,ACC0054,2025-07-08,122195.23,Uber
TXN016417,ACC0058,2025-01-12,133493.18,ATM_Withdrawal
TXN002098,ACC0473,2025-05-17,95050.55,ATM_Withdrawal
TXN005263,ACC0401,2025-07-30,81063.83,Amazon
TXN006229,ACC0426,2025-03-01,4695.49,ATM_Withdrawal
TXN015191,ACC0191,2025-03-15,32308.77,Zomato
TXN008078,ACC0301,2025-01-24,126679.85,BigBasket
TXN005879,ACC0197,2025-07-26,39572.99,ATM_Withdrawal
TXN019946,ACC0297,2025-03-28,18058.9,Amazon
TXN000839,ACC0293,2025-02-03,146891.9,Zomato
TXN007098,ACC0030,2025-07-04,5705.55,Amazon
TXN006873,ACC0434,2025-05-30,139228.57,Unknown_POS
TXN000312,ACC0071,2025-04-08,116030.4,Swiggy
TXN014946,ACC0095,2025-05-17,13272.08,Amazon
TXN019516,ACC0471,2025-04-21,55172.18,Amazon
TXN019203,ACC0097,2025-03-13,137122.95,Uber
TXN007604,ACC0185,2025-06-07,82376.98,BigBasket
TXN000294,ACC0112,2025-04-20,123735.9,ATM_Withdrawal
TXN016465,ACC0335,2025-05-27,76363.83,Uber
TXN016042,ACC0462,2025-03-09,3528.17,Amazon
TXN018997,ACC0048,2025-03-22,71502.63,Unknown_POS
TXN005050,ACC0044,2025-05-27,76846.14,Unknown_POS
TXN018760,ACC0354,2025-05-10,29316.1,Unknown_POS
TXN000281,ACC0166,2025-06-30,43930.57,Uber
TXN014433,ACC0147,2025-02-04,117015.17,Amazon
TXN006698,ACC0214,2025-03-18,15828.7,ATM_Withdrawal
TXN003622,ACC0108,2025-03-25,103257.85,BigBasket
TXN016055,ACC0188,2025-06-04,107070.17,Zomato
TXN012873,ACC0036,2025-04-14,135310.38,Zomato
TXN009224,ACC0463,2025-03-15,87526.56,Amazon
TXN013880,ACC0174,2025-07-24,76446.87,Uber
TXN003264,ACC0380,2025-07-27,121557.44,Swiggy
TXN002915,ACC0266,2025-06-04,37723.34,ATM_Withdrawal
TXN017337,ACC0059,2025-02-03,91156.52,Flipkart
TXN000611,ACC0255,2025-07-10,98023.28,Flipkart
TXN009723,ACC0039,2025-03-08,94879.41,Flipkart
TXN010568,ACC0256,2025-04-28,117479.21,ATM_Withdrawal
TXN008953,ACC0205,2025-07-05,138626.23,Unknown_POS
TXN013159,ACC0157,2025-05-30,25165.71,Unknown_POS
TXN004619,ACC0311,2025-04-14,23529.84,ATM_Withdrawal
TXN011235,ACC0129,2025-07-04,118063.08,Swiggy
TXN019518,ACC0431,2025-04-27,104758.21,Unknown_POS
TXN001273,ACC0421,2025-07-23,14638.97,Swiggy
TXN010016,ACC0111,2025-05-08,10289.06,BigBasket
TXN005457,ACC0278,2025-06-20,126708.38,Uber
TXN018273,ACC0465,2025-01-06,50084.87,Flipkart
TXN013337,ACC0291,2025-01-25,107136.25,Zomato
TXN007400,ACC0360,2025-01-28,69162.29,Zomato
TXN001245,ACC0367,2025-03-08,15537.9,Flipkart
TXN000724,ACC0440,2025-02-05,133699.99,Zomato
TXN015372,ACC0321,2025-07-15,148782.55,ATM_Withdrawal
TXN013341,ACC0209,2025-07-08,73254.45,Unknown_POS
TXN005284,ACC0089,2025-03-13,96281.15,Zomato
TXN002301,ACC0097,2025-05-26,73603.23,Swiggy
TXN019242,ACC0006,2025-05-04,38534.9,Zomato
TXN006560,ACC0054,2025-01-20,46738.93,Uber
TXN014108,ACC0319,2025-07-17,67685.14,Unknown_POS
TXN000188,ACC0051,2025-04-22,34859.99,Flipkart
TXN000520,ACC0300,2025-01-27,1151.77,BigBasket
TXN018449,ACC0406,2025-04-07,13780.16,Zomato
TXN010483,ACC0002,2025-02-05,109085.72,Zomato
TXN007637,ACC0434,2025-03-18,132967.01,Uber
TXN004899,ACC0450,2025-05-10,86121.67,Uber
TXN018559,ACC0496,2025-02-08,57197.94,Swiggy
TXN017408,ACC0119,2025-02-05,45900.98,Amazon
TXN018079,ACC0477,2025-03-15,109737.62,ATM_Withdrawal
TXN018556,ACC0121,2025-07-10,38636.05,Swiggy
TXN007247,ACC0284,2025-02-14,117825.72,Zomato
TXN011670,ACC0286,2025-07-24,114905.98,Zomato
TXN008360,ACC0067,2025-03-03,48369.71,Swiggy
TXN016810,ACC0007,2025-06-12,22588.16,Uber
TXN007903,ACC0419,2025-05-29,107731.95,Uber
TXN007171,ACC0462,2025-04-15,101759.49,ATM_Withdrawal
TXN001295,ACC0238,2025-07-17,93988.31,Zomato
TXN013282,ACC0204,2025-03-13,11121.79,Unknown_POS
TXN009826,ACC0486,2025-05-29,63495.58,ATM_Withdrawal
TXN001305,ACC0118,2025-07-19,16564.42,Zomato
TXN019025,ACC0030,2025-05-09,97198.29,Flipkart
TXN014088,ACC0292,2025-06-15,88800.54,Uber
TXN005186,ACC0464,2025-06-08,60559.87,ATM_Withdrawal
TXN018871,ACC0346,2025-01-13,70588.92,Amazon
TXN002796,ACC0461,2025-02-16,131467.03,Amazon
TXN005784,ACC0432,2025-03-06,90709.96,BigBasket
TXN019716,ACC0462,2025-07-18,125220.61,BigBasket
TXN006413,ACC0126,2025-06-30,60755.45,BigBasket
TXN013140,ACC0212,2025-01-12,148132.79,Amazon
TXN012952,ACC0311,2025-05-08,55751.56,BigBasket
TXN000363,ACC0379,2025-06-09,36425.47,BigBasket
TXN014320,ACC0172,2025-01-31,90952.23,Zomato
TXN019193,ACC0456,2025-01-30,137874.65,Unknown_POS
TXN013267,ACC0091,2025-07-27,55498.57,Amazon
TXN002842,ACC0002,2025-04-22,10135.83,Zomato
TXN015356,ACC0081,2025-07-07,50635.24,ATM_Withdrawal
TXN016104,ACC0283,2025-06-07,68539.99,Zomato
TXN012552,ACC0187,2025-01-13,104431.42,Amazon
TXN019243,ACC0457,2025-05-11,22387.01,Swiggy
TXN015342,ACC0088,2025-06-14,142502.29,ATM_Withdrawal
TXN001728,ACC0133,2025-06-10,76149.53,Flipkart
TXN014635,ACC0328,2025-04-12,11030.1,Flipkart
TXN008809,ACC0352,2025-04-06,82583.92,BigBasket
TXN004263,ACC0204,2025-05-16,71628.17,Amazon
TXN018703,ACC0352,2025-01-16,15086.66,Unknown_POS
TXN015134,ACC0440,2025-02-24,57579.87,Amazon
TXN015494,ACC0385,2025-01-03,122877.71,Zomato
TXN012010,ACC0211,2025-07-05,84537.81,Flipkart
TXN013326,ACC0281,2025-04-12,16366.17,Swiggy
TXN019454,ACC0496,2025-04-04,31939.38,Zomato
TXN019416,ACC0479,2025-06-19,95273.08,Swiggy
TXN011395,ACC0268,2025-02-25,130570.64,BigBasket
TXN016385,ACC0080,2025-05-03,4231.66,Amazon
TXN017917,ACC0354,2025-05-16,103193.52,Swiggy
TXN002141,ACC0399,2025-04-29,129741.12,Unknown_POS
TXN000347,ACC0135,2025-07-02,146258.84,Flipkart
TXN019487,ACC0207,2025-02-23,89977.84,ATM_Withdrawal
TXN005236,ACC0032,2025-06-26,26041.9,ATM_Withdrawal
TXN019506,ACC0223,2025-06-04,61816.25,Unknown_POS
TXN005785,ACC0084,2025-04-02,38553.85,Swiggy
TXN006235,ACC0126,2025-06-10,140289.64,ATM_Withdrawal
TXN008785,ACC0184,2025-07-01,128956.52,ATM_Withdrawal
TXN016584,ACC0378,2025-03-28,82839.69,Zomato
TXN001132,ACC0294,2025-03-04,25732.68,Uber
TXN008184,ACC0448,2025-05-09,85200.74,Flipkart
TXN003244,ACC0195,2025-01-13,67049.52,Unknown_POS
TXN003749,ACC0192,2025-02-23,45602.8,ATM_Withdrawal
TXN011804,ACC0179,2025-07-08,94390.53,Amazon
TXN014645,ACC0193,2025-02-21,134759.22,ATM_Withdrawal
TXN010230,ACC0411,2025-02-16,12687.15,Flipkart
TXN000514,ACC0443,2025-07-19,145072.4,Amazon
TXN006822,ACC0232,2025-06-04,120389.94,Zomato
TXN011639,ACC0494,2025-03-23,70545.79,Unknown_POS
TXN015517,ACC0478,2025-06-22,118298.88,Unknown_POS
TXN000997,ACC0058,2025-07-09,8227.98,Swiggy
TXN010885,ACC0019,2025-04-08,109680.59,Unknown_POS
TXN017218,ACC0021,2025-02-13,82862.68,Amazon
TXN017327,ACC0243,2025-05-12,63800.26,Uber
TXN018285,ACC0486,2025-06-19,149549.22,Amazon
TXN007540,ACC0300,2025-07-12,99867.94,Unknown_POS
TXN011223,ACC0461,2025-02-16,40970.94,Swiggy
TXN013717,ACC0329,2025-07-14,118753.75,BigBasket
TXN013033,ACC0432,2025-07-27,52376.26,Swiggy
TXN018393,ACC0335,2025-07-26,39868.53,Unknown_POS
TXN006841,ACC0012,2025-04-09,33340.85,BigBasket
TXN001572,ACC0135,2025-06-29,127782.04,Amazon
TXN013147,ACC0027,2025-07-13,149784.67,Amazon
TXN000003,ACC0088,2025-06-18,93690.65,BigBasket
TXN012995,ACC0041,2025-06-12,129875.65,Zomato
TXN018015,ACC0481,2025-05-28,74690.02,Amazon
TXN017487,ACC0359,2025-03-14,34344.9,Zomato
TXN016005,ACC0044,2025-07-19,28058.67,Unknown_POS
TXN011245,ACC0427,2025-06-21,40978.74,Swiggy
TXN003294,ACC0173,2025-02-17,38329.9,ATM_Withdrawal
TXN003814,ACC0241,2025-03-28,13693.6,ATM_Withdrawal
TXN018334,ACC0129,2025-06-02,97670.29,Amazon
TXN005988,ACC0484,2025-04-19,128252.89,Uber
TXN012808,ACC0312,2025-06-30,88343.68,Unknown_POS
TXN014048,ACC0338,2025-01-01,68048.5,Zomato
TXN000691,ACC0286,2025-01-19,86265.6,Zomato
TXN004940,ACC0447,2025-01-16,1635.82,Unknown_POS
TXN016743,ACC0096,2025-01-16,58582.54,BigBasket
TXN010317,ACC0203,2025-05-29,111193.18,Uber
TXN004029,ACC0374,2025-02-11,54246.37,Uber
TXN013572,ACC0448,2025-03-23,75875.89,ATM_Withdrawal
TXN015421,ACC0351,2025-01-31,125866.73,BigBasket
TXN007418,ACC0061,2025-06-21,110389.0,Unknown_POS
TXN016242,ACC0078,2025-07-02,5985.37,Uber
TXN000511,ACC0198,2025-01-13,24477.97,Zomato
TXN013274,ACC0254,2025-06-29,8253.78,Zomato
TXN014176,ACC0130,2025-06-06,144027.99,ATM_Withdrawal
TXN002565,ACC0182,2025-04-21,31849.3,Unknown_POS
TXN017505,ACC0203,2025-04-06,119277.31,Swiggy
TXN000365,ACC0376,2025-05-20,114084.31,Zomato
TXN003470,ACC0146,2025-05-18,43001.52,Uber
TXN001793,ACC0022,2025-01-01,121905.93,Uber
TXN016559,ACC0463,2025-01-17,12347.09,ATM_Withdrawal
TXN007595,ACC0089,2025-01-17,77275.81,Swiggy
TXN014207,ACC0312,2025-03-23,36003.66,BigBasket
TXN015537,ACC0091,2025-03-21,71239.62,Unknown_POS
TXN002500,ACC0263,2025-04-13,138356.1,Uber
TXN016487,ACC0394,2025-03-14,136831.74,Swiggy
TXN007487,ACC0382,2025-02-14,113347.71,Uber
TXN008453,ACC0162,2025-06-18,3879.81,Amazon
TXN005268,ACC0225,2025-03-15,9708.47,Uber
TXN013185,ACC0292,2025-05-08,42819.43,Zomato
TXN005605,ACC0058,2025-06-30,35607.57,BigBasket
TXN002752,ACC0173,2025-05-27,59220.45,Uber
TXN018282,ACC0344,2025-07-11,103896.6,ATM_Withdrawal
TXN001001,ACC0105,2025-05-20,78513.72,Uber
TXN016395,ACC0002,2025-06-13,142638.8,ATM_Withdrawal
TXN009326,ACC0357,2025-03-12,121722.79,Amazon
TXN016317,ACC0281,2025-02-11,47210.35,Zomato
TXN004742,ACC0402,2025-02-03,128150.52,Swiggy
TXN004656,ACC0497,2025-05-20,139214.96,Uber
TXN019993,ACC0187,2025-01-26,34929.54,Amazon
TXN008892,ACC0194,2025-03-12,95600.19,ATM_Withdrawal
TXN001652,ACC0336,2025-05-03,69051.44,Unknown_POS
TXN009412,ACC0075,2025-06-23,28209.7,Swiggy
TXN002460,ACC0431,2025-07-29,77868.54,BigBasket
TXN005856,ACC0194,2025-05-02,107968.29,Unknown_POS
TXN000277,ACC0441,2025-07-01,91558.76,Unknown_POS
TXN013956,ACC0454,2025-06-26,96190.0,ATM_Withdrawal
TXN009500,ACC0101,2025-06-07,41908.35,Swiggy
TXN008748,ACC0293,2025-03-23,87470.04,Amazon
TXN008102,ACC0481,2025-03-04,83251.65,Flipkart
TXN008951,ACC0247,2025-07-14,94949.9,Amazon
TXN004506,ACC0196,2025-06-18,83092.27,Flipkart
TXN018966,ACC0482,2025-01-17,75554.51,Flipkart
TXN008709,ACC0356,2025-01-31,36236.52,ATM_Withdrawal
TXN002014,ACC0227,2025-06-11,956.1,ATM_Withdrawal
TXN017157,ACC0091,2025-04-14,53878.25,BigBasket
TXN017052,ACC0203,2025-03-25,11448.61,Zomato
TXN019593,ACC0283,2025-01-30,49211.76,Flipkart
TXN008886,ACC0161,2025-07-02,52623.16,Swiggy
TXN011758,ACC0374,2025-05-17,42085.85,ATM_Withdrawal
TXN017011,ACC0337,2025-01-23,71235.07,Amazon
TXN007670,ACC0447,2025-02-10,78854.29,Swiggy
TXN003292,ACC0280,2025-04-23,17716.98,Uber
TXN007919,ACC0306,2025-04-06,70284.69,Zomato
TXN007729,ACC0288,2025-06-06,116525.39,Amazon
TXN003002,ACC0130,2025-07-05,56013.56,BigBasket
TXN010685,ACC0099,2025-02-21,146577.8,ATM_Withdrawal
TXN014653,ACC0347,2025-04-07,50417.92,Uber
TXN005654,ACC0336,2025-04-26,25791.19,Flipkart
TXN001577,ACC0061,2025-02-27,107048.88,Zomato
TXN000787,ACC0411,2025-05-21,92123.1,Amazon
TXN019661,ACC0233,2025-05-06,22589.04,Amazon
TXN014722,ACC0164,2025-04-08,113529.72,BigBasket
TXN016848,ACC0344,2025-07-15,64940.15,Swiggy
TXN006372,ACC0251,2025-03-03,32591.23,Swiggy
TXN003175,ACC0058,2025-07-13,141857.27,ATM_Withdrawal
TXN007770,ACC0053,2025-03-06,60097.05,ATM_Withdrawal
TXN003334,ACC0216,2025-01-15,95727.08,Uber
TXN017177,ACC0302,2025-03-12,121710.23,Uber
TXN016448,ACC0434,2025-07-29,38497.31,Uber
TXN008252,ACC0497,2025-06-19,36578.02,Swiggy
TXN015299,ACC0295,2025-07-26,62386.27,ATM_Withdrawal
TXN013459,ACC0417,2025-03-02,61156.05,Flipkart
TXN009130,ACC0465,2025-04-21,26912.28,Zomato
TXN010131,ACC0226,2025-06-17,60130.71,ATM_Withdrawal
TXN007962,ACC0242,2025-01-02,2956.95,Flipkart
TXN011507,ACC0080,2025-04-15,18849.86,ATM_Withdrawal
TXN007134,ACC0238,2025-03-16,87137.99,Zomato
TXN004052,ACC0442,2025-04-29,12829.53,Flipkart
TXN001009,ACC0119,2025-04-08,76305.62,Flipkart
TXN007721,ACC0088,2025-01-22,131927.87,BigBasket
TXN016502,ACC0188,2025-04-22,71764.5,Amazon
TXN002649,ACC0431,2025-05-20,39077.72,ATM_Withdrawal
TXN007618,ACC0183,2025-06-13,60346.16,Unknown_POS
TXN016062,ACC0148,2025-01-05,114349.69,Zomato
TXN013770,ACC0347,2025-05-10,127581.67,Unknown_POS
TXN009865,ACC0141,2025-04-03,17580.52,Uber
TXN006673,ACC0066,2025-02-04,127939.44,Uber
TXN005220,ACC0315,2025-03-16,137428.96,BigBasket
TXN019459,ACC0076,2025-07-11,148224.32,Zomato
TXN009754,ACC0160,2025-03-11,104092.61,Flipkart
TXN005911,ACC0124,2025-07-20,79068.96,Swiggy
TXN013410,ACC0383,2025-02-17,24571.75,BigBasket
TXN009365,ACC0005,2025-03-27,137504.13,Amazon
TXN012937,ACC0119,2025-01-31,47373.32,Uber
TXN003568,ACC0378,2025-07-26,51203.16,Flipkart
TXN005192,ACC0333,2025-05-20,63082.47,Zomato
TXN018323,ACC0404,2025-05-09,81948.81,Unknown_POS
TXN013805,ACC0366,2025-05-25,44820.69,Flipkart
TXN003893,ACC0294,2025-07-20,41927.59,Zomato
TXN013606,ACC0035,2025-03-10,27155.51,Uber
TXN016353,ACC0283,2025-07-03,136233.62,Uber
TXN016951,ACC0116,2025-06-04,23354.42,Swiggy
TXN012437,ACC0075,2025-04-24,137905.67,ATM_Withdrawal
TXN016624,ACC0193,2025-02-12,43329.96,Zomato
TXN015807,ACC0071,2025-05-09,11895.55,Flipkart
TXN010023,ACC0054,2025-02-03,91864.5,Zomato
TXN009616,ACC0476,2025-04-01,124213.8,BigBasket
TXN014916,ACC0386,2025-03-03,103847.55,BigBasket
TXN012984,ACC0388,2025-04-12,73270.17,Swiggy
TXN006140,ACC0033,2025-06-07,51029.79,ATM_Withdrawal
TXN013634,ACC0120,2025-07-19,45777.42,Zomato
TXN017235,ACC0014,2025-07-04,121885.23,BigBasket
TXN002580,ACC0379,2025-03-20,127891.96,Zomato
TXN006444,ACC0264,2025-04-20,103020.44,Uber
TXN010880,ACC0157,2025-01-19,43551.14,Amazon
TXN002221,ACC0211,2025-02-01,136970.71,Amazon
TXN000729,ACC0335,2025-07-18,22337.52,Unknown_POS
TXN018101,ACC0198,2025-02-23,36188.77,ATM_Withdrawal
TXN005881,ACC0341,2025-07-05,9227.15,Flipkart
TXN008906,ACC0370,2025-06-21,72453.76,Uber
TXN018607,ACC0417,2025-01-05,75006.07,Zomato
TXN006532,ACC0259,2025-03-09,82596.58,ATM_Withdrawal
TXN010482,ACC0053,2025-01-28,135063.77,BigBasket
TXN017718,ACC0484,2025-03-10,73067.03,Unknown_POS
TXN017578,ACC0440,2025-01-06,106379.54,BigBasket
TXN008001,ACC0424,2025-03-02,87444.44,Swiggy
TXN009922,ACC0238,2025-04-05,89221.87,ATM_Withdrawal
TXN003607,ACC0049,2025-01-05,58724.18,Swiggy
TXN013867,ACC0392,2025-05-22,12902.67,Uber
TXN016309,ACC0377,2025-04-07,114509.99,ATM_Withdrawal
TXN003424,ACC0362,2025-07-17,26664.93,Swiggy
TXN007271,ACC0178,2025-06-02,111085.74,Flipkart
TXN017024,ACC0380,2025-07-27,124881.2,BigBasket
TXN005340,ACC0467,2025-04-02,85107.45,Amazon
TXN013545,ACC0354,2025-04-24,19878.44,Flipkart
TXN014420,ACC0439,2025-04-20,35469.4,Zomato
TXN005971,ACC0151,2025-03-05,59147.43,Swiggy
TXN017214,ACC0416,2025-06-14,70397.5,Amazon
TXN008556,ACC0116,2025-04-19,146257.53,BigBasket
TXN008263,ACC0358,2025-07-27,88137.82,Zomato
TXN005313,ACC0442,2025-05-05,43737.64,Amazon
TXN010068,ACC0487,2025-01-24,75625.36,Zomato
TXN005560,ACC0063,2025-05-28,36207.61,Flipkart
TXN014427,ACC0486,2025-01-23,79140.81,Uber
TXN003003,ACC0248,2025-06-23,60202.91,Amazon
TXN015129,ACC0250,2025-01-29,86098.17,ATM_Withdrawal
TXN016224,ACC0178,2025-01-25,102718.78,Uber
TXN003432,ACC0174,2025-03-05,54885.74,Zomato
TXN012380,ACC0010,2025-05-12,100446.25,ATM_Withdrawal
TXN004575,ACC0422,2025-01-05,116465.63,Zomato
TXN002434,ACC0483,2025-02-02,95162.24,Flipkart
TXN002348,ACC0383,2025-02-05,17629.51,Swiggy
TXN019981,ACC0262,2025-02-06,57808.3,Swiggy
TXN004252,ACC0416,2025-01-08,87934.24,BigBasket
TXN017264,ACC0365,2025-01-26,43049.1,Zomato
TXN001386,ACC0367,2025-04-20,55476.01,BigBasket
TXN014014,ACC0412,2025-05-01,43338.17,Swiggy
TXN013081,ACC0146,2025-05-05,21788.74,Uber
TXN004703,ACC0333,2025-01-09,130962.63,Uber
TXN004985,ACC0454,2025-01-30,13303.52,Unknown_POS
TXN012514,ACC0401,2025-07-17,40835.67,ATM_Withdrawal
TXN017819,ACC0154,2025-07-08,23173.5,Amazon
TXN000374,ACC0235,2025-07-11,12781.12,Flipkart
TXN007562,ACC0273,2025-04-10,56445.66,Uber
TXN017726,ACC0374,2025-01-05,138038.17,Amazon
TXN013906,ACC0308,2025-07-20,107891.53,ATM_Withdrawal
TXN018976,ACC0019,2025-02-03,65083.23,Amazon
TXN010477,ACC0311,2025-01-27,132148.75,Swiggy
TXN013399,ACC0218,2025-07-30,40032.14,Uber
TXN012005,ACC0359,2025-03-30,127214.95,Flipkart
TXN003005,ACC0216,2025-04-20,116122.16,Unknown_POS
TXN003315,ACC0473,2025-07-07,91986.93,Flipkart
TXN001252,ACC0277,2025-02-27,545.94,ATM_Withdrawal
TXN017590,ACC0299,2025-02-16,93101.88,Amazon
TXN009774,ACC0333,2025-03-28,26812.8,Uber
TXN005509,ACC0246,2025-05-20,71308.91,Amazon
TXN003671,ACC0282,2025-01-18,6067.5,Amazon
TXN007490,ACC0294,2025-03-04,113823.2,Unknown_POS
TXN011526,ACC0263,2025-01-05,15854.76,Unknown_POS
TXN000650,ACC0354,2025-07-20,44306.33,Amazon
TXN000704,ACC0064,2025-01-11,804.22,Unknown_POS
TXN011197,ACC0437,2025-04-18,106917.6,ATM_Withdrawal
TXN016020,ACC0345,2025-06-08,138472.17,BigBasket
TXN002222,ACC0080,2025-07-16,98512.19,Zomato
TXN005674,ACC0049,2025-02-27,138446.24,ATM_Withdrawal
TXN012982,ACC0294,2025-05-04,12151.95,Amazon
TXN009054,ACC0142,2025-04-28,64575.38,Flipkart
TXN006256,ACC0034,2025-01-02,103789.64,ATM_Withdrawal
TXN015783,ACC0282,2025-05-28,19492.97,Flipkart
TXN002527,ACC0019,2025-05-17,137709.27,Amazon
TXN007131,ACC0264,2025-06-26,77256.06,Zomato
TXN000807,ACC0412,2025-05-12,143508.57,Uber
TXN001689,ACC0175,2025-07-20,53318.38,Amazon
TXN002629,ACC0182,2025-04-20,70009.56,Unknown_POS
TXN008213,ACC0115,2025-02-12,64022.76,ATM_Withdrawal
TXN015788,ACC0102,2025-01-29,143667.35,Swiggy
TXN016814,ACC0428,2025-01-09,119085.63,Swiggy
TXN014690,ACC0444,2025-06-13,55416.41,Zomato
TXN019341,ACC0431,2025-03-01,108823.19,Unknown_POS
TXN012095,ACC0421,2025-03-16,15319.19,Amazon
TXN014331,ACC0213,2025-06-03,125828.75,Flipkart
TXN003640,ACC0269,2025-07-24,75644.18,Zomato
TXN011655,ACC0051,2025-06-10,105268.91,Swiggy
TXN012518,ACC0398,2025-01-19,107279.74,Flipkart
TXN009573,ACC0498,2025-02-15,12530.2,Flipkart
TXN002333,ACC0418,2025-01-18,17018.95,Unknown_POS
TXN005470,ACC0447,2025-05-03,20582.21,Unknown_POS
TXN009548,ACC0180,2025-06-07,93084.47,Flipkart
TXN012431,ACC0215,2025-03-09,96807.93,Flipkart
TXN006602,ACC0014,2025-07-08,149433.76,Swiggy
TXN009126,ACC0293,2025-06-17,6141.21,Uber
TXN002556,ACC0435,2025-05-10,15893.79,Swiggy
TXN019992,ACC0021,2025-05-01,28568.25,BigBasket
TXN018494,ACC0097,2025-05-13,120823.75,Flipkart
TXN010328,ACC0417,2025-04-12,95592.1,Zomato
TXN005815,ACC0351,2025-07-03,92545.01,Amazon
TXN009682,ACC0343,2025-03-19,31791.85,BigBasket
TXN017521,ACC0399,2025-06-04,74928.06,ATM_Withdrawal
TXN002999,ACC0280,2025-02-17,112819.17,ATM_Withdrawal
TXN010637,ACC0097,2025-02-17,19798.24,BigBasket
TXN005112,ACC0464,2025-04-24,69446.72,Swiggy
TXN003836,ACC0027,2025-04-20,94235.5,ATM_Withdrawal
TXN015254,ACC0281,2025-04-09,91493.22,Zomato
TXN005090,ACC0403,2025-04-06,86378.7,Unknown_POS
TXN011662,ACC0331,2025-07-30,43234.5,Flipkart
TXN015183,ACC0041,2025-02-12,19186.66,Flipkart
TXN005932,ACC0205,2025-02-19,66874.95,Amazon
TXN012924,ACC0401,2025-05-10,42594.63,ATM_Withdrawal
TXN014578,ACC0260,2025-06-11,57952.56,Unknown_POS
TXN005039,ACC0241,2025-03-18,56749.11,Amazon
TXN019006,ACC0130,2025-03-16,32873.68,Unknown_POS
TXN015265,ACC0404,2025-01-16,83775.46,Amazon
TXN003055,ACC0065,2025-07-06,21739.42,ATM_Withdrawal
TXN011718,ACC0254,2025-06-05,120118.96,Zomato
TXN003865,ACC0161,2025-04-01,60795.09,Zomato
TXN015409,ACC0090,2025-04-17,127961.31,BigBasket
TXN018904,ACC0345,2025-04-26,4641.36,Uber
TXN008339,ACC0017,2025-07-10,142162.56,Swiggy
TXN012222,ACC0081,2025-01-28,61779.36,Unknown_POS
TXN011582,ACC0383,2025-04-29,145397.48,Amazon
TXN001306,ACC0051,2025-03-02,110675.29,Zomato
TXN008350,ACC0224,2025-06-24,107484.67,ATM_Withdrawal
TXN018387,ACC0488,2025-07-12,119357.52,Swiggy
TXN009177,ACC0442,2025-03-21,24435.6,Unknown_POS
TXN015956,ACC0175,2025-03-06,15648.96,BigBasket
TXN017403,ACC0320,2025-04-16,125146.56,Unknown_POS
TXN005125,ACC0254,2025-02-12,136269.55,Zomato
TXN013027,ACC0179,2025-03-28,39320.59,BigBasket
TXN019867,ACC0292,2025-04-11,46621.2,Uber
TXN016293,ACC0134,2025-01-02,101998.51,ATM_Withdrawal
TXN010067,ACC0329,2025-02-08,146751.65,Uber
TXN001130,ACC0106,2025-05-19,52580.2,BigBasket
TXN000119,ACC0480,2025-07-05,114835.21,Amazon
TXN011643,ACC0364,2025-04-23,82965.65,Swiggy
TXN011063,ACC0360,2025-02-12,141759.88,Unknown_POS
TXN011153,ACC0063,2025-05-17,30918.76,BigBasket
TXN013151,ACC0194,2025-06-15,58768.59,Flipkart
TXN012142,ACC0430,2025-02-18,60594.56,Swiggy
TXN004230,ACC0263,2025-05-28,143997.76,Amazon
TXN000350,ACC0131,2025-07-17,15480.59,Flipkart
TXN009531,ACC0071,2025-01-13,37471.57,Flipkart
TXN009384,ACC0096,2025-06-10,5099.46,BigBasket
TXN005375,ACC0314,2025-03-06,79808.04,Flipkart
TXN018480,ACC0439,2025-01-28,35317.39,Zomato
TXN011731,ACC0109,2025-02-05,123425.25,Swiggy
TXN012450,ACC0259,2025-07-14,32395.44,ATM_Withdrawal
TXN004265,ACC0100,2025-02-13,122251.22,Swiggy
TXN018905,ACC0461,2025-07-08,113491.02,BigBasket
TXN007006,ACC0053,2025-04-14,77472.13,BigBasket
TXN011261,ACC0337,2025-04-14,100543.4,Zomato
TXN019623,ACC0489,2025-07-28,20600.95,Flipkart
TXN003116,ACC0126,2025-04-29,108320.84,Flipkart
TXN009720,ACC0408,2025-07-22,37512.81,Flipkart
TXN013547,ACC0087,2025-07-05,57265.67,Swiggy
TXN012460,ACC0369,2025-05-14,6692.65,Uber
TXN006669,ACC0207,2025-04-15,72085.92,Flipkart
TXN011897,ACC0349,2025-05-15,38444.47,Uber
TXN011047,ACC0216,2025-03-11,132874.23,Swiggy
TXN019233,ACC0169,2025-02-01,127198.13,Unknown_POS
TXN002449,ACC0054,2025-05-08,112504.05,Flipkart
TXN005999,ACC0369,2025-07-17,20979.12,Flipkart
TXN017852,ACC0038,2025-06-28,23371.46,Flipkart
TXN019213,ACC0293,2025-03-03,8812.08,Amazon
TXN003790,ACC0031,2025-05-11,118223.66,Flipkart
TXN015207,ACC0479,2025-02-12,61422.16,Zomato
TXN017636,ACC0382,2025-05-28,142970.82,Flipkart
TXN011408,ACC0272,2025-02-25,5049.2,Uber
TXN005818,ACC0445,2025-04-04,138193.61,Flipkart
TXN009772,ACC0027,2025-05-19,105134.96,ATM_Withdrawal
TXN006299,ACC0187,2025-07-02,41813.46,ATM_Withdrawal
TXN011476,ACC0135,2025-07-16,15763.08,Swiggy
TXN015489,ACC0071,2025-03-30,69091.06,Flipkart
TXN019787,ACC0014,2025-05-02,34389.3,Unknown_POS
TXN009351,ACC0139,2025-06-30,141974.73,Zomato
TXN011130,ACC0435,2025-01-15,45515.79,Unknown_POS
TXN007829,ACC0102,2025-03-04,48580.3,Amazon
TXN018631,ACC0115,2025-05-16,103081.62,BigBasket
TXN012764,ACC0038,2025-05-18,145945.21,Zomato
TXN003063,ACC0370,2025-06-17,111415.6,Flipkart
TXN017057,ACC0141,2025-01-05,880.77,ATM_Withdrawal
TXN012198,ACC0428,2025-05-18,99978.02,Unknown_POS
TXN015847,ACC0269,2025-02-04,28861.62,Zomato
TXN012683,ACC0276,2025-05-04,132879.62,Zomato
TXN001607,ACC0235,2025-05-07,16918.01,Swiggy
TXN016405,ACC0195,2025-07-15,15757.72,Swiggy
TXN006390,ACC0442,2025-01-22,49271.94,Uber
TXN007394,ACC0005,2025-07-17,120156.91,Unknown_POS
TXN013095,ACC0132,2025-07-24,15687.66,ATM_Withdrawal
TXN017377,ACC0089,2025-01-15,46183.04,Zomato
TXN014471,ACC0382,2025-06-27,82040.36,BigBasket
TXN003581,ACC0359,2025-02-01,105445.07,Flipkart
TXN004942,ACC0041,2025-03-23,16693.52,Zomato
TXN008531,ACC0398,2025-01-14,149101.41,Flipkart
TXN007234,ACC0124,2025-01-06,118525.44,Zomato
TXN012034,ACC0467,2025-03-13,117782.59,Amazon
TXN001037,ACC0252,2025-05-02,20670.03,Zomato
TXN014951,ACC0312,2025-01-12,53864.48,ATM_Withdrawal
TXN015015,ACC0161,2025-02-03,81806.54,Unknown_POS
TXN015000,ACC0156,2025-07-10,145888.2,Uber
TXN004513,ACC0080,2025-05-28,143281.16,Zomato
TXN019474,ACC0398,2025-06-27,26838.19,BigBasket
TXN006516,ACC0478,2025-04-18,139181.27,Zomato
TXN005380,ACC0264,2025-06-28,29914.41,Amazon
TXN005414,ACC0278,2025-06-27,44871.34,ATM_Withdrawal
TXN003014,ACC0095,2025-03-02,128671.44,Unknown_POS
TXN012880,ACC0291,2025-05-05,67903.63,BigBasket
TXN004806,ACC0301,2025-05-16,77198.15,Swiggy
TXN009089,ACC0254,2025-04-03,78346.44,BigBasket
TXN014613,ACC0057,2025-03-30,29668.22,Swiggy
TXN010694,ACC0028,2025-04-05,60451.11,ATM_Withdrawal
TXN005257,ACC0098,2025-04-15,23677.82,Swiggy
TXN015719,ACC0060,2025-01-04,129680.03,Uber
TXN015896,ACC0382,2025-06-08,13114.39,Unknown_POS
TXN004956,ACC0033,2025-01-19,81437.02,Flipkart
TXN003117,ACC0004,2025-07-11,4896.77,Unknown_POS
TXN010983,ACC0220,2025-06-09,95887.12,Zomato
TXN015944,ACC0054,2025-03-10,119016.37,ATM_Withdrawal
TXN003441,ACC0194,2025-01-22,73595.28,ATM_Withdrawal
TXN008731,ACC0397,2025-07-14,11192.17,BigBasket
TXN011365,ACC0293,2025-04-12,149629.96,Swiggy
TXN005905,ACC0220,2025-03-07,116487.92,BigBasket
TXN019633,ACC0320,2025-03-28,141619.36,Swiggy
TXN000171,ACC0041,2025-04-06,143896.7,ATM_Withdrawal
TXN000104,ACC0345,2025-07-26,46260.03,Amazon
TXN015028,ACC0352,2025-04-06,38060.48,ATM_Withdrawal
TXN005787,ACC0411,2025-03-14,96440.57,Flipkart
TXN001149,ACC0208,2025-07-29,107155.25,Flipkart
TXN003351,ACC0150,2025-04-16,120294.19,ATM_Withdrawal
TXN013935,ACC0469,2025-05-19,77999.49,Uber
TXN005793,ACC0257,2025-05-09,120953.42,Flipkart
TXN001447,ACC0064,2025-04-30,16591.91,Swiggy
TXN000041,ACC0306,2025-05-02,39866.29,Zomato
TXN015145,ACC0346,2025-06-06,92220.37,Flipkart
TXN017747,ACC0456,2025-01-28,17713.77,Swiggy
TXN014337,ACC0337,2025-02-05,4117.44,Uber
TXN003359,ACC0163,2025-03-20,15239.66,Flipkart
TXN015427,ACC0050,2025-07-20,40638.93,Amazon
TXN000918,ACC0128,2025-02-10,75012.89,BigBasket
TXN010619,ACC0007,2025-07-11,73124.73,Swiggy
TXN004896,ACC0023,2025-01-09,69383.2,Unknown_POS
TXN016686,ACC0459,2025-03-01,128533.18,Flipkart
TXN011798,ACC0215,2025-05-04,119644.8,Uber
TXN013301,ACC0019,2025-07-12,56138.41,Zomato
TXN001260,ACC0250,2025-01-22,132787.86,ATM_Withdrawal
TXN008585,ACC0267,2025-03-18,92325.78,Unknown_POS
TXN015829,ACC0159,2025-05-05,132600.02,Flipkart
TXN000040,ACC0299,2025-03-20,119523.38,Amazon
TXN000135,ACC0469,2025-01-15,84379.77,Unknown_POS
TXN005866,ACC0071,2025-05-20,115575.74,ATM_Withdrawal
TXN015040,ACC0330,2025-04-06,104450.2,Unknown_POS
TXN008099,ACC0308,2025-02-08,72864.55,Flipkart
TXN012241,ACC0031,2025-03-08,108559.48,BigBasket
TXN019486,ACC0247,2025-04-06,81810.09,Zomato
TXN011485,ACC0127,2025-06-02,58856.93,BigBasket
TXN009295,ACC0158,2025-06-23,92805.54,ATM_Withdrawal
TXN017355,ACC0169,2025-02-28,3047.4,Zomato
TXN012277,ACC0439,2025-03-25,92925.66,ATM_Withdrawal
TXN007071,ACC0215,2025-01-03,4657.96,Amazon
TXN000300,ACC0226,2025-04-27,151.36,Unknown_POS
TXN010469,ACC0129,2025-04-14,146954.85,Zomato
TXN013335,ACC0279,2025-06-18,100828.22,Uber
TXN018126,ACC0031,2025-06-18,139993.29,Zomato
TXN007625,ACC0026,2025-06-30,30225.45,Swiggy
TXN006566,ACC0381,2025-01-10,87437.76,ATM_Withdrawal
TXN003972,ACC0422,2025-05-06,16175.39,Uber
TXN012799,ACC0308,2025-04-29,105371.94,Flipkart
TXN012478,ACC0109,2025-07-08,73158.67,Zomato
TXN018856,ACC0021,2025-07-07,109337.0,Amazon
TXN018080,ACC0038,2025-05-28,93712.52,Unknown_POS
TXN008215,ACC0179,2025-05-06,138822.67,Unknown_POS
TXN016226,ACC0203,2025-07-17,147043.35,Unknown_POS
TXN007199,ACC0342,2025-06-10,145425.59,Amazon
TXN005797,ACC0419,2025-01-26,148944.85,Swiggy
TXN018676,ACC0027,2025-01-21,100167.79,Flipkart
TXN019302,ACC0222,2025-06-13,133764.63,Flipkart
TXN009231,ACC0236,2025-05-01,108472.41,ATM_Withdrawal
TXN008326,ACC0177,2025-06-18,92903.31,ATM_Withdrawal
TXN019268,ACC0412,2025-06-21,71825.5,Swiggy
TXN016769,ACC0132,2025-07-30,15544.33,BigBasket
TXN010113,ACC0390,2025-05-19,108678.75,Uber
TXN002131,ACC0150,2025-02-07,31504.46,Zomato
TXN003486,ACC0447,2025-04-23,10453.96,Zomato
TXN016449,ACC0301,2025-01-17,18044.08,BigBasket
TXN011522,ACC0448,2025-01-28,72575.33,Amazon
TXN015403,ACC0426,2025-01-15,77967.83,BigBasket
TXN019600,ACC0487,2025-02-07,39868.1,ATM_Withdrawal
TXN015012,ACC0033,2025-04-27,124124.99,Amazon
TXN015436,ACC0343,2025-04-24,112088.39,BigBasket
TXN002148,ACC0153,2025-05-27,18829.2,BigBasket
TXN008134,ACC0051,2025-04-07,74294.6,ATM_Withdrawal
TXN017375,ACC0482,2025-01-25,105848.36,Unknown_POS
TXN016383,ACC0042,2025-07-19,39031.52,BigBasket
TXN008236,ACC0172,2025-06-01,63459.97,Uber
TXN013389,ACC0171,2025-07-29,19571.63,BigBasket
TXN019303,ACC0165,2025-04-01,71155.75,Swiggy
TXN010265,ACC0362,2025-02-26,67183.11,BigBasket
TXN008395,ACC0164,2025-05-10,102889.18,Swiggy
TXN000163,ACC0035,2025-07-01,22696.9,Zomato
TXN013986,ACC0375,2025-03-02,26432.44,Swiggy
TXN003109,ACC0235,2025-04-05,108472.86,Zomato
TXN002013,ACC0312,2025-04-08,78244.72,Swiggy
TXN007726,ACC0134,2025-02-25,141361.84,BigBasket
TXN008265,ACC0155,2025-04-13,31333.46,ATM_Withdrawal
TXN012805,ACC0285,2025-02-18,40284.86,Swiggy
TXN014967,ACC0432,2025-02-28,76242.9,BigBasket
TXN016576,ACC0320,2025-04-14,49538.05,Flipkart
TXN007622,ACC0382,2025-01-01,1717.81,Zomato
TXN014548,ACC0487,2025-06-30,72706.54,ATM_Withdrawal
TXN015187,ACC0423,2025-07-22,50402.57,BigBasket
TXN016118,ACC0088,2025-02-22,128488.87,Zomato
TXN007978,ACC0260,2025-05-07,21306.72,Zomato
TXN006655,ACC0249,2025-07-24,82298.08,ATM_Withdrawal
TXN008132,ACC0123,2025-07-17,70485.33,ATM_Withdrawal
TXN007231,ACC0270,2025-01-31,76699.04,ATM_Withdrawal
TXN012962,ACC0266,2025-02-20,1866.96,Flipkart
TXN013558,ACC0343,2025-06-23,115249.26,Zomato
TXN012627,ACC0370,2025-04-15,125515.88,ATM_Withdrawal
TXN014181,ACC0398,2025-06-12,83737.52,Uber
TXN005898,ACC0209,2025-06-21,104127.69,Uber
TXN016015,ACC0260,2025-03-13,78194.67,Zomato
TXN010105,ACC0457,2025-03-14,29586.44,ATM_Withdrawal
TXN016451,ACC0343,2025-02-12,66080.7,Swiggy
TXN000759,ACC0445,2025-05-04,25626.49,Unknown_POS
TXN002485,ACC0492,2025-06-10,11493.09,Unknown_POS
TXN007280,ACC0333,2025-07-19,7176.24,Amazon
TXN008770,ACC0099,2025-03-24,58913.64,Zomato
TXN013735,ACC0062,2025-03-30,39946.36,BigBasket
TXN010320,ACC0495,2025-05-07,90390.05,Zomato
TXN019111,ACC0186,2025-07-08,128783.57,BigBasket
TXN013983,ACC0414,2025-04-12,1490.93,BigBasket
TXN019642,ACC0009,2025-04-07,99173.48,BigBasket
TXN017066,ACC0168,2025-02-03,122591.11,Unknown_POS
TXN017512,ACC0178,2025-07-08,121835.49,ATM_Withdrawal
TXN000461,ACC0103,2025-01-25,3909.07,Swiggy
TXN005194,ACC0104,2025-01-30,90412.55,Unknown_POS
TXN017522,ACC0202,2025-05-14,69600.8,Unknown_POS
TXN012361,ACC0061,2025-03-21,105460.91,Amazon
TXN002164,ACC0340,2025-07-29,6758.1,Amazon
TXN010031,ACC0044,2025-02-10,141567.91,Flipkart
TXN018246,ACC0260,2025-05-25,69911.79,Zomato
TXN000609,ACC0041,2025-04-28,66656.12,ATM_Withdrawal
TXN015922,ACC0186,2025-01-13,139476.34,Flipkart
TXN007620,ACC0489,2025-02-07,4620.02,Zomato
TXN017629,ACC0442,2025-02-20,22475.8,Uber
TXN008140,ACC0173,2025-03-24,3615.07,Amazon
TXN017357,ACC0230,2025-01-16,51882.14,ATM_Withdrawal
TXN017201,ACC0443,2025-02-09,136162.62,Amazon
TXN005191,ACC0236,2025-03-28,104333.16,ATM_Withdrawal
TXN007510,ACC0237,2025-04-20,26000.25,Unknown_POS
TXN016534,ACC0316,2025-03-05,134166.6,Flipkart
TXN006128,ACC0345,2025-05-26,122469.34,Swiggy
TXN003928,ACC0170,2025-06-19,107154.96,Uber
TXN002994,ACC0289,2025-04-07,98762.81,Amazon
TXN002717,ACC0181,2025-02-19,51501.69,Amazon
TXN011587,ACC0413,2025-07-13,56245.2,Unknown_POS
TXN010338,ACC0336,2025-05-29,95846.19,Flipkart
TXN009056,ACC0042,2025-02-17,26654.03,BigBasket
TXN019211,ACC0257,2025-04-24,10171.51,ATM_Withdrawal
TXN013884,ACC0266,2025-06-21,3508.1,ATM_Withdrawal
TXN011198,ACC0304,2025-03-16,61755.83,ATM_Withdrawal
TXN002419,ACC0488,2025-07-14,102566.53,Uber
TXN012482,ACC0409,2025-02-15,105682.98,Zomato
TXN015949,ACC0205,2025-02-19,56340.43,ATM_Withdrawal
TXN015069,ACC0114,2025-06-25,81547.59,BigBasket
TXN002544,ACC0442,2025-02-07,112967.57,Unknown_POS
TXN015711,ACC0442,2025-01-31,132406.47,ATM_Withdrawal
TXN017518,ACC0401,2025-05-04,130908.74,Unknown_POS
TXN003834,ACC0476,2025-05-07,68241.35,Uber
TXN014681,ACC0191,2025-02-23,84902.34,Amazon
TXN003620,ACC0190,2025-05-25,145566.08,Flipkart
TXN000582,ACC0136,2025-04-29,7559.53,Swiggy
TXN007002,ACC0098,2025-05-14,95164.1,Flipkart
TXN015650,ACC0408,2025-02-05,103115.43,Amazon
TXN000229,ACC0056,2025-07-16,37272.23,BigBasket
TXN001851,ACC0120,2025-06-03,118131.85,Amazon
TXN017565,ACC0214,2025-05-15,149150.87,Amazon
TXN006906,ACC0373,2025-07-25,146613.53,Swiggy
TXN010303,ACC0130,2025-06-13,37748.26,Unknown_POS
TXN000183,ACC0301,2025-02-06,112850.56,Unknown_POS
TXN009863,ACC0330,2025-06-12,119992.21,Amazon
TXN006405,ACC0070,2025-06-11,43185.21,Amazon
TXN014813,ACC0457,2025-06-05,35002.81,Unknown_POS
TXN004212,ACC0281,2025-05-02,74792.16,Zomato
TXN015024,ACC0281,2025-03-11,40887.4,Amazon
TXN006308,ACC0128,2025-03-25,105483.3,Unknown_POS
TXN011006,ACC0281,2025-07-01,138298.8,Flipkart
TXN019460,ACC0365,2025-05-17,25754.14,Swiggy
TXN010505,ACC0160,2025-07-04,93878.91,Amazon
TXN013715,ACC0388,2025-01-20,13482.51,Swiggy
TXN018946,ACC0278,2025-07-08,62210.74,Zomato
TXN010059,ACC0440,2025-05-27,135642.56,Flipkart
TXN016927,ACC0234,2025-03-14,143406.68,Flipkart
TXN017615,ACC0475,2025-01-22,127817.65,Swiggy
TXN017014,ACC0456,2025-05-15,124324.97,ATM_Withdrawal
TXN016108,ACC0330,2025-03-18,27301.31,Zomato
TXN009866,ACC0164,2025-03-29,110902.62,Unknown_POS
TXN013763,ACC0388,2025-07-22,100848.94,Uber
TXN008383,ACC0051,2025-07-07,107839.7,Zomato
TXN019056,ACC0312,2025-05-14,74779.53,Flipkart
TXN009404,ACC0291,2025-03-02,136511.64,Amazon
TXN000372,ACC0365,2025-03-13,13999.34,Zomato
TXN019621,ACC0352,2025-05-21,144176.78,Amazon
TXN005719,ACC0488,2025-04-25,12418.17,Flipkart
TXN009090,ACC0198,2025-02-09,107466.39,Uber
TXN017104,ACC0406,2025-05-12,22215.98,Zomato
TXN017925,ACC0315,2025-04-25,94066.93,Zomato
TXN001918,ACC0438,2025-07-12,107441.99,Uber
TXN002260,ACC0381,2025-07-19,88357.22,BigBasket
TXN016914,ACC0233,2025-07-20,65948.02,BigBasket
TXN017525,ACC0346,2025-05-04,53492.06,Zomato
TXN011816,ACC0162,2025-04-24,63336.67,Flipkart
TXN009879,ACC0016,2025-04-16,34224.17,BigBasket
TXN004569,ACC0066,2025-01-05,126006.71,Zomato
TXN001910,ACC0196,2025-01-07,26975.88,Zomato
TXN018311,ACC0233,2025-06-08,3091.0,Zomato
TXN010178,ACC0098,2025-04-22,72233.9,Amazon
TXN000756,ACC0265,2025-04-14,89923.66,Amazon
TXN000874,ACC0443,2025-05-02,70105.66,Uber
TXN002978,ACC0158,2025-06-24,96365.49,Zomato
TXN009834,ACC0153,2025-05-21,142777.66,Flipkart
TXN000933,ACC0338,2025-05-18,122866.51,Zomato
TXN001749,ACC0021,2025-05-14,23038.01,BigBasket
TXN013107,ACC0249,2025-04-17,62955.06,ATM_Withdrawal
TXN002396,ACC0296,2025-04-04,53037.6,Flipkart
TXN009116,ACC0130,2025-03-07,112085.33,Unknown_POS
TXN003693,ACC0437,2025-01-08,92910.55,Amazon
TXN014039,ACC0174,2025-07-28,105361.5,Flipkart
TXN003956,ACC0079,2025-04-17,71002.46,Amazon
TXN012855,ACC0282,2025-05-02,41626.0,Amazon
TXN007885,ACC0107,2025-03-03,67260.29,Uber
TXN017770,ACC0051,2025-03-19,57993.55,Unknown_POS
TXN015325,ACC0134,2025-04-28,75480.33,Amazon
TXN007106,ACC0320,2025-06-24,7633.32,Zomato
TXN010815,ACC0377,2025-04-18,74192.09,Amazon
TXN014118,ACC0134,2025-04-11,125697.25,Unknown_POS
TXN001849,ACC0347,2025-01-15,83910.74,Uber
TXN007660,ACC0491,2025-04-03,35042.1,ATM_Withdrawal
TXN008292,ACC0011,2025-04-16,32037.77,Flipkart
TXN018837,ACC0401,2025-07-04,127446.66,Swiggy
TXN008432,ACC0203,2025-06-28,36444.77,Amazon
TXN004307,ACC0207,2025-05-25,83999.32,Amazon
TXN010996,ACC0086,2025-05-06,113733.08,BigBasket
TXN015998,ACC0243,2025-06-14,4864.77,Zomato
TXN015732,ACC0080,2025-03-12,137237.4,Unknown_POS
TXN002039,ACC0261,2025-07-01,73318.85,BigBasket
TXN006601,ACC0356,2025-05-05,121638.65,Uber
TXN012814,ACC0270,2025-04-24,39052.15,Flipkart
TXN007563,ACC0249,2025-03-20,67687.53,Zomato
TXN000458,ACC0026,2025-04-11,85786.88,ATM_Withdrawal
TXN005766,ACC0084,2025-03-23,113541.5,Swiggy
TXN017735,ACC0401,2025-04-03,111775.87,Flipkart
TXN013350,ACC0216,2025-01-18,73507.98,Zomato
TXN012083,ACC0013,2025-04-08,24029.03,Swiggy
TXN010360,ACC0051,2025-04-22,70125.0,BigBasket
TXN018679,ACC0418,2025-01-08,60994.47,BigBasket
TXN005163,ACC0142,2025-01-27,124159.59,Amazon
TXN000044,ACC0076,2025-07-30,102125.0,Amazon
TXN015977,ACC0300,2025-02-03,64476.12,BigBasket
TXN003535,ACC0500,2025-01-30,99597.17,Swiggy
TXN006499,ACC0378,2025-03-10,149014.8,Swiggy
TXN000169,ACC0269,2025-02-08,36183.28,Uber
TXN000868,ACC0395,2025-04-12,78621.22,Flipkart
TXN014965,ACC0414,2025-04-12,99095.02,BigBasket
TXN001417,ACC0050,2025-05-17,87027.99,Swiggy
TXN017621,ACC0091,2025-07-26,11201.58,Flipkart
TXN008754,ACC0380,2025-07-06,146610.25,Uber
TXN003422,ACC0500,2025-03-30,14590.02,Swiggy
TXN012459,ACC0439,2025-06-26,48888.11,BigBasket
TXN013946,ACC0015,2025-03-28,78475.47,BigBasket
TXN004628,ACC0064,2025-03-06,5650.74,Uber
TXN000735,ACC0092,2025-05-25,142309.34,Swiggy
TXN019781,ACC0096,2025-01-10,45601.07,Unknown_POS
TXN008397,ACC0206,2025-01-11,33196.31,ATM_Withdrawal
TXN009841,ACC0095,2025-07-14,9681.42,ATM_Withdrawal
TXN016101,ACC0156,2025-06-15,45139.9,Unknown_POS
TXN007845,ACC0199,2025-03-18,98168.48,Unknown_POS
TXN008116,ACC0310,2025-04-24,142847.38,BigBasket
TXN001641,ACC0263,2025-01-28,76622.21,Unknown_POS
TXN012521,ACC0024,2025-07-17,88711.37,ATM_Withdrawal
TXN006281,ACC0364,2025-06-03,31036.66,Zomato
TXN019842,ACC0206,2025-05-22,10805.69,Unknown_POS
TXN016770,ACC0334,2025-07-25,3254.36,BigBasket
TXN016670,ACC0318,2025-02-25,104713.92,Unknown_POS
TXN018475,ACC0422,2025-04-06,48593.58,Uber
TXN019004,ACC0078,2025-01-17,94265.89,Swiggy
TXN003369,ACC0437,2025-03-09,21907.53,BigBasket
TXN007534,ACC0176,2025-02-16,137072.53,Swiggy
TXN003737,ACC0113,2025-05-28,52702.6,Unknown_POS
TXN006429,ACC0339,2025-01-27,49465.17,Uber
TXN002370,ACC0186,2025-06-04,116830.65,BigBasket
TXN005626,ACC0389,2025-03-13,9989.4,Amazon
TXN005758,ACC0336,2025-02-15,134080.36,ATM_Withdrawal
TXN010832,ACC0238,2025-01-23,56661.53,Unknown_POS
TXN012711,ACC0298,2025-02-17,108816.93,Zomato
TXN004021,ACC0298,2025-02-24,80136.8,Uber
TXN011777,ACC0471,2025-04-05,77628.1,Amazon
TXN017982,ACC0314,2025-03-18,121257.18,Flipkart
TXN010630,ACC0347,2025-04-17,12188.58,Unknown_POS
TXN008864,ACC0157,2025-07-27,27227.29,BigBasket
TXN005178,ACC0303,2025-03-24,67656.35,ATM_Withdrawal
TXN018585,ACC0371,2025-01-28,49766.44,Uber
TXN013744,ACC0278,2025-06-12,30637.53,Unknown_POS
TXN008944,ACC0488,2025-04-24,33440.95,Amazon
TXN015248,ACC0376,2025-04-04,102677.36,Uber
TXN017107,ACC0335,2025-01-22,87203.67,BigBasket
TXN012485,ACC0389,2025-06-15,73033.77,Unknown_POS
TXN003990,ACC0099,2025-03-30,9955.0,Amazon
TXN001225,ACC0267,2025-03-28,101673.84,Swiggy
TXN004753,ACC0048,2025-04-06,136612.3,Uber
TXN004865,ACC0198,2025-06-04,27772.49,Flipkart
TXN017948,ACC0389,2025-03-01,113663.38,Zomato
TXN005034,ACC0479,2025-04-23,68564.86,BigBasket
TXN007262,ACC0261,2025-01-29,126285.84,Swiggy
TXN016882,ACC0016,2025-03-21,96915.15,Swiggy
TXN005527,ACC0049,2025-06-30,12793.41,Unknown_POS
TXN010831,ACC0493,2025-03-10,149305.77,Swiggy
TXN014112,ACC0331,2025-04-07,133335.91,ATM_Withdrawal
TXN017516,ACC0477,2025-04-19,12625.2,Amazon
TXN009134,ACC0023,2025-01-25,58642.38,Uber
TXN013382,ACC0258,2025-03-18,59102.66,ATM_Withdrawal
TXN000628,ACC0494,2025-05-08,700.43,Amazon
TXN004601,ACC0020,2025-02-23,4045.48,Unknown_POS
TXN008004,ACC0092,2025-03-18,97987.64,ATM_Withdrawal
TXN005696,ACC0259,2025-02-10,17634.39,Unknown_POS
TXN003521,ACC0329,2025-04-13,86281.62,Zomato
TXN006787,ACC0112,2025-03-26,7757.31,Unknown_POS
TXN009142,ACC0223,2025-01-03,115210.65,Uber
TXN015782,ACC0207,2025-01-26,12787.3,Swiggy
TXN004657,ACC0156,2025-05-17,20779.18,Flipkart
TXN005640,ACC0019,2025-02-19,45856.54,Unknown_POS
TXN000715,ACC0163,2025-05-05,67624.36,Uber
TXN000364,ACC0303,2025-05-07,149668.18,Zomato
TXN018117,ACC0162,2025-06-08,6483.26,Amazon
TXN002516,ACC0461,2025-03-01,84268.01,Unknown_POS
TXN012140,ACC0186,2025-01-26,78569.53,Unknown_POS
TXN009599,ACC0006,2025-07-11,40469.7,Amazon
TXN017943,ACC0435,2025-05-04,28243.75,Flipkart
TXN000202,ACC0007,2025-03-16,62100.82,Flipkart
TXN004768,ACC0189,2025-03-09,142200.8,Swiggy
TXN001423,ACC0420,2025-02-03,138515.29,ATM_Withdrawal
TXN010627,ACC0217,2025-04-11,78184.24,Flipkart
TXN011723,ACC0066,2025-05-30,22330.79,Zomato
TXN013820,ACC0279,2025-03-01,59618.07,BigBasket
TXN006975,ACC0163,2025-01-17,107679.27,Unknown_POS
TXN007211,ACC0206,2025-04-02,27738.35,ATM_Withdrawal
TXN007884,ACC0130,2025-05-19,121382.25,BigBasket
TXN018322,ACC0275,2025-02-22,127438.85,Unknown_POS
TXN015961,ACC0138,2025-01-20,574.31,ATM_Withdrawal
TXN011501,ACC0357,2025-01-04,65818.34,ATM_Withdrawal
TXN000488,ACC0293,2025-06-05,70983.34,Swiggy
TXN016389,ACC0103,2025-01-09,32795.82,Uber
TXN015448,ACC0215,2025-05-15,108028.86,Zomato
TXN009790,ACC0141,2025-02-16,97624.49,Zomato
TXN000100,ACC0438,2025-05-14,66303.99,Zomato
TXN018391,ACC0268,2025-06-11,115258.63,Swiggy
TXN015635,ACC0320,2025-05-13,37382.46,Amazon
TXN004217,ACC0372,2025-02-13,78282.44,Uber
TXN007024,ACC0145,2025-02-10,58215.05,Swiggy
TXN012787,ACC0187,2025-03-23,71243.01,Unknown_POS
TXN016853,ACC0261,2025-05-31,22501.93,Swiggy
TXN007194,ACC0027,2025-04-28,29601.21,Swiggy
TXN006534,ACC0492,2025-01-05,102802.91,Unknown_POS
TXN016966,ACC0085,2025-03-02,9570.82,ATM_Withdrawal
TXN010095,ACC0421,2025-06-13,60879.06,Zomato
TXN002635,ACC0207,2025-06-21,942.63,ATM_Withdrawal
TXN018009,ACC0104,2025-04-24,63903.9,Flipkart
TXN011733,ACC0286,2025-05-04,117813.55,BigBasket
TXN005487,ACC0254,2025-02-10,63868.52,Uber
TXN008412,ACC0211,2025-02-06,66350.68,Uber
TXN001163,ACC0047,2025-02-25,122564.19,Amazon
TXN017861,ACC0477,2025-02-21,123434.5,Flipkart
TXN001895,ACC0108,2025-07-06,12257.08,ATM_Withdrawal
TXN009983,ACC0219,2025-01-24,117964.41,ATM_Withdrawal
TXN009632,ACC0256,2025-06-26,60962.14,Swiggy
TXN007778,ACC0052,2025-01-05,11721.07,BigBasket
TXN013579,ACC0452,2025-05-28,82602.69,Zomato
TXN003698,ACC0039,2025-03-13,62652.18,Amazon
TXN003437,ACC0467,2025-05-15,84471.35,Unknown_POS
TXN017872,ACC0395,2025-03-01,99939.6,BigBasket
TXN019152,ACC0372,2025-03-31,105596.13,Amazon
TXN003917,ACC0307,2025-03-17,53248.42,ATM_Withdrawal
TXN015833,ACC0483,2025-05-14,133205.95,Unknown_POS
TXN001466,ACC0119,2025-06-10,141363.33,Amazon
TXN011691,ACC0019,2025-07-27,103515.18,Unknown_POS
TXN009947,ACC0274,2025-01-28,40493.24,Uber
TXN007765,ACC0186,2025-05-09,14703.27,Unknown_POS
TXN009481,ACC0287,2025-05-17,92259.99,Uber
TXN013902,ACC0062,2025-07-29,32082.74,BigBasket
TXN004573,ACC0413,2025-02-24,107365.22,BigBasket
TXN000321,ACC0284,2025-06-03,90021.18,Uber
TXN016315,ACC0160,2025-01-19,135837.7,Flipkart
TXN009286,ACC0061,2025-01-12,120154.48,Zomato
TXN010743,ACC0383,2025-03-03,107816.33,Amazon
TXN012216,ACC0438,2025-04-13,19587.44,ATM_Withdrawal
TXN009359,ACC0453,2025-07-04,59899.07,Flipkart
TXN013129,ACC0349,2025-04-26,42303.52,ATM_Withdrawal
TXN014697,ACC0187,2025-05-23,29457.42,Swiggy
TXN003356,ACC0380,2025-04-13,113010.21,Swiggy
TXN015193,ACC0089,2025-01-17,52828.18,ATM_Withdrawal
TXN012932,ACC0365,2025-03-31,11758.07,Amazon
TXN008660,ACC0355,2025-05-17,148522.76,ATM_Withdrawal
TXN014416,ACC0244,2025-02-05,27105.13,ATM_Withdrawal
TXN017805,ACC0368,2025-06-29,68571.28,BigBasket
TXN007867,ACC0099,2025-06-24,125887.45,Flipkart
TXN005073,ACC0415,2025-06-26,36170.8,Flipkart
TXN017697,ACC0432,2025-04-29,17945.84,Zomato
TXN004685,ACC0297,2025-07-14,36511.55,Unknown_POS
TXN012950,ACC0362,2025-03-30,140905.5,Unknown_POS
TXN011809,ACC0020,2025-01-06,43968.67,Unknown_POS
TXN007157,ACC0253,2025-03-12,25678.76,Amazon
TXN000853,ACC0400,2025-03-14,53298.6,ATM_Withdrawal
TXN012215,ACC0020,2025-01-14,14458.11,Uber
TXN008013,ACC0458,2025-05-13,129989.02,Amazon
TXN015260,ACC0388,2025-06-09,134312.29,Flipkart
TXN011253,ACC0251,2025-02-22,48060.38,Amazon
TXN017446,ACC0258,2025-03-10,78119.21,Amazon
TXN011384,ACC0171,2025-06-09,45678.2,Flipkart
TXN001511,ACC0344,2025-07-15,82157.0,Amazon
TXN001927,ACC0192,2025-02-05,86647.39,Swiggy
TXN003992,ACC0417,2025-05-08,69552.42,Unknown_POS
TXN003809,ACC0396,2025-06-14,6040.28,Uber
TXN015724,ACC0166,2025-01-15,110445.99,BigBasket
TXN003132,ACC0291,2025-03-12,89184.5,Swiggy
TXN004734,ACC0405,2025-04-22,39356.51,Amazon
TXN012621,ACC0097,2025-06-07,30664.7,Unknown_POS
TXN005747,ACC0059,2025-01-09,9171.8,Swiggy
TXN003825,ACC0105,2025-07-24,69430.43,Swiggy
TXN006732,ACC0199,2025-06-29,44515.83,Unknown_POS
TXN016601,ACC0264,2025-05-14,30287.03,Zomato
TXN019494,ACC0443,2025-02-06,98502.89,Zomato
TXN003305,ACC0289,2025-05-16,78780.53,BigBasket
TXN011390,ACC0344,2025-01-09,147333.76,Uber
TXN013359,ACC0101,2025-05-09,140824.66,BigBasket
TXN015929,ACC0072,2025-05-11,115406.66,Zomato
TXN012533,ACC0091,2025-06-30,36712.46,Swiggy
TXN013278,ACC0199,2025-03-01,124570.79,Uber
TXN018854,ACC0203,2025-05-22,94409.97,Unknown_POS
TXN007703,ACC0224,2025-06-17,104138.97,Flipkart
TXN008661,ACC0453,2025-01-10,49284.37,Amazon
TXN001101,ACC0409,2025-01-10,96865.55,ATM_Withdrawal
TXN013164,ACC0185,2025-04-03,127384.63,BigBasket
TXN016636,ACC0430,2025-07-12,145007.46,Zomato
TXN009154,ACC0382,2025-05-14,125660.97,Uber
TXN002789,ACC0469,2025-04-03,98016.82,Zomato
TXN009908,ACC0115,2025-07-21,113219.89,ATM_Withdrawal
TXN005070,ACC0456,2025-04-04,100023.23,BigBasket
TXN018118,ACC0172,2025-05-09,15081.28,Zomato
TXN007993,ACC0387,2025-05-03,87844.31,Swiggy
TXN011826,ACC0247,2025-07-25,72654.72,Unknown_POS
TXN010809,ACC0336,2025-06-04,86038.07,Amazon
TXN010351,ACC0145,2025-06-10,107023.79,Flipkart
TXN012399,ACC0344,2025-06-13,25192.2,Zomato
TXN013408,ACC0274,2025-03-05,97599.3,Amazon
TXN006327,ACC0023,2025-02-04,129462.88,ATM_Withdrawal
TXN003733,ACC0479,2025-05-21,99712.31,Swiggy
TXN005739,ACC0327,2025-02-19,61767.3,Swiggy
TXN017151,ACC0192,2025-07-13,142189.74,ATM_Withdrawal
TXN002622,ACC0089,2025-05-25,65400.65,BigBasket
TXN015247,ACC0432,2025-04-29,31051.44,Unknown_POS
TXN006794,ACC0479,2025-07-01,70008.38,Uber
TXN015623,ACC0072,2025-01-02,141106.07,Swiggy
TXN012545,ACC0340,2025-04-25,143250.73,Swiggy
TXN018415,ACC0322,2025-05-08,7867.01,Amazon
TXN006344,ACC0388,2025-04-18,135274.55,Unknown_POS
TXN009419,ACC0373,2025-07-06,127866.17,BigBasket
TXN006155,ACC0212,2025-06-11,44786.65,ATM_Withdrawal
TXN005309,ACC0045,2025-01-13,17927.91,ATM_Withdrawal
TXN018816,ACC0497,2025-05-04,1468.61,Zomato
TXN004660,ACC0225,2025-01-03,80888.01,Amazon
TXN017932,ACC0180,2025-07-13,87753.7,Flipkart
TXN010605,ACC0016,2025-03-08,10928.92,BigBasket
TXN019431,ACC0164,2025-01-04,122338.68,Zomato
TXN010887,ACC0094,2025-04-10,133656.98,Uber
TXN010413,ACC0446,2025-04-30,113769.44,Amazon
TXN006323,ACC0353,2025-02-21,115120.52,ATM_Withdrawal
TXN010963,ACC0454,2025-03-10,23551.97,Zomato
TXN004468,ACC0406,2025-07-13,67494.46,ATM_Withdrawal
TXN006531,ACC0086,2025-04-14,124024.8,Zomato
TXN008895,ACC0428,2025-05-15,129802.43,ATM_Withdrawal
TXN009100,ACC0443,2025-06-21,106582.82,Zomato
TXN006927,ACC0037,2025-02-05,56813.69,Uber
TXN003945,ACC0116,2025-07-28,3382.67,ATM_Withdrawal
TXN006678,ACC0436,2025-01-20,17125.07,Zomato
TXN006032,ACC0202,2025-02-13,124729.72,ATM_Withdrawal
TXN001483,ACC0201,2025-03-09,74228.94,Unknown_POS
TXN013854,ACC0332,2025-07-19,45892.74,Flipkart
TXN011389,ACC0284,2025-01-24,107515.84,ATM_Withdrawal
TXN006589,ACC0150,2025-07-23,57675.88,ATM_Withdrawal
TXN010690,ACC0379,2025-03-29,18965.35,ATM_Withdrawal
TXN014642,ACC0083,2025-05-21,11042.88,BigBasket
TXN005653,ACC0046,2025-02-18,112907.65,Amazon
TXN016168,ACC0227,2025-07-12,126698.5,Zomato
TXN011815,ACC0441,2025-03-14,59477.49,Swiggy
TXN006825,ACC0423,2025-07-18,47197.06,BigBasket
TXN013347,ACC0459,2025-03-02,56538.83,Swiggy
TXN017455,ACC0216,2025-05-29,56330.39,Swiggy
TXN007737,ACC0267,2025-07-14,100960.93,Zomato
TXN002011,ACC0106,2025-05-19,8158.39,Zomato
TXN008026,ACC0348,2025-03-27,22288.86,Zomato
TXN013577,ACC0322,2025-06-18,45116.46,Uber
TXN010128,ACC0152,2025-03-22,62682.58,Zomato
TXN012368,ACC0032,2025-05-28,120472.74,Unknown_POS
TXN018473,ACC0099,2025-03-02,141129.87,Uber
TXN019603,ACC0017,2025-07-20,120876.36,Amazon
TXN013006,ACC0271,2025-05-17,132837.58,Swiggy
TXN012410,ACC0465,2025-02-09,74202.35,Flipkart
TXN001516,ACC0268,2025-02-21,54672.99,Swiggy
TXN001920,ACC0401,2025-04-14,141874.96,Amazon
TXN002787,ACC0355,2025-03-03,66778.87,Unknown_POS
TXN005757,ACC0160,2025-04-08,108824.64,Uber
TXN001490,ACC0121,2025-06-15,46849.32,Flipkart
TXN003217,ACC0426,2025-05-16,9089.94,BigBasket
TXN004442,ACC0490,2025-04-09,142439.08,BigBasket
TXN009421,ACC0199,2025-01-27,101297.31,BigBasket
TXN014737,ACC0063,2025-06-15,133301.79,Unknown_POS
TXN010535,ACC0302,2025-07-12,95198.7,Swiggy
TXN000567,ACC0195,2025-02-01,82114.99,ATM_Withdrawal
TXN012701,ACC0018,2025-07-27,81788.9,Zomato
TXN016754,ACC0320,2025-02-05,18108.2,Swiggy
TXN018716,ACC0214,2025-06-03,68083.07,Zomato
TXN000265,ACC0251,2025-02-12,12446.46,Amazon
TXN014859,ACC0351,2025-03-19,83792.93,BigBasket
TXN004726,ACC0500,2025-07-01,97160.39,Flipkart
TXN008816,ACC0450,2025-05-25,126186.12,Zomato
TXN017070,ACC0253,2025-07-01,50150.65,Flipkart
TXN017238,ACC0353,2025-03-25,120981.57,Unknown_POS
TXN000623,ACC0055,2025-03-07,91647.22,Zomato
TXN013771,ACC0272,2025-07-03,6474.22,Zomato
TXN002786,ACC0119,2025-04-27,47256.72,Flipkart
TXN017491,ACC0056,2025-07-16,49396.94,BigBasket
TXN017025,ACC0243,2025-01-14,134087.32,Zomato
TXN019228,ACC0254,2025-04-25,149813.37,Zomato
TXN007732,ACC0311,2025-05-10,9747.88,ATM_Withdrawal
TXN012333,ACC0162,2025-06-23,86224.6,Unknown_POS
TXN002610,ACC0156,2025-05-05,43274.58,Uber
TXN001550,ACC0475,2025-03-07,45168.18,Zomato
TXN016962,ACC0456,2025-04-18,13130.52,BigBasket
TXN010179,ACC0047,2025-07-28,131664.97,Swiggy
TXN019512,ACC0076,2025-03-13,73768.97,Unknown_POS
TXN006446,ACC0453,2025-06-23,81259.42,Amazon
TXN010186,ACC0293,2025-01-11,95105.04,BigBasket
TXN018821,ACC0317,2025-05-21,142537.43,BigBasket
TXN005149,ACC0473,2025-07-01,114318.62,Uber
TXN004716,ACC0160,2025-05-10,57205.3,Uber
TXN002665,ACC0236,2025-07-03,128806.65,Swiggy
TXN018265,ACC0065,2025-01-19,131346.81,Unknown_POS
TXN000591,ACC0410,2025-04-18,97344.53,Swiggy
TXN000973,ACC0305,2025-06-14,45093.97,Unknown_POS
TXN016256,ACC0351,2025-02-20,64776.15,Uber
TXN001725,ACC0456,2025-07-23,81012.9,Uber
TXN011069,ACC0152,2025-04-02,49870.66,BigBasket
TXN001308,ACC0028,2025-04-22,21783.94,ATM_Withdrawal
TXN012248,ACC0117,2025-07-18,107648.26,Swiggy
TXN011298,ACC0100,2025-01-02,117586.04,Swiggy
TXN012500,ACC0260,2025-04-06,105179.74,Flipkart
TXN016161,ACC0095,2025-03-16,146705.88,Swiggy
TXN012625,ACC0223,2025-01-28,20535.86,Amazon
TXN017071,ACC0273,2025-02-28,51581.49,Amazon
TXN015774,ACC0151,2025-07-22,108655.73,ATM_Withdrawal
TXN007489,ACC0390,2025-07-13,37442.76,Uber
TXN010718,ACC0289,2025-06-28,97693.36,BigBasket
TXN015593,ACC0482,2025-04-15,116644.48,ATM_Withdrawal
TXN018891,ACC0270,2025-07-04,83767.11,Zomato
TXN019079,ACC0103,2025-04-26,22127.28,Uber
TXN019801,ACC0494,2025-05-26,93174.25,Uber
TXN003715,ACC0287,2025-06-29,73304.72,Zomato
TXN018027,ACC0075,2025-01-01,25031.8,Swiggy
TXN002838,ACC0345,2025-02-20,39829.64,Swiggy
TXN005120,ACC0439,2025-06-24,26768.3,Swiggy
TXN002158,ACC0044,2025-02-01,75946.94,BigBasket
TXN019097,ACC0342,2025-03-18,116530.75,Uber
TXN015760,ACC0236,2025-03-26,14821.9,Zomato
TXN003843,ACC0006,2025-01-29,50674.0,Uber
TXN000763,ACC0306,2025-06-01,10372.99,Unknown_POS
TXN019584,ACC0467,2025-04-17,84884.19,Flipkart
TXN013702,ACC0190,2025-05-22,29466.7,Amazon
TXN016351,ACC0001,2025-02-09,67637.8,Zomato
TXN008073,ACC0485,2025-03-29,59020.88,Flipkart
TXN018925,ACC0119,2025-03-06,66585.38,Flipkart
TXN010047,ACC0487,2025-01-02,88175.76,Flipkart
TXN006483,ACC0105,2025-04-01,113038.98,Unknown_POS
TXN003796,ACC0075,2025-06-20,19086.99,Swiggy
TXN002340,ACC0273,2025-05-18,123219.56,Unknown_POS
TXN019737,ACC0345,2025-06-26,88425.71,Amazon
TXN006490,ACC0076,2025-06-16,130793.35,Amazon
TXN017821,ACC0128,2025-07-19,74557.89,ATM_Withdrawal
TXN019467,ACC0427,2025-06-22,60835.77,Unknown_POS
TXN009838,ACC0230,2025-01-12,20250.66,Uber
TXN017481,ACC0489,2025-07-15,140248.88,BigBasket
TXN001218,ACC0007,2025-03-15,139087.02,ATM_Withdrawal
TXN010634,ACC0175,2025-05-26,132397.11,BigBasket
TXN011918,ACC0303,2025-03-31,14428.44,Flipkart
TXN010601,ACC0384,2025-06-30,105073.62,Uber
TXN017684,ACC0078,2025-01-30,146176.49,ATM_Withdrawal
TXN007309,ACC0319,2025-03-09,119792.2,Uber
TXN000178,ACC0290,2025-01-25,134223.94,Amazon
TXN006870,ACC0158,2025-01-29,108035.94,BigBasket
TXN018396,ACC0260,2025-05-15,86175.45,Zomato
TXN007251,ACC0057,2025-07-03,49718.75,Amazon
TXN002220,ACC0044,2025-05-16,77172.07,Swiggy
TXN014490,ACC0226,2025-02-10,148226.04,Uber
TXN014119,ACC0058,2025-03-17,105915.04,Uber
TXN013626,ACC0391,2025-02-01,42503.85,Flipkart
TXN019120,ACC0422,2025-02-17,95101.07,Zomato
TXN004046,ACC0500,2025-07-10,34051.34,ATM_Withdrawal
TXN008474,ACC0289,2025-03-12,119908.14,Unknown_POS
TXN018525,ACC0157,2025-06-18,63616.41,BigBasket
TXN004643,ACC0094,2025-02-23,110558.35,Uber
TXN009501,ACC0321,2025-04-07,118846.2,Amazon
TXN004632,ACC0163,2025-07-20,25859.48,Uber
TXN003076,ACC0302,2025-04-18,95234.16,BigBasket
TXN008904,ACC0448,2025-05-06,31972.21,BigBasket
TXN011765,ACC0032,2025-06-15,133530.52,Unknown_POS
TXN002244,ACC0362,2025-07-20,121502.37,Swiggy
TXN017847,ACC0381,2025-03-24,73971.67,Zomato
TXN015801,ACC0369,2025-01-11,76068.24,BigBasket
TXN012917,ACC0362,2025-05-11,134732.64,Flipkart
TXN016202,ACC0091,2025-01-31,94416.71,ATM_Withdrawal
TXN010175,ACC0304,2025-02-20,59030.49,Uber
TXN012320,ACC0099,2025-01-25,92129.27,Amazon
TXN018154,ACC0475,2025-04-29,33587.09,Zomato
TXN009703,ACC0190,2025-04-25,145671.03,BigBasket
TXN005896,ACC0310,2025-02-02,32722.32,Unknown_POS
TXN001227,ACC0426,2025-01-18,1843.61,Flipkart
TXN019165,ACC0308,2025-01-24,4775.68,BigBasket
TXN011358,ACC0293,2025-02-27,41623.5,Swiggy
TXN019554,ACC0409,2025-01-16,115090.48,Amazon
TXN003167,ACC0298,2025-04-21,129177.81,Flipkart
TXN000983,ACC0076,2025-02-03,50458.42,ATM_Withdrawal
TXN001134,ACC0067,2025-01-08,70636.8,Amazon
TXN005713,ACC0154,2025-05-20,148349.35,Flipkart
TXN000585,ACC0049,2025-07-14,133549.29,Amazon
TXN002080,ACC0264,2025-04-16,99051.25,Amazon
TXN009635,ACC0402,2025-01-13,12739.79,ATM_Withdrawal
TXN012548,ACC0444,2025-07-13,41623.44,Unknown_POS
TXN014744,ACC0207,2025-01-15,68009.49,Amazon
TXN009899,ACC0283,2025-04-20,61357.78,Flipkart
TXN011019,ACC0354,2025-02-19,121876.55,Unknown_POS
TXN015515,ACC0454,2025-01-18,68339.68,ATM_Withdrawal
TXN006264,ACC0374,2025-07-08,121173.69,BigBasket
TXN011910,ACC0092,2025-04-21,86154.03,Swiggy
TXN015165,ACC0059,2025-04-10,43679.5,Flipkart
TXN008638,ACC0266,2025-01-08,129965.03,Zomato
TXN000928,ACC0036,2025-05-16,23296.07,Uber
TXN018112,ACC0360,2025-03-07,111448.66,Zomato
TXN005658,ACC0073,2025-02-17,18036.55,Uber
TXN002429,ACC0040,2025-07-05,100210.98,Swiggy
TXN015296,ACC0019,2025-06-25,17273.61,Zomato
TXN008878,ACC0368,2025-01-24,103043.39,Amazon
TXN003569,ACC0080,2025-05-30,93937.65,ATM_Withdrawal
TXN005013,ACC0412,2025-05-11,41452.84,Uber
TXN003590,ACC0346,2025-07-15,134801.02,ATM_Withdrawal
TXN004113,ACC0197,2025-02-26,147974.64,Swiggy
TXN001921,ACC0242,2025-06-17,76921.41,Swiggy
TXN017875,ACC0431,2025-02-27,5342.33,Amazon
TXN011226,ACC0217,2025-03-31,105580.38,Swiggy
TXN012761,ACC0247,2025-07-02,74420.29,BigBasket
TXN012058,ACC0199,2025-06-07,40271.38,ATM_Withdrawal
TXN005601,ACC0215,2025-05-07,60349.68,Amazon
TXN012728,ACC0313,2025-06-12,33247.99,BigBasket
TXN015689,ACC0060,2025-06-22,6271.8,Uber
TXN004182,ACC0397,2025-06-20,103647.99,Amazon
TXN018350,ACC0039,2025-01-23,1185.49,Uber
TXN016711,ACC0500,2025-03-12,91381.77,ATM_Withdrawal
TXN017356,ACC0106,2025-02-21,143023.49,ATM_Withdrawal
TXN017395,ACC0476,2025-05-12,70469.04,Amazon
TXN008530,ACC0214,2025-03-23,71808.76,ATM_Withdrawal
TXN017000,ACC0030,2025-01-24,103292.28,Uber
TXN013297,ACC0493,2025-01-30,149012.21,Amazon
TXN001341,ACC0172,2025-03-03,80968.09,ATM_Withdrawal
TXN002776,ACC0467,2025-06-01,3879.02,Zomato
TXN017584,ACC0380,2025-04-30,84984.2,Uber
TXN019688,ACC0499,2025-05-08,146513.56,Zomato
TXN017544,ACC0495,2025-04-19,87752.02,Uber
TXN010820,ACC0166,2025-06-29,9126.84,ATM_Withdrawal
TXN004679,ACC0360,2025-06-13,42491.85,Unknown_POS
TXN001195,ACC0241,2025-04-27,76923.83,ATM_Withdrawal
TXN013415,ACC0145,2025-02-11,75964.12,Zomato
TXN019561,ACC0221,2025-01-12,144567.55,Swiggy
TXN003935,ACC0001,2025-01-17,24550.55,Amazon
TXN002114,ACC0429,2025-02-26,74999.91,ATM_Withdrawal
TXN011888,ACC0419,2025-04-14,3476.47,Unknown_POS
TXN001779,ACC0014,2025-07-02,8822.34,Unknown_POS
TXN018671,ACC0484,2025-06-05,118235.93,Flipkart
TXN015086,ACC0142,2025-03-14,138416.8,Swiggy
TXN009830,ACC0083,2025-03-03,8123.03,Unknown_POS
TXN005629,ACC0191,2025-07-19,36067.69,Flipkart
TXN004583,ACC0119,2025-05-23,74253.82,Amazon
TXN019424,ACC0414,2025-03-14,81613.28,Unknown_POS
TXN012793,ACC0060,2025-01-14,85858.04,Amazon
TXN015098,ACC0244,2025-02-18,44600.79,ATM_Withdrawal
TXN004030,ACC0159,2025-05-19,103749.05,Flipkart
TXN010499,ACC0379,2025-06-03,106317.72,Uber
TXN001460,ACC0063,2025-03-01,125724.46,ATM_Withdrawal
TXN004566,ACC0405,2025-05-23,102472.11,Swiggy
TXN013836,ACC0089,2025-04-09,47188.09,Flipkart
TXN012141,ACC0071,2025-01-27,526.98,Unknown_POS
TXN002976,ACC0404,2025-01-03,32668.0,BigBasket
TXN019502,ACC0064,2025-05-05,38749.55,Uber
TXN010112,ACC0220,2025-02-01,78552.28,Uber
TXN019855,ACC0242,2025-06-13,118871.9,Amazon
TXN005275,ACC0320,2025-07-23,35104.28,Swiggy
TXN019009,ACC0134,2025-04-04,137600.06,Unknown_POS
TXN009622,ACC0335,2025-07-04,27384.06,Flipkart
TXN010309,ACC0483,2025-06-07,145047.01,Uber
TXN005038,ACC0213,2025-06-24,132524.89,Flipkart
TXN007891,ACC0432,2025-01-21,95875.96,ATM_Withdrawal
TXN017958,ACC0467,2025-02-10,131997.2,Swiggy
TXN011680,ACC0408,2025-05-25,32179.29,Amazon
TXN013552,ACC0463,2025-03-06,131038.11,Zomato
TXN018523,ACC0472,2025-05-02,53936.54,Unknown_POS
TXN002534,ACC0432,2025-04-06,140658.68,Flipkart
TXN008825,ACC0295,2025-04-24,72143.84,Amazon
TXN018598,ACC0303,2025-06-28,77995.91,BigBasket
TXN019093,ACC0464,2025-05-06,57067.87,Swiggy
TXN002886,ACC0150,2025-04-20,14004.71,Unknown_POS
TXN013515,ACC0069,2025-01-24,67515.31,Uber
TXN010322,ACC0047,2025-07-18,101033.61,Swiggy
TXN011452,ACC0254,2025-06-11,24899.23,BigBasket
TXN000753,ACC0012,2025-03-04,6519.49,Swiggy
TXN002186,ACC0088,2025-03-23,141979.22,Unknown_POS
TXN006420,ACC0432,2025-06-03,118449.54,Uber
TXN011338,ACC0200,2025-04-22,54757.56,ATM_Withdrawal
TXN007916,ACC0035,2025-02-25,77934.47,Unknown_POS
TXN000777,ACC0193,2025-06-17,30852.53,BigBasket
TXN018156,ACC0412,2025-07-26,116775.77,Swiggy
TXN006537,ACC0324,2025-03-27,110747.25,Flipkart
TXN016379,ACC0042,2025-01-12,76272.01,Flipkart
TXN010085,ACC0003,2025-01-07,82907.36,BigBasket
TXN011994,ACC0256,2025-07-18,74874.89,Flipkart
TXN010773,ACC0127,2025-05-23,81359.1,ATM_Withdrawal
TXN015662,ACC0494,2025-07-05,64665.19,ATM_Withdrawal
TXN018134,ACC0185,2025-03-28,136568.43,BigBasket
TXN001076,ACC0495,2025-04-27,112412.75,BigBasket
TXN006831,ACC0307,2025-07-14,69680.97,Zomato
TXN003840,ACC0022,2025-01-18,41639.54,Uber
TXN001794,ACC0335,2025-02-12,131.41,ATM_Withdrawal
TXN008502,ACC0159,2025-06-06,5023.03,Unknown_POS
TXN012234,ACC0032,2025-03-23,145974.6,Uber
TXN017914,ACC0036,2025-06-11,62661.24,Uber
TXN013669,ACC0317,2025-07-05,81853.77,Unknown_POS
TXN002689,ACC0098,2025-02-23,85576.99,ATM_Withdrawal
TXN003469,ACC0484,2025-07-09,38512.05,Unknown_POS
TXN011819,ACC0260,2025-01-29,25637.21,Flipkart
TXN007256,ACC0352,2025-06-17,128370.27,ATM_Withdrawal
TXN012695,ACC0266,2025-05-16,145198.38,Uber
TXN012576,ACC0445,2025-04-03,76655.14,Uber
TXN006747,ACC0119,2025-03-11,145810.82,Zomato
TXN017195,ACC0109,2025-03-18,45049.58,Unknown_POS
TXN002503,ACC0085,2025-07-23,30914.48,ATM_Withdrawal
TXN007288,ACC0052,2025-03-04,36722.85,Unknown_POS
TXN019881,ACC0337,2025-01-30,103816.7,Zomato
TXN016136,ACC0278,2025-03-02,35701.0,Uber
TXN007468,ACC0409,2025-05-15,39143.46,ATM_Withdrawal
TXN013739,ACC0432,2025-06-09,119908.8,Amazon
TXN008803,ACC0173,2025-05-17,116758.51,Uber
TXN010315,ACC0357,2025-06-17,35338.53,Flipkart
TXN007837,ACC0194,2025-02-06,111082.37,BigBasket
TXN003567,ACC0443,2025-01-20,1496.3,Amazon
TXN003261,ACC0444,2025-07-09,99159.78,BigBasket
TXN007102,ACC0438,2025-07-30,79777.59,Amazon
TXN016410,ACC0082,2025-02-10,39364.2,Swiggy
TXN000297,ACC0404,2025-03-29,134128.49,Amazon
TXN007269,ACC0184,2025-02-05,84753.76,ATM_Withdrawal
TXN017867,ACC0494,2025-06-09,77523.69,Uber
TXN008687,ACC0404,2025-03-07,6311.73,Swiggy
TXN001864,ACC0150,2025-04-05,145542.15,Swiggy
TXN014709,ACC0221,2025-01-22,115098.37,Amazon
TXN008499,ACC0013,2025-07-04,10116.9,BigBasket
TXN011729,ACC0489,2025-05-15,124851.21,Uber
TXN004625,ACC0160,2025-03-26,94044.3,Amazon
TXN002146,ACC0141,2025-06-27,111816.63,Swiggy
TXN011392,ACC0392,2025-02-21,103617.85,Amazon
TXN007888,ACC0440,2025-01-16,1458.02,Uber
TXN018408,ACC0113,2025-04-23,87949.82,Uber
TXN010165,ACC0490,2025-04-19,137084.41,Unknown_POS
TXN008548,ACC0430,2025-04-13,118780.9,Flipkart
TXN019232,ACC0390,2025-01-15,17428.27,Swiggy
TXN001320,ACC0457,2025-06-01,141940.54,Amazon
TXN019029,ACC0425,2025-01-05,38790.9,ATM_Withdrawal
TXN019155,ACC0322,2025-02-01,12542.59,Flipkart
TXN014621,ACC0332,2025-01-16,28406.26,Amazon
TXN001801,ACC0453,2025-06-24,141814.0,Uber
TXN015168,ACC0499,2025-06-14,146706.6,Swiggy
TXN007286,ACC0023,2025-01-20,133305.44,Swiggy
TXN011859,ACC0084,2025-04-08,125798.63,Swiggy
TXN009663,ACC0108,2025-04-05,35884.38,Amazon
TXN005474,ACC0226,2025-07-23,4458.46,ATM_Withdrawal
TXN005728,ACC0146,2025-05-29,133591.09,Uber
TXN008674,ACC0209,2025-02-16,99892.42,Zomato
TXN010817,ACC0385,2025-05-17,1436.35,Zomato
TXN010512,ACC0317,2025-06-11,144576.34,Unknown_POS
TXN013496,ACC0201,2025-05-04,32492.19,Unknown_POS
TXN007739,ACC0140,2025-04-23,66768.95,BigBasket
TXN018614,ACC0211,2025-06-26,132780.43,Swiggy
TXN007372,ACC0216,2025-01-31,120359.45,Zomato
TXN003673,ACC0179,2025-06-29,12140.08,BigBasket
TXN006509,ACC0099,2025-06-29,423.05,Unknown_POS
TXN009120,ACC0140,2025-04-19,84610.25,Uber
TXN019796,ACC0415,2025-02-05,67832.85,Swiggy
TXN011221,ACC0340,2025-05-11,1238.0,Uber
TXN004764,ACC0377,2025-07-14,132680.47,BigBasket
TXN009582,ACC0075,2025-01-28,105954.25,Zomato
TXN006077,ACC0353,2025-04-30,25984.84,Unknown_POS
TXN018734,ACC0466,2025-02-03,27602.41,Zomato
TXN006750,ACC0274,2025-07-23,15103.61,Amazon
TXN007441,ACC0263,2025-07-10,28213.71,Unknown_POS
TXN017900,ACC0474,2025-01-07,25316.07,Swiggy
TXN007045,ACC0164,2025-02-02,104009.44,ATM_Withdrawal
TXN005294,ACC0470,2025-03-08,99100.05,ATM_Withdrawal
TXN007914,ACC0195,2025-07-05,88540.41,Swiggy
TXN006662,ACC0483,2025-03-09,26921.92,Zomato
TXN009512,ACC0105,2025-05-12,62080.38,Uber
TXN010808,ACC0439,2025-03-24,20967.41,Unknown_POS
TXN014631,ACC0156,2025-06-04,135249.45,Swiggy
TXN013082,ACC0049,2025-06-30,63689.43,Unknown_POS
TXN016308,ACC0399,2025-04-24,42024.7,Unknown_POS
TXN002352,ACC0076,2025-04-04,21234.56,Zomato
TXN013928,ACC0018,2025-01-15,86057.98,Swiggy
TXN017251,ACC0085,2025-03-08,145769.74,Unknown_POS
TXN018491,ACC0340,2025-07-07,7372.11,ATM_Withdrawal
TXN007055,ACC0056,2025-04-07,54746.45,Unknown_POS
TXN016094,ACC0162,2025-05-08,13914.86,BigBasket
TXN009149,ACC0421,2025-05-08,142779.23,Zomato
TXN001269,ACC0380,2025-05-29,34986.2,Flipkart
TXN011265,ACC0299,2025-03-23,9591.77,BigBasket
TXN002364,ACC0381,2025-02-24,60090.34,Amazon
TXN013488,ACC0009,2025-01-22,66960.19,Swiggy
TXN005126,ACC0063,2025-02-20,56743.61,BigBasket
TXN010229,ACC0237,2025-06-20,138016.86,Uber
TXN012671,ACC0478,2025-04-01,121561.95,Flipkart
TXN012155,ACC0022,2025-05-23,9390.13,Zomato
TXN002597,ACC0076,2025-04-16,128447.02,Swiggy
TXN016079,ACC0004,2025-05-01,94177.49,Unknown_POS
TXN007767,ACC0322,2025-06-13,17677.79,Zomato
TXN001964,ACC0260,2025-01-12,69352.01,Flipkart
TXN011976,ACC0438,2025-01-22,146378.65,Uber
TXN012848,ACC0166,2025-05-30,5773.7,Uber
TXN002969,ACC0312,2025-02-20,103323.07,Unknown_POS
TXN009114,ACC0208,2025-07-21,41149.08,Flipkart
TXN012888,ACC0422,2025-01-05,53334.8,Unknown_POS
TXN004091,ACC0068,2025-07-02,6078.92,Zomato
TXN001350,ACC0460,2025-02-15,43291.48,Flipkart
TXN018048,ACC0305,2025-05-07,42057.3,Uber
TXN012549,ACC0043,2025-06-30,35471.26,Unknown_POS
TXN006955,ACC0321,2025-02-05,47269.47,Unknown_POS
TXN000969,ACC0120,2025-03-07,121670.58,Flipkart
TXN019731,ACC0141,2025-01-08,121992.52,Swiggy
TXN006737,ACC0093,2025-06-14,62071.04,Unknown_POS
TXN009807,ACC0299,2025-03-27,50530.21,Zomato
TXN002367,ACC0335,2025-06-14,60794.73,Unknown_POS
TXN015793,ACC0409,2025-06-01,143910.79,Uber
TXN002860,ACC0138,2025-05-05,109241.62,BigBasket
TXN011739,ACC0246,2025-06-08,25459.93,Zomato
TXN004544,ACC0489,2025-02-23,130807.39,Flipkart
TXN019913,ACC0476,2025-06-09,104030.42,Swiggy
TXN018071,ACC0440,2025-05-16,105310.51,Uber
TXN019854,ACC0409,2025-02-06,32086.73,Amazon
TXN019696,ACC0373,2025-07-28,41040.64,Unknown_POS
TXN004295,ACC0366,2025-04-26,148784.52,Swiggy
TXN005390,ACC0432,2025-07-27,92410.87,Amazon
TXN017890,ACC0475,2025-03-24,98473.71,ATM_Withdrawal
TXN019224,ACC0102,2025-04-28,95749.19,Uber
TXN017691,ACC0175,2025-01-30,89912.71,Unknown_POS
TXN006348,ACC0226,2025-02-28,101924.64,Flipkart
TXN005093,ACC0070,2025-03-03,55223.01,Flipkart
TXN009898,ACC0049,2025-01-06,142887.02,Uber
TXN010416,ACC0157,2025-04-26,75745.0,Swiggy
TXN008865,ACC0131,2025-03-14,91977.85,Unknown_POS
TXN004928,ACC0253,2025-06-11,104990.58,Amazon
TXN008604,ACC0076,2025-06-18,128770.99,Uber
TXN004664,ACC0289,2025-01-22,44968.37,Unknown_POS
TXN001618,ACC0322,2025-03-10,89150.93,Amazon
TXN015874,ACC0104,2025-04-19,56080.19,Amazon
TXN016566,ACC0225,2025-02-11,63342.39,Flipkart
TXN019742,ACC0290,2025-04-05,122738.05,Flipkart
TXN008774,ACC0467,2025-05-04,12807.17,Zomato
TXN019625,ACC0069,2025-01-28,145576.97,Amazon
TXN012674,ACC0220,2025-07-11,36085.24,Uber
TXN001016,ACC0121,2025-05-09,41417.95,Amazon
TXN000263,ACC0070,2025-02-19,122291.63,ATM_Withdrawal
TXN015352,ACC0290,2025-03-22,106618.47,Flipkart
TXN008355,ACC0010,2025-04-04,132756.03,Amazon
TXN014796,ACC0464,2025-03-25,76540.03,ATM_Withdrawal
TXN010275,ACC0024,2025-05-20,11667.89,ATM_Withdrawal
TXN013213,ACC0398,2025-04-21,148898.74,Swiggy
TXN018670,ACC0353,2025-06-30,18368.61,ATM_Withdrawal
TXN017903,ACC0200,2025-04-12,148609.24,Swiggy
TXN017600,ACC0203,2025-06-20,134183.54,Swiggy
TXN018829,ACC0104,2025-07-24,585.74,Zomato
TXN012357,ACC0173,2025-01-01,65011.43,BigBasket
TXN011031,ACC0132,2025-01-16,144453.76,Swiggy
TXN005848,ACC0112,2025-02-20,54628.6,Uber
TXN018664,ACC0308,2025-07-30,127076.86,BigBasket
TXN002375,ACC0289,2025-07-22,72596.86,Amazon
TXN003185,ACC0403,2025-02-13,127860.97,Swiggy
TXN012723,ACC0242,2025-02-10,62074.91,Uber
TXN002373,ACC0097,2025-05-22,30298.8,Amazon
TXN012517,ACC0254,2025-04-17,31901.46,Zomato
TXN014596,ACC0008,2025-03-02,15924.71,Unknown_POS
TXN000869,ACC0054,2025-03-09,92734.42,Flipkart
TXN008335,ACC0442,2025-04-21,15655.74,Swiggy
TXN016620,ACC0186,2025-02-21,55295.39,ATM_Withdrawal
TXN015442,ACC0426,2025-07-09,45168.86,Zomato
TXN007028,ACC0220,2025-05-21,72757.37,Zomato
TXN000424,ACC0470,2025-06-07,30259.58,Swiggy
TXN001764,ACC0363,2025-01-07,85820.62,Uber
TXN001065,ACC0148,2025-06-10,27145.37,Swiggy
TXN012400,ACC0339,2025-01-28,56086.34,Unknown_POS
TXN007332,ACC0107,2025-04-17,39326.69,Amazon
TXN014948,ACC0413,2025-07-18,80767.6,Unknown_POS
TXN011892,ACC0277,2025-02-14,96231.66,Uber
TXN000383,ACC0161,2025-04-15,18154.47,BigBasket
TXN000895,ACC0497,2025-05-17,3368.53,Flipkart
TXN010449,ACC0136,2025-05-28,39783.25,BigBasket
TXN015022,ACC0360,2025-07-06,81968.04,Unknown_POS
TXN018016,ACC0124,2025-04-27,48581.23,Zomato
TXN008311,ACC0260,2025-01-29,130822.62,Flipkart
TXN010417,ACC0226,2025-04-28,98584.93,BigBasket
TXN002515,ACC0110,2025-04-30,85142.01,BigBasket
TXN000490,ACC0020,2025-04-12,133441.65,BigBasket
TXN006318,ACC0320,2025-05-20,88185.86,Amazon
TXN002571,ACC0266,2025-04-21,16422.22,Amazon
TXN011201,ACC0111,2025-07-03,62169.03,Flipkart
TXN001040,ACC0381,2025-06-21,148237.1,Zomato
TXN012131,ACC0240,2025-01-11,121776.5,Swiggy
TXN009973,ACC0073,2025-06-11,111488.81,ATM_Withdrawal
TXN000078,ACC0140,2025-02-19,121331.64,BigBasket
TXN005036,ACC0068,2025-07-16,10702.1,Amazon
TXN017527,ACC0325,2025-05-28,135737.06,ATM_Withdrawal
TXN017679,ACC0121,2025-05-11,113795.69,Flipkart
TXN011853,ACC0180,2025-01-29,84457.28,ATM_Withdrawal
TXN006918,ACC0421,2025-06-29,97218.05,ATM_Withdrawal
TXN000045,ACC0294,2025-06-29,16528.83,Amazon
TXN011157,ACC0458,2025-05-12,2711.3,ATM_Withdrawal
TXN012023,ACC0003,2025-04-25,136892.8,Uber
TXN017443,ACC0371,2025-01-03,44179.97,Amazon
TXN004763,ACC0028,2025-02-22,79337.85,Zomato
TXN015471,ACC0029,2025-06-28,120289.69,Unknown_POS
TXN019804,ACC0005,2025-03-24,45070.31,BigBasket
TXN008199,ACC0406,2025-01-13,121010.49,Unknown_POS
TXN011574,ACC0233,2025-05-20,7864.2,ATM_Withdrawal
TXN017062,ACC0413,2025-03-03,46384.53,Unknown_POS
TXN000919,ACC0477,2025-07-14,93788.59,Amazon
TXN006578,ACC0232,2025-06-30,137553.62,Swiggy
TXN003712,ACC0494,2025-02-18,35261.03,ATM_Withdrawal
TXN019878,ACC0276,2025-06-06,105742.76,Unknown_POS
TXN019815,ACC0303,2025-05-06,133122.72,Zomato
TXN007370,ACC0219,2025-05-07,52241.45,Swiggy
TXN001616,ACC0429,2025-03-24,23108.63,Flipkart
TXN006192,ACC0481,2025-07-02,60039.86,Swiggy
TXN004559,ACC0229,2025-02-04,108463.75,ATM_Withdrawal
TXN015070,ACC0233,2025-05-19,16024.97,Amazon
TXN014360,ACC0213,2025-03-07,87940.04,ATM_Withdrawal
TXN015143,ACC0012,2025-06-19,1077.89,Amazon
TXN004349,ACC0010,2025-05-23,119810.12,ATM_Withdrawal
TXN009811,ACC0057,2025-07-11,105614.7,Flipkart
TXN009488,ACC0150,2025-05-04,41750.21,Unknown_POS
TXN005789,ACC0397,2025-02-20,82027.96,Flipkart
TXN014562,ACC0403,2025-03-04,121625.38,Amazon
TXN017816,ACC0121,2025-01-01,147708.26,Uber
TXN007655,ACC0063,2025-07-14,108168.6,Uber
TXN003043,ACC0446,2025-06-22,12047.37,Amazon
TXN011176,ACC0241,2025-07-02,71377.91,BigBasket
TXN009751,ACC0482,2025-07-24,89998.69,Zomato
TXN015208,ACC0322,2025-02-04,61898.41,Swiggy
TXN007461,ACC0342,2025-04-07,77475.9,Unknown_POS
TXN004859,ACC0195,2025-01-04,45443.71,Flipkart
TXN009003,ACC0294,2025-06-23,147868.87,Zomato
TXN016702,ACC0226,2025-04-10,78409.45,ATM_Withdrawal
TXN019666,ACC0043,2025-04-16,10347.4,Swiggy
TXN017910,ACC0040,2025-07-01,93316.47,Amazon
TXN007560,ACC0090,2025-02-09,10109.45,Amazon
TXN016277,ACC0339,2025-02-24,112033.29,Unknown_POS
TXN007861,ACC0488,2025-02-13,60259.29,Amazon
TXN015990,ACC0086,2025-03-22,13082.62,Amazon
TXN001377,ACC0461,2025-01-11,20956.52,Flipkart
TXN013940,ACC0252,2025-04-14,112023.43,Uber
TXN005642,ACC0244,2025-01-04,22438.93,Unknown_POS
TXN010802,ACC0033,2025-02-18,138518.12,Uber
TXN005538,ACC0420,2025-02-05,44921.0,Zomato
TXN003753,ACC0386,2025-05-18,115479.62,Unknown_POS
TXN014629,ACC0068,2025-07-18,114217.59,Unknown_POS
TXN013290,ACC0374,2025-07-10,119152.92,Uber
TXN019949,ACC0421,2025-02-02,58493.19,Unknown_POS
TXN019325,ACC0299,2025-04-07,32017.42,Swiggy
TXN007384,ACC0166,2025-05-23,132093.66,Flipkart
TXN010762,ACC0255,2025-01-18,78575.19,Swiggy
TXN008046,ACC0128,2025-07-08,105864.45,BigBasket
TXN010904,ACC0130,2025-05-19,51005.73,Zomato
TXN019586,ACC0150,2025-03-24,119085.25,Swiggy
TXN001994,ACC0053,2025-07-02,80450.42,Swiggy
TXN019418,ACC0117,2025-07-29,81033.28,Swiggy
TXN005961,ACC0318,2025-01-09,41959.95,Amazon
TXN005466,ACC0489,2025-04-19,83815.98,Unknown_POS
TXN007026,ACC0172,2025-05-24,6544.99,BigBasket
TXN019428,ACC0294,2025-07-20,144236.69,Flipkart
TXN003009,ACC0340,2025-03-27,118295.98,Amazon
TXN016358,ACC0206,2025-06-13,2733.4,Unknown_POS
TXN007090,ACC0405,2025-01-05,47978.45,Amazon
TXN017093,ACC0323,2025-01-03,21459.74,Amazon
TXN011224,ACC0248,2025-06-22,134976.1,Uber
TXN004429,ACC0327,2025-03-05,95110.66,Swiggy
TXN002341,ACC0043,2025-05-29,107252.41,Zomato
TXN002398,ACC0243,2025-03-07,114483.8,ATM_Withdrawal
TXN014100,ACC0164,2025-03-11,36189.09,ATM_Withdrawal
TXN006293,ACC0284,2025-03-28,84153.54,BigBasket
TXN015912,ACC0101,2025-03-31,110243.99,Flipkart
TXN011664,ACC0477,2025-02-27,96297.01,Uber
TXN011219,ACC0290,2025-06-29,59660.9,Flipkart
TXN003343,ACC0295,2025-01-25,17665.13,Zomato
TXN006383,ACC0352,2025-02-16,3302.58,Flipkart
TXN010287,ACC0026,2025-04-23,75891.69,Uber
TXN005612,ACC0104,2025-03-20,142069.3,Flipkart
TXN003728,ACC0307,2025-03-29,81054.65,Swiggy
TXN001138,ACC0366,2025-07-14,100647.0,Flipkart
TXN009041,ACC0261,2025-03-23,92864.5,Amazon
TXN006973,ACC0397,2025-03-04,29000.53,Swiggy
TXN014835,ACC0050,2025-01-06,80859.42,Zomato
TXN017764,ACC0188,2025-03-05,111743.98,Amazon
TXN016875,ACC0159,2025-01-08,44531.12,Flipkart
TXN008859,ACC0124,2025-03-12,122446.16,Uber
TXN009425,ACC0336,2025-03-07,43251.62,Uber
TXN006748,ACC0244,2025-06-20,62918.35,ATM_Withdrawal
TXN019435,ACC0447,2025-06-25,99077.92,Amazon
TXN013119,ACC0017,2025-06-17,15017.56,ATM_Withdrawal
TXN012022,ACC0364,2025-07-10,80555.83,Amazon
TXN002216,ACC0030,2025-04-02,933.37,ATM_Withdrawal
TXN000144,ACC0493,2025-07-09,17641.56,ATM_Withdrawal
TXN018474,ACC0375,2025-03-23,54184.79,Swiggy
TXN010121,ACC0008,2025-04-29,104816.55,Flipkart
TXN005944,ACC0066,2025-04-29,105122.11,ATM_Withdrawal
TXN016789,ACC0365,2025-07-25,88332.99,Unknown_POS
TXN010936,ACC0339,2025-01-28,50220.26,Amazon
TXN003797,ACC0441,2025-07-14,10245.7,Flipkart
TXN012940,ACC0353,2025-03-24,38163.58,Amazon
TXN002698,ACC0274,2025-05-28,36247.69,Uber
TXN004579,ACC0109,2025-01-07,38940.62,Flipkart
TXN008467,ACC0138,2025-05-04,73120.46,Uber
TXN008971,ACC0304,2025-05-15,120151.97,BigBasket
TXN009023,ACC0341,2025-05-01,77139.0,BigBasket
TXN014212,ACC0304,2025-05-25,105226.03,Swiggy
TXN012807,ACC0446,2025-05-15,82005.23,Uber
TXN008980,ACC0323,2025-07-30,67572.82,Unknown_POS
TXN010925,ACC0152,2025-01-13,113814.46,Zomato
TXN011900,ACC0099,2025-06-24,64277.63,BigBasket
TXN019105,ACC0499,2025-06-08,94328.47,Zomato
TXN016813,ACC0471,2025-07-16,126523.78,BigBasket
TXN006015,ACC0377,2025-05-15,79584.2,Swiggy
TXN019450,ACC0424,2025-05-16,75618.98,Uber
TXN003916,ACC0455,2025-06-17,130823.33,Flipkart
TXN000245,ACC0323,2025-02-17,27998.72,Unknown_POS
TXN007590,ACC0444,2025-04-09,28402.34,Swiggy
TXN008483,ACC0128,2025-06-21,705.43,Uber
TXN001984,ACC0113,2025-01-25,119548.78,Swiggy
TXN015259,ACC0024,2025-04-19,20885.13,Amazon
TXN002219,ACC0005,2025-01-26,64649.03,Zomato
TXN013692,ACC0099,2025-04-13,133461.89,Swiggy
TXN014252,ACC0179,2025-01-27,70070.62,Unknown_POS
TXN017790,ACC0491,2025-04-29,54115.52,Unknown_POS
TXN018062,ACC0012,2025-05-30,140668.16,Unknown_POS
TXN013557,ACC0156,2025-03-07,33617.45,Zomato
TXN007816,ACC0494,2025-03-09,94395.08,Uber
TXN015043,ACC0299,2025-01-25,139015.64,Uber
TXN008854,ACC0016,2025-07-19,107434.59,Flipkart
TXN004288,ACC0176,2025-03-18,35651.98,Swiggy
TXN006641,ACC0142,2025-04-07,109695.7,Flipkart
TXN014032,ACC0354,2025-06-30,106645.65,ATM_Withdrawal
TXN017347,ACC0319,2025-06-13,124911.06,Uber
TXN005767,ACC0423,2025-04-28,100243.37,Swiggy
TXN006028,ACC0331,2025-01-04,13641.42,Swiggy
TXN014818,ACC0361,2025-01-15,135320.95,Zomato
TXN017486,ACC0146,2025-06-01,29548.23,ATM_Withdrawal
TXN001523,ACC0409,2025-03-21,69650.75,Unknown_POS
TXN011618,ACC0084,2025-04-11,147755.11,BigBasket
TXN005893,ACC0441,2025-06-30,31018.76,BigBasket
TXN018872,ACC0245,2025-01-08,2301.27,Unknown_POS
TXN013905,ACC0327,2025-07-26,4533.15,ATM_Withdrawal
TXN014573,ACC0145,2025-06-07,45772.09,Flipkart
TXN009081,ACC0306,2025-02-22,106084.94,BigBasket
TXN015292,ACC0027,2025-03-20,134723.2,Zomato
TXN004374,ACC0039,2025-01-04,125101.98,Flipkart
TXN006622,ACC0109,2025-03-04,116540.77,BigBasket
TXN001486,ACC0066,2025-04-04,52364.07,Amazon
TXN019695,ACC0090,2025-06-09,129229.2,Swiggy
TXN004700,ACC0466,2025-02-12,54079.41,Uber
TXN013510,ACC0191,2025-01-04,104889.98,Amazon
TXN000801,ACC0266,2025-01-04,110551.98,Flipkart
TXN000837,ACC0215,2025-06-29,112841.75,BigBasket
TXN012442,ACC0132,2025-05-18,118186.58,Flipkart
TXN002490,ACC0315,2025-06-03,81995.09,Swiggy
TXN001131,ACC0139,2025-02-06,141494.51,Uber
TXN002435,ACC0019,2025-02-25,111868.85,Zomato
TXN005500,ACC0058,2025-07-22,126623.46,Flipkart
TXN012746,ACC0158,2025-05-09,49492.48,Swiggy
TXN008931,ACC0316,2025-04-15,52174.6,ATM_Withdrawal
TXN010793,ACC0391,2025-01-09,131192.06,Amazon
TXN003000,ACC0415,2025-06-07,68494.03,Unknown_POS
TXN000133,ACC0387,2025-05-18,71054.15,Zomato
TXN019655,ACC0029,2025-01-21,17306.41,Swiggy
TXN019003,ACC0147,2025-04-20,149654.64,BigBasket
TXN011029,ACC0366,2025-04-13,353.27,Flipkart
TXN006744,ACC0059,2025-04-13,116421.8,Zomato
TXN006011,ACC0182,2025-01-25,53727.37,Amazon
TXN008298,ACC0163,2025-06-10,91442.91,Flipkart
TXN014465,ACC0432,2025-05-01,55215.44,Amazon
TXN014053,ACC0464,2025-07-21,9549.48,Unknown_POS
TXN012725,ACC0356,2025-01-08,37264.77,Flipkart
TXN012505,ACC0315,2025-03-18,11044.06,Zomato
TXN008734,ACC0252,2025-03-17,106594.35,BigBasket
TXN010286,ACC0385,2025-05-08,60461.02,Amazon
TXN011436,ACC0448,2025-05-27,93464.43,Amazon
TXN008796,ACC0393,2025-03-05,32769.1,ATM_Withdrawal
TXN012978,ACC0471,2025-05-17,37746.79,ATM_Withdrawal
TXN000195,ACC0195,2025-07-02,117594.35,Swiggy
TXN004620,ACC0473,2025-03-07,125757.69,Unknown_POS
TXN014520,ACC0168,2025-04-14,77293.95,ATM_Withdrawal
TXN008777,ACC0149,2025-01-10,48192.86,Amazon
TXN003071,ACC0003,2025-04-15,31110.09,Unknown_POS
TXN017729,ACC0341,2025-02-21,80560.71,Flipkart
TXN015747,ACC0060,2025-03-29,41427.67,ATM_Withdrawal
TXN014545,ACC0079,2025-07-01,109514.31,Uber
TXN004188,ACC0195,2025-06-22,17317.88,Uber
TXN009604,ACC0195,2025-05-16,16310.69,Unknown_POS
TXN015195,ACC0216,2025-01-06,141051.94,Unknown_POS
TXN008429,ACC0452,2025-02-07,77028.93,Unknown_POS
TXN019036,ACC0217,2025-02-22,88381.11,Amazon
TXN007569,ACC0477,2025-07-11,131070.51,Swiggy
TXN016463,ACC0237,2025-04-23,113576.07,ATM_Withdrawal
TXN011807,ACC0489,2025-04-21,53934.61,Uber
TXN003312,ACC0458,2025-05-02,70227.22,Swiggy
TXN012796,ACC0338,2025-03-29,29092.12,Flipkart
TXN011638,ACC0233,2025-02-11,4490.54,Zomato
TXN003948,ACC0488,2025-06-01,45086.36,Uber
TXN006029,ACC0406,2025-02-11,36890.3,Uber
TXN010032,ACC0268,2025-05-30,126798.2,Uber
TXN015848,ACC0400,2025-05-02,35288.59,Zomato
TXN002651,ACC0075,2025-06-12,3297.6,Swiggy
TXN016970,ACC0465,2025-07-23,5863.02,Flipkart
TXN009192,ACC0469,2025-04-07,106303.27,Swiggy
TXN011451,ACC0140,2025-06-29,145935.56,Unknown_POS
TXN017988,ACC0433,2025-05-17,73514.61,Uber
TXN009191,ACC0226,2025-04-12,70948.63,Unknown_POS
TXN008653,ACC0041,2025-05-14,139517.34,Swiggy
TXN009656,ACC0191,2025-04-09,90681.35,ATM_Withdrawal
TXN003844,ACC0146,2025-04-21,36140.01,Zomato
TXN017191,ACC0258,2025-04-27,83140.64,Flipkart
TXN018773,ACC0308,2025-02-14,75511.4,BigBasket
TXN018788,ACC0439,2025-04-26,135256.73,Uber
TXN013698,ACC0150,2025-05-29,88334.99,BigBasket
TXN001146,ACC0034,2025-05-02,16977.41,ATM_Withdrawal
TXN004067,ACC0094,2025-05-28,31885.95,Flipkart
TXN005068,ACC0413,2025-03-03,133109.87,Uber
TXN013029,ACC0413,2025-03-16,118495.83,Flipkart
TXN001026,ACC0221,2025-07-17,21815.6,Swiggy
TXN005081,ACC0485,2025-02-21,54105.87,Zomato
TXN015490,ACC0179,2025-01-08,106727.54,Zomato
TXN010092,ACC0209,2025-06-17,90882.05,Zomato
TXN006439,ACC0035,2025-04-10,78347.37,Unknown_POS
TXN012708,ACC0398,2025-06-14,78722.35,Zomato
TXN005939,ACC0469,2025-05-23,849.14,Zomato
TXN008175,ACC0129,2025-05-18,81655.76,Unknown_POS
TXN018278,ACC0006,2025-03-04,131645.6,Flipkart
TXN018119,ACC0217,2025-04-04,11378.41,Uber
TXN000129,ACC0321,2025-06-23,64108.73,ATM_Withdrawal
TXN014304,ACC0123,2025-02-23,63573.41,Amazon
TXN002397,ACC0092,2025-07-01,115802.48,Uber
TXN004494,ACC0065,2025-02-21,91006.56,Amazon
TXN001551,ACC0153,2025-02-23,128919.54,Swiggy
TXN009473,ACC0306,2025-01-21,13970.55,BigBasket
TXN015543,ACC0159,2025-04-12,98312.64,Uber
TXN003794,ACC0340,2025-05-02,71767.4,Zomato
TXN001453,ACC0097,2025-01-18,134218.46,ATM_Withdrawal
TXN018421,ACC0477,2025-04-24,33893.1,BigBasket
TXN009001,ACC0053,2025-03-25,52902.83,Unknown_POS
TXN004240,ACC0453,2025-07-01,18370.95,Zomato
TXN017723,ACC0204,2025-05-29,34870.15,Amazon
TXN015975,ACC0064,2025-03-08,91914.06,Uber
TXN007960,ACC0159,2025-03-18,17272.55,Amazon
TXN006321,ACC0328,2025-01-08,21517.2,Swiggy
TXN014811,ACC0487,2025-07-02,116010.34,Unknown_POS
TXN007208,ACC0097,2025-01-21,119633.21,Flipkart
TXN009949,ACC0069,2025-02-19,52133.25,BigBasket
TXN004001,ACC0020,2025-07-17,1433.31,BigBasket
TXN010763,ACC0056,2025-02-21,143860.56,BigBasket
TXN007503,ACC0109,2025-06-10,89290.26,Unknown_POS
TXN002248,ACC0010,2025-06-07,29986.54,Amazon
TXN005330,ACC0007,2025-03-11,69720.51,Swiggy
TXN003056,ACC0221,2025-03-12,51840.67,ATM_Withdrawal
TXN010397,ACC0411,2025-01-20,107866.33,ATM_Withdrawal
TXN012658,ACC0218,2025-06-05,47203.84,ATM_Withdrawal
TXN015242,ACC0210,2025-04-22,75268.3,BigBasket
TXN003758,ACC0126,2025-07-05,124602.98,Flipkart
TXN012525,ACC0034,2025-07-27,78865.13,ATM_Withdrawal
TXN006258,ACC0403,2025-05-01,94499.75,BigBasket
TXN008031,ACC0450,2025-01-03,95138.46,Uber
TXN015718,ACC0218,2025-04-09,10679.07,ATM_Withdrawal
TXN016193,ACC0486,2025-01-20,60961.17,Uber
TXN009613,ACC0148,2025-06-14,74960.17,Uber
TXN012054,ACC0068,2025-07-19,53993.78,Unknown_POS
TXN000574,ACC0426,2025-05-14,145969.3,BigBasket
TXN000235,ACC0177,2025-01-07,72441.52,Uber
TXN016987,ACC0476,2025-03-03,145408.23,Flipkart
TXN006778,ACC0396,2025-06-05,32008.36,Unknown_POS
TXN007996,ACC0220,2025-02-24,120320.74,ATM_Withdrawal
TXN015464,ACC0405,2025-02-26,117089.41,Unknown_POS
TXN002165,ACC0097,2025-02-06,44991.4,Zomato
TXN006878,ACC0346,2025-06-03,43702.94,Swiggy
TXN010091,ACC0449,2025-03-27,137535.16,Zomato
TXN005770,ACC0479,2025-03-31,139785.75,Unknown_POS
TXN015976,ACC0281,2025-05-02,24793.94,Uber
TXN003736,ACC0281,2025-04-12,78492.0,Unknown_POS
TXN005744,ACC0352,2025-04-18,140743.3,Swiggy
TXN000115,ACC0428,2025-01-01,113439.1,Uber
TXN004024,ACC0008,2025-06-25,64453.6,BigBasket
TXN013950,ACC0041,2025-07-22,102738.2,ATM_Withdrawal
TXN008085,ACC0143,2025-04-15,36942.4,Unknown_POS
TXN003785,ACC0229,2025-06-18,149478.24,BigBasket
TXN016677,ACC0021,2025-03-20,78182.68,Amazon
TXN004612,ACC0185,2025-05-16,143085.43,ATM_Withdrawal
TXN007863,ACC0282,2025-07-01,76531.11,BigBasket
TXN008631,ACC0404,2025-03-17,71803.63,Zomato
TXN003962,ACC0437,2025-01-22,15143.94,Flipkart
TXN004353,ACC0480,2025-05-15,101211.13,Uber
TXN001919,ACC0005,2025-07-17,44956.15,BigBasket
TXN012913,ACC0419,2025-06-18,120041.27,Zomato
TXN010450,ACC0245,2025-06-14,43358.39,Flipkart
TXN013370,ACC0356,2025-06-07,103750.52,Zomato
TXN003651,ACC0189,2025-02-06,47324.55,Unknown_POS
TXN002656,ACC0201,2025-04-09,104663.02,Flipkart
TXN011573,ACC0404,2025-03-21,54183.08,Uber
TXN017695,ACC0059,2025-05-03,98000.87,Uber
TXN000116,ACC0238,2025-06-22,107878.14,Unknown_POS
TXN007083,ACC0217,2025-04-04,21980.59,Swiggy
TXN016180,ACC0352,2025-06-12,27278.16,ATM_Withdrawal
TXN008380,ACC0184,2025-01-02,47711.78,Amazon
TXN001374,ACC0497,2025-07-13,147104.43,Swiggy
TXN003472,ACC0487,2025-01-23,83234.76,ATM_Withdrawal
TXN009733,ACC0283,2025-01-30,65914.76,Flipkart
TXN019425,ACC0411,2025-02-28,138359.34,ATM_Withdrawal
TXN005853,ACC0155,2025-01-28,110801.6,Flipkart
TXN005335,ACC0320,2025-06-29,135570.87,Unknown_POS
TXN002822,ACC0283,2025-05-11,113241.97,Amazon
TXN011386,ACC0035,2025-04-28,66339.4,Zomato
TXN013738,ACC0305,2025-07-08,145312.46,Unknown_POS
TXN000326,ACC0198,2025-01-29,36200.21,Flipkart
TXN000823,ACC0347,2025-06-19,73925.1,Amazon
TXN002510,ACC0204,2025-01-08,17241.76,BigBasket
TXN005826,ACC0399,2025-06-07,70523.75,Swiggy
TXN007423,ACC0460,2025-02-19,70145.34,BigBasket
TXN012613,ACC0166,2025-02-21,99128.26,Flipkart
TXN016481,ACC0037,2025-05-31,81022.13,Amazon
TXN002782,ACC0276,2025-07-07,18230.29,Amazon
TXN000433,ACC0115,2025-06-20,88363.08,Swiggy
TXN019249,ACC0161,2025-06-23,69394.32,Unknown_POS
TXN019077,ACC0239,2025-02-24,68239.23,Swiggy
TXN008035,ACC0295,2025-05-18,95623.85,BigBasket
TXN008253,ACC0444,2025-05-03,98845.02,Unknown_POS
TXN018234,ACC0385,2025-07-05,111564.44,Unknown_POS
TXN018192,ACC0394,2025-03-31,132651.67,BigBasket
TXN009525,ACC0469,2025-02-27,24883.04,Amazon
TXN016734,ACC0486,2025-07-17,52990.41,Flipkart
TXN011183,ACC0025,2025-02-12,149268.79,BigBasket
TXN003257,ACC0374,2025-06-15,134604.81,Amazon
TXN016484,ACC0119,2025-06-09,101124.5,Swiggy
TXN002115,ACC0076,2025-06-03,42544.75,Amazon
TXN012322,ACC0307,2025-02-23,25632.16,ATM_Withdrawal
TXN000474,ACC0294,2025-03-02,71465.53,Flipkart
TXN003112,ACC0106,2025-05-28,69203.88,Zomato
TXN000024,ACC0147,2025-05-18,1276.2,Flipkart
TXN006151,ACC0452,2025-07-17,87158.77,Swiggy
TXN017040,ACC0376,2025-07-11,89500.46,Uber
TXN010180,ACC0336,2025-07-29,127387.02,Flipkart
TXN002714,ACC0357,2025-02-02,64486.31,Unknown_POS
TXN015057,ACC0051,2025-03-09,55530.71,Swiggy
TXN011993,ACC0173,2025-03-08,131977.5,Swiggy
TXN004741,ACC0133,2025-07-24,60695.26,Unknown_POS
TXN016745,ACC0320,2025-07-16,147748.43,Unknown_POS
TXN010593,ACC0177,2025-02-12,100021.11,Swiggy
TXN016478,ACC0247,2025-06-29,70659.82,Zomato
TXN014484,ACC0173,2025-07-29,113328.35,Uber
TXN000612,ACC0207,2025-04-16,5423.0,Amazon
TXN012537,ACC0060,2025-04-08,51643.25,ATM_Withdrawal
TXN003774,ACC0115,2025-03-29,129841.56,ATM_Withdrawal
TXN013573,ACC0258,2025-06-23,24051.77,Uber
TXN014391,ACC0377,2025-06-02,65904.72,BigBasket
TXN003980,ACC0215,2025-07-26,139578.04,Uber
TXN018078,ACC0073,2025-01-05,31655.59,Uber
TXN019315,ACC0247,2025-03-13,44491.43,Zomato
TXN002094,ACC0055,2025-04-22,149004.55,Amazon
TXN003565,ACC0125,2025-01-20,26607.23,Flipkart
TXN003341,ACC0311,2025-05-13,130565.5,Unknown_POS
TXN019739,ACC0227,2025-05-04,123864.5,Uber
TXN004791,ACC0137,2025-06-09,134074.45,BigBasket
TXN008927,ACC0293,2025-05-12,35225.03,Uber
TXN003474,ACC0241,2025-05-03,16446.12,Zomato
TXN001759,ACC0390,2025-04-26,100099.75,Swiggy
TXN002731,ACC0028,2025-03-30,135068.79,ATM_Withdrawal
TXN011799,ACC0005,2025-05-25,118070.23,Amazon
TXN002847,ACC0343,2025-05-05,73558.79,Unknown_POS
TXN004886,ACC0124,2025-01-24,20480.65,Unknown_POS
TXN004782,ACC0331,2025-06-14,101793.81,Swiggy
TXN009189,ACC0129,2025-03-28,54860.23,Swiggy
TXN012857,ACC0313,2025-02-01,139740.22,Unknown_POS
TXN002377,ACC0183,2025-07-12,42396.21,Unknown_POS
TXN009719,ACC0370,2025-06-19,7642.92,Amazon
TXN014627,ACC0405,2025-03-27,108500.44,Zomato
TXN002637,ACC0425,2025-06-16,16101.99,Flipkart
TXN003641,ACC0405,2025-04-07,63477.55,Amazon
TXN000618,ACC0367,2025-06-18,54526.02,ATM_Withdrawal
TXN014565,ACC0068,2025-07-05,17552.0,Unknown_POS
TXN014358,ACC0338,2025-07-28,107460.43,BigBasket
TXN003456,ACC0338,2025-07-28,137290.99,BigBasket
TXN002099,ACC0047,2025-07-23,103783.09,Zomato
TXN019202,ACC0366,2025-02-28,80162.6,Zomato
TXN002997,ACC0172,2025-03-28,97199.8,Flipkart
TXN019591,ACC0300,2025-03-11,62400.82,Flipkart
TXN008999,ACC0119,2025-05-16,50275.62,Uber
TXN016857,ACC0314,2025-01-13,77911.12,Zomato
TXN011741,ACC0072,2025-04-07,97442.87,Amazon
TXN015331,ACC0103,2025-07-30,139289.81,Uber
TXN013697,ACC0231,2025-03-25,115401.49,Flipkart
TXN018977,ACC0343,2025-05-12,133041.94,Zomato
TXN013529,ACC0133,2025-06-19,104823.3,ATM_Withdrawal
TXN016831,ACC0195,2025-05-11,25876.66,ATM_Withdrawal
TXN008667,ACC0151,2025-02-02,118157.82,ATM_Withdrawal
TXN007769,ACC0228,2025-01-01,45122.42,ATM_Withdrawal
TXN019726,ACC0283,2025-06-15,61956.29,Unknown_POS
TXN000121,ACC0124,2025-02-22,10140.27,Amazon
TXN002286,ACC0448,2025-07-22,7775.42,Zomato
TXN002664,ACC0090,2025-06-17,22752.84,BigBasket
TXN010824,ACC0399,2025-05-19,86733.67,Zomato
TXN016032,ACC0338,2025-06-16,40849.72,Zomato
TXN000533,ACC0433,2025-02-13,126103.77,Swiggy
TXN000462,ACC0327,2025-03-16,146559.8,ATM_Withdrawal
TXN009910,ACC0338,2025-04-19,115913.04,ATM_Withdrawal
TXN016872,ACC0337,2025-07-21,18251.49,Flipkart
TXN004262,ACC0056,2025-05-19,43871.91,Zomato
TXN000854,ACC0397,2025-07-08,67067.17,Flipkart
TXN016802,ACC0230,2025-04-25,39270.57,Unknown_POS
TXN004423,ACC0292,2025-01-10,4643.59,Flipkart
TXN014756,ACC0163,2025-05-30,118146.81,Unknown_POS
TXN004280,ACC0394,2025-02-25,38141.34,BigBasket
TXN013155,ACC0233,2025-07-07,20156.94,Swiggy
TXN018448,ACC0294,2025-03-30,111508.28,Flipkart
TXN006113,ACC0199,2025-05-01,112726.91,Unknown_POS
TXN007743,ACC0327,2025-03-20,33437.13,Unknown_POS
TXN014435,ACC0174,2025-02-18,121622.95,Zomato
TXN005532,ACC0299,2025-04-05,65734.16,BigBasket
TXN000123,ACC0126,2025-07-09,6683.3,ATM_Withdrawal
TXN014188,ACC0339,2025-07-09,39478.76,Amazon
TXN004118,ACC0388,2025-06-21,139709.18,Swiggy
TXN008762,ACC0258,2025-01-22,149090.11,Amazon
TXN008029,ACC0467,2025-01-17,38830.77,BigBasket
TXN000421,ACC0278,2025-03-21,26374.74,Amazon
TXN007902,ACC0248,2025-01-14,68279.37,BigBasket
TXN011508,ACC0469,2025-07-04,64460.21,Uber
TXN005505,ACC0216,2025-01-22,131083.35,Flipkart
TXN013517,ACC0393,2025-05-03,65346.25,BigBasket
TXN017520,ACC0365,2025-06-11,116528.3,Uber
TXN014779,ACC0176,2025-06-07,37093.35,ATM_Withdrawal
TXN011596,ACC0049,2025-03-16,7920.11,Swiggy
TXN009426,ACC0022,2025-03-02,137621.63,Amazon
TXN015683,ACC0431,2025-03-18,38085.99,BigBasket
TXN007744,ACC0275,2025-05-01,98603.54,Flipkart
TXN012947,ACC0485,2025-02-17,111914.09,Swiggy
TXN003692,ACC0040,2025-06-07,16133.88,Amazon
TXN018272,ACC0349,2025-04-27,50069.11,Uber
TXN012257,ACC0210,2025-04-26,94191.46,Flipkart
TXN007974,ACC0130,2025-03-12,25662.99,Amazon
TXN019067,ACC0428,2025-06-08,6132.56,ATM_Withdrawal
TXN016861,ACC0399,2025-07-29,67229.82,Unknown_POS
TXN010252,ACC0494,2025-04-29,98150.67,Zomato
TXN000720,ACC0431,2025-04-03,20189.16,BigBasket
TXN013815,ACC0136,2025-06-19,90432.44,Amazon
TXN000788,ACC0083,2025-04-10,144687.31,Amazon
TXN010689,ACC0338,2025-02-21,23337.3,Uber
TXN015756,ACC0494,2025-02-27,12974.97,BigBasket
TXN006966,ACC0096,2025-02-07,118123.94,Uber
TXN012836,ACC0161,2025-03-26,116930.62,Flipkart
TXN006705,ACC0383,2025-03-05,23156.69,Zomato
TXN002737,ACC0139,2025-03-13,88256.61,Uber
TXN013066,ACC0318,2025-06-06,141899.89,Zomato
TXN006482,ACC0153,2025-03-23,137160.23,ATM_Withdrawal
TXN018823,ACC0022,2025-02-19,2067.34,ATM_Withdrawal
TXN001504,ACC0412,2025-02-27,93704.61,Flipkart
TXN002411,ACC0470,2025-04-12,115244.09,Zomato
TXN002287,ACC0422,2025-02-23,80212.51,Amazon
TXN001291,ACC0368,2025-05-08,91826.87,Flipkart
TXN017532,ACC0079,2025-01-31,5274.05,Flipkart
TXN007180,ACC0323,2025-02-10,128208.67,ATM_Withdrawal
TXN009738,ACC0330,2025-06-25,15441.47,Uber
TXN015073,ACC0451,2025-05-16,146981.73,Flipkart
TXN011490,ACC0002,2025-07-23,25595.03,Flipkart
TXN007944,ACC0464,2025-02-06,79434.62,Amazon
TXN006265,ACC0459,2025-04-26,39122.78,Unknown_POS
TXN009511,ACC0028,2025-04-10,101339.71,Flipkart
TXN006491,ACC0411,2025-03-01,145418.56,BigBasket
TXN006754,ACC0020,2025-01-19,149096.63,Flipkart
TXN019070,ACC0346,2025-01-27,1939.13,ATM_Withdrawal
TXN009993,ACC0202,2025-06-20,137138.22,ATM_Withdrawal
TXN015745,ACC0329,2025-07-06,21235.81,Zomato
TXN012480,ACC0005,2025-05-15,4702.14,BigBasket
TXN013737,ACC0296,2025-01-21,113798.7,ATM_Withdrawal
TXN015992,ACC0246,2025-06-03,84236.65,Swiggy
TXN000438,ACC0328,2025-05-25,15661.33,ATM_Withdrawal
TXN014579,ACC0229,2025-02-07,16326.74,ATM_Withdrawal
TXN001005,ACC0088,2025-01-16,42637.83,Uber
TXN003966,ACC0069,2025-03-16,147555.97,BigBasket
TXN003340,ACC0288,2025-06-05,125619.93,Unknown_POS
TXN019940,ACC0186,2025-04-03,117936.69,BigBasket
TXN007536,ACC0324,2025-06-24,137317.47,Amazon
TXN016270,ACC0077,2025-05-24,75458.85,Zomato
TXN009769,ACC0317,2025-07-07,29725.56,ATM_Withdrawal
TXN008640,ACC0231,2025-06-12,138574.29,Zomato
TXN015845,ACC0110,2025-06-27,99823.2,Amazon
TXN008365,ACC0223,2025-07-16,85990.46,Amazon
TXN000481,ACC0045,2025-04-10,83476.81,BigBasket
TXN013847,ACC0258,2025-06-23,131245.17,Amazon
TXN019449,ACC0096,2025-02-11,62459.14,Amazon
TXN004577,ACC0098,2025-04-19,140278.57,BigBasket
TXN004427,ACC0236,2025-06-01,59140.35,Swiggy
TXN007828,ACC0485,2025-01-20,39192.27,Zomato
TXN002393,ACC0281,2025-07-24,117227.76,Flipkart
TXN016588,ACC0158,2025-01-22,146118.3,Flipkart
TXN007145,ACC0303,2025-04-01,130117.01,BigBasket
TXN000544,ACC0074,2025-03-22,129365.97,Swiggy
TXN008066,ACC0166,2025-01-19,59994.18,Swiggy
TXN006647,ACC0299,2025-03-24,42847.96,ATM_Withdrawal
TXN010848,ACC0432,2025-05-19,91956.78,BigBasket
TXN004622,ACC0300,2025-01-17,78716.16,Swiggy
TXN000239,ACC0225,2025-07-04,104529.65,BigBasket
TXN018454,ACC0287,2025-04-03,131231.88,Zomato
TXN009907,ACC0398,2025-01-13,103956.07,Uber
TXN017810,ACC0465,2025-02-11,48174.59,BigBasket
TXN002745,ACC0388,2025-01-08,51174.61,Unknown_POS
TXN016873,ACC0469,2025-05-04,43334.22,Unknown_POS
TXN006904,ACC0297,2025-06-09,121793.73,Swiggy
TXN005608,ACC0455,2025-02-20,3239.88,Unknown_POS
TXN017205,ACC0375,2025-07-10,73514.72,Unknown_POS
TXN019167,ACC0361,2025-05-18,75278.0,Flipkart
TXN006619,ACC0243,2025-04-26,92159.51,BigBasket
TXN019996,ACC0100,2025-03-27,89281.0,Flipkart
TXN011344,ACC0034,2025-04-22,36511.59,BigBasket
TXN011642,ACC0149,2025-02-03,117182.91,Amazon
TXN004296,ACC0207,2025-07-13,89697.66,Unknown_POS
TXN007369,ACC0330,2025-07-30,1994.56,Flipkart
TXN004736,ACC0217,2025-04-04,73529.89,ATM_Withdrawal
TXN008635,ACC0070,2025-06-30,19890.32,Zomato
TXN006136,ACC0498,2025-01-23,101202.04,Zomato
TXN010645,ACC0379,2025-02-20,12836.93,Unknown_POS
TXN001867,ACC0328,2025-02-21,117800.31,BigBasket
TXN000388,ACC0496,2025-04-02,59466.86,Amazon
TXN014783,ACC0057,2025-04-09,32213.98,Flipkart
TXN003559,ACC0209,2025-07-01,51352.2,BigBasket
TXN000466,ACC0190,2025-04-08,55441.78,ATM_Withdrawal
TXN011955,ACC0271,2025-01-26,43701.28,Unknown_POS
TXN010735,ACC0328,2025-01-26,86916.82,Amazon
TXN011514,ACC0404,2025-01-19,30228.03,ATM_Withdrawal
TXN001724,ACC0388,2025-06-12,24046.1,Amazon
TXN000325,ACC0402,2025-07-23,143202.99,ATM_Withdrawal
TXN006101,ACC0211,2025-07-12,132351.25,Amazon
TXN001922,ACC0444,2025-04-12,34175.39,Zomato
TXN015887,ACC0285,2025-05-30,97194.74,Amazon
TXN002636,ACC0430,2025-01-14,12744.63,Uber
TXN014745,ACC0096,2025-03-28,3533.08,Unknown_POS
TXN010825,ACC0154,2025-06-09,145736.74,BigBasket
TXN006807,ACC0261,2025-06-15,143360.34,Unknown_POS
TXN018991,ACC0412,2025-02-14,144553.39,Uber
TXN001046,ACC0267,2025-01-28,67768.86,Amazon
TXN015459,ACC0263,2025-01-28,80206.29,Unknown_POS
TXN016553,ACC0196,2025-03-27,2948.47,BigBasket
TXN006524,ACC0361,2025-03-08,10636.67,ATM_Withdrawal
TXN010704,ACC0205,2025-07-05,12780.49,BigBasket
TXN003335,ACC0432,2025-07-05,109879.77,Uber
TXN006033,ACC0021,2025-02-04,61515.91,Amazon
TXN015777,ACC0450,2025-04-10,24796.01,ATM_Withdrawal
TXN008841,ACC0414,2025-01-07,29800.77,Uber
TXN001023,ACC0230,2025-05-19,19809.23,Swiggy
TXN001376,ACC0174,2025-06-26,16891.73,ATM_Withdrawal
TXN013730,ACC0446,2025-04-18,78145.51,Flipkart
TXN002993,ACC0072,2025-04-30,88043.77,BigBasket
TXN010829,ACC0207,2025-02-19,80335.4,Amazon
TXN014158,ACC0221,2025-04-08,140091.34,Zomato
TXN017498,ACC0437,2025-01-25,129892.34,Uber
TXN000218,ACC0187,2025-01-30,139813.47,Zomato
TXN006486,ACC0294,2025-03-06,101540.75,BigBasket
TXN012564,ACC0151,2025-01-01,71689.94,Flipkart
TXN016896,ACC0204,2025-06-09,99441.36,Unknown_POS
TXN002125,ACC0348,2025-05-02,148547.63,Unknown_POS
TXN005535,ACC0485,2025-05-13,111297.49,Amazon
TXN014841,ACC0450,2025-03-23,137383.63,Uber
TXN017272,ACC0254,2025-01-25,98546.77,Zomato
TXN000440,ACC0178,2025-03-23,25224.72,Flipkart
TXN018562,ACC0215,2025-02-06,144949.34,BigBasket
TXN013825,ACC0299,2025-01-21,137457.94,BigBasket
TXN018994,ACC0394,2025-02-07,3633.3,Uber
TXN004521,ACC0378,2025-07-10,132381.83,Zomato
TXN016189,ACC0132,2025-04-19,35443.15,Flipkart
TXN019127,ACC0150,2025-04-13,26727.31,Unknown_POS
TXN008050,ACC0377,2025-04-21,66459.05,BigBasket
TXN013929,ACC0499,2025-01-31,110227.53,BigBasket
TXN000799,ACC0045,2025-03-12,116961.95,BigBasket
TXN001128,ACC0140,2025-02-08,23666.53,Flipkart
TXN007007,ACC0196,2025-03-14,67134.43,ATM_Withdrawal
TXN019068,ACC0018,2025-07-23,127470.44,Uber
TXN001316,ACC0211,2025-05-14,73407.55,Zomato
TXN000581,ACC0330,2025-03-01,68539.85,Uber
TXN016698,ACC0357,2025-01-06,8273.78,ATM_Withdrawal
TXN006154,ACC0059,2025-05-02,8207.16,Swiggy
TXN003440,ACC0150,2025-06-10,63976.56,Unknown_POS
TXN016920,ACC0402,2025-05-19,138821.92,Unknown_POS
TXN015731,ACC0478,2025-06-26,104264.72,BigBasket
TXN018269,ACC0212,2025-04-11,36539.08,Unknown_POS
TXN017502,ACC0484,2025-05-08,30386.85,Flipkart
TXN011649,ACC0074,2025-03-12,136440.58,Swiggy
TXN000975,ACC0179,2025-07-29,65173.94,Flipkart
TXN013104,ACC0365,2025-06-10,125109.83,Amazon
TXN017189,ACC0341,2025-06-10,54779.73,Unknown_POS
TXN001680,ACC0319,2025-02-23,42404.46,Flipkart
TXN001831,ACC0254,2025-04-03,77612.67,Amazon
TXN003373,ACC0116,2025-04-24,123928.8,Zomato
TXN012124,ACC0102,2025-01-03,42214.61,Zomato
TXN011934,ACC0181,2025-02-20,23733.17,ATM_Withdrawal
TXN010616,ACC0425,2025-06-12,74318.29,Uber
TXN007794,ACC0314,2025-01-02,11207.88,Zomato
TXN000955,ACC0282,2025-04-13,75728.68,Swiggy
TXN011347,ACC0328,2025-02-10,11949.86,Zomato
TXN002673,ACC0119,2025-01-25,99805.88,ATM_Withdrawal
TXN016818,ACC0209,2025-03-28,76187.59,Uber
TXN011595,ACC0205,2025-02-28,34703.86,Unknown_POS
TXN013068,ACC0250,2025-05-06,22684.54,Unknown_POS
TXN011035,ACC0239,2025-04-01,22191.54,Amazon
TXN019520,ACC0171,2025-07-02,43678.05,BigBasket
TXN013174,ACC0096,2025-04-29,89389.98,Flipkart
TXN002807,ACC0149,2025-07-13,71592.05,Swiggy
TXN016993,ACC0485,2025-05-21,70308.71,ATM_Withdrawal
TXN000838,ACC0438,2025-04-13,41980.45,Swiggy
TXN019909,ACC0458,2025-01-14,46773.66,BigBasket
TXN012436,ACC0119,2025-02-24,39390.5,Swiggy
TXN000273,ACC0377,2025-06-17,112714.26,Uber
TXN010542,ACC0293,2025-07-02,12368.11,Swiggy
TXN013450,ACC0096,2025-03-23,52197.06,Flipkart
TXN012490,ACC0347,2025-03-10,120007.31,Swiggy
TXN012032,ACC0382,2025-04-04,93342.83,Zomato
TXN005899,ACC0265,2025-05-14,149047.54,Zomato
TXN015834,ACC0178,2025-04-19,18237.26,ATM_Withdrawal
TXN006517,ACC0069,2025-04-28,108753.66,Zomato
TXN005503,ACC0019,2025-03-27,34743.63,Amazon
TXN004855,ACC0460,2025-04-07,3554.88,Zomato
TXN009253,ACC0286,2025-06-24,13297.82,Amazon
TXN002944,ACC0251,2025-06-27,118355.31,Flipkart
TXN001106,ACC0410,2025-07-23,53071.65,Swiggy
TXN004356,ACC0184,2025-07-03,139595.13,Zomato
TXN018436,ACC0113,2025-02-04,99902.74,Flipkart
TXN006645,ACC0302,2025-07-30,47556.43,Flipkart
TXN011332,ACC0014,2025-06-09,71756.23,Unknown_POS
TXN014350,ACC0007,2025-06-21,69823.48,Flipkart
TXN008918,ACC0389,2025-06-21,79464.5,Flipkart
TXN009121,ACC0144,2025-05-25,131298.47,Amazon
TXN018162,ACC0008,2025-07-15,57634.43,Flipkart
TXN015219,ACC0099,2025-07-03,58064.96,Zomato
TXN005317,ACC0377,2025-07-15,16453.33,Flipkart
TXN009748,ACC0360,2025-03-20,65404.18,Unknown_POS
TXN011249,ACC0401,2025-07-08,7610.16,Swiggy
TXN016672,ACC0005,2025-04-08,37715.28,ATM_Withdrawal
TXN008484,ACC0190,2025-04-05,48610.11,BigBasket
TXN007875,ACC0293,2025-03-26,55178.12,ATM_Withdrawal
TXN010798,ACC0214,2025-01-04,56741.81,ATM_Withdrawal
TXN009017,ACC0219,2025-06-20,58745.97,Flipkart
TXN014026,ACC0308,2025-05-17,84218.01,Amazon
TXN016726,ACC0177,2025-06-23,95534.91,ATM_Withdrawal
TXN005003,ACC0352,2025-04-04,84853.23,Unknown_POS
TXN009433,ACC0322,2025-05-08,140069.07,Uber
TXN005344,ACC0078,2025-06-01,42911.34,Flipkart
TXN010721,ACC0297,2025-07-19,42752.31,Swiggy
TXN007109,ACC0202,2025-02-13,80091.75,Amazon
TXN002238,ACC0220,2025-06-02,110627.86,Unknown_POS
TXN012958,ACC0391,2025-04-24,82064.43,Swiggy
TXN014399,ACC0159,2025-05-13,10279.7,Uber
TXN018220,ACC0297,2025-01-25,17948.54,Uber
TXN001623,ACC0281,2025-06-04,57239.57,Unknown_POS
TXN015328,ACC0325,2025-01-06,143796.94,Uber
TXN003599,ACC0210,2025-04-30,132002.2,BigBasket
TXN001733,ACC0366,2025-04-07,77974.01,Zomato
TXN010267,ACC0378,2025-03-11,77399.77,Swiggy
TXN013642,ACC0035,2025-05-24,109296.86,ATM_Withdrawal
TXN003632,ACC0406,2025-07-17,41467.74,Swiggy
TXN014935,ACC0495,2025-05-18,15419.31,Unknown_POS
TXN001006,ACC0028,2025-04-30,98230.94,Amazon
TXN018081,ACC0349,2025-05-03,30034.31,Swiggy
TXN003876,ACC0048,2025-06-07,104312.15,Amazon
TXN010459,ACC0166,2025-02-24,97789.53,ATM_Withdrawal
TXN006582,ACC0170,2025-05-24,55274.9,Uber
TXN002339,ACC0197,2025-04-18,82423.42,ATM_Withdrawal
TXN003929,ACC0074,2025-02-06,114328.21,Zomato
TXN018340,ACC0007,2025-01-20,149780.49,Zomato
TXN019065,ACC0249,2025-03-24,52815.13,Swiggy
TXN018596,ACC0145,2025-02-08,10222.27,Amazon
TXN012547,ACC0427,2025-06-02,46794.83,Flipkart
TXN015863,ACC0263,2025-05-14,80645.07,ATM_Withdrawal
TXN010311,ACC0456,2025-01-05,113099.04,BigBasket
TXN011634,ACC0237,2025-01-08,58073.53,Zomato
TXN015182,ACC0030,2025-02-23,12088.64,Amazon
TXN012301,ACC0381,2025-06-04,2727.32,Unknown_POS
TXN008354,ACC0170,2025-01-24,102680.46,Amazon
TXN004943,ACC0442,2025-07-04,139578.69,BigBasket
TXN002723,ACC0180,2025-06-04,98298.58,Zomato
TXN001710,ACC0044,2025-03-28,47254.95,Swiggy
TXN015214,ACC0348,2025-02-01,95848.13,Flipkart
TXN005599,ACC0304,2025-03-23,119147.33,Amazon
TXN006095,ACC0266,2025-04-06,122480.64,Amazon
TXN014804,ACC0405,2025-03-10,44008.66,ATM_Withdrawal
TXN009940,ACC0397,2025-04-19,18031.87,Unknown_POS
TXN012088,ACC0060,2025-02-18,49454.95,Uber
TXN018715,ACC0419,2025-02-23,3186.54,Swiggy
TXN017322,ACC0071,2025-05-27,55404.35,Flipkart
TXN005148,ACC0342,2025-07-23,126280.09,Unknown_POS
TXN008981,ACC0268,2025-05-16,54430.8,Zomato
TXN018684,ACC0313,2025-04-27,19665.38,Swiggy
TXN010865,ACC0203,2025-04-30,139939.64,Zomato
TXN016279,ACC0222,2025-07-21,139922.77,Zomato
TXN004269,ACC0479,2025-01-10,104327.79,Uber
TXN002790,ACC0230,2025-07-21,62856.59,Swiggy
TXN000584,ACC0411,2025-06-23,46940.43,Flipkart
TXN009939,ACC0287,2025-03-09,100482.72,BigBasket
TXN008104,ACC0046,2025-05-16,122604.17,BigBasket
TXN014297,ACC0473,2025-07-15,96787.05,BigBasket
TXN012946,ACC0325,2025-07-07,114547.37,Zomato
TXN019932,ACC0373,2025-07-20,132651.51,Unknown_POS
TXN012097,ACC0253,2025-03-08,94810.95,Amazon
TXN011283,ACC0499,2025-07-30,141119.96,Amazon
TXN008773,ACC0251,2025-01-14,148755.6,Flipkart
TXN014718,ACC0495,2025-07-08,59397.77,BigBasket
TXN006399,ACC0105,2025-01-20,62154.41,Amazon
TXN010018,ACC0183,2025-02-16,695.0,Zomato
TXN017022,ACC0102,2025-03-26,120710.7,Amazon
TXN012341,ACC0179,2025-01-23,96964.68,Flipkart
TXN018633,ACC0091,2025-02-08,1836.26,Swiggy
TXN002110,ACC0395,2025-04-04,119637.84,Swiggy
TXN017027,ACC0136,2025-01-25,57111.93,Uber
TXN009722,ACC0056,2025-04-11,28523.38,Swiggy
TXN005562,ACC0437,2025-05-27,147714.59,Uber
TXN005217,ACC0189,2025-03-31,16562.79,Swiggy
TXN007892,ACC0390,2025-03-02,6738.85,Zomato
TXN001719,ACC0358,2025-03-30,133156.85,Unknown_POS
TXN015993,ACC0433,2025-04-03,125636.84,Zomato
TXN006030,ACC0045,2025-03-15,85481.25,Swiggy
TXN002716,ACC0460,2025-06-07,147381.06,BigBasket
TXN002482,ACC0048,2025-01-20,74162.05,BigBasket
TXN011484,ACC0416,2025-05-21,121205.76,ATM_Withdrawal
TXN003666,ACC0246,2025-01-11,6374.27,Zomato
TXN016050,ACC0329,2025-05-29,73093.44,BigBasket
TXN014072,ACC0339,2025-02-15,88658.66,BigBasket
TXN009602,ACC0442,2025-02-24,138067.84,ATM_Withdrawal
TXN003372,ACC0315,2025-05-26,145613.25,BigBasket
TXN017448,ACC0483,2025-04-10,52144.78,Unknown_POS
TXN012315,ACC0340,2025-06-06,115678.2,BigBasket
TXN006968,ACC0147,2025-03-30,145871.24,ATM_Withdrawal
TXN006292,ACC0052,2025-01-25,50326.1,Uber
TXN000456,ACC0357,2025-05-22,108319.61,Uber
TXN007193,ACC0238,2025-02-12,109935.81,Amazon
TXN019859,ACC0313,2025-03-23,101022.02,Uber
TXN000029,ACC0392,2025-05-21,41994.12,Flipkart
TXN010462,ACC0238,2025-03-22,121437.68,Uber
TXN014498,ACC0497,2025-02-07,54964.82,ATM_Withdrawal
TXN007761,ACC0318,2025-06-20,47145.37,Zomato
TXN007593,ACC0295,2025-04-29,111697.19,Zomato
TXN009730,ACC0223,2025-04-11,53980.49,Amazon
TXN018274,ACC0273,2025-06-10,82773.97,BigBasket
TXN009886,ACC0145,2025-07-14,127420.42,ATM_Withdrawal
TXN015761,ACC0057,2025-05-11,139349.83,Zomato
TXN005672,ACC0316,2025-01-06,31276.21,Swiggy
TXN007941,ACC0148,2025-05-17,71857.53,BigBasket
TXN000825,ACC0191,2025-06-08,47346.77,Uber
TXN014987,ACC0392,2025-06-27,65562.74,Zomato
TXN012712,ACC0288,2025-06-26,146082.33,Flipkart
TXN014537,ACC0418,2025-02-16,6281.92,Zomato
TXN006875,ACC0008,2025-02-11,41668.68,BigBasket
TXN012268,ACC0118,2025-03-09,101798.08,BigBasket
TXN014127,ACC0083,2025-05-10,113372.48,Swiggy
TXN002213,ACC0110,2025-01-01,110716.96,Unknown_POS
TXN019552,ACC0403,2025-03-19,17940.1,Swiggy
TXN015821,ACC0056,2025-04-01,99092.15,Flipkart
TXN012692,ACC0153,2025-05-21,100200.97,ATM_Withdrawal
TXN013828,ACC0304,2025-04-02,107741.54,BigBasket
TXN008011,ACC0186,2025-05-02,16592.13,Unknown_POS
TXN016058,ACC0018,2025-01-02,62489.05,BigBasket
TXN014221,ACC0296,2025-06-13,117341.35,Flipkart
TXN001388,ACC0229,2025-05-24,13185.41,ATM_Withdrawal
TXN004945,ACC0226,2025-06-12,133594.99,BigBasket
TXN015918,ACC0444,2025-02-14,64417.91,Uber
TXN009743,ACC0298,2025-01-31,42712.24,Swiggy
TXN006963,ACC0132,2025-06-25,131606.49,Swiggy
TXN002395,ACC0479,2025-03-17,24262.8,Uber
TXN000150,ACC0390,2025-03-23,137153.86,BigBasket
TXN016733,ACC0163,2025-04-12,11832.04,BigBasket
TXN014678,ACC0154,2025-06-12,88753.12,Unknown_POS
TXN005483,ACC0002,2025-07-09,37408.07,Swiggy
TXN019199,ACC0144,2025-04-16,111806.85,Swiggy
TXN019436,ACC0357,2025-01-21,126574.62,Amazon
TXN019018,ACC0438,2025-06-28,96390.63,Flipkart
TXN018666,ACC0001,2025-03-26,91622.26,Uber
TXN014065,ACC0240,2025-05-01,114604.32,Uber
TXN007282,ACC0140,2025-04-15,102742.37,ATM_Withdrawal
TXN017441,ACC0355,2025-01-10,61087.64,Flipkart
TXN002853,ACC0361,2025-02-02,116063.58,ATM_Withdrawal
TXN017773,ACC0393,2025-06-26,35393.26,ATM_Withdrawal
TXN001703,ACC0259,2025-02-13,12830.82,BigBasket
TXN013762,ACC0457,2025-07-15,95811.7,ATM_Withdrawal
TXN008611,ACC0498,2025-06-24,38344.95,Uber
TXN004054,ACC0304,2025-02-04,71040.8,BigBasket
TXN002381,ACC0258,2025-07-26,116270.27,Amazon
TXN009125,ACC0222,2025-06-02,83647.4,BigBasket
TXN013340,ACC0211,2025-02-17,88278.06,Uber
TXN002874,ACC0257,2025-04-12,118711.95,Amazon
TXN015856,ACC0070,2025-01-18,37319.29,Amazon
TXN015147,ACC0028,2025-01-08,26643.67,Unknown_POS
TXN013954,ACC0250,2025-03-17,24700.71,Unknown_POS
TXN002284,ACC0274,2025-03-02,43811.9,Swiggy
TXN013343,ACC0235,2025-05-29,140094.35,Zomato
TXN009484,ACC0383,2025-03-11,132107.68,Swiggy
TXN001899,ACC0365,2025-04-06,78845.08,ATM_Withdrawal
TXN016001,ACC0278,2025-03-25,22305.8,Unknown_POS
TXN012879,ACC0204,2025-04-04,121383.6,Uber
TXN005172,ACC0186,2025-03-23,37751.49,Flipkart
TXN001208,ACC0249,2025-02-16,119915.83,Amazon
TXN016690,ACC0379,2025-03-17,134881.82,Flipkart
TXN007773,ACC0499,2025-03-16,18716.61,BigBasket
TXN006059,ACC0238,2025-05-01,98790.93,Unknown_POS
TXN012454,ACC0050,2025-07-09,30717.23,BigBasket
TXN015204,ACC0441,2025-07-28,62657.3,Zomato
TXN009971,ACC0375,2025-02-20,90477.68,Amazon
TXN003750,ACC0326,2025-06-07,89020.76,ATM_Withdrawal
TXN017328,ACC0274,2025-04-23,122286.23,BigBasket
TXN018806,ACC0419,2025-02-20,38347.06,Uber
TXN003684,ACC0427,2025-06-26,101147.24,Uber
TXN016137,ACC0289,2025-02-08,16658.08,Swiggy
TXN017618,ACC0420,2025-05-19,58029.0,Zomato
TXN015250,ACC0182,2025-04-23,74315.72,Amazon
TXN005314,ACC0409,2025-06-11,139883.23,Swiggy
TXN014985,ACC0236,2025-07-18,54529.69,Amazon
TXN017248,ACC0158,2025-07-17,19654.46,Swiggy
TXN014272,ACC0051,2025-04-06,87905.35,Amazon
TXN011164,ACC0357,2025-03-05,93211.67,Amazon
TXN010378,ACC0212,2025-05-06,67014.82,Zomato
TXN007801,ACC0101,2025-06-30,115158.21,Amazon
TXN003102,ACC0211,2025-02-18,95480.71,Zomato
TXN002688,ACC0175,2025-02-17,102370.06,ATM_Withdrawal
TXN019803,ACC0377,2025-01-24,123694.8,Uber
TXN006942,ACC0022,2025-01-25,14799.36,Uber
TXN007911,ACC0389,2025-02-22,87016.5,Uber
TXN013907,ACC0458,2025-04-24,96308.24,Uber
TXN004110,ACC0430,2025-05-03,144528.05,Uber
TXN008900,ACC0132,2025-03-07,57304.61,Flipkart
TXN016460,ACC0124,2025-01-18,129798.94,Uber
TXN014117,ACC0232,2025-03-27,48964.28,Amazon
TXN018260,ACC0075,2025-02-22,7721.63,Flipkart
TXN013069,ACC0039,2025-06-29,13765.16,BigBasket
TXN002200,ACC0044,2025-07-10,42913.34,ATM_Withdrawal
TXN000371,ACC0252,2025-01-16,145885.26,Swiggy
TXN017930,ACC0051,2025-01-22,2218.82,BigBasket
TXN016763,ACC0334,2025-01-18,84974.96,ATM_Withdrawal
TXN019831,ACC0073,2025-07-16,108894.6,Unknown_POS
TXN019560,ACC0485,2025-06-15,142085.19,Zomato
TXN009972,ACC0048,2025-07-13,65149.32,Zomato
TXN014546,ACC0021,2025-01-19,144044.29,ATM_Withdrawal
TXN016182,ACC0423,2025-05-27,135880.73,Amazon
TXN019411,ACC0173,2025-01-05,18402.94,BigBasket
TXN013525,ACC0110,2025-04-19,74380.54,Unknown_POS
TXN000293,ACC0436,2025-01-17,119361.91,Unknown_POS
TXN016595,ACC0024,2025-05-23,48893.67,Unknown_POS
TXN014933,ACC0177,2025-05-12,18457.91,ATM_Withdrawal
TXN002427,ACC0495,2025-06-28,65545.76,Unknown_POS
TXN005274,ACC0102,2025-02-21,20064.81,Swiggy
TXN004749,ACC0220,2025-05-03,104107.75,ATM_Withdrawal
TXN011014,ACC0091,2025-07-07,84294.32,BigBasket
TXN014878,ACC0121,2025-01-21,33775.6,Uber
TXN015063,ACC0212,2025-07-14,79744.81,BigBasket
TXN001802,ACC0386,2025-07-01,67935.08,Zomato
TXN010335,ACC0051,2025-06-19,116003.83,ATM_Withdrawal
TXN014905,ACC0086,2025-04-07,82958.56,Unknown_POS
TXN000858,ACC0435,2025-01-19,11912.83,BigBasket
TXN001174,ACC0222,2025-06-29,88545.07,BigBasket
TXN013177,ACC0243,2025-06-10,24302.44,Uber
TXN001966,ACC0196,2025-03-29,111906.32,Zomato
TXN012447,ACC0108,2025-06-09,81872.72,BigBasket
TXN006131,ACC0396,2025-07-25,35045.39,Flipkart
TXN010389,ACC0067,2025-01-03,54182.93,Flipkart
TXN009391,ACC0467,2025-03-04,53764.56,Unknown_POS
TXN001972,ACC0311,2025-01-26,26626.63,Flipkart
TXN003384,ACC0187,2025-03-02,48057.2,BigBasket
TXN014952,ACC0136,2025-04-21,75231.55,Zomato
TXN007841,ACC0145,2025-05-20,78556.71,Unknown_POS
TXN009533,ACC0344,2025-06-18,3304.23,BigBasket
TXN002305,ACC0233,2025-06-15,145559.3,Flipkart
TXN006145,ACC0239,2025-07-05,80839.64,Unknown_POS
TXN001941,ACC0233,2025-01-15,55329.41,Amazon
TXN017838,ACC0195,2025-05-20,33776.66,Amazon
TXN014880,ACC0301,2025-04-10,122479.62,Unknown_POS
TXN009760,ACC0455,2025-03-02,43508.47,Uber
TXN006044,ACC0237,2025-05-05,98878.42,BigBasket
TXN005706,ACC0063,2025-03-06,17910.69,Amazon
TXN012502,ACC0325,2025-01-04,54076.1,BigBasket
TXN011374,ACC0014,2025-05-26,74952.78,ATM_Withdrawal
TXN000949,ACC0052,2025-07-05,34691.15,Unknown_POS
TXN005065,ACC0328,2025-03-03,108667.02,Flipkart
TXN011753,ACC0471,2025-04-02,48320.32,Swiggy
TXN012538,ACC0086,2025-04-12,13460.15,Flipkart
TXN015556,ACC0030,2025-07-05,93894.41,Amazon
TXN018420,ACC0428,2025-06-03,63583.81,Unknown_POS
TXN017017,ACC0152,2025-01-30,34978.06,Zomato
TXN008968,ACC0274,2025-03-13,55101.79,Flipkart
TXN004777,ACC0479,2025-07-02,147709.59,Uber
TXN002867,ACC0468,2025-04-01,115037.97,Flipkart
TXN014541,ACC0081,2025-07-01,84680.19,Uber
TXN000770,ACC0268,2025-04-18,55588.1,Amazon
TXN012313,ACC0411,2025-01-06,120275.59,Amazon
TXN011286,ACC0109,2025-02-02,58694.68,Zomato
TXN006261,ACC0138,2025-04-01,57559.82,Uber
TXN011983,ACC0313,2025-07-28,94089.34,Amazon
TXN012638,ACC0127,2025-02-17,140827.7,Unknown_POS
TXN013977,ACC0388,2025-07-23,39814.32,ATM_Withdrawal
TXN018047,ACC0266,2025-04-05,149889.67,Flipkart
TXN019997,ACC0073,2025-02-27,1483.76,ATM_Withdrawal
TXN003262,ACC0317,2025-04-17,123496.44,Unknown_POS
TXN000423,ACC0011,2025-05-15,71724.45,BigBasket
TXN000174,ACC0335,2025-06-16,113949.9,Flipkart
TXN008261,ACC0312,2025-02-02,17810.43,Flipkart
TXN014619,ACC0066,2025-05-08,129193.5,Uber
TXN017074,ACC0191,2025-06-15,73265.61,Uber
TXN017758,ACC0409,2025-03-12,48761.77,Swiggy
TXN019007,ACC0410,2025-02-09,125762.51,Swiggy
TXN000831,ACC0500,2025-01-31,104751.77,ATM_Withdrawal
TXN007969,ACC0204,2025-03-12,79497.6,Swiggy
TXN018581,ACC0095,2025-04-25,39655.63,ATM_Withdrawal
TXN018706,ACC0319,2025-07-13,2729.88,Amazon
TXN004599,ACC0002,2025-01-29,6666.33,Amazon
TXN017884,ACC0071,2025-03-17,45886.47,Unknown_POS
TXN014422,ACC0481,2025-04-27,31500.09,BigBasket
TXN002433,ACC0135,2025-05-14,108356.79,ATM_Withdrawal
TXN013662,ACC0081,2025-01-17,111096.14,Zomato
TXN008919,ACC0394,2025-07-03,224.52,Amazon
TXN009859,ACC0470,2025-04-05,129721.99,Zomato
TXN003511,ACC0486,2025-07-06,98915.93,BigBasket
TXN015750,ACC0019,2025-01-05,133083.67,Flipkart
TXN018158,ACC0195,2025-06-28,58264.36,Flipkart
TXN009279,ACC0050,2025-07-24,140068.68,Uber
TXN007433,ACC0308,2025-02-14,116316.39,BigBasket
TXN018414,ACC0304,2025-01-02,112909.35,Flipkart
TXN017469,ACC0376,2025-04-13,96412.5,Unknown_POS
TXN004264,ACC0301,2025-02-05,113490.35,Unknown_POS
TXN014309,ACC0317,2025-06-17,67870.01,Uber
TXN016999,ACC0188,2025-07-23,106427.6,Flipkart
TXN015482,ACC0049,2025-03-27,68784.94,Flipkart
TXN014754,ACC0346,2025-07-12,125683.17,Zomato
TXN003161,ACC0107,2025-02-28,36628.89,ATM_Withdrawal
TXN005166,ACC0077,2025-01-04,133277.37,Flipkart
TXN011946,ACC0444,2025-06-08,143581.8,Unknown_POS
TXN000274,ACC0448,2025-01-09,67487.36,BigBasket
TXN008547,ACC0192,2025-06-22,102866.66,Flipkart
TXN010515,ACC0465,2025-04-11,2612.81,ATM_Withdrawal
TXN003285,ACC0339,2025-02-07,86926.32,Amazon
TXN016600,ACC0123,2025-05-05,50242.92,Zomato
TXN013830,ACC0321,2025-03-23,21127.11,Flipkart
TXN019438,ACC0104,2025-02-13,35610.79,Unknown_POS
TXN017419,ACC0095,2025-03-23,129713.6,Swiggy
TXN000025,ACC0221,2025-02-04,132374.24,BigBasket
TXN014160,ACC0293,2025-07-27,91168.64,BigBasket
TXN007415,ACC0081,2025-06-27,41962.61,BigBasket
TXN011779,ACC0094,2025-03-11,67342.44,Uber
TXN000227,ACC0279,2025-01-10,118618.6,BigBasket
TXN009444,ACC0404,2025-04-18,98865.7,ATM_Withdrawal
TXN011340,ACC0413,2025-03-18,75919.48,BigBasket
TXN008212,ACC0037,2025-01-02,125026.68,Amazon
TXN005975,ACC0386,2025-03-11,13615.36,Amazon
TXN006366,ACC0352,2025-04-30,7423.95,Swiggy
TXN017537,ACC0110,2025-02-14,121455.31,Swiggy
TXN011844,ACC0011,2025-01-02,86186.15,Uber
TXN010049,ACC0091,2025-03-05,58654.44,Uber
TXN011086,ACC0414,2025-03-27,79517.56,Amazon
TXN013639,ACC0170,2025-03-07,132821.7,ATM_Withdrawal
TXN003389,ACC0369,2025-03-31,107648.8,Zomato
TXN001565,ACC0232,2025-05-03,131032.2,Swiggy
TXN006178,ACC0111,2025-04-15,89520.78,Flipkart
TXN015818,ACC0142,2025-05-21,88335.8,Uber
TXN004778,ACC0395,2025-05-18,92235.75,ATM_Withdrawal
TXN015429,ACC0173,2025-04-20,34209.49,Flipkart
TXN010466,ACC0174,2025-04-30,121924.42,Swiggy
TXN013430,ACC0029,2025-03-09,12885.5,Flipkart
TXN001769,ACC0493,2025-01-05,41280.63,Zomato
TXN000394,ACC0352,2025-06-11,140639.36,Flipkart
TXN007360,ACC0103,2025-01-25,25266.04,ATM_Withdrawal
TXN015552,ACC0010,2025-06-02,86161.6,Flipkart
TXN010635,ACC0062,2025-06-28,62027.43,Flipkart
TXN007583,ACC0470,2025-02-13,145670.28,Unknown_POS
TXN009750,ACC0354,2025-05-19,22073.99,Swiggy
TXN017617,ACC0424,2025-04-09,105160.8,Uber
TXN002024,ACC0217,2025-05-10,91428.66,Unknown_POS
TXN005058,ACC0198,2025-02-04,65104.29,Flipkart
TXN010174,ACC0325,2025-05-01,63164.72,Swiggy
TXN005117,ACC0418,2025-02-09,122060.03,Flipkart
TXN002289,ACC0167,2025-01-22,141966.85,Uber
TXN017575,ACC0360,2025-02-11,25105.2,Swiggy
TXN000429,ACC0301,2025-01-26,50517.33,BigBasket
TXN003327,ACC0037,2025-07-13,136580.4,BigBasket
TXN005453,ACC0053,2025-06-01,133296.25,BigBasket
TXN010621,ACC0454,2025-03-10,52540.03,BigBasket
TXN003020,ACC0199,2025-02-02,47787.59,Swiggy
TXN006965,ACC0224,2025-07-20,98528.64,Amazon
TXN005936,ACC0193,2025-05-28,33620.32,Flipkart
TXN000206,ACC0253,2025-02-07,9536.91,Unknown_POS
TXN005803,ACC0003,2025-07-30,141897.91,ATM_Withdrawal
TXN001821,ACC0057,2025-03-13,85386.88,ATM_Withdrawal
TXN016513,ACC0338,2025-04-18,64685.26,ATM_Withdrawal
TXN010851,ACC0456,2025-03-01,52106.1,Zomato
TXN017646,ACC0010,2025-07-15,117747.87,Flipkart
TXN003396,ACC0486,2025-07-06,4185.17,ATM_Withdrawal
TXN010453,ACC0122,2025-05-10,16493.62,BigBasket
TXN013609,ACC0077,2025-06-07,47432.47,Unknown_POS
TXN004885,ACC0083,2025-06-26,39309.54,ATM_Withdrawal
TXN008387,ACC0167,2025-05-09,125626.12,Zomato
TXN019331,ACC0197,2025-05-23,6439.97,Amazon
TXN019410,ACC0086,2025-07-17,94862.72,BigBasket
TXN003405,ACC0374,2025-02-11,109896.82,Zomato
TXN006203,ACC0091,2025-02-18,133886.42,Unknown_POS
TXN018128,ACC0058,2025-02-23,136617.67,Uber
TXN013590,ACC0184,2025-01-16,77366.46,Zomato
TXN005962,ACC0300,2025-02-27,26044.24,Swiggy
TXN005759,ACC0215,2025-02-26,127826.93,Uber
TXN002981,ACC0143,2025-02-05,84777.74,Unknown_POS
TXN008388,ACC0234,2025-06-15,66785.8,Uber
TXN002384,ACC0041,2025-06-10,14038.97,Zomato
TXN004281,ACC0183,2025-01-14,122618.78,Swiggy
TXN002336,ACC0181,2025-03-23,74156.26,ATM_Withdrawal
TXN012309,ACC0419,2025-05-07,49453.71,Unknown_POS
TXN009805,ACC0283,2025-03-13,110990.21,Uber
TXN018427,ACC0180,2025-01-18,65529.52,ATM_Withdrawal
TXN002877,ACC0140,2025-07-11,18590.24,Unknown_POS
TXN000626,ACC0024,2025-06-12,125628.06,Flipkart
TXN004636,ACC0328,2025-02-27,97221.64,Zomato
TXN008010,ACC0266,2025-05-07,24760.4,Unknown_POS
TXN012688,ACC0263,2025-05-17,49056.04,Swiggy
TXN007584,ACC0170,2025-04-03,121157.28,Flipkart
TXN017349,ACC0020,2025-02-07,118268.34,Amazon
TXN008495,ACC0095,2025-06-25,27605.05,Amazon
TXN001752,ACC0025,2025-03-20,133364.13,Zomato
TXN002926,ACC0300,2025-07-06,45897.26,Unknown_POS
TXN014171,ACC0023,2025-01-17,117467.97,Flipkart
TXN006956,ACC0297,2025-02-03,145605.67,Unknown_POS
TXN004586,ACC0219,2025-06-01,3405.94,Zomato
TXN018290,ACC0321,2025-03-27,27398.24,Uber
TXN014345,ACC0058,2025-05-24,77404.02,Flipkart
TXN019147,ACC0045,2025-02-04,39623.79,Zomato
TXN001981,ACC0466,2025-03-03,30037.85,Amazon
TXN010263,ACC0168,2025-07-22,61805.57,Amazon
TXN016572,ACC0185,2025-03-27,75869.97,BigBasket
TXN005909,ACC0364,2025-03-28,51672.07,Swiggy
TXN010233,ACC0307,2025-01-23,6926.43,Uber
TXN001088,ACC0267,2025-07-06,94797.05,ATM_Withdrawal
TXN007740,ACC0195,2025-07-19,47919.93,Amazon
TXN015917,ACC0044,2025-01-13,5229.05,Flipkart
TXN014944,ACC0030,2025-05-19,59221.88,Swiggy
TXN016356,ACC0147,2025-04-27,48974.28,BigBasket
TXN015472,ACC0422,2025-05-15,138254.74,Zomato
TXN013078,ACC0135,2025-02-21,41153.03,Zomato
TXN018539,ACC0254,2025-03-14,48502.9,BigBasket
TXN014633,ACC0431,2025-06-29,92231.36,Amazon
TXN005930,ACC0231,2025-04-29,132536.53,Amazon
TXN005421,ACC0344,2025-04-22,94259.77,Amazon
TXN016718,ACC0471,2025-05-06,50723.47,BigBasket
TXN005452,ACC0369,2025-04-10,113977.86,Unknown_POS
TXN019098,ACC0014,2025-03-25,5759.27,BigBasket
TXN016989,ACC0436,2025-03-19,21693.67,Amazon
TXN008069,ACC0188,2025-04-02,48673.71,ATM_Withdrawal
TXN012429,ACC0092,2025-07-17,22892.02,Uber
TXN012381,ACC0278,2025-05-13,46680.01,ATM_Withdrawal
TXN011669,ACC0232,2025-07-11,56392.35,Flipkart
TXN007981,ACC0172,2025-04-25,146674.6,Swiggy
TXN008172,ACC0425,2025-05-22,121556.52,Uber
TXN010336,ACC0326,2025-03-23,59858.0,Amazon
TXN014812,ACC0419,2025-05-08,94784.39,Zomato
TXN009213,ACC0015,2025-01-24,3821.33,Amazon
TXN013024,ACC0136,2025-06-06,122683.18,Swiggy
TXN016374,ACC0278,2025-06-21,25054.44,Swiggy
TXN013351,ACC0220,2025-02-17,88175.61,Uber
TXN003248,ACC0380,2025-06-04,53790.63,BigBasket
TXN017666,ACC0415,2025-06-28,18260.93,BigBasket
TXN007615,ACC0082,2025-06-20,37546.3,Flipkart
TXN018100,ACC0431,2025-01-24,20961.94,Amazon
TXN016499,ACC0257,2025-01-20,26468.06,Flipkart
TXN006865,ACC0441,2025-02-16,48500.14,Amazon
TXN003092,ACC0393,2025-07-19,147658.19,Unknown_POS
TXN015995,ACC0476,2025-02-24,25367.26,Amazon
TXN013440,ACC0062,2025-03-10,107920.57,ATM_Withdrawal
TXN001060,ACC0269,2025-07-01,57643.9,Swiggy
TXN008976,ACC0158,2025-03-19,109199.57,Swiggy
TXN011180,ACC0066,2025-04-03,132766.63,ATM_Withdrawal
TXN009243,ACC0330,2025-05-31,149745.09,Unknown_POS
TXN016847,ACC0230,2025-04-15,147071.09,BigBasket
TXN011703,ACC0359,2025-01-30,143698.12,Uber
TXN007587,ACC0301,2025-02-26,46691.79,Flipkart
TXN018588,ACC0232,2025-06-19,105230.71,Amazon
TXN012583,ACC0234,2025-03-29,18041.65,Swiggy
TXN006916,ACC0332,2025-07-14,62742.67,Swiggy
TXN008122,ACC0231,2025-04-06,10303.3,BigBasket
TXN011754,ACC0438,2025-02-22,137587.05,Flipkart
TXN014991,ACC0477,2025-04-22,77382.47,Flipkart
TXN015729,ACC0008,2025-04-11,123356.29,Zomato
TXN008417,ACC0338,2025-02-12,27271.03,Zomato
TXN017628,ACC0493,2025-05-13,107785.81,ATM_Withdrawal
TXN007031,ACC0105,2025-02-10,135147.47,ATM_Withdrawal
TXN019566,ACC0424,2025-05-18,6550.51,Flipkart
TXN008780,ACC0140,2025-07-24,39561.32,BigBasket
TXN003924,ACC0027,2025-07-25,77573.78,Flipkart
TXN004687,ACC0258,2025-05-27,144025.11,Zomato
TXN006121,ACC0392,2025-06-29,114738.11,Unknown_POS
TXN001160,ACC0158,2025-04-14,10487.66,Flipkart
TXN002855,ACC0352,2025-03-02,4392.93,Uber
TXN015722,ACC0394,2025-02-01,135688.95,Zomato
TXN002138,ACC0126,2025-01-09,17864.44,Unknown_POS
TXN017127,ACC0463,2025-05-29,6967.67,Uber
TXN004705,ACC0206,2025-01-17,70533.43,ATM_Withdrawal
TXN007707,ACC0430,2025-03-27,130576.53,ATM_Withdrawal
TXN016762,ACC0391,2025-07-06,68260.97,Amazon
TXN012324,ACC0363,2025-05-08,43083.32,Unknown_POS
TXN011302,ACC0270,2025-06-06,74703.06,BigBasket
TXN009707,ACC0203,2025-01-14,96471.7,Unknown_POS
TXN005900,ACC0091,2025-01-15,104103.56,BigBasket
TXN007088,ACC0011,2025-05-20,58698.89,Amazon
TXN015826,ACC0219,2025-05-24,86032.78,Flipkart
TXN001177,ACC0072,2025-02-18,83335.47,BigBasket
TXN008861,ACC0417,2025-04-29,5137.23,Unknown_POS
TXN018945,ACC0093,2025-07-16,51050.76,ATM_Withdrawal
TXN011088,ACC0217,2025-06-26,23967.57,Zomato
TXN015277,ACC0271,2025-06-16,50646.21,Swiggy
TXN019317,ACC0487,2025-05-27,136183.26,BigBasket
TXN012249,ACC0304,2025-06-29,46396.93,ATM_Withdrawal
TXN001556,ACC0368,2025-04-19,131520.35,Flipkart
TXN014458,ACC0253,2025-05-10,86460.6,Flipkart
TXN009758,ACC0265,2025-03-22,132406.21,Zomato
TXN014013,ACC0136,2025-02-06,102348.13,Zomato
TXN003523,ACC0445,2025-07-09,19626.73,ATM_Withdrawal
TXN007025,ACC0049,2025-04-30,135817.96,ATM_Withdrawal
TXN012116,ACC0355,2025-06-02,146243.9,Uber
TXN019434,ACC0435,2025-05-09,111659.11,Zomato
TXN010864,ACC0279,2025-04-23,26605.15,Uber
TXN018218,ACC0425,2025-07-05,34135.11,Uber
TXN010738,ACC0302,2025-04-15,73393.33,Amazon
TXN012528,ACC0063,2025-02-10,144680.36,BigBasket
TXN000820,ACC0447,2025-03-09,31056.46,Zomato
TXN008940,ACC0032,2025-02-17,65647.62,Swiggy
TXN002650,ACC0440,2025-06-18,92592.92,Unknown_POS
TXN016421,ACC0359,2025-04-13,73255.72,ATM_Withdrawal
TXN018241,ACC0476,2025-02-26,146769.91,BigBasket
TXN015114,ACC0134,2025-03-27,47018.56,Swiggy
TXN004541,ACC0104,2025-01-05,41755.62,Uber
TXN008848,ACC0410,2025-05-31,70762.91,Uber
TXN005245,ACC0422,2025-01-08,21258.2,BigBasket
TXN015415,ACC0366,2025-04-22,61610.79,Uber
TXN015670,ACC0491,2025-05-04,35456.23,BigBasket
TXN006204,ACC0313,2025-06-01,136306.74,Swiggy
TXN008680,ACC0256,2025-06-14,107089.87,Amazon
TXN017602,ACC0006,2025-03-11,19407.61,Amazon
TXN005516,ACC0183,2025-04-19,102849.58,Zomato
TXN009701,ACC0313,2025-06-09,96243.11,Zomato
TXN015199,ACC0213,2025-01-27,2626.91,Amazon
TXN014920,ACC0338,2025-04-19,63311.99,Swiggy
TXN003707,ACC0020,2025-05-08,64901.5,ATM_Withdrawal
TXN007142,ACC0064,2025-07-17,66150.47,Unknown_POS
TXN015904,ACC0237,2025-01-06,121069.56,Unknown_POS
TXN015130,ACC0329,2025-01-27,98565.24,Uber
TXN004424,ACC0086,2025-03-13,134970.02,Swiggy
TXN018662,ACC0401,2025-07-26,92660.21,Unknown_POS
TXN019704,ACC0116,2025-05-14,98627.24,BigBasket
TXN005352,ACC0050,2025-02-19,30754.17,Flipkart
TXN007076,ACC0184,2025-05-06,134169.91,Swiggy
TXN009139,ACC0067,2025-06-05,121005.38,Unknown_POS
TXN000346,ACC0172,2025-07-26,64427.22,Flipkart
TXN004972,ACC0172,2025-03-25,1257.09,Swiggy
TXN016637,ACC0232,2025-03-31,15732.94,Flipkart
TXN013614,ACC0349,2025-04-03,111699.79,ATM_Withdrawal
TXN002406,ACC0080,2025-01-27,43634.56,Swiggy
TXN008270,ACC0371,2025-05-19,147835.41,Unknown_POS
TXN016151,ACC0304,2025-03-19,39959.63,BigBasket
TXN014418,ACC0468,2025-01-18,89899.9,BigBasket
TXN001525,ACC0082,2025-03-11,20507.77,Uber
TXN009824,ACC0450,2025-02-05,143134.95,Flipkart
TXN012251,ACC0355,2025-06-14,109732.61,Amazon
TXN005650,ACC0016,2025-01-16,14412.16,Zomato
TXN019495,ACC0423,2025-03-16,136290.56,Swiggy
TXN018499,ACC0392,2025-03-23,138431.19,Unknown_POS
TXN000644,ACC0299,2025-05-27,141403.91,Unknown_POS
TXN004023,ACC0288,2025-07-05,49321.68,Zomato
TXN008019,ACC0308,2025-01-17,62871.58,BigBasket
TXN013441,ACC0243,2025-01-14,102810.65,Flipkart
TXN005776,ACC0328,2025-02-23,54272.76,Amazon
TXN005219,ACC0154,2025-03-02,148117.85,BigBasket
TXN002791,ACC0474,2025-05-18,36779.34,Unknown_POS
TXN014526,ACC0272,2025-01-02,81522.88,Unknown_POS
TXN005276,ACC0009,2025-02-04,49561.85,Flipkart
TXN004805,ACC0448,2025-05-18,110314.4,Unknown_POS
TXN013374,ACC0404,2025-06-09,11998.99,Amazon
TXN014827,ACC0367,2025-06-14,93347.72,Uber
TXN001571,ACC0465,2025-01-23,146120.43,Zomato
TXN008488,ACC0473,2025-07-23,32497.31,Swiggy
TXN012813,ACC0099,2025-04-18,147170.22,Uber
TXN007621,ACC0324,2025-03-11,74510.57,Flipkart
TXN008071,ACC0325,2025-06-28,7896.47,Swiggy
TXN013386,ACC0446,2025-04-03,6248.9,Unknown_POS
TXN011316,ACC0250,2025-06-02,73798.78,Uber
TXN000816,ACC0039,2025-05-22,139712.87,ATM_Withdrawal
TXN004235,ACC0345,2025-06-26,51022.35,Uber
TXN013676,ACC0327,2025-03-10,77845.99,BigBasket
TXN018848,ACC0189,2025-07-07,96035.65,Unknown_POS
TXN019229,ACC0484,2025-05-08,85534.15,ATM_Withdrawal
TXN007753,ACC0393,2025-03-15,92203.51,Uber
TXN015882,ACC0262,2025-04-30,17859.38,Flipkart
TXN013632,ACC0199,2025-02-15,68168.58,Uber
TXN001823,ACC0034,2025-05-31,19280.55,Flipkart
TXN001666,ACC0027,2025-03-27,1230.75,Unknown_POS
TXN018778,ACC0213,2025-07-09,141113.91,Flipkart
TXN008652,ACC0222,2025-03-25,106312.2,Uber
TXN010292,ACC0450,2025-06-24,111523.3,Amazon
TXN011609,ACC0246,2025-01-26,8195.65,Unknown_POS
TXN000354,ACC0477,2025-01-10,82952.08,Unknown_POS
TXN016950,ACC0309,2025-06-13,11787.89,Flipkart
TXN003280,ACC0116,2025-06-18,12374.24,Flipkart
TXN014648,ACC0062,2025-07-25,55627.96,Amazon
TXN018799,ACC0349,2025-05-07,113676.62,Zomato
TXN005339,ACC0243,2025-03-23,119228.82,Swiggy
TXN011312,ACC0379,2025-03-21,122832.78,BigBasket
TXN009108,ACC0434,2025-01-06,132226.9,Unknown_POS
TXN007276,ACC0285,2025-06-06,5180.56,Zomato
TXN017399,ACC0046,2025-03-20,145354.0,Unknown_POS
TXN015359,ACC0098,2025-01-15,122102.66,Zomato
TXN002505,ACC0418,2025-03-23,93455.5,Unknown_POS
TXN013175,ACC0141,2025-03-26,127628.9,Flipkart
TXN003024,ACC0251,2025-06-21,111077.35,Amazon
TXN014271,ACC0473,2025-03-13,129652.63,Flipkart
TXN004241,ACC0414,2025-02-06,120901.9,Flipkart
TXN007249,ACC0186,2025-07-16,55694.26,Unknown_POS
TXN018200,ACC0119,2025-03-25,116200.16,Unknown_POS
TXN009143,ACC0306,2025-05-14,19164.83,Unknown_POS
TXN014116,ACC0327,2025-04-04,51710.8,Flipkart
TXN016715,ACC0062,2025-02-15,38054.61,Uber
TXN003907,ACC0111,2025-04-22,116272.06,Swiggy
TXN005917,ACC0426,2025-04-05,97704.76,ATM_Withdrawal
TXN014907,ACC0241,2025-04-04,55854.95,ATM_Withdrawal
TXN010669,ACC0384,2025-07-23,48765.33,Zomato
TXN018888,ACC0260,2025-07-04,91547.99,Amazon
TXN006242,ACC0247,2025-06-19,92819.99,Unknown_POS
TXN015916,ACC0400,2025-02-22,21760.04,ATM_Withdrawal
TXN013294,ACC0450,2025-02-13,38507.66,BigBasket
TXN015158,ACC0455,2025-02-18,115341.68,BigBasket
TXN004420,ACC0027,2025-06-28,40435.62,Amazon
TXN018548,ACC0478,2025-01-02,85015.98,ATM_Withdrawal
TXN007243,ACC0158,2025-05-09,51656.24,Flipkart
TXN004431,ACC0405,2025-04-11,124554.74,Zomato
TXN011863,ACC0216,2025-07-12,128609.91,BigBasket
TXN008094,ACC0236,2025-01-20,45945.49,Zomato
TXN010670,ACC0403,2025-03-29,125865.96,Flipkart
TXN000946,ACC0422,2025-06-07,39909.05,Amazon
TXN019938,ACC0019,2025-01-13,104056.06,ATM_Withdrawal
TXN012467,ACC0323,2025-06-13,54212.16,ATM_Withdrawal
TXN004667,ACC0346,2025-07-29,88584.97,Swiggy
TXN003379,ACC0213,2025-05-23,82706.36,Zomato
TXN009225,ACC0488,2025-02-23,32197.23,Swiggy
TXN019956,ACC0284,2025-06-17,83265.22,ATM_Withdrawal
TXN002761,ACC0133,2025-05-07,19127.01,Swiggy
TXN019627,ACC0035,2025-05-30,149720.92,Unknown_POS
TXN018822,ACC0214,2025-07-09,85821.61,Flipkart
TXN014888,ACC0063,2025-02-15,9921.88,Zomato
TXN018185,ACC0279,2025-05-28,68860.0,Uber
TXN008632,ACC0217,2025-07-04,118259.15,BigBasket
TXN002574,ACC0123,2025-01-17,79843.15,Uber
TXN012866,ACC0166,2025-04-11,145262.98,ATM_Withdrawal
TXN011922,ACC0349,2025-04-21,96963.2,Uber
TXN010758,ACC0125,2025-04-13,112997.96,Zomato
TXN008954,ACC0308,2025-02-23,29158.67,ATM_Withdrawal
TXN008473,ACC0215,2025-03-21,39857.07,BigBasket
TXN002465,ACC0373,2025-02-14,60497.7,BigBasket
TXN016244,ACC0209,2025-07-20,88838.76,Amazon
TXN015021,ACC0077,2025-06-17,61288.68,Uber
TXN019727,ACC0270,2025-03-14,138841.98,Swiggy
TXN003713,ACC0415,2025-01-01,149375.83,Amazon
TXN016143,ACC0389,2025-05-22,106951.74,Amazon
TXN008903,ACC0410,2025-03-19,25910.66,Uber
TXN010221,ACC0426,2025-02-26,95506.32,Amazon
TXN002197,ACC0209,2025-07-17,46944.9,Flipkart
TXN000988,ACC0334,2025-05-27,29455.09,Zomato
TXN014144,ACC0258,2025-07-19,98615.67,Uber
TXN006866,ACC0273,2025-03-14,101313.05,Zomato
TXN013025,ACC0014,2025-07-21,69478.15,Amazon
TXN017711,ACC0390,2025-01-14,46237.37,ATM_Withdrawal
TXN006629,ACC0377,2025-06-14,57239.76,BigBasket
TXN017737,ACC0330,2025-05-07,136253.64,Zomato
TXN009346,ACC0154,2025-05-13,39392.5,ATM_Withdrawal
TXN019823,ACC0500,2025-05-06,64208.4,ATM_Withdrawal
TXN017411,ACC0011,2025-04-02,59454.99,Swiggy
TXN010242,ACC0434,2025-06-10,76115.28,ATM_Withdrawal
TXN016368,ACC0420,2025-05-18,122900.98,Swiggy
TXN019862,ACC0387,2025-06-17,145511.34,BigBasket
TXN015939,ACC0186,2025-02-22,12393.61,BigBasket
TXN010567,ACC0249,2025-07-05,146467.31,Unknown_POS
TXN011619,ACC0270,2025-04-29,141584.52,Flipkart
TXN010203,ACC0013,2025-02-05,39786.48,Amazon
TXN004430,ACC0350,2025-05-17,110917.11,Uber
TXN016340,ACC0472,2025-01-01,72594.49,Swiggy
TXN006004,ACC0079,2025-01-24,75282.67,Zomato
TXN015241,ACC0067,2025-05-10,116288.12,Unknown_POS
TXN008735,ACC0077,2025-01-16,120584.46,Amazon
TXN009032,ACC0277,2025-04-23,115228.62,Amazon
TXN019597,ACC0217,2025-01-05,100398.25,Flipkart
TXN004835,ACC0235,2025-07-12,60671.44,Swiggy
TXN014199,ACC0493,2025-02-26,10100.94,Unknown_POS
TXN000403,ACC0018,2025-06-07,92895.52,Zomato
TXN014217,ACC0311,2025-01-12,90245.88,Amazon
TXN007113,ACC0458,2025-06-28,147209.84,ATM_Withdrawal
TXN017385,ACC0129,2025-03-03,12483.67,Swiggy
TXN004954,ACC0002,2025-03-13,52264.06,Amazon
TXN013838,ACC0075,2025-01-09,46889.64,BigBasket
TXN016341,ACC0293,2025-04-28,22411.29,Zomato
TXN013868,ACC0119,2025-02-24,16800.61,Flipkart
TXN006149,ACC0453,2025-06-15,79179.21,Amazon
TXN013707,ACC0324,2025-03-18,147446.39,Uber
TXN009128,ACC0157,2025-02-06,99790.08,Amazon
TXN010609,ACC0391,2025-05-05,89887.49,BigBasket
TXN003047,ACC0063,2025-05-06,69064.59,Amazon
TXN006218,ACC0076,2025-06-07,108670.29,Flipkart
TXN002386,ACC0394,2025-07-03,24199.0,BigBasket
TXN018029,ACC0002,2025-07-16,84249.04,ATM_Withdrawal
TXN019191,ACC0275,2025-01-06,1454.08,ATM_Withdrawal
TXN015363,ACC0109,2025-01-07,124721.21,Swiggy
TXN017836,ACC0091,2025-05-31,50967.29,Zomato
TXN004464,ACC0433,2025-05-12,79041.12,BigBasket
TXN017710,ACC0416,2025-07-30,71061.47,Swiggy
TXN001050,ACC0397,2025-03-15,69229.01,Unknown_POS
TXN017012,ACC0469,2025-03-08,18908.17,Amazon
TXN013321,ACC0430,2025-01-26,110861.28,Zomato
TXN014949,ACC0493,2025-04-24,100619.77,Zomato
TXN018661,ACC0019,2025-02-14,20668.33,Uber
TXN005953,ACC0320,2025-07-11,94008.94,BigBasket
TXN004456,ACC0024,2025-01-05,143972.04,Uber
TXN014169,ACC0046,2025-07-13,105014.08,Amazon
TXN011290,ACC0355,2025-02-04,111290.35,Flipkart
TXN014390,ACC0183,2025-03-11,100306.79,Uber
TXN012558,ACC0019,2025-03-21,126470.29,Uber
TXN008284,ACC0392,2025-06-24,103005.44,Unknown_POS
TXN013019,ACC0427,2025-01-06,122760.04,Zomato
TXN003664,ACC0117,2025-03-03,8524.3,Amazon
TXN016014,ACC0387,2025-01-28,21941.35,Unknown_POS
TXN016454,ACC0270,2025-05-07,20378.96,Uber
TXN002897,ACC0031,2025-07-16,74037.99,Unknown_POS
TXN006789,ACC0209,2025-05-21,38027.97,BigBasket
TXN006129,ACC0252,2025-01-31,84299.75,Unknown_POS
TXN019437,ACC0434,2025-04-12,125541.54,Zomato
TXN008377,ACC0251,2025-04-15,44933.59,Unknown_POS
TXN007327,ACC0001,2025-03-17,142716.64,Flipkart
TXN006498,ACC0337,2025-03-21,10050.72,Unknown_POS
TXN011525,ACC0103,2025-01-27,98145.06,Flipkart
TXN016361,ACC0491,2025-06-24,2491.22,Swiggy
TXN006755,ACC0054,2025-04-13,1612.77,Uber
TXN007174,ACC0130,2025-04-06,32869.53,BigBasket
TXN003557,ACC0356,2025-06-22,40579.04,Unknown_POS
TXN011986,ACC0249,2025-06-05,65581.35,Amazon
TXN009833,ACC0261,2025-07-25,2855.93,Unknown_POS
TXN016230,ACC0491,2025-03-20,40406.06,BigBasket
TXN010540,ACC0138,2025-01-10,65676.61,Amazon
TXN010342,ACC0132,2025-02-25,117634.49,ATM_Withdrawal
TXN005076,ACC0190,2025-04-30,116765.38,Unknown_POS
TXN008074,ACC0041,2025-06-01,93116.44,BigBasket
TXN019073,ACC0379,2025-02-22,103285.3,Amazon
TXN008842,ACC0324,2025-06-25,47248.4,BigBasket
TXN005318,ACC0089,2025-02-14,21358.64,ATM_Withdrawal
TXN015588,ACC0342,2025-05-14,73605.62,Zomato
TXN009297,ACC0374,2025-04-16,740.12,Unknown_POS
TXN014173,ACC0091,2025-06-07,85849.88,BigBasket
TXN013853,ACC0357,2025-02-17,52762.96,Unknown_POS
TXN003610,ACC0117,2025-02-18,73005.89,ATM_Withdrawal
TXN018291,ACC0323,2025-01-08,118672.98,ATM_Withdrawal
TXN005239,ACC0323,2025-07-01,117666.13,BigBasket
TXN008572,ACC0384,2025-03-21,38198.02,Swiggy
TXN004592,ACC0316,2025-04-03,136201.68,Unknown_POS
TXN015804,ACC0226,2025-07-05,148280.77,ATM_Withdrawal
TXN005615,ACC0375,2025-03-01,32206.64,Uber
TXN016470,ACC0133,2025-06-26,97027.86,Unknown_POS
TXN004402,ACC0340,2025-05-19,65000.97,Uber
TXN003377,ACC0075,2025-01-04,44554.13,Amazon
TXN011373,ACC0445,2025-04-22,126839.27,Unknown_POS
TXN009645,ACC0439,2025-07-06,125094.59,ATM_Withdrawal
TXN019873,ACC0466,2025-07-02,63326.58,Swiggy
TXN011027,ACC0408,2025-04-21,103995.63,ATM_Withdrawal
TXN019393,ACC0146,2025-03-11,109989.23,Swiggy
TXN001092,ACC0378,2025-02-23,119944.67,Unknown_POS
TXN009436,ACC0264,2025-04-25,22300.3,Uber
TXN013921,ACC0401,2025-02-09,3599.47,Swiggy
TXN001858,ACC0327,2025-05-11,38480.1,Unknown_POS
TXN009540,ACC0400,2025-03-13,19372.06,Zomato
TXN013793,ACC0359,2025-05-27,57808.81,BigBasket
TXN002320,ACC0336,2025-03-15,33921.36,Unknown_POS
TXN011524,ACC0284,2025-06-24,80125.05,Zomato
TXN016794,ACC0053,2025-01-05,102449.66,Uber
TXN012476,ACC0480,2025-04-24,71546.06,BigBasket
TXN015282,ACC0200,2025-02-01,140365.1,Swiggy
TXN002029,ACC0238,2025-03-20,68067.79,Unknown_POS
TXN014151,ACC0130,2025-03-21,108345.43,Amazon
TXN004192,ACC0078,2025-02-14,123662.34,Uber
TXN015945,ACC0047,2025-07-13,124900.66,Swiggy
TXN001913,ACC0403,2025-03-12,138994.56,Flipkart
TXN000367,ACC0120,2025-05-19,51996.23,Amazon
TXN003554,ACC0171,2025-05-22,4754.5,Amazon
TXN012884,ACC0195,2025-02-13,7307.08,Amazon
TXN011782,ACC0451,2025-07-22,138151.32,Amazon
TXN003406,ACC0308,2025-07-18,113835.21,Swiggy
TXN009887,ACC0389,2025-05-13,106245.55,Unknown_POS
TXN019556,ACC0029,2025-04-15,95583.18,Zomato
TXN015508,ACC0139,2025-04-11,28975.95,Flipkart
TXN012354,ACC0186,2025-07-10,68724.33,Zomato
TXN003597,ACC0161,2025-05-20,149864.66,Zomato
TXN017258,ACC0164,2025-04-17,107478.8,Zomato
TXN003103,ACC0071,2025-06-06,93007.05,Flipkart
TXN004953,ACC0396,2025-07-04,1880.11,Flipkart
TXN007512,ACC0228,2025-05-18,47008.6,Amazon
TXN002428,ACC0422,2025-01-03,84158.22,Zomato
TXN007158,ACC0206,2025-06-19,96487.04,BigBasket
TXN002358,ACC0057,2025-02-09,9047.12,Amazon
TXN010975,ACC0309,2025-03-21,54720.87,Unknown_POS
TXN008444,ACC0237,2025-07-27,90915.21,Unknown_POS
TXN003986,ACC0297,2025-03-03,107810.14,Unknown_POS
TXN018214,ACC0498,2025-03-14,77977.34,Swiggy
TXN006305,ACC0374,2025-03-04,86508.03,Unknown_POS
TXN011909,ACC0107,2025-07-17,72074.76,Zomato
TXN002330,ACC0416,2025-07-02,119812.6,Amazon
TXN010140,ACC0294,2025-06-09,80616.09,ATM_Withdrawal
TXN008391,ACC0255,2025-04-14,26194.8,BigBasket
TXN009652,ACC0373,2025-05-08,39357.93,ATM_Withdrawal
TXN000343,ACC0084,2025-05-08,142954.78,Uber
TXN014454,ACC0149,2025-06-16,93541.79,Swiggy
TXN002729,ACC0445,2025-06-17,36668.66,Uber
TXN002207,ACC0311,2025-04-25,144698.88,Zomato
TXN015020,ACC0287,2025-02-18,111619.87,Flipkart
TXN012060,ACC0422,2025-06-16,129320.9,ATM_Withdrawal
TXN009893,ACC0012,2025-07-16,113426.7,Uber
TXN018718,ACC0466,2025-07-16,141378.1,BigBasket
TXN015090,ACC0270,2025-06-15,58842.36,Uber
TXN002988,ACC0360,2025-04-22,52070.88,Uber
TXN002242,ACC0393,2025-01-30,129631.81,Zomato
TXN017775,ACC0042,2025-03-07,35439.3,Zomato
TXN010212,ACC0183,2025-05-02,142054.69,BigBasket
TXN009979,ACC0384,2025-06-24,146780.49,Uber
TXN009415,ACC0446,2025-04-03,54801.2,ATM_Withdrawal
TXN017372,ACC0254,2025-01-27,37057.87,ATM_Withdrawal
TXN007459,ACC0141,2025-02-04,82594.29,ATM_Withdrawal
TXN007748,ACC0250,2025-04-14,141994.01,Zomato
TXN005250,ACC0494,2025-01-01,83328.82,Unknown_POS
TXN004587,ACC0067,2025-02-02,129008.63,Flipkart
TXN008800,ACC0141,2025-06-17,7331.0,Unknown_POS
TXN015613,ACC0414,2025-01-14,117510.99,Flipkart
TXN016647,ACC0135,2025-06-23,88832.94,BigBasket
TXN013192,ACC0054,2025-03-28,104199.54,Flipkart
TXN013841,ACC0071,2025-07-04,55962.93,Amazon
TXN012856,ACC0234,2025-03-23,147022.4,Zomato
TXN006023,ACC0446,2025-03-31,1343.0,Flipkart
TXN014240,ACC0177,2025-07-19,37708.59,Zomato
TXN002831,ACC0373,2025-01-20,49101.0,BigBasket
TXN017050,ACC0231,2025-06-02,55467.72,Zomato
TXN017291,ACC0458,2025-06-28,130635.38,Unknown_POS
TXN015052,ACC0087,2025-01-21,15151.58,Amazon
TXN003969,ACC0458,2025-03-21,49554.75,Amazon
TXN019456,ACC0160,2025-07-08,40895.22,Swiggy
TXN003860,ACC0452,2025-06-22,73753.4,BigBasket
TXN018789,ACC0220,2025-07-24,125515.73,Zomato
TXN002208,ACC0090,2025-01-20,55089.29,Swiggy
TXN012555,ACC0118,2025-03-03,144090.63,BigBasket
TXN002317,ACC0053,2025-05-20,44545.94,Unknown_POS
TXN014270,ACC0482,2025-01-14,59476.95,Unknown_POS
TXN001212,ACC0372,2025-06-13,25134.12,BigBasket
TXN010786,ACC0242,2025-02-01,52270.23,Uber
TXN016527,ACC0386,2025-06-24,52080.42,Zomato
TXN017993,ACC0293,2025-03-23,43599.02,Swiggy
TXN000016,ACC0073,2025-01-25,7638.26,Unknown_POS
TXN016225,ACC0213,2025-02-04,69117.92,BigBasket
TXN012359,ACC0124,2025-03-04,8224.59,Uber
TXN008568,ACC0318,2025-05-01,54702.93,ATM_Withdrawal
TXN007750,ACC0304,2025-04-29,70019.85,Amazon
TXN010353,ACC0342,2025-06-24,1942.2,BigBasket
TXN005677,ACC0139,2025-03-30,124082.83,BigBasket
TXN015675,ACC0048,2025-02-04,102068.52,Flipkart
TXN001488,ACC0220,2025-03-30,148792.23,Unknown_POS
TXN013581,ACC0486,2025-04-10,90420.85,Amazon
TXN005299,ACC0328,2025-05-19,34147.13,ATM_Withdrawal
TXN009499,ACC0414,2025-04-22,60536.14,Swiggy
TXN000994,ACC0316,2025-07-30,148524.37,ATM_Withdrawal
TXN016931,ACC0384,2025-07-12,31503.75,Zomato
TXN004154,ACC0427,2025-02-10,71085.82,Amazon
TXN000380,ACC0140,2025-03-01,11249.38,Zomato
TXN001300,ACC0316,2025-07-26,133517.44,ATM_Withdrawal
TXN004883,ACC0455,2025-07-04,132827.55,Uber
TXN011448,ACC0206,2025-06-29,37205.32,Amazon
TXN004984,ACC0262,2025-03-06,36484.21,Swiggy
TXN001249,ACC0078,2025-06-29,49508.14,Unknown_POS
TXN006311,ACC0009,2025-02-03,56126.85,ATM_Withdrawal
TXN010225,ACC0426,2025-02-03,90473.02,Amazon
TXN003192,ACC0029,2025-04-15,53074.11,Swiggy
TXN007036,ACC0164,2025-02-02,131224.43,BigBasket
TXN005265,ACC0364,2025-07-01,134583.1,Uber
TXN017345,ACC0199,2025-05-27,7592.64,Zomato
TXN000342,ACC0062,2025-01-04,106199.7,Amazon
TXN016455,ACC0090,2025-02-27,2524.2,Swiggy
TXN019356,ACC0048,2025-02-08,143558.25,ATM_Withdrawal
TXN017010,ACC0260,2025-03-18,96499.92,BigBasket
TXN004377,ACC0088,2025-05-27,81941.45,ATM_Withdrawal
TXN011675,ACC0128,2025-04-21,113870.52,ATM_Withdrawal
TXN007424,ACC0160,2025-06-12,20178.56,BigBasket
TXN014109,ACC0229,2025-02-06,128114.46,Uber
TXN004142,ACC0408,2025-04-16,133125.87,Flipkart
TXN016183,ACC0086,2025-03-29,118396.05,Swiggy
TXN003445,ACC0097,2025-01-23,46102.62,Swiggy
TXN009928,ACC0108,2025-04-08,20753.95,Flipkart
TXN018258,ACC0347,2025-06-25,35393.57,Amazon
TXN008457,ACC0007,2025-03-02,135633.29,Unknown_POS
TXN016759,ACC0378,2025-01-15,96922.44,Uber
TXN019734,ACC0100,2025-06-07,66030.24,BigBasket
TXN006676,ACC0025,2025-04-06,56698.22,Amazon
TXN000970,ACC0293,2025-04-13,85381.29,Zomato
TXN012974,ACC0454,2025-06-19,135943.63,Amazon
TXN003609,ACC0201,2025-02-10,45563.14,Uber
TXN006923,ACC0013,2025-04-09,94398.47,ATM_Withdrawal
TXN012409,ACC0051,2025-06-04,114099.71,Uber
TXN012267,ACC0186,2025-07-16,127300.43,Uber
TXN013874,ACC0190,2025-05-07,81795.64,ATM_Withdrawal
TXN009714,ACC0003,2025-05-06,125488.2,Flipkart
TXN017456,ACC0471,2025-01-05,132747.04,Swiggy
TXN002937,ACC0071,2025-05-11,121094.8,Unknown_POS
TXN010683,ACC0082,2025-04-17,142750.97,BigBasket
TXN014044,ACC0424,2025-04-29,48589.9,Swiggy
TXN010138,ACC0160,2025-03-26,132075.55,Swiggy
TXN016113,ACC0225,2025-05-21,35105.93,Zomato
TXN010352,ACC0092,2025-02-22,25201.3,Unknown_POS
TXN003144,ACC0268,2025-04-06,56727.91,ATM_Withdrawal
TXN010661,ACC0233,2025-04-06,58769.35,Uber
TXN004888,ACC0004,2025-05-04,9933.37,BigBasket
TXN009276,ACC0212,2025-03-06,74933.73,Swiggy
TXN015184,ACC0126,2025-02-27,96619.14,ATM_Withdrawal
TXN008251,ACC0434,2025-05-15,56448.56,BigBasket
TXN006065,ACC0052,2025-05-11,82594.33,Amazon
TXN008517,ACC0032,2025-04-13,29067.68,Swiggy
TXN016250,ACC0250,2025-02-26,49194.96,Uber
TXN007700,ACC0157,2025-07-17,99439.64,Swiggy
TXN019158,ACC0031,2025-01-20,17074.13,Swiggy
TXN016297,ACC0303,2025-01-30,140255.37,Zomato
TXN012099,ACC0170,2025-04-20,87092.56,Zomato
TXN002566,ACC0258,2025-04-21,76213.63,Amazon
TXN008612,ACC0229,2025-03-20,58020.14,Uber
TXN010923,ACC0250,2025-03-06,90073.1,Swiggy
TXN008017,ACC0298,2025-04-18,144153.26,Amazon
TXN011839,ACC0483,2025-07-10,102443.19,Uber
TXN000311,ACC0053,2025-03-22,55165.88,Uber
TXN004257,ACC0422,2025-06-02,17999.16,Unknown_POS
TXN018638,ACC0122,2025-07-20,126794.98,Zomato
TXN019814,ACC0306,2025-05-10,35092.47,Flipkart
TXN017599,ACC0309,2025-01-05,40624.54,Flipkart
TXN003336,ACC0328,2025-05-11,49358.01,Uber
TXN014736,ACC0378,2025-05-06,70358.17,Uber
TXN004699,ACC0206,2025-03-27,116974.84,Amazon
TXN013713,ACC0141,2025-02-05,130138.88,Uber
TXN008896,ACC0492,2025-01-10,101286.61,Uber
TXN012953,ACC0376,2025-04-24,81977.48,Zomato
TXN005558,ACC0394,2025-06-21,47796.62,Swiggy
TXN015380,ACC0169,2025-01-27,45723.28,Uber
TXN001524,ACC0217,2025-06-15,135853.06,Zomato
TXN000108,ACC0479,2025-01-18,147921.28,ATM_Withdrawal
TXN011193,ACC0296,2025-06-29,142829.32,Zomato
TXN003186,ACC0167,2025-05-13,147174.1,Unknown_POS
TXN018877,ACC0209,2025-06-29,100950.66,BigBasket
TXN019419,ACC0436,2025-02-02,94628.6,Amazon
TXN003573,ACC0047,2025-07-03,142711.22,Amazon
TXN010889,ACC0227,2025-03-09,91891.85,BigBasket
TXN000663,ACC0194,2025-01-11,64304.75,Uber
TXN014249,ACC0330,2025-01-15,74105.88,Unknown_POS
TXN008807,ACC0096,2025-02-06,78713.61,BigBasket
TXN000542,ACC0272,2025-03-18,61995.43,Swiggy
TXN000295,ACC0138,2025-03-24,124260.13,BigBasket
TXN017848,ACC0436,2025-07-04,86269.96,Uber
TXN013018,ACC0394,2025-05-06,139753.32,Flipkart
TXN006375,ACC0290,2025-04-14,43399.92,Amazon
TXN001257,ACC0332,2025-02-21,26533.91,Amazon
TXN007958,ACC0291,2025-04-03,119590.67,Swiggy
TXN012263,ACC0183,2025-05-10,52330.61,ATM_Withdrawal
TXN000246,ACC0203,2025-01-08,110621.39,Zomato
TXN005783,ACC0045,2025-03-28,118604.95,Unknown_POS
TXN018286,ACC0411,2025-06-27,70937.84,Flipkart
TXN012731,ACC0404,2025-04-25,96954.88,Flipkart
TXN010394,ACC0016,2025-02-15,45462.19,Unknown_POS
TXN017670,ACC0406,2025-03-26,137161.42,Amazon
TXN018356,ACC0329,2025-04-18,44791.43,Flipkart
TXN005632,ACC0385,2025-03-12,81620.72,ATM_Withdrawal
TXN011745,ACC0139,2025-07-02,89805.27,Zomato
TXN007347,ACC0246,2025-02-01,77813.15,Amazon
TXN014957,ACC0144,2025-05-23,103953.66,ATM_Withdrawal
TXN000754,ACC0069,2025-06-11,76920.79,Swiggy
TXN016467,ACC0488,2025-04-11,137785.11,BigBasket
TXN013310,ACC0208,2025-06-11,58277.63,Uber
TXN013461,ACC0401,2025-01-20,124980.95,Flipkart
TXN010796,ACC0184,2025-05-09,93655.65,Swiggy
TXN000957,ACC0463,2025-03-22,82534.7,BigBasket
TXN018222,ACC0409,2025-03-07,67104.99,Amazon
TXN009877,ACC0393,2025-03-02,87550.2,ATM_Withdrawal
TXN017742,ACC0182,2025-04-15,128598.29,Zomato
TXN012181,ACC0210,2025-04-22,20272.62,Uber
TXN016332,ACC0261,2025-01-07,112426.66,Amazon
TXN006536,ACC0349,2025-01-28,27101.99,Amazon
TXN004417,ACC0253,2025-07-11,5775.08,BigBasket
TXN016551,ACC0156,2025-03-06,3855.53,Swiggy
TXN013023,ACC0100,2025-03-09,131552.7,Amazon
TXN003561,ACC0145,2025-03-10,12541.75,ATM_Withdrawal
TXN006693,ACC0172,2025-06-26,26675.67,Unknown_POS
TXN016725,ACC0439,2025-06-09,88037.45,Flipkart
TXN017803,ACC0109,2025-03-15,16602.11,Zomato
TXN019118,ACC0374,2025-04-01,73456.8,Flipkart
TXN004101,ACC0251,2025-05-06,142373.99,Unknown_POS
TXN009816,ACC0034,2025-05-06,35640.79,Swiggy
TXN006821,ACC0001,2025-03-11,13885.8,Uber
TXN018251,ACC0403,2025-01-09,27347.28,Uber
TXN019375,ACC0093,2025-02-04,22534.95,ATM_Withdrawal
TXN015933,ACC0187,2025-01-30,62194.73,Flipkart
TXN018190,ACC0088,2025-05-12,124004.47,Swiggy
TXN013687,ACC0044,2025-04-24,13857.23,Amazon
TXN006503,ACC0055,2025-05-27,63071.68,Zomato
TXN018180,ACC0247,2025-02-02,84864.96,BigBasket
TXN015775,ACC0043,2025-02-17,70973.6,Zomato
TXN004887,ACC0038,2025-04-10,141242.55,BigBasket
TXN016258,ACC0032,2025-04-20,71361.75,BigBasket
TXN014412,ACC0132,2025-01-30,24667.0,BigBasket
TXN014225,ACC0420,2025-02-25,142208.0,Uber
TXN001267,ACC0061,2025-02-24,121075.2,ATM_Withdrawal
TXN009954,ACC0162,2025-01-12,130935.12,Flipkart
TXN006941,ACC0459,2025-02-23,137906.52,Swiggy
TXN005894,ACC0107,2025-07-06,82296.05,Unknown_POS
TXN015893,ACC0187,2025-03-18,49182.93,Swiggy
TXN013521,ACC0171,2025-07-29,66893.99,Swiggy
TXN017831,ACC0281,2025-03-02,136480.91,Amazon
TXN015465,ACC0437,2025-02-20,97536.38,Unknown_POS
TXN018717,ACC0108,2025-01-31,7605.72,Swiggy
TXN016154,ACC0078,2025-03-30,30284.55,ATM_Withdrawal
TXN003677,ACC0082,2025-02-21,113138.01,Uber
TXN004743,ACC0395,2025-04-18,50509.27,Uber
TXN002117,ACC0141,2025-06-30,86117.09,Zomato
TXN012961,ACC0372,2025-05-11,36375.24,ATM_Withdrawal
TXN011364,ACC0161,2025-07-30,87818.54,Amazon
TXN012581,ACC0208,2025-07-10,2422.68,Flipkart
TXN019580,ACC0267,2025-06-12,142911.02,Amazon
TXN012507,ACC0347,2025-05-21,133443.02,Unknown_POS
TXN001293,ACC0003,2025-05-23,35384.07,Flipkart
TXN013381,ACC0448,2025-01-18,83655.12,Uber
TXN009307,ACC0454,2025-07-25,114794.0,BigBasket
TXN019662,ACC0221,2025-04-18,135986.6,BigBasket
TXN002227,ACC0003,2025-04-02,132542.26,Zomato
TXN015262,ACC0335,2025-05-28,130926.58,Flipkart
TXN012697,ACC0385,2025-06-21,19522.4,Uber
TXN001876,ACC0095,2025-01-02,54454.43,Flipkart
TXN018805,ACC0485,2025-07-02,98902.93,Swiggy
TXN008090,ACC0235,2025-04-22,140935.19,BigBasket
TXN002044,ACC0310,2025-04-27,141642.57,Swiggy
TXN010929,ACC0378,2025-05-15,2922.7,Zomato
TXN018971,ACC0073,2025-06-16,110369.57,ATM_Withdrawal
TXN012698,ACC0486,2025-04-13,120974.04,Swiggy
TXN007274,ACC0004,2025-02-03,116428.25,Unknown_POS
TXN017475,ACC0029,2025-02-13,16654.48,Unknown_POS
TXN010104,ACC0374,2025-06-19,73255.72,Uber
TXN016558,ACC0070,2025-06-01,35153.35,BigBasket
TXN002313,ACC0246,2025-07-14,84449.54,ATM_Withdrawal
TXN017296,ACC0461,2025-03-14,65722.03,Uber
TXN005716,ACC0472,2025-06-02,122399.55,Uber
TXN003871,ACC0466,2025-04-19,13464.66,Uber
TXN000428,ACC0492,2025-01-19,56069.94,Unknown_POS
TXN019663,ACC0330,2025-01-15,99603.35,Unknown_POS
TXN011824,ACC0225,2025-01-19,116393.59,Uber
TXN013881,ACC0365,2025-04-07,111128.09,Zomato
TXN004378,ACC0402,2025-07-07,103032.55,ATM_Withdrawal
TXN006195,ACC0146,2025-05-30,11099.84,BigBasket
TXN007355,ACC0280,2025-04-15,118589.59,Unknown_POS
TXN010992,ACC0231,2025-01-29,141136.34,Unknown_POS
TXN007261,ACC0466,2025-04-26,32083.74,Swiggy
TXN007434,ACC0120,2025-03-01,80612.06,Flipkart
TXN010782,ACC0209,2025-03-03,24203.94,Zomato
TXN002739,ACC0254,2025-01-05,129422.78,Unknown_POS
TXN000328,ACC0068,2025-04-10,129129.06,Unknown_POS
TXN019612,ACC0217,2025-07-22,120204.26,Swiggy
TXN009556,ACC0148,2025-03-28,120546.26,Zomato
TXN010234,ACC0428,2025-03-06,28478.98,Uber
TXN012829,ACC0056,2025-07-21,7938.28,Flipkart
TXN010127,ACC0333,2025-06-28,57011.58,Amazon
TXN007859,ACC0307,2025-03-05,95660.57,Unknown_POS
TXN003428,ACC0179,2025-06-24,27103.49,Swiggy
TXN007806,ACC0093,2025-06-21,62291.33,ATM_Withdrawal
TXN000530,ACC0299,2025-07-01,149213.32,Zomato
TXN000528,ACC0336,2025-05-08,149620.49,Uber
TXN018301,ACC0015,2025-06-25,119652.07,ATM_Withdrawal
TXN007214,ACC0413,2025-06-20,51624.7,Amazon
TXN004358,ACC0238,2025-01-03,30777.31,Swiggy
TXN017763,ACC0416,2025-02-08,35373.5,Swiggy
TXN007362,ACC0419,2025-02-15,111739.72,Unknown_POS
TXN002483,ACC0468,2025-02-23,58650.49,ATM_Withdrawal
TXN014976,ACC0140,2025-02-27,125459.8,BigBasket
TXN012536,ACC0013,2025-04-17,32835.83,Uber
TXN000690,ACC0045,2025-01-19,8187.5,Uber
TXN011406,ACC0246,2025-03-03,428.23,Unknown_POS
TXN004948,ACC0433,2025-02-03,69581.15,Amazon
TXN014398,ACC0216,2025-06-27,120154.49,ATM_Withdrawal
TXN011185,ACC0270,2025-03-21,64824.8,Amazon
TXN017368,ACC0155,2025-06-16,40769.99,BigBasket
TXN007904,ACC0412,2025-05-03,62062.8,Flipkart
TXN005170,ACC0337,2025-04-04,57948.14,BigBasket
TXN011030,ACC0244,2025-03-16,139261.57,Amazon
TXN019998,ACC0445,2025-04-02,56854.62,ATM_Withdrawal
TXN011511,ACC0276,2025-04-25,96042.78,ATM_Withdrawal
TXN014475,ACC0099,2025-04-15,29094.5,ATM_Withdrawal
TXN009165,ACC0472,2025-05-29,40666.57,Uber
TXN011250,ACC0179,2025-07-13,29623.98,BigBasket
TXN008419,ACC0032,2025-01-02,137316.22,Zomato
TXN002980,ACC0028,2025-04-08,105901.8,Swiggy
TXN006614,ACC0069,2025-06-24,104857.31,Zomato
TXN007130,ACC0095,2025-04-19,64866.7,ATM_Withdrawal
TXN007676,ACC0313,2025-04-13,41817.35,Zomato
TXN018583,ACC0227,2025-01-19,19250.82,Zomato
TXN017879,ACC0166,2025-06-26,54661.64,BigBasket
TXN012766,ACC0098,2025-07-14,92939.25,Unknown_POS
TXN008157,ACC0399,2025-03-25,94793.87,Amazon
TXN008038,ACC0181,2025-03-05,129463.54,Amazon
TXN015017,ACC0004,2025-07-19,96280.92,Uber
TXN019269,ACC0429,2025-04-18,39942.58,Amazon
TXN009366,ACC0251,2025-05-29,9967.42,Amazon
TXN002338,ACC0071,2025-07-25,141607.34,Zomato
TXN006406,ACC0328,2025-05-02,118673.26,Uber
TXN018813,ACC0494,2025-05-24,36676.31,Amazon
TXN013438,ACC0268,2025-02-28,51867.19,Flipkart
TXN001807,ACC0285,2025-06-28,105509.79,Unknown_POS
TXN015481,ACC0162,2025-04-12,58493.94,ATM_Withdrawal
TXN007292,ACC0395,2025-05-21,111047.8,Flipkart
TXN006070,ACC0040,2025-07-16,74456.73,Zomato
TXN000305,ACC0220,2025-06-17,13725.32,Flipkart
TXN000885,ACC0306,2025-03-01,119525.27,BigBasket
TXN017294,ACC0269,2025-01-18,92343.12,Uber
TXN018615,ACC0075,2025-06-14,137292.72,BigBasket
TXN005715,ACC0199,2025-03-04,6142.54,Amazon
TXN002757,ACC0019,2025-04-02,72057.18,Zomato
TXN016443,ACC0426,2025-04-28,84291.02,Zomato
TXN006910,ACC0376,2025-03-15,125688.12,ATM_Withdrawal
TXN006674,ACC0020,2025-01-09,148682.51,Zomato
TXN013866,ACC0333,2025-07-03,136472.35,Zomato
TXN012623,ACC0390,2025-07-15,133399.57,Swiggy
TXN004313,ACC0267,2025-06-05,33098.58,BigBasket
TXN009085,ACC0144,2025-05-28,52984.51,Swiggy
TXN014695,ACC0378,2025-07-28,17590.04,ATM_Withdrawal
TXN000563,ACC0064,2025-04-04,106680.96,Amazon
TXN007307,ACC0271,2025-04-06,12185.0,Flipkart
TXN012336,ACC0393,2025-05-07,67041.01,Flipkart
TXN013916,ACC0168,2025-01-27,74735.22,Uber
TXN004989,ACC0166,2025-05-25,129112.53,Flipkart
TXN008447,ACC0169,2025-04-17,99915.67,Flipkart
TXN004558,ACC0067,2025-02-16,6325.58,Amazon
TXN014070,ACC0470,2025-03-01,38643.18,Zomato
TXN012562,ACC0016,2025-06-01,59401.11,Zomato
TXN004567,ACC0473,2025-03-28,128983.58,BigBasket
TXN008179,ACC0468,2025-05-17,4783.35,Swiggy
TXN006069,ACC0228,2025-03-20,40027.98,Uber
TXN014305,ACC0290,2025-05-19,91543.51,Flipkart
TXN009524,ACC0482,2025-06-04,39631.95,Unknown_POS
TXN010493,ACC0332,2025-01-18,42923.34,Uber
TXN008009,ACC0441,2025-03-19,93414.25,ATM_Withdrawal
TXN012945,ACC0435,2025-01-10,36022.15,Uber
TXN017664,ACC0486,2025-01-18,33906.38,ATM_Withdrawal
TXN010994,ACC0282,2025-01-18,83006.41,Swiggy
TXN000516,ACC0115,2025-03-06,91271.17,Uber
TXN009148,ACC0023,2025-02-10,9482.68,BigBasket
TXN007338,ACC0206,2025-07-06,34090.63,Flipkart
TXN007949,ACC0279,2025-04-12,4160.58,Swiggy
TXN014753,ACC0033,2025-02-16,100889.59,Amazon
TXN004202,ACC0159,2025-07-30,25576.84,Unknown_POS
TXN007297,ACC0378,2025-04-08,90054.89,ATM_Withdrawal
TXN003131,ACC0170,2025-07-21,67583.9,Uber
TXN009679,ACC0162,2025-03-25,144817.15,ATM_Withdrawal
TXN016008,ACC0495,2025-06-26,43498.68,Uber
TXN002204,ACC0208,2025-01-04,92462.18,Amazon
TXN007933,ACC0290,2025-03-08,106172.31,Amazon
TXN012923,ACC0356,2025-05-11,12744.41,Zomato
TXN003721,ACC0298,2025-04-13,55847.88,BigBasket
TXN005828,ACC0129,2025-05-04,73586.98,Flipkart
TXN005543,ACC0407,2025-02-22,63846.84,Swiggy
TXN015211,ACC0137,2025-03-24,18739.21,Unknown_POS
TXN004644,ACC0299,2025-05-26,136799.85,ATM_Withdrawal
TXN000741,ACC0021,2025-06-16,48644.46,Uber
TXN005576,ACC0047,2025-04-04,94948.72,Uber
TXN018074,ACC0406,2025-07-14,68718.87,Swiggy
TXN002285,ACC0483,2025-03-13,139090.83,Uber
TXN003910,ACC0073,2025-01-05,135080.51,ATM_Withdrawal
TXN007014,ACC0218,2025-07-24,77628.0,Unknown_POS
TXN015618,ACC0199,2025-03-20,11723.13,Swiggy
TXN002686,ACC0105,2025-01-09,121510.83,Amazon
TXN001564,ACC0434,2025-06-02,102878.72,BigBasket
TXN008375,ACC0404,2025-07-08,49726.61,Amazon
TXN011145,ACC0264,2025-05-16,52962.9,Flipkart
TXN013100,ACC0212,2025-06-01,26737.94,ATM_Withdrawal
TXN007872,ACC0063,2025-01-07,131418.47,Flipkart
TXN016066,ACC0031,2025-04-07,67140.03,Amazon
TXN014132,ACC0317,2025-05-29,16255.29,ATM_Withdrawal
TXN006359,ACC0389,2025-06-14,139864.26,Unknown_POS
TXN004538,ACC0342,2025-05-12,53636.77,Zomato
TXN008032,ACC0065,2025-06-06,119587.92,Zomato
TXN005922,ACC0296,2025-05-22,34941.71,BigBasket
TXN007783,ACC0359,2025-06-02,26755.79,BigBasket
TXN012330,ACC0376,2025-01-25,46606.63,Uber
TXN001969,ACC0249,2025-04-29,10282.16,Zomato
TXN014328,ACC0302,2025-04-04,80737.42,Swiggy
TXN010680,ACC0327,2025-04-11,63613.62,Unknown_POS
TXN018392,ACC0245,2025-02-28,39803.45,Amazon
TXN017653,ACC0291,2025-05-19,77946.31,Swiggy
TXN003086,ACC0320,2025-04-01,84755.62,Unknown_POS
TXN003225,ACC0385,2025-01-19,115078.94,Unknown_POS
TXN013219,ACC0137,2025-05-09,71569.15,Swiggy
TXN005497,ACC0158,2025-03-10,70768.81,BigBasket
TXN015447,ACC0390,2025-01-06,139471.64,ATM_Withdrawal
TXN002639,ACC0443,2025-01-16,18260.33,Amazon
TXN000147,ACC0195,2025-04-30,80070.84,BigBasket
TXN011999,ACC0206,2025-05-06,110715.63,Unknown_POS
TXN004760,ACC0229,2025-02-04,149132.69,Unknown_POS
TXN013040,ACC0396,2025-04-05,75342.53,Uber
TXN001181,ACC0500,2025-02-04,12745.28,Unknown_POS
TXN014939,ACC0376,2025-06-11,54018.37,Flipkart
TXN014298,ACC0074,2025-02-04,82541.16,ATM_Withdrawal
TXN000532,ACC0465,2025-06-21,53806.64,Uber
TXN019629,ACC0193,2025-06-11,128259.17,Zomato
TXN014480,ACC0226,2025-01-07,54471.17,Unknown_POS
TXN005906,ACC0099,2025-06-24,98452.83,BigBasket
TXN018342,ACC0017,2025-05-11,10952.52,Flipkart
TXN008006,ACC0363,2025-07-22,69190.14,Swiggy
TXN014666,ACC0260,2025-07-07,30306.63,Flipkart
TXN005671,ACC0409,2025-05-02,132501.12,Unknown_POS
TXN012334,ACC0091,2025-06-12,39441.98,Zomato
TXN004394,ACC0292,2025-02-08,109886.82,Swiggy
TXN011352,ACC0065,2025-07-07,28150.5,Amazon
TXN007320,ACC0482,2025-01-07,55869.68,ATM_Withdrawal
TXN019828,ACC0338,2025-02-05,72895.35,Uber
TXN000703,ACC0491,2025-01-03,83050.95,Swiggy
TXN017146,ACC0393,2025-04-25,41751.71,ATM_Withdrawal
TXN015615,ACC0291,2025-03-02,92131.68,ATM_Withdrawal
TXN010588,ACC0492,2025-03-15,84394.94,Zomato
TXN010554,ACC0334,2025-04-08,135295.01,Zomato
TXN007842,ACC0288,2025-01-13,98532.76,Flipkart
TXN017514,ACC0325,2025-04-19,107576.47,ATM_Withdrawal
TXN011984,ACC0426,2025-02-08,72313.76,Zomato
TXN001655,ACC0354,2025-06-22,144473.08,Unknown_POS
TXN018255,ACC0478,2025-02-15,126027.02,Flipkart
TXN005144,ACC0008,2025-05-06,18745.96,Unknown_POS
TXN000158,ACC0087,2025-02-05,108061.01,ATM_Withdrawal
TXN019832,ACC0224,2025-03-08,72149.96,Uber
TXN009975,ACC0488,2025-02-04,54117.31,Flipkart
TXN012293,ACC0263,2025-06-09,149812.06,Zomato
TXN004546,ACC0399,2025-07-06,141277.04,BigBasket
TXN009324,ACC0370,2025-06-05,18173.8,Unknown_POS
TXN016570,ACC0054,2025-07-16,26973.21,BigBasket
TXN003042,ACC0403,2025-02-15,147111.14,Unknown_POS
TXN018367,ACC0419,2025-03-23,103568.06,Zomato
TXN010807,ACC0348,2025-07-27,142372.73,Swiggy
TXN001686,ACC0090,2025-05-09,4843.9,Flipkart
TXN004096,ACC0175,2025-02-22,67088.82,Swiggy
TXN000781,ACC0387,2025-02-22,62013.56,ATM_Withdrawal
TXN017084,ACC0003,2025-03-30,55336.52,Flipkart
TXN008813,ACC0266,2025-02-12,116753.91,Zomato
TXN012407,ACC0307,2025-03-09,9044.48,BigBasket
TXN015598,ACC0496,2025-01-15,131239.07,Unknown_POS
TXN017227,ACC0387,2025-05-27,26376.08,Uber
TXN009966,ACC0237,2025-06-01,34219.1,BigBasket
TXN007154,ACC0302,2025-02-20,2751.78,Flipkart
TXN012481,ACC0128,2025-05-10,27687.45,Flipkart
TXN003882,ACC0148,2025-05-21,70563.74,Unknown_POS
TXN004688,ACC0137,2025-05-17,60049.58,Zomato
TXN011432,ACC0009,2025-06-30,41360.11,BigBasket
TXN014303,ACC0063,2025-01-21,43105.26,Unknown_POS
TXN013372,ACC0473,2025-02-20,128867.22,Zomato
TXN010564,ACC0114,2025-05-01,136593.58,Amazon
TXN016968,ACC0366,2025-06-23,78417.42,Zomato
TXN001068,ACC0279,2025-07-26,912.29,ATM_Withdrawal
TXN019541,ACC0427,2025-02-11,72855.39,Flipkart
TXN017513,ACC0101,2025-05-22,129709.51,BigBasket
TXN012551,ACC0081,2025-01-10,94933.65,Uber
TXN011878,ACC0183,2025-03-28,109897.8,ATM_Withdrawal
TXN015243,ACC0417,2025-05-19,125007.79,Uber
TXN006630,ACC0183,2025-05-30,113702.14,Swiggy
TXN014887,ACC0237,2025-01-25,101430.29,ATM_Withdrawal
TXN012595,ACC0130,2025-03-16,117789.98,ATM_Withdrawal
TXN015364,ACC0463,2025-03-01,130996.47,BigBasket
TXN016796,ACC0139,2025-02-17,121697.98,ATM_Withdrawal
TXN013514,ACC0268,2025-03-09,91506.64,Zomato
TXN011991,ACC0303,2025-03-09,99455.58,Unknown_POS
TXN012453,ACC0076,2025-03-13,35247.39,Swiggy
TXN016985,ACC0006,2025-03-16,96203.2,ATM_Withdrawal
TXN015169,ACC0358,2025-04-03,138635.08,Swiggy
TXN005884,ACC0152,2025-07-30,10980.75,Uber
TXN017823,ACC0490,2025-04-02,143572.24,Amazon
TXN003250,ACC0410,2025-05-10,54010.78,Uber
TXN007693,ACC0468,2025-07-27,7520.57,Zomato
TXN013163,ACC0395,2025-07-18,111983.81,Zomato
TXN015266,ACC0341,2025-01-21,105620.1,Uber
TXN002711,ACC0011,2025-01-15,4001.76,Zomato
TXN011366,ACC0258,2025-02-17,109548.9,Flipkart
TXN003689,ACC0369,2025-03-25,68709.76,Unknown_POS
TXN008761,ACC0318,2025-01-23,132433.53,Zomato
TXN004130,ACC0119,2025-04-16,129989.41,Zomato
TXN012294,ACC0226,2025-06-04,138695.24,ATM_Withdrawal
TXN010723,ACC0055,2025-05-24,116261.43,Zomato
TXN006214,ACC0500,2025-07-15,89943.61,Swiggy
TXN018465,ACC0309,2025-07-20,144646.61,BigBasket
TXN017330,ACC0069,2025-05-16,126049.43,Unknown_POS
TXN006436,ACC0033,2025-05-12,116163.97,Swiggy
TXN011281,ACC0312,2025-07-15,90218.14,Flipkart
TXN017665,ACC0322,2025-06-16,39210.0,BigBasket
TXN013610,ACC0363,2025-01-17,96207.64,Swiggy
TXN015758,ACC0347,2025-05-15,7223.82,Amazon
TXN010570,ACC0194,2025-03-21,53594.22,Uber
TXN006481,ACC0200,2025-06-06,40581.75,Amazon
TXN017772,ACC0023,2025-05-07,5631.09,Uber
TXN002066,ACC0249,2025-06-22,114092.01,Amazon
TXN005506,ACC0353,2025-02-21,35984.91,Swiggy
TXN008148,ACC0015,2025-01-08,87060.45,Uber
TXN005451,ACC0001,2025-02-24,6936.34,BigBasket
TXN016240,ACC0029,2025-05-22,86110.61,Zomato
TXN019753,ACC0248,2025-06-04,117835.14,Amazon
TXN000950,ACC0098,2025-02-19,78952.49,Zomato
TXN019503,ACC0089,2025-02-01,4254.09,Uber
TXN009227,ACC0136,2025-05-23,6191.54,ATM_Withdrawal
TXN014371,ACC0294,2025-02-13,49847.43,Flipkart
TXN018934,ACC0050,2025-06-16,76028.94,Zomato
TXN008571,ACC0165,2025-06-02,130066.87,ATM_Withdrawal
TXN003471,ACC0056,2025-07-14,17954.14,Zomato
TXN010218,ACC0311,2025-03-10,26925.85,Amazon
TXN017842,ACC0200,2025-01-07,59223.09,Zomato
TXN004597,ACC0485,2025-03-05,37729.62,Flipkart
TXN012602,ACC0241,2025-02-20,146083.62,Unknown_POS
TXN002804,ACC0303,2025-06-05,92513.61,Amazon
TXN009454,ACC0029,2025-03-28,42473.51,BigBasket
TXN006315,ACC0123,2025-04-22,124393.79,BigBasket
TXN013365,ACC0174,2025-02-11,27869.46,Swiggy
TXN017459,ACC0345,2025-05-24,10870.0,ATM_Withdrawal
TXN016673,ACC0073,2025-07-03,36088.62,Zomato
TXN018168,ACC0265,2025-01-28,138217.35,Zomato
TXN013388,ACC0235,2025-06-19,151.33,Swiggy
TXN010710,ACC0298,2025-07-19,44510.56,Uber
TXN001485,ACC0165,2025-01-16,4270.64,Amazon
TXN000718,ACC0003,2025-03-22,36963.96,Zomato
TXN014711,ACC0339,2025-05-17,99198.93,ATM_Withdrawal
TXN019986,ACC0243,2025-01-31,55178.69,Zomato
TXN011244,ACC0455,2025-07-01,146903.13,ATM_Withdrawal
TXN006355,ACC0375,2025-07-10,54836.76,Flipkart
TXN012173,ACC0277,2025-06-12,14809.69,ATM_Withdrawal
TXN003386,ACC0408,2025-05-18,86864.82,Flipkart
TXN001758,ACC0391,2025-02-05,75739.34,ATM_Withdrawal
TXN006556,ACC0184,2025-02-02,96573.93,ATM_Withdrawal
TXN017364,ACC0156,2025-07-14,11892.83,Swiggy
TXN000292,ACC0375,2025-04-28,95244.34,BigBasket
TXN002984,ACC0136,2025-01-24,73508.35,BigBasket
TXN001154,ACC0107,2025-07-28,104124.28,Unknown_POS
TXN002422,ACC0448,2025-07-02,67740.57,Unknown_POS
TXN013724,ACC0054,2025-04-05,133321.2,BigBasket
TXN017657,ACC0259,2025-01-06,111250.5,Amazon
TXN006428,ACC0052,2025-02-03,15171.6,Flipkart
TXN012842,ACC0490,2025-01-31,35370.27,Unknown_POS
TXN003946,ACC0140,2025-03-26,140994.01,Uber
TXN003269,ACC0018,2025-07-08,130810.63,Unknown_POS
TXN019345,ACC0262,2025-01-19,4445.81,Unknown_POS
TXN006279,ACC0078,2025-04-11,48288.31,BigBasket
TXN001066,ACC0492,2025-02-21,579.76,Uber
TXN015036,ACC0470,2025-03-27,7942.65,Unknown_POS
TXN000634,ACC0141,2025-04-12,144540.85,Uber
TXN017001,ACC0033,2025-01-13,108374.21,Swiggy
TXN004351,ACC0473,2025-01-13,147298.27,Flipkart
TXN003249,ACC0213,2025-02-18,31588.6,Flipkart
TXN001420,ACC0053,2025-02-25,23225.51,Zomato
TXN015059,ACC0107,2025-03-21,57912.24,Zomato
TXN017946,ACC0363,2025-03-29,102108.91,BigBasket
TXN018435,ACC0482,2025-03-08,69417.42,Zomato
TXN015553,ACC0048,2025-07-12,5993.06,BigBasket
TXN009379,ACC0126,2025-07-09,142236.06,Unknown_POS
TXN000344,ACC0086,2025-04-06,19083.24,Uber
TXN001846,ACC0161,2025-06-27,9800.98,Swiggy
TXN016338,ACC0323,2025-03-23,123592.86,Uber
TXN013115,ACC0414,2025-03-05,46417.0,ATM_Withdrawal
TXN010231,ACC0216,2025-06-22,28086.61,Swiggy
TXN011162,ACC0233,2025-02-27,116552.9,Zomato
TXN018150,ACC0060,2025-01-31,74068.87,ATM_Withdrawal
TXN014869,ACC0447,2025-04-11,24409.25,Flipkart
TXN017384,ACC0422,2025-01-09,12763.78,Amazon
TXN000031,ACC0286,2025-04-04,113257.03,Zomato
TXN005063,ACC0274,2025-07-08,73974.2,Flipkart
TXN002354,ACC0077,2025-07-15,27404.56,Swiggy
TXN011938,ACC0391,2025-07-01,73138.06,Zomato
TXN005373,ACC0039,2025-02-19,27494.11,Uber
TXN010849,ACC0276,2025-05-16,133178.16,Zomato
TXN006464,ACC0478,2025-03-17,790.49,Zomato
TXN001872,ACC0254,2025-02-26,137997.04,Zomato
TXN004578,ACC0277,2025-04-04,58135.94,Swiggy
TXN014994,ACC0013,2025-04-14,91799.15,Flipkart
TXN005748,ACC0113,2025-01-15,39712.1,Unknown_POS
TXN000454,ACC0311,2025-04-22,23607.71,Flipkart
TXN017561,ACC0108,2025-03-15,141801.89,Amazon
TXN015725,ACC0237,2025-07-03,64469.81,Amazon
TXN012104,ACC0022,2025-05-26,140354.17,BigBasket
TXN018711,ACC0347,2025-01-25,126520.95,Swiggy
TXN005399,ACC0091,2025-04-12,68258.63,Zomato
TXN002966,ACC0214,2025-06-20,100462.69,Flipkart
TXN010119,ACC0070,2025-02-22,107077.88,Swiggy
TXN018840,ACC0235,2025-05-26,103282.85,BigBasket
TXN002595,ACC0457,2025-05-13,116190.22,ATM_Withdrawal
TXN008643,ACC0035,2025-05-18,62107.76,Swiggy
TXN019035,ACC0481,2025-01-17,138940.45,Uber
TXN007728,ACC0148,2025-07-11,59343.83,ATM_Withdrawal
TXN008079,ACC0463,2025-01-06,52427.01,Zomato
TXN018796,ACC0235,2025-03-01,149999.68,Amazon
TXN006247,ACC0495,2025-01-12,22034.58,BigBasket
TXN015003,ACC0289,2025-06-03,29901.29,Amazon
TXN014535,ACC0163,2025-01-19,120250.98,ATM_Withdrawal
TXN019219,ACC0210,2025-06-30,57658.19,Unknown_POS
TXN001311,ACC0104,2025-03-27,19125.4,Amazon
TXN002826,ACC0375,2025-04-24,78158.04,ATM_Withdrawal
TXN006328,ACC0179,2025-07-28,142130.98,Uber
TXN000824,ACC0392,2025-05-19,143701.06,ATM_Withdrawal
TXN013105,ACC0321,2025-01-06,53199.34,ATM_Withdrawal
TXN014351,ACC0075,2025-05-06,75508.43,Unknown_POS
TXN009884,ACC0184,2025-06-24,97349.69,BigBasket
TXN014384,ACC0425,2025-05-28,19223.99,Zomato
TXN001498,ACC0354,2025-06-22,30925.95,ATM_Withdrawal
TXN019401,ACC0497,2025-06-02,29424.78,Flipkart
TXN019246,ACC0467,2025-03-23,121076.27,Unknown_POS
TXN007440,ACC0002,2025-04-07,63724.75,Swiggy
TXN014936,ACC0179,2025-02-16,111429.54,Zomato
TXN006535,ACC0041,2025-02-08,35707.41,Unknown_POS
TXN019350,ACC0145,2025-04-10,42886.56,BigBasket
TXN007979,ACC0353,2025-05-23,32464.3,Amazon
TXN006607,ACC0363,2025-07-29,28115.33,Zomato
TXN011579,ACC0332,2025-01-05,42057.4,BigBasket
TXN009492,ACC0209,2025-03-03,66379.38,BigBasket
TXN012495,ACC0310,2025-06-03,39485.82,Flipkart
TXN012744,ACC0054,2025-02-10,5620.39,Zomato
TXN017424,ACC0162,2025-04-07,23288.2,Flipkart
TXN003324,ACC0267,2025-03-21,78659.93,ATM_Withdrawal
TXN012393,ACC0034,2025-03-25,57309.61,Flipkart
TXN017133,ACC0049,2025-03-01,32530.54,Uber
TXN015790,ACC0265,2025-06-25,60673.12,ATM_Withdrawal
TXN013513,ACC0313,2025-05-18,31613.63,ATM_Withdrawal
TXN013865,ACC0478,2025-05-26,108760.17,Zomato
TXN015681,ACC0240,2025-01-06,99463.93,ATM_Withdrawal
TXN000684,ACC0086,2025-07-17,80719.33,Amazon
TXN008668,ACC0280,2025-04-10,20470.79,BigBasket
TXN018460,ACC0035,2025-02-09,12154.51,Zomato
TXN002985,ACC0179,2025-07-17,96291.8,ATM_Withdrawal
TXN004627,ACC0229,2025-05-31,72873.77,ATM_Withdrawal
TXN019817,ACC0082,2025-01-31,47446.25,Flipkart
TXN002036,ACC0210,2025-01-10,148871.25,Flipkart
TXN002457,ACC0138,2025-06-18,39711.64,Unknown_POS
TXN003643,ACC0013,2025-01-08,97762.66,Unknown_POS
TXN018297,ACC0326,2025-06-25,125873.45,Flipkart
TXN000106,ACC0297,2025-01-19,6841.21,BigBasket
TXN000319,ACC0180,2025-04-20,47209.83,Swiggy
TXN009943,ACC0274,2025-03-12,127660.22,BigBasket
TXN018935,ACC0051,2025-07-18,106843.69,BigBasket
TXN006255,ACC0444,2025-02-02,116181.31,BigBasket
TXN015654,ACC0094,2025-07-12,11144.39,Flipkart
TXN019921,ACC0485,2025-02-28,62327.72,Amazon
TXN017415,ACC0196,2025-01-22,135972.22,Unknown_POS
TXN019133,ACC0091,2025-04-22,46837.07,Swiggy
TXN010953,ACC0405,2025-05-17,101773.19,Uber
TXN003788,ACC0119,2025-02-21,22150.72,Swiggy
TXN018504,ACC0257,2025-01-10,68618.77,ATM_Withdrawal
TXN013621,ACC0464,2025-06-23,49541.1,Unknown_POS
TXN015212,ACC0251,2025-05-20,129287.75,ATM_Withdrawal
TXN010161,ACC0233,2025-07-01,143057.11,Zomato
TXN014903,ACC0309,2025-07-01,29051.89,Swiggy
TXN007717,ACC0320,2025-05-27,9491.83,Swiggy
TXN005732,ACC0362,2025-07-17,80884.28,Flipkart
TXN010463,ACC0189,2025-06-16,11340.4,Zomato
TXN017843,ACC0465,2025-03-20,95222.37,Zomato
TXN013690,ACC0424,2025-01-30,31469.39,Unknown_POS
TXN007541,ACC0040,2025-01-21,90021.06,Unknown_POS
TXN015941,ACC0369,2025-02-05,107767.66,BigBasket
TXN016178,ACC0364,2025-03-30,13387.48,Zomato
TXN012611,ACC0252,2025-01-16,117663.62,Amazon
TXN000800,ACC0343,2025-04-12,60847.37,Zomato
TXN018755,ACC0007,2025-04-28,99962.38,BigBasket
TXN018873,ACC0021,2025-05-21,86127.1,ATM_Withdrawal
TXN000518,ACC0459,2025-04-07,127745.35,ATM_Withdrawal
TXN005788,ACC0393,2025-02-01,15206.25,ATM_Withdrawal
TXN002324,ACC0061,2025-04-03,138501.78,Flipkart
TXN019195,ACC0126,2025-03-08,107134.13,BigBasket
TXN002667,ACC0473,2025-04-11,10278.11,ATM_Withdrawal
TXN010270,ACC0174,2025-04-01,72019.58,BigBasket
TXN017167,ACC0187,2025-02-26,93153.14,BigBasket
TXN014770,ACC0211,2025-02-03,45966.63,Flipkart
TXN006324,ACC0388,2025-04-05,85285.13,BigBasket
TXN001116,ACC0410,2025-05-04,135748.12,Swiggy
TXN010385,ACC0044,2025-05-08,135420.36,ATM_Withdrawal
TXN007488,ACC0264,2025-07-22,10748.16,Unknown_POS
TXN018355,ACC0436,2025-01-01,1081.61,ATM_Withdrawal
TXN019923,ACC0472,2025-05-20,51547.56,ATM_Withdrawal
TXN003546,ACC0182,2025-06-04,147536.46,ATM_Withdrawal
TXN006611,ACC0072,2025-03-22,112003.49,Zomato
TXN012626,ACC0401,2025-04-08,42769.51,Uber
TXN005140,ACC0465,2025-01-13,82706.5,ATM_Withdrawal
TXN019176,ACC0482,2025-07-07,99092.96,Uber
TXN015198,ACC0493,2025-04-02,71399.88,BigBasket
TXN004947,ACC0052,2025-07-15,66469.19,Zomato
TXN001763,ACC0377,2025-03-13,96905.18,Swiggy
TXN011131,ACC0149,2025-06-16,15109.02,Uber
TXN007757,ACC0206,2025-03-07,15624.17,BigBasket
TXN006523,ACC0415,2025-04-30,147665.39,BigBasket
TXN007169,ACC0453,2025-07-20,103572.41,Uber
TXN015388,ACC0033,2025-02-23,1564.04,Amazon
TXN019892,ACC0052,2025-03-14,27646.59,Amazon
TXN014204,ACC0455,2025-04-13,149583.92,ATM_Withdrawal
TXN008725,ACC0227,2025-01-30,45089.36,BigBasket
TXN018488,ACC0372,2025-06-11,26429.3,Swiggy
TXN017987,ACC0042,2025-04-08,101777.29,ATM_Withdrawal
TXN008468,ACC0218,2025-07-22,91875.51,Amazon
TXN004712,ACC0404,2025-02-27,125968.21,Swiggy
TXN013280,ACC0002,2025-02-16,97450.43,Unknown_POS
TXN006212,ACC0459,2025-06-05,121974.12,Flipkart
TXN004079,ACC0374,2025-07-01,19042.88,Zomato
TXN014914,ACC0236,2025-04-05,2907.88,Flipkart
TXN019632,ACC0263,2025-01-18,107954.61,Swiggy
TXN005816,ACC0370,2025-05-10,38792.66,Uber
TXN011252,ACC0273,2025-04-25,109160.65,Unknown_POS
TXN014052,ACC0480,2025-02-25,64923.03,BigBasket
TXN012226,ACC0385,2025-01-17,129686.36,ATM_Withdrawal
TXN011369,ACC0325,2025-05-01,75661.89,Swiggy
TXN002846,ACC0450,2025-03-18,126111.74,Uber
TXN004073,ACC0138,2025-07-09,7855.42,Flipkart
TXN002788,ACC0186,2025-01-21,52830.09,Flipkart
TXN011435,ACC0067,2025-06-10,71659.78,Unknown_POS
TXN005461,ACC0016,2025-01-29,94671.96,Zomato
TXN012973,ACC0341,2025-02-03,5231.72,BigBasket
TXN000999,ACC0356,2025-07-25,16736.13,ATM_Withdrawal
TXN011424,ACC0024,2025-05-15,3240.96,Uber
TXN008276,ACC0043,2025-07-29,49039.11,Flipkart
TXN001869,ACC0308,2025-06-27,49705.26,BigBasket
TXN008277,ACC0213,2025-01-19,126920.89,ATM_Withdrawal
TXN015792,ACC0112,2025-03-06,135211.59,Uber
TXN013437,ACC0332,2025-01-30,40127.68,Uber
TXN016288,ACC0481,2025-03-31,115855.6,Amazon
TXN016175,ACC0019,2025-01-13,123116.67,Swiggy
TXN011583,ACC0375,2025-02-18,17379.65,Swiggy
TXN008551,ACC0477,2025-06-29,17819.06,Amazon
TXN000172,ACC0290,2025-03-04,148535.44,Zomato
TXN005957,ACC0087,2025-01-12,81868.76,Flipkart
TXN003923,ACC0178,2025-06-09,49015.37,BigBasket
TXN014008,ACC0026,2025-02-17,121744.39,ATM_Withdrawal
TXN018010,ACC0439,2025-01-02,108653.9,BigBasket
TXN014630,ACC0418,2025-04-04,115566.24,BigBasket
TXN008120,ACC0135,2025-05-25,5346.02,Unknown_POS
TXN013366,ACC0129,2025-07-27,55483.67,ATM_Withdrawal
TXN012610,ACC0215,2025-01-02,65981.56,Flipkart
TXN013001,ACC0050,2025-04-12,73635.75,Zomato
TXN007599,ACC0186,2025-02-20,127353.78,Flipkart
TXN005518,ACC0045,2025-07-08,71904.66,Unknown_POS
TXN012457,ACC0252,2025-02-20,132977.64,BigBasket
TXN014479,ACC0027,2025-02-09,57128.41,Zomato
TXN015190,ACC0288,2025-06-27,19122.83,Swiggy
TXN008881,ACC0326,2025-06-17,50709.24,Unknown_POS
TXN009709,ACC0155,2025-03-27,136293.29,Uber
TXN018801,ACC0039,2025-03-08,68957.58,Unknown_POS
TXN018339,ACC0335,2025-06-22,139577.65,Unknown_POS
TXN006772,ACC0299,2025-06-24,46450.09,Amazon
TXN002643,ACC0413,2025-05-05,93568.41,Zomato
TXN017112,ACC0274,2025-03-20,65247.14,Unknown_POS
TXN011438,ACC0320,2025-03-03,49838.43,BigBasket
TXN014915,ACC0071,2025-02-11,63263.36,Uber
TXN012934,ACC0056,2025-01-25,93654.19,BigBasket
TXN014110,ACC0046,2025-05-22,64533.43,Zomato
TXN015971,ACC0467,2025-04-20,63556.44,BigBasket
TXN011742,ACC0317,2025-07-27,89428.78,ATM_Withdrawal
TXN012929,ACC0358,2025-05-18,132710.3,Swiggy
TXN014615,ACC0326,2025-02-14,78192.63,ATM_Withdrawal
TXN000417,ACC0182,2025-02-14,26456.25,BigBasket
TXN004971,ACC0252,2025-04-28,56577.69,Swiggy
TXN001512,ACC0322,2025-06-30,77457.81,Swiggy
TXN005055,ACC0368,2025-02-27,85154.55,BigBasket
TXN009609,ACC0352,2025-03-30,108180.27,Flipkart
TXN013505,ACC0185,2025-01-13,103791.58,Amazon
TXN008567,ACC0042,2025-01-04,148464.1,Swiggy
TXN002517,ACC0146,2025-06-04,31865.67,Zomato
TXN006609,ACC0308,2025-07-11,56664.21,Unknown_POS
TXN004376,ACC0053,2025-06-10,29048.14,Unknown_POS
TXN004397,ACC0286,2025-06-01,80162.21,Uber
TXN015609,ACC0322,2025-06-07,75295.05,ATM_Withdrawal
TXN009941,ACC0056,2025-06-25,46934.88,Uber
TXN018518,ACC0276,2025-03-06,133137.49,Uber
TXN018555,ACC0357,2025-02-27,14534.92,BigBasket
TXN001228,ACC0269,2025-01-27,102840.66,BigBasket
TXN010608,ACC0253,2025-01-03,118130.08,ATM_Withdrawal
TXN011523,ACC0175,2025-03-04,45395.94,Zomato
TXN013378,ACC0177,2025-07-27,136373.66,Swiggy
TXN000728,ACC0465,2025-01-10,82761.52,ATM_Withdrawal
TXN019365,ACC0198,2025-02-12,80512.33,Uber
TXN015009,ACC0211,2025-01-29,97635.97,Flipkart
TXN003426,ACC0479,2025-05-18,133240.62,Flipkart
TXN015209,ACC0059,2025-03-17,39649.09,Zomato
TXN000764,ACC0198,2025-02-03,16330.09,Zomato
TXN004076,ACC0278,2025-01-28,39679.12,Zomato
TXN015049,ACC0071,2025-04-27,63416.96,Uber
TXN011091,ACC0164,2025-02-08,140779.34,Unknown_POS
TXN010145,ACC0213,2025-06-05,25566.65,ATM_Withdrawal
TXN006379,ACC0193,2025-06-08,128926.96,Swiggy
TXN016102,ACC0088,2025-06-16,111543.78,BigBasket
TXN000774,ACC0466,2025-01-22,42525.84,Unknown_POS
TXN017607,ACC0252,2025-02-17,27905.78,Flipkart
TXN019654,ACC0076,2025-07-12,85633.27,Uber
TXN014222,ACC0013,2025-04-09,127530.34,ATM_Withdrawal
TXN010387,ACC0125,2025-07-05,20674.93,Swiggy
TXN016360,ACC0128,2025-06-24,77660.46,Amazon
TXN012763,ACC0494,2025-03-28,75789.97,Unknown_POS
TXN019276,ACC0373,2025-06-24,37087.48,ATM_Withdrawal
TXN005541,ACC0385,2025-05-29,79391.68,Uber
TXN016068,ACC0190,2025-01-26,2697.9,BigBasket
TXN014860,ACC0126,2025-01-17,26778.93,Amazon
TXN007388,ACC0362,2025-02-18,60902.12,Amazon
TXN002300,ACC0254,2025-02-16,68935.55,Swiggy
TXN000357,ACC0258,2025-06-22,135296.05,Swiggy
TXN012775,ACC0002,2025-02-27,125113.57,Amazon
TXN017361,ACC0074,2025-04-06,33091.92,Zomato
TXN011053,ACC0017,2025-06-19,121980.54,Unknown_POS
TXN010102,ACC0447,2025-04-24,4756.45,Amazon
TXN012143,ACC0259,2025-06-16,97543.18,Unknown_POS
TXN000597,ACC0248,2025-05-05,16984.98,Unknown_POS
TXN003654,ACC0330,2025-03-14,48635.92,Amazon
TXN008230,ACC0305,2025-02-20,121351.26,Amazon
TXN000210,ACC0070,2025-03-19,1064.77,Unknown_POS
TXN006891,ACC0420,2025-04-01,112741.06,Zomato
TXN009815,ACC0483,2025-03-27,110109.5,Uber
TXN008346,ACC0279,2025-03-31,22444.42,Amazon
TXN018441,ACC0329,2025-04-11,85087.98,BigBasket
TXN007263,ACC0351,2025-06-07,12553.01,Amazon
TXN013411,ACC0084,2025-07-08,128993.47,Unknown_POS
TXN005122,ACC0340,2025-02-19,18031.27,Amazon
TXN012654,ACC0456,2025-03-21,37122.69,ATM_Withdrawal
TXN018263,ACC0407,2025-04-21,28378.89,BigBasket
TXN008322,ACC0212,2025-02-15,132954.35,Unknown_POS
TXN006584,ACC0117,2025-02-14,45047.88,Unknown_POS
TXN001880,ACC0090,2025-02-26,132813.07,Swiggy
TXN009571,ACC0282,2025-05-05,6298.31,Amazon
TXN006680,ACC0295,2025-01-26,28906.84,Swiggy
TXN008333,ACC0201,2025-04-27,1826.83,Unknown_POS
TXN004384,ACC0207,2025-06-24,139069.46,Flipkart
TXN006091,ACC0450,2025-04-17,38498.26,Unknown_POS
TXN009239,ACC0247,2025-05-23,118530.92,ATM_Withdrawal
TXN016122,ACC0429,2025-02-22,19119.7,Unknown_POS
TXN017609,ACC0373,2025-01-07,104935.89,Uber
TXN008646,ACC0067,2025-06-10,11520.87,Amazon
TXN007004,ACC0159,2025-04-28,47991.83,Amazon
TXN012778,ACC0263,2025-07-07,56329.64,BigBasket
TXN011735,ACC0031,2025-07-16,113546.2,Uber
TXN007265,ACC0081,2025-01-26,89075.91,Zomato
TXN012107,ACC0416,2025-01-12,65868.77,Swiggy
TXN004654,ACC0500,2025-04-24,144379.76,Uber
TXN014268,ACC0347,2025-05-08,72940.78,Amazon
TXN017075,ACC0446,2025-02-04,137296.2,BigBasket
TXN003320,ACC0037,2025-02-27,144505.43,Uber
TXN005676,ACC0369,2025-05-23,3664.76,Swiggy
TXN011128,ACC0436,2025-05-12,94776.18,Zomato
TXN016408,ACC0237,2025-06-05,94816.08,Swiggy
TXN011977,ACC0128,2025-03-29,81395.69,Amazon
TXN017470,ACC0007,2025-04-06,83445.33,Amazon
TXN018954,ACC0279,2025-06-23,52245.04,Unknown_POS
TXN007948,ACC0282,2025-05-16,95649.37,ATM_Withdrawal
TXN013314,ACC0178,2025-07-20,48520.03,Amazon
TXN012645,ACC0416,2025-01-14,34088.2,Uber
TXN005460,ACC0272,2025-05-01,24341.22,Amazon
TXN015142,ACC0142,2025-03-06,51090.76,Zomato
TXN001644,ACC0059,2025-07-09,99253.67,Swiggy
TXN004946,ACC0017,2025-04-23,42413.81,ATM_Withdrawal
TXN013150,ACC0482,2025-02-12,30800.02,ATM_Withdrawal
TXN019140,ACC0213,2025-05-16,16105.93,Zomato
TXN010840,ACC0471,2025-02-01,119489.0,Swiggy
TXN000810,ACC0349,2025-04-28,134483.75,Amazon
TXN006515,ACC0319,2025-05-21,89078.28,Amazon
TXN004798,ACC0134,2025-03-09,64153.25,Zomato
TXN012996,ACC0092,2025-01-24,49612.96,Amazon
TXN008141,ACC0176,2025-03-17,88498.61,Amazon
TXN015844,ACC0308,2025-04-29,73591.94,ATM_Withdrawal
TXN019540,ACC0174,2025-01-03,139326.29,Unknown_POS
TXN006648,ACC0254,2025-06-16,65345.24,Flipkart
TXN012126,ACC0054,2025-06-19,85521.1,Amazon
TXN017234,ACC0348,2025-06-24,102048.45,ATM_Withdrawal
TXN004672,ACC0133,2025-07-22,13311.13,Unknown_POS
TXN018825,ACC0285,2025-06-27,98408.47,Amazon
TXN005983,ACC0329,2025-01-24,84975.26,ATM_Withdrawal
TXN015539,ACC0431,2025-04-23,139051.98,Swiggy
TXN000731,ACC0069,2025-04-29,75193.42,Flipkart
TXN009532,ACC0324,2025-05-28,13948.61,BigBasket
TXN015846,ACC0021,2025-04-29,47749.57,Unknown_POS
TXN008772,ACC0390,2025-04-21,132156.18,Unknown_POS
TXN015849,ACC0290,2025-03-03,41892.84,Uber
TXN003196,ACC0405,2025-04-08,48886.49,Zomato
TXN016287,ACC0025,2025-03-09,76197.22,Flipkart
TXN002813,ACC0253,2025-03-29,7290.78,Unknown_POS
TXN018196,ACC0197,2025-03-13,81467.52,Zomato
TXN007227,ACC0434,2025-01-23,100186.72,ATM_Withdrawal
TXN000749,ACC0077,2025-02-17,23645.74,Flipkart
TXN015927,ACC0383,2025-07-21,18002.51,Swiggy
TXN016909,ACC0292,2025-04-21,38283.38,Flipkart
TXN009388,ACC0427,2025-06-16,5712.73,Swiggy
TXN008501,ACC0107,2025-05-30,127259.09,Uber
TXN015889,ACC0198,2025-01-28,130213.2,Flipkart
TXN012284,ACC0393,2025-04-29,95365.27,ATM_Withdrawal
TXN019714,ACC0270,2025-02-17,61600.53,Uber
TXN008899,ACC0062,2025-01-20,45139.48,Unknown_POS
TXN011553,ACC0026,2025-05-17,32202.85,Flipkart
TXN011426,ACC0044,2025-04-05,8937.12,ATM_Withdrawal
TXN017767,ACC0056,2025-01-23,20451.8,BigBasket
TXN002730,ACC0164,2025-06-28,81235.81,Flipkart
TXN001278,ACC0062,2025-06-25,86416.25,Swiggy
TXN018300,ACC0426,2025-07-28,82599.09,Unknown_POS
TXN000985,ACC0135,2025-01-22,59809.13,Unknown_POS
TXN002362,ACC0364,2025-02-28,63579.36,Swiggy
TXN007260,ACC0200,2025-07-20,143993.69,Flipkart
TXN004840,ACC0217,2025-03-10,13849.53,Amazon
TXN016037,ACC0320,2025-02-07,108794.92,Unknown_POS
TXN017019,ACC0350,2025-01-19,8988.45,ATM_Withdrawal
TXN017292,ACC0187,2025-05-20,56303.2,Zomato
TXN013876,ACC0254,2025-01-31,48328.84,BigBasket
TXN002471,ACC0006,2025-06-10,115516.33,Swiggy
TXN014761,ACC0304,2025-02-25,106653.11,Swiggy
TXN010728,ACC0282,2025-05-21,15074.67,Flipkart
TXN014150,ACC0135,2025-02-10,136605.6,BigBasket
TXN007992,ACC0426,2025-03-10,86323.6,Zomato
TXN000678,ACC0196,2025-07-23,141750.9,Unknown_POS
TXN008460,ACC0373,2025-02-17,33670.04,Swiggy
TXN014005,ACC0213,2025-05-14,60901.57,Amazon
TXN007340,ACC0383,2025-02-07,116930.68,Flipkart
TXN002328,ACC0320,2025-07-29,43086.48,Flipkart
TXN019209,ACC0042,2025-02-22,15705.71,Zomato
TXN018083,ACC0488,2025-01-24,14934.26,Amazon
TXN018447,ACC0018,2025-04-22,145333.74,Flipkart
TXN001621,ACC0109,2025-01-13,120243.62,Uber
TXN018962,ACC0066,2025-03-11,28557.75,ATM_Withdrawal
TXN016081,ACC0031,2025-01-21,89753.45,Amazon
TXN004126,ACC0456,2025-03-04,48741.02,BigBasket
TXN012849,ACC0313,2025-01-14,103065.46,Uber
TXN002251,ACC0262,2025-04-20,96598.78,Uber
TXN002581,ACC0088,2025-03-22,102232.3,Swiggy
TXN009386,ACC0080,2025-04-19,92916.1,Amazon
TXN012394,ACC0142,2025-01-05,80378.45,Swiggy
TXN005248,ACC0443,2025-04-02,79338.31,Unknown_POS
TXN012669,ACC0197,2025-07-27,104290.7,Flipkart
TXN007184,ACC0187,2025-05-15,70676.38,Uber
TXN006570,ACC0219,2025-05-12,43823.78,Unknown_POS
TXN018804,ACC0460,2025-02-10,23711.37,Flipkart
TXN001110,ACC0362,2025-03-22,106490.51,Uber
TXN003633,ACC0187,2025-07-19,8900.24,Zomato
TXN008237,ACC0117,2025-03-01,35032.36,Uber
TXN000791,ACC0135,2025-02-26,55656.73,Amazon
TXN000320,ACC0127,2025-03-12,96710.85,Zomato
TXN016247,ACC0283,2025-02-12,56753.52,Unknown_POS
TXN019565,ACC0241,2025-03-02,135062.19,Unknown_POS
TXN010488,ACC0058,2025-02-14,9058.68,Unknown_POS
TXN014729,ACC0420,2025-04-01,59876.59,Zomato
TXN004291,ACC0342,2025-04-05,67757.51,Amazon
TXN010785,ACC0125,2025-05-11,25068.27,Amazon
TXN010457,ACC0339,2025-04-10,43276.59,ATM_Withdrawal
TXN009812,ACC0014,2025-06-02,61637.62,Uber
TXN015550,ACC0294,2025-06-08,11444.34,Uber
TXN003407,ACC0428,2025-02-16,4471.66,ATM_Withdrawal
TXN017659,ACC0316,2025-04-20,42294.03,ATM_Withdrawal
TXN001756,ACC0461,2025-03-28,117213.33,ATM_Withdrawal
TXN017122,ACC0062,2025-01-08,76183.81,BigBasket
TXN002708,ACC0139,2025-07-05,6309.06,Amazon
TXN002911,ACC0151,2025-07-04,138299.43,Uber
TXN014281,ACC0053,2025-04-17,21375.81,ATM_Withdrawal
TXN018673,ACC0305,2025-07-28,98337.16,Flipkart
TXN001738,ACC0244,2025-02-24,66952.3,BigBasket
TXN018166,ACC0191,2025-02-26,92881.08,Unknown_POS
TXN006946,ACC0447,2025-04-05,9588.87,Swiggy
TXN006135,ACC0081,2025-01-08,30976.71,Zomato
TXN009659,ACC0032,2025-06-28,57025.92,Uber
TXN014386,ACC0054,2025-03-03,40665.9,Unknown_POS
TXN002942,ACC0490,2025-02-12,141826.22,Uber
TXN012977,ACC0298,2025-01-06,94936.48,Uber
TXN007323,ACC0085,2025-07-06,21011.49,Uber
TXN008747,ACC0368,2025-06-18,24756.66,ATM_Withdrawal
TXN000633,ACC0259,2025-04-09,62828.78,Zomato
TXN016870,ACC0040,2025-05-28,9734.8,Uber
TXN005547,ACC0435,2025-05-18,17155.84,Flipkart
TXN005258,ACC0018,2025-03-05,29275.68,ATM_Withdrawal
TXN015444,ACC0196,2025-05-26,69693.14,Uber
TXN010966,ACC0124,2025-06-03,55035.91,Unknown_POS
TXN017906,ACC0050,2025-02-03,109796.27,Uber
TXN019903,ACC0036,2025-01-18,125096.68,Flipkart
TXN003812,ACC0438,2025-05-01,76740.42,Unknown_POS
TXN004765,ACC0117,2025-04-21,51890.6,Unknown_POS
TXN009684,ACC0036,2025-06-26,49597.3,BigBasket
TXN013210,ACC0024,2025-06-23,23139.58,Zomato
TXN019354,ACC0186,2025-01-07,43969.92,Zomato
TXN015419,ACC0427,2025-06-04,97350.02,BigBasket
TXN015872,ACC0151,2025-06-06,79288.25,BigBasket
TXN006282,ACC0370,2025-03-02,51414.74,Unknown_POS
TXN012874,ACC0392,2025-05-24,58879.66,Flipkart
TXN018001,ACC0087,2025-07-07,40672.34,Amazon
TXN007938,ACC0247,2025-07-03,125204.91,Amazon
TXN004572,ACC0415,2025-07-09,110410.69,Amazon
TXN006165,ACC0277,2025-01-01,63476.2,Flipkart
TXN011051,ACC0318,2025-01-06,58647.6,Flipkart
TXN015139,ACC0440,2025-04-30,107042.1,Zomato
TXN018400,ACC0108,2025-03-18,143634.16,BigBasket
TXN016243,ACC0450,2025-01-18,121421.42,Unknown_POS
TXN012644,ACC0251,2025-02-26,133439.47,Zomato
TXN000793,ACC0315,2025-06-17,78174.78,Amazon
TXN003580,ACC0091,2025-02-20,39526.08,Zomato
TXN009413,ACC0224,2025-03-12,127800.17,BigBasket
TXN017179,ACC0013,2025-07-16,42046.91,Zomato
TXN001000,ACC0242,2025-01-06,49814.91,Zomato
TXN003757,ACC0244,2025-03-06,81583.06,Flipkart
TXN013877,ACC0480,2025-05-13,60127.48,Swiggy
TXN002004,ACC0318,2025-01-21,9035.46,BigBasket
TXN004553,ACC0325,2025-02-08,109776.73,Flipkart
TXN011539,ACC0149,2025-04-12,5729.12,Swiggy
TXN001898,ACC0256,2025-05-13,69666.88,BigBasket
TXN000995,ACC0320,2025-02-07,66097.49,Zomato
TXN014216,ACC0319,2025-01-20,39238.95,Amazon
TXN005931,ACC0472,2025-02-25,120943.2,Flipkart
TXN001940,ACC0146,2025-02-22,34994.26,Flipkart
TXN015530,ACC0472,2025-05-28,30175.18,ATM_Withdrawal
TXN017489,ACC0281,2025-07-11,116466.78,BigBasket
TXN016435,ACC0283,2025-05-12,94060.86,Flipkart
TXN017213,ACC0407,2025-05-20,96868.28,Amazon
TXN004522,ACC0083,2025-07-26,58992.62,Zomato
TXN005116,ACC0474,2025-07-15,94413.5,BigBasket
TXN007528,ACC0330,2025-07-03,7024.37,Uber
TXN000271,ACC0278,2025-07-30,113530.1,ATM_Withdrawal
TXN014839,ACC0483,2025-04-09,140900.97,BigBasket
TXN007699,ACC0389,2025-05-19,118792.45,Zomato
TXN004735,ACC0420,2025-07-22,139712.37,BigBasket
TXN004045,ACC0397,2025-05-31,112172.76,Flipkart
TXN006081,ACC0247,2025-07-09,141543.79,Swiggy
TXN004481,ACC0107,2025-01-02,48630.29,ATM_Withdrawal
TXN019906,ACC0442,2025-03-27,55450.03,Uber
TXN000087,ACC0489,2025-03-26,45326.78,Amazon
TXN004331,ACC0245,2025-07-12,33599.02,Amazon
TXN015892,ACC0143,2025-04-15,125320.56,BigBasket
TXN004179,ACC0378,2025-07-14,48310.27,Swiggy
TXN008139,ACC0489,2025-04-06,143297.97,Uber
TXN008235,ACC0138,2025-03-15,44094.01,BigBasket
TXN008984,ACC0309,2025-04-27,92060.69,ATM_Withdrawal
TXN015449,ACC0127,2025-03-12,53987.29,Amazon
TXN000990,ACC0166,2025-06-25,138624.51,Flipkart
TXN019399,ACC0354,2025-04-25,95704.57,Zomato
TXN002357,ACC0401,2025-06-15,104302.29,Uber
TXN008273,ACC0169,2025-01-07,93189.64,Swiggy
TXN011288,ACC0081,2025-01-17,37494.58,Uber
TXN014274,ACC0212,2025-05-09,68482.38,Uber
TXN001024,ACC0298,2025-05-19,102623.09,Zomato
TXN011873,ACC0185,2025-04-05,144408.53,Uber
TXN007509,ACC0155,2025-03-13,129964.73,ATM_Withdrawal
TXN017342,ACC0023,2025-07-26,75209.97,BigBasket
TXN007795,ACC0025,2025-06-04,70240.93,Uber
TXN010254,ACC0113,2025-02-17,106775.09,Unknown_POS
TXN011594,ACC0199,2025-07-10,41485.32,Unknown_POS
TXN014671,ACC0127,2025-05-23,118584.44,Uber
TXN019485,ACC0103,2025-04-30,24436.97,BigBasket
TXN011676,ACC0018,2025-01-25,99744.8,BigBasket
TXN005604,ACC0447,2025-03-23,113172.1,BigBasket
TXN006871,ACC0127,2025-04-12,90072.87,BigBasket
TXN010063,ACC0289,2025-05-11,110379.59,BigBasket
TXN015509,ACC0399,2025-06-02,114416.88,Flipkart
TXN009230,ACC0409,2025-04-12,83358.55,Uber
TXN011238,ACC0341,2025-01-18,1410.81,ATM_Withdrawal
TXN019799,ACC0387,2025-02-09,68831.86,Flipkart
TXN016614,ACC0408,2025-03-07,46300.68,Flipkart
TXN007995,ACC0469,2025-03-24,121592.59,Flipkart
TXN018787,ACC0193,2025-01-02,144832.7,BigBasket
TXN011486,ACC0377,2025-02-12,46903.14,Swiggy
TXN004674,ACC0461,2025-05-22,96366.91,Swiggy
TXN016509,ACC0182,2025-06-28,19940.2,Amazon
TXN013785,ACC0381,2025-01-19,83055.18,Zomato
TXN015932,ACC0467,2025-06-17,93408.32,Uber
TXN006525,ACC0216,2025-05-08,47128.33,Zomato
TXN009718,ACC0427,2025-03-08,70869.05,Amazon
TXN007558,ACC0466,2025-03-15,128312.04,BigBasket
TXN012821,ACC0352,2025-02-11,12760.76,Zomato
TXN012002,ACC0464,2025-03-13,112002.56,Uber
TXN003268,ACC0402,2025-01-07,49770.73,ATM_Withdrawal
TXN005504,ACC0114,2025-02-19,18765.52,Zomato
TXN004550,ACC0296,2025-04-17,148827.16,Flipkart
TXN007228,ACC0192,2025-04-19,107885.31,Swiggy
TXN009991,ACC0068,2025-02-07,139769.69,Uber
TXN018039,ACC0076,2025-05-08,3642.23,Zomato
TXN007601,ACC0414,2025-03-20,44560.04,ATM_Withdrawal
TXN016363,ACC0327,2025-05-04,109625.69,Swiggy
TXN018036,ACC0242,2025-06-17,128016.58,Amazon
TXN001827,ACC0349,2025-05-24,132471.14,Amazon
TXN005137,ACC0401,2025-04-01,33864.0,Zomato
TXN013759,ACC0166,2025-04-02,147237.84,Flipkart
TXN009339,ACC0421,2025-07-20,85577.93,ATM_Withdrawal
TXN000562,ACC0376,2025-01-06,88474.44,Swiggy
TXN013361,ACC0308,2025-01-08,57748.05,ATM_Withdrawal
TXN004343,ACC0374,2025-04-05,33115.59,Uber
TXN019746,ACC0296,2025-06-05,33528.05,Uber
TXN009779,ACC0412,2025-02-05,51732.56,Swiggy
TXN017039,ACC0065,2025-06-04,22842.29,Amazon
TXN000559,ACC0462,2025-05-06,53919.67,Zomato
TXN018197,ACC0123,2025-03-28,74959.57,Swiggy
TXN003011,ACC0411,2025-03-30,68834.09,Swiggy
TXN010062,ACC0285,2025-06-23,83983.64,Unknown_POS
TXN000887,ACC0203,2025-03-05,24532.26,Unknown_POS
TXN006717,ACC0213,2025-01-25,53204.97,Zomato
TXN002212,ACC0149,2025-03-18,72494.55,Uber
TXN005327,ACC0500,2025-03-16,44199.43,ATM_Withdrawal
TXN016075,ACC0453,2025-05-25,144687.25,Uber
TXN006461,ACC0196,2025-04-01,38340.33,Flipkart
TXN000353,ACC0187,2025-04-09,138037.97,Swiggy
TXN010987,ACC0488,2025-05-28,88249.63,Unknown_POS
TXN016406,ACC0238,2025-07-09,132928.92,Flipkart
TXN018231,ACC0060,2025-02-11,16423.48,ATM_Withdrawal
TXN017706,ACC0465,2025-03-10,29496.27,Zomato
TXN018306,ACC0476,2025-03-29,107549.55,Amazon
TXN001237,ACC0394,2025-04-20,103848.61,BigBasket
TXN009465,ACC0190,2025-03-26,102089.86,BigBasket
TXN009726,ACC0174,2025-04-13,10152.88,Amazon
TXN010888,ACC0215,2025-06-01,2687.24,Flipkart
TXN011099,ACC0127,2025-04-25,115219.71,Uber
TXN013302,ACC0113,2025-03-27,54929.17,BigBasket
TXN014519,ACC0197,2025-05-16,25178.07,ATM_Withdrawal
TXN010065,ACC0491,2025-07-12,12952.16,Unknown_POS
TXN001887,ACC0450,2025-07-02,9853.36,Swiggy
TXN015094,ACC0045,2025-06-18,54147.07,Zomato
TXN019318,ACC0139,2025-05-25,114055.51,Unknown_POS
TXN017371,ACC0200,2025-05-17,14086.86,Amazon
TXN000679,ACC0132,2025-05-19,108610.14,Amazon
TXN006892,ACC0063,2025-03-01,87976.1,Amazon
TXN000620,ACC0002,2025-03-29,53303.09,Uber
TXN000851,ACC0445,2025-06-23,144469.33,Zomato
TXN005754,ACC0336,2025-03-09,141978.26,BigBasket
TXN003793,ACC0441,2025-05-03,120193.73,Zomato
TXN000219,ACC0304,2025-05-20,27030.09,Amazon
TXN018354,ACC0154,2025-07-26,65074.73,Amazon
TXN013675,ACC0053,2025-04-11,126323.34,Flipkart
TXN000460,ACC0045,2025-03-17,123593.4,ATM_Withdrawal
TXN010193,ACC0375,2025-02-03,57519.97,BigBasket
TXN014038,ACC0130,2025-04-03,14535.57,Unknown_POS
TXN014006,ACC0278,2025-01-06,72225.37,BigBasket
TXN006268,ACC0421,2025-05-02,453.79,Uber
TXN018655,ACC0382,2025-07-07,86588.37,Amazon
TXN011721,ACC0233,2025-02-08,33417.93,Flipkart
TXN004016,ACC0123,2025-04-12,387.45,Amazon
TXN016880,ACC0350,2025-03-12,33605.81,Flipkart
TXN013704,ACC0169,2025-03-20,55665.83,Zomato
TXN019927,ACC0072,2025-05-15,104970.88,Uber
TXN018783,ACC0220,2025-06-22,110949.2,BigBasket
TXN001062,ACC0468,2025-03-27,84845.46,Swiggy
TXN011397,ACC0179,2025-01-22,119635.76,Amazon
TXN014793,ACC0276,2025-02-06,17279.31,ATM_Withdrawal
TXN009101,ACC0448,2025-06-23,92206.44,Zomato
TXN011409,ACC0350,2025-05-09,30668.08,Unknown_POS
TXN015658,ACC0367,2025-04-10,100398.84,Swiggy
TXN015273,ACC0147,2025-03-29,31821.69,Unknown_POS
TXN003124,ACC0220,2025-07-21,18652.32,Swiggy
TXN001999,ACC0010,2025-06-05,136819.88,ATM_Withdrawal
TXN011541,ACC0160,2025-05-07,82851.6,Swiggy
TXN014660,ACC0174,2025-02-28,128938.97,ATM_Withdrawal
TXN003911,ACC0130,2025-05-05,59915.92,ATM_Withdrawal
TXN000289,ACC0207,2025-05-12,112482.87,BigBasket
TXN016476,ACC0388,2025-06-02,353.35,Flipkart
TXN013176,ACC0415,2025-01-19,84385.53,Flipkart
TXN004609,ACC0261,2025-01-11,61317.6,Flipkart
TXN008689,ACC0267,2025-06-04,108980.47,Zomato
TXN016135,ACC0174,2025-02-19,102981.54,Uber
TXN000541,ACC0242,2025-02-19,75096.58,Unknown_POS
TXN018566,ACC0024,2025-01-21,117080.57,Flipkart
TXN008266,ACC0008,2025-01-27,140803.79,BigBasket
TXN005712,ACC0005,2025-05-19,119283.75,BigBasket
TXN006983,ACC0396,2025-05-20,30570.86,Zomato
TXN018230,ACC0500,2025-02-14,138944.06,BigBasket
TXN008217,ACC0042,2025-01-07,149467.8,Unknown_POS
TXN006290,ACC0444,2025-02-26,11875.17,Zomato
TXN016216,ACC0027,2025-07-02,71857.63,Zomato
TXN014978,ACC0052,2025-07-03,9271.72,ATM_Withdrawal
TXN005636,ACC0091,2025-04-06,11765.39,ATM_Withdrawal
TXN017069,ACC0017,2025-02-04,46952.32,Zomato
TXN000422,ACC0047,2025-01-15,34931.87,Zomato
TXN004457,ACC0488,2025-02-08,104584.03,Flipkart
TXN013875,ACC0066,2025-03-03,87455.48,Zomato
TXN017073,ACC0007,2025-06-21,79601.39,ATM_Withdrawal
TXN015408,ACC0020,2025-03-04,71400.92,Swiggy
TXN003738,ACC0353,2025-07-12,148193.19,Zomato
TXN016153,ACC0378,2025-04-10,139194.32,Unknown_POS
TXN019618,ACC0217,2025-05-16,11096.9,Uber
TXN007015,ACC0058,2025-01-22,85334.1,ATM_Withdrawal
TXN017028,ACC0116,2025-03-29,125891.71,Zomato
TXN011192,ACC0229,2025-07-12,71246.85,Unknown_POS
TXN014277,ACC0024,2025-07-06,81841.56,Uber
TXN016036,ACC0314,2025-03-07,89631.61,Flipkart
TXN018484,ACC0253,2025-02-05,141292.94,Unknown_POS
TXN000884,ACC0154,2025-01-03,114892.09,Uber
TXN004413,ACC0254,2025-06-06,79852.99,Unknown_POS
TXN003804,ACC0384,2025-02-02,71930.9,Unknown_POS
TXN004127,ACC0183,2025-05-01,113851.03,BigBasket
TXN000643,ACC0364,2025-01-30,114128.21,ATM_Withdrawal
TXN003245,ACC0102,2025-02-22,115659.01,Flipkart
TXN007200,ACC0124,2025-05-24,138810.15,Flipkart
TXN010041,ACC0481,2025-01-18,69755.3,Amazon
TXN012289,ACC0092,2025-03-07,107083.48,Zomato
TXN009069,ACC0449,2025-01-08,10333.56,Uber
TXN009753,ACC0487,2025-06-05,142749.36,Unknown_POS
TXN012557,ACC0216,2025-02-03,48852.52,Flipkart
TXN005244,ACC0076,2025-07-05,91660.22,Amazon
TXN007412,ACC0333,2025-07-22,46535.08,Uber
TXN002127,ACC0145,2025-06-28,138463.41,Unknown_POS
TXN004746,ACC0005,2025-06-27,139790.72,Unknown_POS
TXN010586,ACC0157,2025-07-28,76081.39,Unknown_POS
TXN014507,ACC0144,2025-07-27,27574.73,Amazon
TXN018026,ACC0019,2025-03-10,113281.84,ATM_Withdrawal
TXN010396,ACC0327,2025-07-02,124796.6,ATM_Withdrawal
TXN017298,ACC0113,2025-02-13,105280.29,Flipkart
TXN000721,ACC0450,2025-05-03,69454.11,BigBasket
TXN001751,ACC0015,2025-07-22,21473.27,Unknown_POS
TXN004614,ACC0059,2025-06-30,29523.21,Amazon
TXN007768,ACC0211,2025-02-12,35788.51,Uber
TXN018371,ACC0342,2025-01-18,93883.83,Uber
TXN000656,ACC0495,2025-05-22,8117.64,Uber
TXN011017,ACC0302,2025-07-02,72839.24,Swiggy
TXN009690,ACC0296,2025-01-26,61070.15,Unknown_POS
TXN004516,ACC0328,2025-03-19,35479.0,Swiggy
TXN015813,ACC0388,2025-03-08,15867.4,Flipkart
TXN013222,ACC0090,2025-03-29,52884.98,Unknown_POS
TXN006592,ACC0279,2025-03-14,97562.75,ATM_Withdrawal
TXN002468,ACC0324,2025-05-28,117652.98,Uber
TXN001592,ACC0155,2025-04-12,100705.74,Swiggy
TXN010362,ACC0086,2025-04-09,74141.41,Amazon
TXN016420,ACC0403,2025-07-01,73668.71,Flipkart
TXN009704,ACC0108,2025-05-16,46037.6,Flipkart
TXN017103,ACC0498,2025-03-28,133878.27,Amazon
TXN005129,ACC0295,2025-07-05,94693.58,ATM_Withdrawal
TXN008573,ACC0178,2025-02-08,57567.5,Uber
TXN000315,ACC0370,2025-02-24,94230.6,Swiggy
TXN015235,ACC0494,2025-06-18,12566.54,Amazon
TXN019030,ACC0362,2025-07-20,10542.69,Uber
TXN004854,ACC0186,2025-04-27,126591.75,ATM_Withdrawal
TXN005234,ACC0052,2025-03-05,23696.11,Amazon
TXN009472,ACC0018,2025-04-05,55802.24,Zomato
TXN000727,ACC0417,2025-05-29,86856.17,Zomato
TXN004455,ACC0122,2025-07-24,63966.2,BigBasket
TXN009937,ACC0402,2025-04-23,98115.18,Zomato
TXN001654,ACC0156,2025-06-08,121979.22,BigBasket
TXN005128,ACC0091,2025-07-04,4067.01,Swiggy
TXN006184,ACC0125,2025-04-07,47770.85,Uber
TXN018646,ACC0337,2025-02-02,120198.41,Uber
TXN011371,ACC0239,2025-04-19,37170.26,ATM_Withdrawal
TXN013276,ACC0067,2025-05-15,111554.36,Amazon
TXN017608,ACC0081,2025-05-11,58466.66,BigBasket
TXN013879,ACC0446,2025-02-15,108599.14,Uber
TXN000836,ACC0188,2025-02-17,74840.56,Zomato
TXN000222,ACC0420,2025-07-23,119267.09,ATM_Withdrawal
TXN005882,ACC0250,2025-03-23,46069.0,Zomato
TXN000318,ACC0072,2025-07-12,18517.43,Unknown_POS
TXN007756,ACC0181,2025-04-04,70271.35,BigBasket
TXN012108,ACC0155,2025-07-28,127156.03,Zomato
TXN013299,ACC0243,2025-04-04,126854.04,Swiggy
TXN001325,ACC0355,2025-07-07,61022.38,Zomato
TXN011174,ACC0127,2025-07-09,70267.85,Swiggy
TXN011502,ACC0037,2025-02-08,58724.18,Zomato
TXN014250,ACC0395,2025-06-17,111713.53,Zomato
TXN009995,ACC0364,2025-01-08,114978.51,Uber
TXN015280,ACC0281,2025-06-15,82361.64,Swiggy
TXN000426,ACC0031,2025-01-06,22199.42,Swiggy
TXN018695,ACC0009,2025-04-12,83444.28,ATM_Withdrawal
TXN002763,ACC0059,2025-06-17,5823.34,ATM_Withdrawal
TXN015902,ACC0434,2025-06-16,265.91,Flipkart
TXN019002,ACC0062,2025-05-28,7197.33,Swiggy
TXN005617,ACC0049,2025-03-01,107633.15,Amazon
TXN011173,ACC0001,2025-05-22,34607.65,Uber
TXN002713,ACC0283,2025-05-04,7868.46,Unknown_POS
TXN007229,ACC0390,2025-04-19,38636.35,Flipkart
TXN009925,ACC0374,2025-02-09,53147.25,Unknown_POS
TXN017978,ACC0221,2025-05-07,121820.09,BigBasket
TXN015980,ACC0373,2025-01-14,129016.15,Amazon
TXN018645,ACC0020,2025-06-26,106153.89,Swiggy
TXN014999,ACC0094,2025-02-24,27265.57,Flipkart
TXN010776,ACC0426,2025-02-12,126239.43,BigBasket
TXN001982,ACC0216,2025-01-08,148394.13,BigBasket
TXN000758,ACC0485,2025-01-22,32528.18,ATM_Withdrawal
TXN009725,ACC0085,2025-03-16,94984.54,ATM_Withdrawal
TXN008580,ACC0380,2025-05-27,115728.39,ATM_Withdrawal
TXN010157,ACC0164,2025-04-06,20057.79,Uber
TXN003004,ACC0498,2025-03-01,114487.79,Flipkart
TXN012942,ACC0056,2025-05-28,53270.35,Amazon
TXN015514,ACC0489,2025-04-24,100781.74,ATM_Withdrawal
TXN011079,ACC0127,2025-03-22,64661.29,Amazon
TXN006557,ACC0317,2025-06-04,101341.5,Zomato
TXN003817,ACC0448,2025-03-15,89185.35,Zomato
TXN002343,ACC0105,2025-01-05,54391.65,ATM_Withdrawal
TXN005831,ACC0461,2025-01-02,27350.07,Uber
TXN010181,ACC0311,2025-07-14,8766.33,BigBasket
TXN019204,ACC0487,2025-01-21,47861.25,BigBasket
TXN006935,ACC0107,2025-02-06,38984.98,BigBasket
TXN017538,ACC0195,2025-02-23,146269.4,Zomato
TXN014866,ACC0112,2025-01-20,30723.34,Swiggy
TXN010291,ACC0108,2025-05-13,61300.78,Swiggy
TXN006160,ACC0427,2025-03-18,126374.97,BigBasket
TXN000408,ACC0196,2025-07-20,107019.93,ATM_Withdrawal
TXN010509,ACC0292,2025-01-15,146287.35,BigBasket
TXN009768,ACC0198,2025-01-08,46674.97,Swiggy
TXN005026,ACC0142,2025-07-02,104396.99,Zomato
TXN011762,ACC0395,2025-03-17,15092.21,Zomato
TXN000956,ACC0274,2025-06-03,66479.67,BigBasket
TXN003105,ACC0167,2025-06-06,37528.62,ATM_Withdrawal
TXN016611,ACC0021,2025-01-06,30823.49,Swiggy
TXN016129,ACC0023,2025-03-12,124509.54,Unknown_POS
TXN003399,ACC0276,2025-06-28,101216.41,BigBasket
TXN017221,ACC0431,2025-04-10,64996.98,Unknown_POS
TXN011116,ACC0464,2025-04-21,144420.61,Unknown_POS
TXN006209,ACC0191,2025-07-19,65102.56,Uber
TXN017973,ACC0012,2025-06-19,138486.8,ATM_Withdrawal
TXN006320,ACC0085,2025-01-16,120833.84,Zomato
TXN002074,ACC0341,2025-04-13,56796.43,Amazon
TXN018418,ACC0010,2025-07-13,84243.22,ATM_Withdrawal
TXN012463,ACC0266,2025-04-08,28117.93,BigBasket
TXN003612,ACC0250,2025-06-20,9011.07,Flipkart
TXN015330,ACC0346,2025-03-30,18849.14,Unknown_POS
TXN003659,ACC0174,2025-01-21,61925.64,Flipkart
TXN018800,ACC0212,2025-04-06,106888.03,Unknown_POS
TXN017302,ACC0077,2025-01-30,109406.72,ATM_Withdrawal
TXN006540,ACC0262,2025-07-16,20115.57,Amazon
TXN000001,ACC0001,2025-01-05,4500.0,Amazon
TXN019818,ACC0466,2025-07-06,20087.28,Unknown_POS
TXN005286,ACC0467,2025-03-01,110220.68,Uber
TXN015786,ACC0288,2025-07-27,35655.96,ATM_Withdrawal
TXN007692,ACC0272,2025-06-03,64043.85,Amazon
TXN014830,ACC0359,2025-05-29,71589.59,Flipkart
TXN004557,ACC0060,2025-01-29,57418.18,Flipkart
TXN006096,ACC0481,2025-01-16,22415.45,ATM_Withdrawal
TXN010399,ACC0481,2025-07-27,128678.21,Unknown_POS
TXN003226,ACC0419,2025-03-12,69883.99,Swiggy
TXN015757,ACC0497,2025-06-29,52178.88,BigBasket
TXN005973,ACC0178,2025-05-25,112005.83,Zomato
TXN000961,ACC0185,2025-04-26,67152.59,Unknown_POS
TXN018030,ACC0244,2025-01-10,129252.01,BigBasket
TXN014442,ACC0444,2025-01-07,91955.66,Flipkart
TXN019964,ACC0340,2025-01-13,7975.24,BigBasket
TXN018815,ACC0384,2025-01-30,52639.85,Unknown_POS
TXN010386,ACC0086,2025-04-27,96204.07,ATM_Withdrawal
TXN004320,ACC0208,2025-06-01,114477.64,Swiggy
TXN012302,ACC0412,2025-04-01,15743.74,BigBasket
TXN007377,ACC0384,2025-03-17,55767.15,BigBasket
TXN008161,ACC0232,2025-01-27,27708.61,Flipkart
TXN010563,ACC0323,2025-06-04,137708.65,Flipkart
TXN009847,ACC0413,2025-01-06,44169.61,Unknown_POS
TXN014901,ACC0278,2025-06-15,109900.94,Uber
TXN012721,ACC0389,2025-05-14,68288.75,Amazon
TXN005522,ACC0455,2025-04-07,94384.29,Unknown_POS
TXN015381,ACC0408,2025-05-11,56551.56,ATM_Withdrawal
TXN000865,ACC0482,2025-07-10,105119.5,Flipkart
TXN007353,ACC0162,2025-02-11,139482.28,Swiggy
TXN002344,ACC0491,2025-02-04,138139.57,Amazon
TXN011720,ACC0251,2025-02-23,69076.82,BigBasket
TXN013309,ACC0465,2025-05-15,544.52,Swiggy
TXN019270,ACC0402,2025-05-21,143491.39,Uber
TXN008857,ACC0211,2025-07-25,103991.35,Uber
TXN007613,ACC0329,2025-04-08,103518.76,Flipkart
TXN015438,ACC0243,2025-03-01,148706.61,Amazon
TXN001645,ACC0403,2025-02-16,126444.33,Amazon
TXN002163,ACC0311,2025-05-18,76613.02,Flipkart
TXN017686,ACC0298,2025-07-16,147943.91,Flipkart
TXN001364,ACC0094,2025-02-14,125907.78,Swiggy
TXN006952,ACC0302,2025-04-20,24003.42,Uber
TXN005987,ACC0191,2025-03-01,108395.94,Swiggy
TXN018680,ACC0195,2025-02-07,97165.25,Amazon
TXN009369,ACC0021,2025-05-07,5420.1,ATM_Withdrawal
TXN016283,ACC0028,2025-02-16,97492.37,Uber
TXN009631,ACC0026,2025-01-13,130859.98,Swiggy
TXN007275,ACC0381,2025-07-26,78135.42,ATM_Withdrawal
TXN011917,ACC0307,2025-01-25,39511.99,BigBasket
TXN000307,ACC0304,2025-02-27,77940.67,ATM_Withdrawal
TXN010130,ACC0352,2025-07-29,110801.26,BigBasket
TXN006542,ACC0199,2025-07-03,114075.75,Amazon
TXN011446,ACC0447,2025-06-14,100199.04,Uber
TXN001271,ACC0242,2025-06-08,6917.96,Swiggy
TXN002426,ACC0179,2025-04-18,72269.71,Swiggy
TXN016665,ACC0417,2025-02-06,27462.97,Amazon
TXN018565,ACC0241,2025-02-12,59923.29,Uber
TXN019598,ACC0072,2025-03-30,65975.51,Amazon
TXN006837,ACC0477,2025-06-17,39432.42,ATM_Withdrawal
TXN011480,ACC0373,2025-04-05,38579.87,Flipkart
TXN008385,ACC0191,2025-02-10,104734.73,Swiggy
TXN016633,ACC0060,2025-03-23,128072.55,Zomato
TXN011161,ACC0339,2025-07-14,85730.21,Uber
TXN018266,ACC0326,2025-05-02,40528.84,Unknown_POS
TXN013469,ACC0319,2025-02-08,120088.27,Uber
TXN002908,ACC0254,2025-02-13,93943.43,ATM_Withdrawal
TXN008283,ACC0341,2025-04-07,124839.6,Amazon
TXN005226,ACC0314,2025-02-01,59358.51,Zomato
TXN016251,ACC0298,2025-06-18,61455.6,BigBasket
TXN010547,ACC0315,2025-03-14,62613.73,Uber
TXN019387,ACC0077,2025-01-08,114129.82,Zomato
TXN010110,ACC0427,2025-01-02,110871.05,Uber
TXN000476,ACC0062,2025-07-13,67383.51,Swiggy
TXN015476,ACC0414,2025-07-25,45743.58,Amazon
TXN000991,ACC0058,2025-06-21,62066.63,BigBasket
TXN019531,ACC0069,2025-04-07,119299.43,ATM_Withdrawal
TXN013266,ACC0168,2025-05-30,107534.58,Zomato
TXN018183,ACC0388,2025-06-04,111072.89,Swiggy
TXN002229,ACC0203,2025-04-18,111601.4,Amazon
TXN013978,ACC0239,2025-01-09,25085.2,Unknown_POS
TXN016652,ACC0173,2025-07-22,144465.94,Uber
TXN016609,ACC0018,2025-05-26,3239.44,Swiggy
TXN007224,ACC0070,2025-05-02,28012.22,Flipkart
TXN003830,ACC0478,2025-05-26,68888.93,BigBasket
TXN002430,ACC0166,2025-06-20,147955.87,BigBasket
TXN004386,ACC0441,2025-05-08,35430.69,Unknown_POS
TXN004207,ACC0396,2025-06-09,116803.14,Swiggy
TXN004871,ACC0028,2025-07-27,106084.59,Uber
TXN008167,ACC0436,2025-02-16,32665.61,Swiggy
TXN000304,ACC0027,2025-04-12,93859.36,Zomato
TXN018477,ACC0444,2025-01-19,38925.39,Zomato
TXN002355,ACC0384,2025-05-16,104799.66,Uber
TXN009251,ACC0079,2025-03-08,27238.27,Amazon
TXN017051,ACC0440,2025-02-17,143342.51,Uber
TXN015931,ACC0389,2025-05-17,16945.58,Zomato
TXN012042,ACC0032,2025-05-17,32465.97,Flipkart
TXN010407,ACC0358,2025-04-15,75002.14,Unknown_POS
TXN005966,ACC0177,2025-01-16,17072.64,Zomato
TXN005444,ACC0001,2025-05-23,131595.11,Zomato
TXN013834,ACC0340,2025-02-11,3423.09,Swiggy
TXN007474,ACC0105,2025-03-14,104159.42,BigBasket
TXN002282,ACC0156,2025-02-26,44489.73,Uber
TXN015991,ACC0408,2025-06-22,137052.39,Swiggy
TXN005679,ACC0019,2025-02-03,15910.02,Flipkart
TXN019072,ACC0264,2025-05-25,63134.96,BigBasket
TXN016521,ACC0289,2025-06-07,128727.64,Flipkart
TXN000671,ACC0213,2025-05-20,80578.54,Flipkart
TXN003267,ACC0466,2025-03-09,93305.94,Amazon
TXN007094,ACC0451,2025-06-15,104426.3,Zomato
TXN014674,ACC0171,2025-07-29,91087.92,Swiggy
TXN014917,ACC0375,2025-07-14,503.36,Uber
TXN010871,ACC0359,2025-04-14,46773.88,Amazon
TXN000700,ACC0081,2025-05-17,33018.87,Unknown_POS
TXN015334,ACC0351,2025-03-22,141174.36,Zomato
TXN018516,ACC0214,2025-06-23,78745.58,Flipkart
TXN016160,ACC0107,2025-01-02,7143.81,Swiggy
TXN003215,ACC0072,2025-01-31,96353.92,Unknown_POS
TXN003555,ACC0377,2025-05-27,2930.86,Unknown_POS
TXN008860,ACC0288,2025-03-11,28363.47,ATM_Withdrawal
TXN000359,ACC0489,2025-04-13,10385.52,ATM_Withdrawal
TXN014086,ACC0279,2025-05-27,144589.75,Swiggy
TXN014867,ACC0160,2025-01-17,43888.67,ATM_Withdrawal
TXN018988,ACC0387,2025-06-01,123867.41,Uber
TXN000290,ACC0233,2025-05-05,49127.03,Amazon
TXN007987,ACC0343,2025-02-03,4204.93,Swiggy
TXN003719,ACC0372,2025-05-22,81138.01,BigBasket
TXN001335,ACC0404,2025-06-25,12189.81,BigBasket
TXN014694,ACC0414,2025-01-09,18495.8,Flipkart
TXN019446,ACC0475,2025-06-02,70886.58,Swiggy
TXN000621,ACC0281,2025-05-14,56114.86,Flipkart
TXN016722,ACC0164,2025-05-18,53437.87,Swiggy
TXN007850,ACC0408,2025-07-24,85390.72,ATM_Withdrawal
TXN018753,ACC0164,2025-05-29,127944.77,Amazon
TXN016011,ACC0121,2025-04-14,44389.7,ATM_Withdrawal
TXN014921,ACC0414,2025-06-18,38022.85,ATM_Withdrawal
TXN019442,ACC0174,2025-01-24,149197.99,Unknown_POS
TXN007029,ACC0003,2025-07-28,131252.08,Zomato
TXN013829,ACC0086,2025-06-09,63655.15,Zomato
TXN014514,ACC0219,2025-03-08,48136.95,ATM_Withdrawal
TXN008851,ACC0274,2025-04-05,98735.12,Amazon
TXN009553,ACC0114,2025-01-11,64244.6,Amazon
TXN004618,ACC0171,2025-02-20,149963.82,Zomato
TXN003564,ACC0416,2025-02-02,120943.69,Flipkart
TXN017724,ACC0038,2025-01-26,97164.23,ATM_Withdrawal
TXN008884,ACC0287,2025-03-14,13524.84,Uber
TXN001470,ACC0156,2025-06-09,93503.73,Flipkart
TXN017382,ACC0461,2025-06-17,113478.09,Zomato
TXN019451,ACC0440,2025-06-18,28505.57,Flipkart
TXN009625,ACC0404,2025-07-09,122871.4,Flipkart
TXN001963,ACC0210,2025-04-26,24767.62,Zomato
TXN015692,ACC0293,2025-03-13,144961.84,Uber
TXN017169,ACC0380,2025-03-25,43693.87,Unknown_POS
TXN009106,ACC0405,2025-03-14,122408.32,BigBasket
TXN001251,ACC0245,2025-04-22,60616.72,Flipkart
TXN015179,ACC0188,2025-03-22,15365.03,BigBasket
TXN009603,ACC0048,2025-04-25,96309.47,BigBasket
TXN012828,ACC0227,2025-06-28,11101.48,BigBasket
TXN007854,ACC0064,2025-05-22,10419.24,BigBasket
TXN013602,ACC0172,2025-01-01,5233.24,BigBasket
TXN001219,ACC0196,2025-06-23,47387.51,Amazon
TXN001715,ACC0370,2025-07-10,47088.6,BigBasket
TXN006518,ACC0335,2025-05-02,17901.12,Amazon
TXN015159,ACC0050,2025-02-19,101573.15,BigBasket
TXN005995,ACC0162,2025-02-05,40608.79,Zomato
TXN019718,ACC0032,2025-01-12,140050.56,Unknown_POS
TXN009864,ACC0143,2025-05-10,71508.9,Amazon
TXN013218,ACC0013,2025-07-05,143475.59,Unknown_POS
TXN008985,ACC0468,2025-06-23,100835.93,Zomato
TXN015996,ACC0119,2025-02-15,126118.89,Uber
TXN013453,ACC0225,2025-02-07,48320.06,Amazon
TXN011214,ACC0012,2025-07-21,4572.23,Uber
TXN011469,ACC0324,2025-05-25,97151.99,ATM_Withdrawal
TXN002192,ACC0363,2025-07-19,37404.29,Unknown_POS
TXN010954,ACC0003,2025-03-20,32430.96,Zomato
TXN010600,ACC0197,2025-06-23,108798.02,Flipkart
TXN000396,ACC0012,2025-01-17,29702.66,ATM_Withdrawal
TXN019613,ACC0257,2025-07-05,94468.5,Swiggy
TXN016957,ACC0288,2025-02-20,124597.87,Unknown_POS
TXN019364,ACC0401,2025-05-07,37841.3,Swiggy
TXN002223,ACC0241,2025-04-12,56177.7,BigBasket
TXN016508,ACC0015,2025-07-05,134193.75,Swiggy
TXN018629,ACC0401,2025-07-08,119123.02,Unknown_POS
TXN011127,ACC0389,2025-04-18,58641.93,ATM_Withdrawal
TXN017398,ACC0137,2025-07-24,58520.32,Zomato
TXN005296,ACC0329,2025-06-12,103663.02,BigBasket
TXN018005,ACC0375,2025-04-30,58899.77,Amazon
TXN010693,ACC0025,2025-07-28,120945.41,Zomato
TXN001934,ACC0196,2025-02-22,142306.47,Flipkart
TXN017183,ACC0236,2025-04-13,22597.78,Uber
TXN010698,ACC0408,2025-05-19,90564.69,BigBasket
TXN007529,ACC0379,2025-01-09,119456.5,BigBasket
TXN006701,ACC0148,2025-04-24,116629.33,Uber
TXN015947,ACC0040,2025-05-18,97596.52,Uber
TXN017081,ACC0449,2025-03-15,73706.45,Swiggy
TXN014607,ACC0465,2025-06-13,6282.42,ATM_Withdrawal
TXN006883,ACC0095,2025-06-26,92604.63,Flipkart
TXN006442,ACC0206,2025-03-20,70157.42,Uber
TXN007965,ACC0481,2025-01-06,22113.58,Swiggy
TXN019285,ACC0209,2025-01-24,142980.23,Zomato
TXN017827,ACC0497,2025-06-04,58376.03,Zomato
TXN018120,ACC0205,2025-05-29,8644.06,Flipkart
TXN008007,ACC0452,2025-07-12,38719.55,Zomato
TXN018564,ACC0047,2025-05-13,62955.89,Swiggy
TXN900006,ACC0050,2025-02-11,-2500.0,Uber
TXN000848,ACC0231,2025-07-10,50231.75,BigBasket
TXN008958,ACC0239,2025-02-05,134286.67,Zomato
TXN009985,ACC0173,2025-07-24,45978.82,BigBasket
TXN008075,ACC0417,2025-04-06,128384.85,Swiggy
TXN006194,ACC0196,2025-04-14,121029.24,Unknown_POS
TXN004602,ACC0284,2025-02-28,15101.56,Unknown_POS
TXN013576,ACC0286,2025-07-29,49480.21,Amazon
TXN001700,ACC0172,2025-07-29,20708.98,Zomato
TXN010769,ACC0086,2025-06-19,86633.04,Flipkart
TXN018580,ACC0428,2025-06-27,146830.25,ATM_Withdrawal
TXN003338,ACC0125,2025-05-30,74271.66,Unknown_POS
TXN010705,ACC0226,2025-04-16,125879.79,Swiggy
TXN006296,ACC0017,2025-03-17,149129.54,Swiggy
TXN007640,ACC0446,2025-01-22,95202.92,BigBasket
TXN004255,ACC0126,2025-06-26,56624.8,ATM_Withdrawal
TXN007182,ACC0266,2025-03-22,36088.62,Amazon
TXN015118,ACC0344,2025-04-26,7240.8,Unknown_POS
TXN017924,ACC0384,2025-02-09,74457.67,Uber
TXN003734,ACC0379,2025-02-28,102617.4,BigBasket
TXN006505,ACC0016,2025-07-08,96441.61,Unknown_POS
TXN019756,ACC0487,2025-03-05,45191.11,ATM_Withdrawal
TXN003036,ACC0083,2025-03-23,19354.49,Unknown_POS
TXN008247,ACC0493,2025-05-26,130364.53,Unknown_POS
TXN000214,ACC0246,2025-03-22,26686.71,Unknown_POS
TXN015202,ACC0367,2025-02-05,31486.81,BigBasket
TXN017362,ACC0072,2025-06-29,53655.49,Uber
TXN019482,ACC0204,2025-01-21,65467.04,ATM_Withdrawal
TXN012063,ACC0027,2025-06-13,719.65,Unknown_POS
TXN019918,ACC0075,2025-07-28,114957.6,Flipkart
TXN008614,ACC0491,2025-01-27,72292.76,Uber
TXN016622,ACC0500,2025-05-04,11001.04,ATM_Withdrawal
TXN007148,ACC0270,2025-04-20,5954.7,BigBasket
TXN001816,ACC0099,2025-01-24,122451.31,Uber
TXN009334,ACC0324,2025-05-29,64810.59,Zomato
TXN018307,ACC0365,2025-04-18,43500.2,BigBasket
TXN004380,ACC0448,2025-07-30,80927.02,Flipkart
TXN002550,ACC0338,2025-06-15,110303.48,Zomato
TXN016357,ACC0121,2025-05-06,94965.52,Swiggy
TXN010919,ACC0143,2025-07-11,137709.91,Flipkart
TXN009080,ACC0329,2025-03-21,91567.44,Swiggy
TXN006257,ACC0212,2025-03-24,11478.64,Flipkart
TXN008535,ACC0263,2025-07-23,148336.14,Unknown_POS
TXN011258,ACC0384,2025-06-23,144772.03,Flipkart
TXN006913,ACC0472,2025-01-21,100528.5,ATM_Withdrawal
TXN017812,ACC0326,2025-07-08,92775.07,BigBasket
TXN007955,ACC0277,2025-07-27,70822.7,ATM_Withdrawal
TXN017111,ACC0115,2025-03-31,51516.95,Swiggy
TXN014129,ACC0317,2025-06-08,148757.69,ATM_Withdrawal
TXN017876,ACC0058,2025-07-04,91267.15,Unknown_POS
TXN004004,ACC0109,2025-02-07,49911.06,Uber
TXN002480,ACC0057,2025-04-28,139083.49,Flipkart
TXN017207,ACC0443,2025-04-06,19256.43,Zomato
TXN015952,ACC0450,2025-03-01,21269.54,Swiggy
TXN006597,ACC0331,2025-03-15,133691.49,Flipkart
TXN012994,ACC0006,2025-06-16,824.6,Unknown_POS
TXN001203,ACC0436,2025-07-20,41713.43,Swiggy
TXN002049,ACC0425,2025-04-20,37968.04,Uber
TXN015450,ACC0133,2025-01-27,92787.49,Flipkart
TXN003178,ACC0345,2025-03-19,14230.47,ATM_Withdrawal
TXN000413,ACC0393,2025-05-30,149940.88,Swiggy
TXN019064,ACC0014,2025-07-24,138968.74,Uber
TXN004929,ACC0342,2025-06-03,15302.42,Zomato
TXN008091,ACC0022,2025-03-16,23118.72,BigBasket
TXN004244,ACC0311,2025-02-20,36202.39,Flipkart
TXN018159,ACC0492,2025-02-21,138315.84,Unknown_POS
TXN008214,ACC0180,2025-03-01,141048.46,Amazon
TXN009820,ACC0453,2025-06-23,25914.75,Flipkart
TXN018304,ACC0007,2025-06-18,131147.18,Amazon
TXN006389,ACC0410,2025-06-22,72516.55,BigBasket
TXN005480,ACC0426,2025-01-21,145418.9,Uber
TXN009373,ACC0237,2025-02-24,64957.28,BigBasket
TXN005771,ACC0488,2025-02-09,128396.06,Uber
TXN011534,ACC0185,2025-05-05,36948.22,Flipkart
TXN007446,ACC0260,2025-04-22,116418.11,BigBasket
TXN007033,ACC0304,2025-05-24,121677.3,Zomato
TXN011845,ACC0197,2025-03-28,127617.81,Uber
TXN015579,ACC0455,2025-05-05,66224.08,ATM_Withdrawal
TXN000317,ACC0441,2025-02-25,13048.87,Flipkart
TXN014726,ACC0128,2025-02-13,34672.78,BigBasket
TXN005174,ACC0189,2025-01-23,64246.45,Uber
TXN015029,ACC0157,2025-05-16,70815.17,BigBasket
TXN017394,ACC0035,2025-07-13,45682.36,Flipkart
TXN006684,ACC0065,2025-02-25,45676.68,Unknown_POS
TXN006528,ACC0264,2025-01-17,52943.72,Flipkart
TXN009115,ACC0483,2025-06-26,133499.02,Amazon
TXN015800,ACC0131,2025-07-10,43512.28,Flipkart
TXN000669,ACC0038,2025-07-20,106166.85,Zomato
TXN008259,ACC0187,2025-05-24,96180.53,ATM_Withdrawal
TXN001594,ACC0134,2025-02-13,75586.82,BigBasket
TXN007990,ACC0065,2025-03-02,34065.36,Swiggy
TXN011336,ACC0298,2025-01-30,90994.41,Flipkart
TXN010373,ACC0485,2025-06-22,1838.25,Zomato
TXN019888,ACC0117,2025-06-04,7820.42,Amazon
TXN013743,ACC0466,2025-04-05,146741.62,Uber
TXN011722,ACC0217,2025-06-24,117742.07,Flipkart
TXN001189,ACC0058,2025-05-29,72255.86,Flipkart
TXN000255,ACC0471,2025-06-07,88545.75,Swiggy
TXN005332,ACC0393,2025-05-10,102668.99,Flipkart
TXN003634,ACC0115,2025-06-12,507.83,BigBasket
TXN004020,ACC0394,2025-06-03,99513.96,ATM_Withdrawal
TXN016840,ACC0103,2025-05-12,37278.2,BigBasket
TXN013362,ACC0349,2025-01-08,115723.07,Uber
TXN014550,ACC0303,2025-01-15,82805.77,ATM_Withdrawal
TXN011104,ACC0166,2025-05-12,81298.88,Amazon
TXN014553,ACC0411,2025-05-27,119208.46,ATM_Withdrawal
TXN010897,ACC0079,2025-02-24,116139.32,Zomato
TXN011945,ACC0361,2025-07-20,24851.15,Unknown_POS
TXN011380,ACC0352,2025-01-21,2631.8,ATM_Withdrawal
TXN014255,ACC0083,2025-01-26,127999.4,Zomato
TXN004361,ACC0122,2025-05-12,146932.65,BigBasket
TXN011686,ACC0258,2025-01-18,79619.11,ATM_Withdrawal
TXN005084,ACC0493,2025-07-26,9584.14,Zomato
TXN007632,ACC0347,2025-05-12,132693.37,Amazon
TXN004757,ACC0247,2025-07-02,74205.41,Swiggy
TXN014148,ACC0063,2025-04-25,87079.07,Uber
TXN002123,ACC0418,2025-06-18,136860.84,Swiggy
TXN014861,ACC0017,2025-05-14,114906.08,Amazon
TXN000443,ACC0355,2025-01-18,52604.65,Flipkart
TXN011950,ACC0010,2025-03-15,3077.15,Flipkart
TXN008519,ACC0492,2025-01-21,147128.57,Swiggy
TXN015420,ACC0267,2025-07-17,128872.91,BigBasket
TXN014056,ACC0483,2025-06-02,56894.91,Unknown_POS
TXN018571,ACC0397,2025-02-19,112523.36,Uber
TXN000385,ACC0238,2025-03-09,127879.7,Flipkart
TXN014885,ACC0399,2025-05-10,65409.48,Zomato
TXN009127,ACC0073,2025-06-05,147421.16,Flipkart
TXN008472,ACC0059,2025-05-01,37758.89,Zomato
TXN004097,ACC0371,2025-06-15,117850.34,BigBasket
TXN016275,ACC0272,2025-03-30,42800.25,Uber
TXN004960,ACC0466,2025-04-06,102919.4,BigBasket
TXN013417,ACC0236,2025-05-15,11945.75,Amazon
TXN001693,ACC0410,2025-04-28,144398.93,Flipkart
TXN005854,ACC0417,2025-01-04,47493.1,Zomato
TXN013112,ACC0327,2025-07-20,19175.8,Uber
TXN012639,ACC0173,2025-05-25,17717.23,Flipkart
TXN006337,ACC0208,2025-02-10,130050.03,BigBasket
TXN014569,ACC0376,2025-04-07,84965.52,Uber
TXN001848,ACC0313,2025-06-10,64804.26,Flipkart
TXN016177,ACC0424,2025-04-10,134777.39,Unknown_POS
TXN019160,ACC0031,2025-05-14,27296.66,ATM_Withdrawal
TXN003529,ACC0158,2025-01-17,54472.86,BigBasket
TXN000069,ACC0245,2025-06-16,29958.42,Uber
TXN007233,ACC0218,2025-05-27,35144.5,Unknown_POS
TXN012132,ACC0200,2025-01-11,110746.4,ATM_Withdrawal
TXN019713,ACC0450,2025-05-19,33990.75,Unknown_POS
TXN002525,ACC0330,2025-07-20,128422.65,Amazon
TXN008267,ACC0185,2025-05-05,785.14,Zomato
TXN008811,ACC0109,2025-06-08,115405.93,Unknown_POS
TXN018731,ACC0094,2025-07-13,78969.13,Flipkart
TXN005365,ACC0091,2025-05-26,139213.89,ATM_Withdrawal
TXN002594,ACC0007,2025-04-01,45205.05,BigBasket
TXN014806,ACC0174,2025-07-10,35791.26,Zomato
TXN013536,ACC0132,2025-01-25,121920.65,Unknown_POS
TXN016026,ACC0418,2025-02-27,135415.24,Swiggy
TXN015367,ACC0488,2025-01-10,69731.35,Swiggy
TXN017676,ACC0287,2025-07-10,67312.51,Swiggy
TXN003354,ACC0167,2025-04-28,104880.71,Uber
TXN001043,ACC0444,2025-04-28,133143.66,Unknown_POS
TXN005775,ACC0425,2025-01-21,99375.6,Amazon
TXN017851,ACC0042,2025-06-03,148126.13,Zomato
TXN008063,ACC0012,2025-06-12,85530.03,BigBasket
TXN010272,ACC0118,2025-05-05,59505.0,Amazon
TXN007232,ACC0201,2025-02-10,2166.64,Amazon
TXN008959,ACC0255,2025-06-22,26548.25,BigBasket
TXN014161,ACC0040,2025-06-20,96732.26,Amazon
TXN018883,ACC0456,2025-04-13,74575.49,Unknown_POS
TXN018155,ACC0341,2025-01-28,22815.05,Zomato
TXN001711,ACC0223,2025-01-16,59020.28,Amazon
TXN017197,ACC0019,2025-06-08,44159.34,Uber
TXN017986,ACC0046,2025-01-28,81505.35,Flipkart
TXN013600,ACC0333,2025-07-02,120389.51,ATM_Withdrawal
TXN007679,ACC0041,2025-03-01,53644.26,Zomato
TXN010524,ACC0081,2025-07-25,41499.15,Zomato
TXN001538,ACC0497,2025-03-12,65949.34,Uber
TXN001140,ACC0048,2025-07-28,120362.46,ATM_Withdrawal
TXN005134,ACC0117,2025-06-29,92411.49,Swiggy
TXN014918,ACC0430,2025-03-22,55511.73,ATM_Withdrawal
TXN015586,ACC0434,2025-06-17,92557.5,BigBasket
TXN012264,ACC0497,2025-07-18,7594.39,Swiggy
TXN012051,ACC0224,2025-06-30,62031.86,Unknown_POS
TXN001297,ACC0351,2025-05-02,74652.35,Swiggy
TXN016159,ACC0175,2025-04-08,51709.21,Swiggy
TXN004366,ACC0443,2025-05-29,48487.25,Swiggy
TXN004977,ACC0095,2025-05-30,9219.19,Swiggy
TXN009399,ACC0003,2025-01-06,43866.32,Zomato
TXN010805,ACC0162,2025-02-28,67918.5,Swiggy
TXN003051,ACC0214,2025-01-05,67043.18,Uber
TXN001992,ACC0333,2025-06-09,55378.55,Flipkart
TXN015524,ACC0020,2025-07-22,80006.57,ATM_Withdrawal
TXN018021,ACC0473,2025-01-14,41776.06,Unknown_POS
TXN011132,ACC0181,2025-01-11,79278.06,Swiggy
TXN015116,ACC0264,2025-04-21,35572.22,Uber
TXN014266,ACC0279,2025-04-20,136466.49,ATM_Withdrawal
TXN016898,ACC0039,2025-02-14,12117.81,Zomato
TXN012927,ACC0238,2025-06-22,41017.7,Flipkart
TXN009049,ACC0259,2025-04-26,9571.48,Amazon
TXN006953,ACC0417,2025-07-25,86684.56,BigBasket
TXN014680,ACC0229,2025-05-15,48292.38,Uber
TXN011621,ACC0051,2025-05-03,145622.14,BigBasket
TXN017989,ACC0262,2025-01-15,83946.43,BigBasket
TXN000670,ACC0490,2025-02-17,78114.91,Swiggy
TXN018732,ACC0428,2025-01-26,120939.35,Uber
TXN002718,ACC0122,2025-03-01,13844.02,Amazon
TXN007500,ACC0457,2025-02-25,58124.32,Unknown_POS
TXN009474,ACC0431,2025-02-22,26023.07,Swiggy
TXN007924,ACC0485,2025-04-23,113905.44,BigBasket
TXN014977,ACC0121,2025-04-08,126139.18,Unknown_POS
TXN019711,ACC0170,2025-01-17,104240.17,Amazon
TXN008205,ACC0339,2025-05-01,89966.54,Amazon
TXN017503,ACC0422,2025-05-31,134656.2,Unknown_POS
TXN012115,ACC0044,2025-06-18,45969.71,BigBasket
TXN016714,ACC0234,2025-05-08,67437.97,Zomato
TXN017678,ACC0443,2025-05-07,145995.26,BigBasket
TXN003350,ACC0013,2025-06-11,141895.17,Flipkart
TXN017045,ACC0173,2025-04-14,116371.73,BigBasket
TXN005777,ACC0212,2025-01-28,120951.14,Uber
TXN014601,ACC0472,2025-03-18,91840.28,Zomato
TXN018644,ACC0090,2025-07-19,149779.82,Amazon
TXN012705,ACC0391,2025-02-08,88441.39,Zomato
TXN003380,ACC0212,2025-02-17,127193.32,Unknown_POS
TXN006224,ACC0068,2025-01-09,88735.94,Unknown_POS
TXN001979,ACC0307,2025-01-02,7347.27,Unknown_POS
TXN007667,ACC0418,2025-06-10,79331.64,Unknown_POS
TXN015584,ACC0142,2025-02-05,67293.82,Zomato
TXN013060,ACC0321,2025-04-09,5149.29,Swiggy
TXN018254,ACC0165,2025-03-17,109318.94,ATM_Withdrawal
TXN011194,ACC0350,2025-05-31,26689.85,BigBasket
TXN005322,ACC0074,2025-01-29,56383.29,Unknown_POS
TXN011216,ACC0306,2025-01-15,59297.11,BigBasket
TXN003228,ACC0233,2025-05-16,117177.88,Unknown_POS
TXN015639,ACC0219,2025-02-06,71154.2,Zomato
TXN019471,ACC0072,2025-02-04,137225.18,Unknown_POS
TXN005989,ACC0243,2025-03-23,22714.16,Unknown_POS
TXN006741,ACC0112,2025-03-26,33140.01,Flipkart
TXN007814,ACC0432,2025-03-27,121511.3,Uber
TXN014572,ACC0432,2025-01-17,5997.93,Flipkart
TXN017099,ACC0437,2025-04-17,135946.91,Uber
TXN002211,ACC0174,2025-06-23,37502.3,Flipkart
TXN001663,ACC0463,2025-02-09,110830.24,ATM_Withdrawal
TXN003615,ACC0412,2025-02-25,62480.99,Amazon
TXN017685,ACC0131,2025-07-19,149738.6,Unknown_POS
TXN006795,ACC0267,2025-05-15,137239.47,BigBasket
TXN014762,ACC0245,2025-01-21,84979.43,Zomato
TXN002304,ACC0036,2025-02-06,10853.7,Zomato
TXN004762,ACC0039,2025-02-07,109580.51,Swiggy
TXN011382,ACC0208,2025-04-02,22200.07,Swiggy
TXN003652,ACC0282,2025-01-07,94352.11,BigBasket
TXN000655,ACC0199,2025-04-17,143507.46,BigBasket
TXN008246,ACC0121,2025-01-27,149167.72,Zomato
TXN004425,ACC0399,2025-07-11,51427.59,BigBasket
TXN016791,ACC0034,2025-07-07,125169.11,Zomato
TXN019376,ACC0170,2025-04-07,15090.34,BigBasket
TXN000639,ACC0103,2025-02-23,93643.93,Uber
TXN005161,ACC0443,2025-07-24,36734.08,Flipkart
TXN014113,ACC0161,2025-07-10,103443.56,Unknown_POS
TXN004906,ACC0243,2025-02-21,120725.78,Flipkart
TXN001705,ACC0078,2025-07-12,113038.4,Unknown_POS
TXN006432,ACC0224,2025-07-09,104866.82,Swiggy
TXN008242,ACC0449,2025-07-13,8357.41,Swiggy
TXN006626,ACC0057,2025-05-21,57590.33,ATM_Withdrawal
TXN012713,ACC0105,2025-03-01,138879.91,ATM_Withdrawal
TXN005228,ACC0142,2025-05-29,67661.02,Zomato
TXN006450,ACC0214,2025-01-22,57659.45,Swiggy
TXN000064,ACC0125,2025-01-13,100491.6,Zomato
TXN013778,ACC0027,2025-04-05,145076.02,Unknown_POS
TXN017465,ACC0113,2025-07-01,82720.24,BigBasket
TXN010660,ACC0106,2025-06-14,110549.27,ATM_Withdrawal
TXN003300,ACC0282,2025-07-02,44392.23,BigBasket
TXN017504,ACC0320,2025-07-22,130262.9,Uber
TXN003501,ACC0074,2025-03-15,95582.13,Swiggy
TXN007626,ACC0016,2025-01-12,144026.46,ATM_Withdrawal
TXN012662,ACC0251,2025-07-13,6481.4,Flipkart
TXN012850,ACC0134,2025-04-30,41861.67,ATM_Withdrawal
TXN008579,ACC0445,2025-04-24,118422.74,Unknown_POS
TXN004950,ACC0330,2025-01-08,137022.62,Flipkart
TXN005000,ACC0051,2025-06-15,119299.49,Swiggy
TXN007723,ACC0286,2025-03-04,129141.26,ATM_Withdrawal
TXN008282,ACC0336,2025-07-15,29022.94,Uber
TXN012331,ACC0129,2025-06-17,91325.69,Flipkart
TXN018850,ACC0057,2025-02-05,77554.49,Flipkart
TXN017094,ACC0117,2025-01-06,7645.22,Flipkart
TXN009562,ACC0090,2025-02-26,30226.89,Flipkart
TXN013434,ACC0187,2025-07-06,78352.96,ATM_Withdrawal
TXN019689,ACC0333,2025-05-03,22337.74,ATM_Withdrawal
TXN010479,ACC0307,2025-06-29,94342.46,Unknown_POS
TXN003514,ACC0073,2025-05-01,16342.09,ATM_Withdrawal
TXN014501,ACC0021,2025-06-27,97039.04,Uber
TXN016091,ACC0401,2025-06-29,119480.23,Amazon
TXN002733,ACC0431,2025-05-14,34618.86,Zomato
TXN015978,ACC0089,2025-05-13,130731.49,Zomato
TXN009823,ACC0181,2025-03-20,101228.09,BigBasket
TXN014413,ACC0497,2025-07-15,148250.85,Amazon
TXN011195,ACC0124,2025-02-03,96799.84,Amazon
TXN017755,ACC0235,2025-05-28,111143.44,ATM_Withdrawal
TXN000968,ACC0071,2025-03-09,55094.08,Zomato
TXN019252,ACC0224,2025-06-02,69963.01,Unknown_POS
TXN010224,ACC0243,2025-02-18,32322.0,Flipkart
TXN014474,ACC0090,2025-06-01,120749.6,Swiggy
TXN019856,ACC0384,2025-03-26,56573.5,Amazon
TXN012008,ACC0211,2025-05-11,37847.36,ATM_Withdrawal
TXN007714,ACC0325,2025-06-29,20711.03,Swiggy
TXN017820,ACC0291,2025-06-23,57286.33,Zomato
TXN009960,ACC0290,2025-04-10,39718.27,Zomato
TXN007050,ACC0073,2025-02-19,44315.73,Uber
TXN019680,ACC0426,2025-01-06,127019.79,Swiggy
TXN014280,ACC0259,2025-04-06,4797.82,Uber
TXN003434,ACC0022,2025-04-02,8840.7,ATM_Withdrawal
TXN006370,ACC0413,2025-06-14,15084.23,Swiggy
TXN018723,ACC0376,2025-06-07,122150.34,Flipkart
TXN009313,ACC0141,2025-04-24,136073.3,BigBasket
TXN006350,ACC0217,2025-01-14,52061.81,ATM_Withdrawal
TXN000827,ACC0204,2025-02-26,112537.9,Swiggy
TXN016753,ACC0065,2025-03-29,142518.83,BigBasket
TXN014383,ACC0342,2025-07-29,32002.03,Swiggy
TXN015390,ACC0300,2025-01-31,149951.7,Flipkart
TXN013711,ACC0390,2025-02-19,84702.35,Amazon
TXN008765,ACC0285,2025-05-20,96726.49,Flipkart
TXN015455,ACC0351,2025-07-05,60320.47,Uber
TXN012776,ACC0156,2025-02-24,73652.47,Flipkart
TXN018728,ACC0444,2025-06-30,147276.9,Swiggy
TXN004484,ACC0146,2025-03-19,42690.23,Unknown_POS
TXN001591,ACC0003,2025-03-06,75706.07,Unknown_POS
TXN003880,ACC0086,2025-05-14,10063.5,Flipkart
TXN013931,ACC0405,2025-02-15,8928.38,Amazon
TXN000149,ACC0239,2025-01-26,120432.35,ATM_Withdrawal
TXN001636,ACC0477,2025-05-07,79115.44,Flipkart
TXN004018,ACC0275,2025-07-28,134929.11,Unknown_POS
TXN012617,ACC0252,2025-04-05,39922.22,Amazon
TXN019480,ACC0383,2025-05-29,131551.23,Zomato
TXN002147,ACC0197,2025-05-04,149993.13,Unknown_POS
TXN005943,ACC0056,2025-06-28,90563.29,Zomato
TXN003395,ACC0034,2025-07-04,41449.75,Uber
TXN002254,ACC0094,2025-01-11,130.36,BigBasket
TXN010116,ACC0056,2025-07-05,110115.27,ATM_Withdrawal
TXN000876,ACC0303,2025-06-02,68508.69,Unknown_POS
TXN017131,ACC0152,2025-07-14,5776.73,Swiggy
TXN018211,ACC0244,2025-06-02,123952.2,Uber
TXN003006,ACC0304,2025-01-08,24645.69,Swiggy
TXN019676,ACC0212,2025-07-24,130283.29,ATM_Withdrawal
TXN003347,ACC0294,2025-05-14,5639.57,Unknown_POS
TXN000431,ACC0406,2025-06-13,144101.28,BigBasket
TXN006687,ACC0299,2025-05-12,64535.76,Zomato
TXN004038,ACC0280,2025-03-06,108811.02,Flipkart
TXN015484,ACC0020,2025-05-07,2741.45,Amazon
TXN019686,ACC0136,2025-01-18,97989.89,Unknown_POS
TXN000048,ACC0447,2025-07-08,109123.94,Swiggy
TXN008183,ACC0044,2025-01-07,39590.96,Flipkart
TXN018882,ACC0036,2025-02-16,28530.92,Zomato
TXN018324,ACC0014,2025-07-03,138890.34,Uber
TXN008654,ACC0322,2025-05-22,102115.27,Swiggy
TXN004415,ACC0259,2025-05-08,107795.03,Swiggy
TXN011473,ACC0089,2025-04-08,140676.53,Flipkart
TXN012260,ACC0315,2025-05-11,24798.27,Zomato
TXN012236,ACC0041,2025-01-21,149395.47,Amazon
TXN003957,ACC0171,2025-04-05,17778.05,Zomato
TXN005147,ACC0362,2025-01-23,144550.44,ATM_Withdrawal
TXN002991,ACC0112,2025-04-30,39163.84,Flipkart
TXN017483,ACC0495,2025-04-09,120484.55,Flipkart
TXN019800,ACC0408,2025-04-20,71254.41,Uber
TXN010381,ACC0287,2025-06-17,108925.26,Amazon
TXN006297,ACC0076,2025-01-05,47065.24,ATM_Withdrawal
TXN019515,ACC0218,2025-03-19,117731.61,Swiggy
TXN001967,ACC0204,2025-01-10,1660.07,Flipkart
TXN016262,ACC0466,2025-07-25,49605.81,ATM_Withdrawal
TXN002175,ACC0195,2025-01-07,144604.45,Zomato
TXN011603,ACC0395,2025-04-23,119698.83,Zomato
TXN004803,ACC0124,2025-06-14,89383.68,Swiggy
TXN009770,ACC0328,2025-06-30,136493.81,Unknown_POS
TXN006675,ACC0445,2025-05-31,19617.23,Swiggy
TXN012145,ACC0194,2025-07-18,132638.02,Unknown_POS
TXN018622,ACC0115,2025-03-19,119710.77,Zomato
TXN018064,ACC0210,2025-07-07,27213.32,Unknown_POS
TXN000804,ACC0233,2025-04-14,86257.26,Uber
TXN014401,ACC0361,2025-05-11,113443.24,Unknown_POS
TXN014453,ACC0242,2025-07-15,24467.02,Uber
TXN019777,ACC0232,2025-06-28,15939.2,BigBasket
TXN007991,ACC0497,2025-05-25,67521.99,Amazon
TXN005555,ACC0422,2025-07-22,56081.64,BigBasket
TXN007308,ACC0452,2025-07-19,87641.92,Flipkart
TXN005998,ACC0006,2025-03-23,14158.37,Zomato
TXN007685,ACC0498,2025-05-15,57896.47,Swiggy
TXN016982,ACC0260,2025-06-21,96044.27,Flipkart
TXN015433,ACC0446,2025-04-30,76912.0,ATM_Withdrawal
TXN016764,ACC0274,2025-02-23,52504.27,BigBasket
TXN007137,ACC0246,2025-04-30,22886.47,BigBasket
TXN004988,ACC0172,2025-07-13,131474.77,ATM_Withdrawal
TXN000081,ACC0405,2025-03-17,85188.79,Zomato
TXN019527,ACC0089,2025-07-12,6983.39,Uber
TXN008108,ACC0195,2025-05-03,26455.78,Amazon
TXN010900,ACC0352,2025-04-29,113404.62,BigBasket
TXN013355,ACC0100,2025-05-09,23472.15,Uber
TXN010069,ACC0335,2025-05-29,67529.99,BigBasket
TXN003173,ACC0136,2025-05-17,37390.85,Uber
TXN012299,ACC0260,2025-04-03,67883.5,Swiggy
TXN004078,ACC0323,2025-07-27,2575.98,Zomato
TXN011775,ACC0015,2025-04-17,14673.52,Swiggy
TXN019915,ACC0497,2025-07-09,111192.17,BigBasket
TXN008862,ACC0089,2025-07-27,73077.78,BigBasket
TXN004165,ACC0475,2025-01-24,131214.98,Flipkart
TXN002108,ACC0160,2025-01-16,88529.46,Zomato
TXN008347,ACC0242,2025-02-04,1037.2,ATM_Withdrawal
TXN018767,ACC0197,2025-04-02,51079.36,Unknown_POS
TXN000814,ACC0265,2025-05-18,1507.99,Uber
TXN000215,ACC0496,2025-03-23,43752.65,ATM_Withdrawal
TXN006104,ACC0109,2025-01-07,59483.89,ATM_Withdrawal
TXN016495,ACC0098,2025-04-26,56406.54,Swiggy
TXN011057,ACC0406,2025-07-17,100818.65,Unknown_POS
TXN010539,ACC0073,2025-01-16,122998.9,BigBasket
TXN009278,ACC0045,2025-01-01,129607.81,Unknown_POS
TXN012771,ACC0405,2025-05-31,83330.92,Flipkart
TXN001530,ACC0462,2025-04-15,134521.15,Flipkart
TXN002270,ACC0459,2025-04-04,67299.91,Flipkart
TXN008636,ACC0445,2025-01-16,144914.89,ATM_Withdrawal
TXN003999,ACC0263,2025-06-04,74328.88,Uber
TXN003942,ACC0324,2025-06-20,49013.63,Swiggy
TXN012362,ACC0443,2025-04-18,125686.69,Unknown_POS
TXN000748,ACC0040,2025-05-12,96539.38,Zomato
TXN002701,ACC0335,2025-01-08,4889.6,Unknown_POS
TXN006137,ACC0491,2025-03-25,45407.91,Amazon
TXN009300,ACC0345,2025-06-04,71168.7,BigBasket
TXN002103,ACC0414,2025-03-01,33571.45,Flipkart
TXN004560,ACC0478,2025-03-05,29732.8,Zomato
TXN001803,ACC0340,2025-03-24,51277.39,ATM_Withdrawal
TXN010259,ACC0105,2025-03-22,145931.47,Flipkart
TXN007163,ACC0328,2025-02-20,3020.95,Swiggy
TXN013391,ACC0457,2025-06-10,15540.35,Flipkart
TXN003955,ACC0475,2025-01-15,65371.73,Unknown_POS
TXN008340,ACC0296,2025-02-12,94260.38,Swiggy
TXN002214,ACC0112,2025-03-20,139369.9,Amazon
TXN004944,ACC0495,2025-07-24,98218.72,Uber
TXN013898,ACC0359,2025-02-02,69448.75,Zomato
TXN015655,ACC0071,2025-06-15,102728.9,BigBasket
TXN000706,ACC0108,2025-07-11,111227.5,BigBasket
TXN014352,ACC0123,2025-03-04,111864.6,ATM_Withdrawal
TXN011096,ACC0086,2025-05-30,108095.16,Flipkart
TXN014149,ACC0468,2025-02-26,12818.31,Flipkart
TXN011898,ACC0252,2025-01-28,63040.26,Uber
TXN013604,ACC0366,2025-01-16,97863.93,Unknown_POS
TXN015569,ACC0329,2025-05-03,106343.99,Amazon
TXN005247,ACC0376,2025-04-29,50031.1,Unknown_POS
TXN008988,ACC0388,2025-05-29,123650.01,Unknown_POS
TXN003663,ACC0230,2025-02-10,17331.61,Uber
TXN005823,ACC0400,2025-04-30,89831.71,Amazon
TXN012724,ACC0272,2025-05-11,10689.76,BigBasket
TXN003598,ACC0117,2025-05-31,25624.41,BigBasket
TXN016938,ACC0289,2025-07-03,110589.13,ATM_Withdrawal
TXN019971,ACC0289,2025-06-09,128914.58,Swiggy
TXN015646,ACC0473,2025-04-19,43687.65,BigBasket
TXN002795,ACC0295,2025-05-07,94912.83,Zomato
TXN006736,ACC0259,2025-06-20,12034.58,Flipkart
TXN004783,ACC0251,2025-02-13,4654.23,Unknown_POS
TXN004507,ACC0201,2025-01-14,82428.64,Swiggy
TXN008408,ACC0254,2025-06-03,91109.67,Flipkart
TXN012225,ACC0031,2025-06-10,79855.52,Unknown_POS
TXN009033,ACC0382,2025-07-17,117967.55,BigBasket
TXN007183,ACC0441,2025-06-19,121720.04,ATM_Withdrawal
TXN004328,ACC0278,2025-02-08,36128.09,Uber
TXN008041,ACC0207,2025-03-25,1639.14,Zomato
TXN019564,ACC0323,2025-05-08,4857.41,Zomato
TXN019313,ACC0420,2025-06-05,43238.52,Swiggy
TXN016804,ACC0266,2025-03-07,73848.08,Flipkart
TXN005529,ACC0088,2025-06-16,44256.62,Uber
TXN003322,ACC0106,2025-04-24,21404.14,Uber
TXN017887,ACC0045,2025-01-05,75215.79,Amazon
TXN016018,ACC0322,2025-05-06,11207.48,Uber
TXN015295,ACC0102,2025-04-30,13008.17,Swiggy
TXN002363,ACC0140,2025-01-24,78249.08,Swiggy
TXN013526,ACC0227,2025-04-03,132379.28,ATM_Withdrawal
TXN015041,ACC0169,2025-05-05,80697.1,Zomato
TXN005261,ACC0340,2025-04-26,107145.13,Unknown_POS
TXN001813,ACC0064,2025-04-29,55603.57,Zomato
TXN009267,ACC0300,2025-03-30,33047.82,Amazon
TXN000484,ACC0058,2025-04-17,22488.87,Flipkart
TXN016675,ACC0043,2025-04-29,131483.27,Swiggy
TXN001635,ACC0347,2025-02-27,97159.21,Swiggy
TXN006877,ACC0114,2025-06-18,21702.62,BigBasket
TXN011460,ACC0282,2025-01-25,54756.92,Flipkart
TXN003089,ACC0193,2025-05-18,19798.02,Flipkart
TXN005574,ACC0361,2025-01-02,94013.37,BigBasket
TXN000705,ACC0276,2025-05-21,142049.56,Uber
TXN009566,ACC0077,2025-04-18,68562.58,Swiggy
TXN002864,ACC0486,2025-06-07,91632.17,Swiggy
TXN002616,ACC0489,2025-01-23,106993.91,Swiggy
TXN007883,ACC0003,2025-03-26,14028.74,Unknown_POS
TXN013196,ACC0070,2025-03-30,17457.58,Amazon
TXN012184,ACC0130,2025-01-04,114607.83,BigBasket
TXN006062,ACC0405,2025-03-06,90680.55,Swiggy
TXN017674,ACC0174,2025-06-04,125275.52,Unknown_POS
TXN001688,ACC0062,2025-05-24,33653.14,Uber
TXN006527,ACC0432,2025-04-26,112354.6,ATM_Withdrawal
TXN000951,ACC0292,2025-06-10,142128.13,Unknown_POS
TXN013819,ACC0083,2025-05-15,96179.54,Unknown_POS
TXN003847,ACC0078,2025-01-06,83078.85,BigBasket
TXN006223,ACC0078,2025-06-12,126550.29,ATM_Withdrawal
TXN006188,ACC0348,2025-01-05,145636.05,Unknown_POS
TXN005437,ACC0340,2025-06-13,77239.71,Unknown_POS
TXN004025,ACC0332,2025-03-04,141989.45,Amazon
TXN017545,ACC0371,2025-07-02,70329.22,Amazon
TXN019440,ACC0339,2025-05-23,56620.29,Uber
TXN011565,ACC0273,2025-01-31,133469.21,Swiggy
TXN004801,ACC0361,2025-07-20,82893.04,Amazon
TXN003310,ACC0440,2025-02-21,41799.29,Unknown_POS
TXN013197,ACC0202,2025-06-16,67298.46,Swiggy
TXN009026,ACC0307,2025-02-20,74372.54,Unknown_POS
TXN004836,ACC0002,2025-04-05,122614.59,Uber
TXN008525,ACC0454,2025-03-09,66022.11,Uber
TXN013418,ACC0375,2025-01-18,109987.72,Flipkart
TXN019958,ACC0046,2025-01-15,76218.58,Flipkart
TXN016286,ACC0243,2025-07-07,84164.17,Flipkart
TXN007671,ACC0368,2025-05-18,135165.47,Flipkart
TXN016543,ACC0289,2025-01-03,143973.29,BigBasket
TXN016276,ACC0376,2025-02-20,4846.74,Swiggy
TXN001771,ACC0044,2025-07-26,80054.9,BigBasket
TXN006743,ACC0087,2025-03-31,117800.82,Amazon
TXN000072,ACC0468,2025-02-14,62711.85,Swiggy
TXN007934,ACC0205,2025-06-06,51601.29,Swiggy
TXN013619,ACC0032,2025-07-06,88246.35,BigBasket
TXN005088,ACC0261,2025-01-23,122224.15,Swiggy
TXN004308,ACC0209,2025-06-09,104966.65,ATM_Withdrawal
TXN019053,ACC0345,2025-04-20,37481.52,Uber
TXN006437,ACC0466,2025-02-02,30794.18,ATM_Withdrawal
TXN018138,ACC0222,2025-04-11,50743.86,Zomato
TXN001118,ACC0398,2025-03-25,21537.09,Flipkart
TXN015669,ACC0416,2025-03-07,36443.79,Unknown_POS
TXN012013,ACC0225,2025-06-17,1640.92,Unknown_POS
TXN000661,ACC0230,2025-02-15,147518.83,Flipkart
TXN005540,ACC0461,2025-01-21,69345.21,BigBasket
TXN011493,ACC0286,2025-02-20,21549.59,Unknown_POS
TXN006489,ACC0087,2025-07-03,92567.84,Uber
TXN000264,ACC0210,2025-06-25,73784.3,ATM_Withdrawal
TXN001133,ACC0314,2025-03-28,81109.54,Amazon
TXN004822,ACC0009,2025-01-17,103765.16,Unknown_POS
TXN900008, ACC0070 ,2025-02-13,6600.0,  Amazon 
TXN010722,ACC0327,2025-04-28,4652.11,Unknown_POS
TXN009749,ACC0207,2025-04-04,93654.99,Flipkart
TXN016006,ACC0470,2025-04-09,144354.24,Amazon
TXN001718,ACC0455,2025-05-20,93672.73,ATM_Withdrawal
TXN006410,ACC0220,2025-04-27,63066.19,BigBasket
TXN002829,ACC0443,2025-02-05,148961.93,Flipkart
TXN011724,ACC0165,2025-01-27,15341.52,Flipkart
TXN003903,ACC0413,2025-01-10,31073.61,BigBasket
TXN008329,ACC0251,2025-05-29,47411.28,BigBasket
TXN019157,ACC0055,2025-02-12,123950.82,BigBasket
TXN001936,ACC0169,2025-05-26,144292.63,Uber
TXN016100,ACC0355,2025-05-31,143528.34,BigBasket
TXN010053,ACC0021,2025-03-20,118994.82,Zomato
TXN004605,ACC0265,2025-01-25,121859.81,BigBasket
TXN014821,ACC0245,2025-07-08,102642.31,ATM_Withdrawal
TXN007689,ACC0314,2025-04-15,53371.13,BigBasket
TXN001141,ACC0050,2025-04-27,46593.23,ATM_Withdrawal
TXN001537,ACC0112,2025-02-06,16066.76,Zomato
TXN019034,ACC0472,2025-01-02,133319.8,Unknown_POS
TXN005886,ACC0197,2025-01-13,24341.55,Swiggy
TXN016344,ACC0483,2025-06-27,36162.48,Uber
TXN013153,ACC0500,2025-05-29,148820.53,Amazon
TXN003601,ACC0238,2025-04-29,67853.85,Swiggy
TXN007755,ACC0356,2025-05-18,72589.3,Swiggy
TXN017429,ACC0493,2025-04-02,116318.41,Zomato
TXN006761,ACC0469,2025-05-20,149887.81,Flipkart
TXN007763,ACC0179,2025-05-22,2697.06,BigBasket
TXN007785,ACC0057,2025-07-11,119729.07,Zomato
TXN004190,ACC0280,2025-07-28,22234.14,ATM_Withdrawal
TXN013637,ACC0322,2025-02-13,27221.38,Amazon
TXN011899,ACC0289,2025-01-17,87983.52,Unknown_POS
TXN017098,ACC0276,2025-07-22,65569.67,Flipkart
TXN003899,ACC0493,2025-06-15,141495.64,BigBasket
TXN009330,ACC0112,2025-02-15,121629.14,Uber
TXN003302,ACC0495,2025-05-10,27432.73,Zomato
TXN009627,ACC0379,2025-01-31,4007.11,Zomato
TXN001127,ACC0273,2025-03-23,115929.43,Flipkart
TXN015814,ACC0258,2025-03-11,95843.5,Amazon
TXN004751,ACC0314,2025-01-18,58552.02,Flipkart
TXN013413,ACC0282,2025-04-29,9307.67,ATM_Withdrawal
TXN002133,ACC0348,2025-07-21,148273.2,Swiggy
TXN007217,ACC0150,2025-03-29,143186.26,Uber
TXN004277,ACC0453,2025-06-05,13302.54,Amazon
TXN016674,ACC0485,2025-05-24,94924.93,BigBasket
TXN018110,ACC0466,2025-01-04,31915.21,Uber
TXN016790,ACC0226,2025-05-06,44604.97,Swiggy
TXN010484,ACC0042,2025-04-17,6662.78,Uber
TXN010663,ACC0410,2025-01-17,329.98,Uber
TXN013912,ACC0301,2025-02-14,16311.04,Swiggy
TXN015440,ACC0111,2025-01-30,105660.46,Uber
TXN004012,ACC0231,2025-03-09,45077.36,Amazon
TXN008423,ACC0144,2025-04-10,135380.45,Flipkart
TXN014972,ACC0354,2025-01-05,139469.97,Flipkart
TXN014794,ACC0112,2025-06-07,147089.02,Swiggy
TXN005630,ACC0031,2025-06-09,72434.04,Uber
TXN003241,ACC0120,2025-02-25,115863.18,Amazon
TXN017974,ACC0266,2025-07-09,11520.32,ATM_Withdrawal
TXN014934,ACC0108,2025-05-23,130589.16,Unknown_POS
TXN001993,ACC0454,2025-02-25,61693.97,ATM_Withdrawal
TXN002509,ACC0301,2025-04-15,44056.36,BigBasket
TXN012742,ACC0142,2025-06-30,147544.53,Swiggy
TXN009716,ACC0118,2025-03-12,57768.93,Amazon
TXN012370,ACC0058,2025-01-13,64803.02,Flipkart
TXN017649,ACC0432,2025-01-18,117318.48,Zomato
TXN006696,ACC0492,2025-02-10,55491.31,Zomato
TXN012749,ACC0412,2025-07-25,19533.6,ATM_Withdrawal
TXN017967,ACC0010,2025-07-19,147447.72,ATM_Withdrawal
TXN012815,ACC0071,2025-07-25,111482.87,Flipkart
TXN008287,ACC0271,2025-02-01,74093.84,ATM_Withdrawal
TXN014639,ACC0183,2025-07-11,115816.48,Flipkart
TXN000512,ACC0439,2025-02-26,97124.61,Zomato
TXN006569,ACC0412,2025-07-19,94153.08,BigBasket
TXN014682,ACC0370,2025-03-30,66055.81,Unknown_POS
TXN013317,ACC0084,2025-02-21,25427.56,Swiggy
TXN018512,ACC0475,2025-06-13,39578.97,Amazon
TXN005354,ACC0023,2025-03-11,86105.8,Zomato
TXN009028,ACC0327,2025-05-24,16160.98,Uber
TXN003991,ACC0431,2025-07-25,37864.68,Swiggy
TXN019183,ACC0244,2025-01-22,70661.09,Amazon
TXN002762,ACC0076,2025-06-08,98413.92,Zomato
TXN007617,ACC0078,2025-06-25,12603.62,ATM_Withdrawal
TXN002360,ACC0006,2025-04-12,124910.38,ATM_Withdrawal
TXN011318,ACC0229,2025-05-17,121707.3,Unknown_POS
TXN012774,ACC0107,2025-07-15,24319.17,Uber
TXN000418,ACC0413,2025-07-08,104659.1,Amazon
TXN016944,ACC0302,2025-06-24,93170.5,Swiggy
TXN016747,ACC0171,2025-07-15,22868.28,Unknown_POS
TXN017511,ACC0055,2025-03-19,56110.53,BigBasket
TXN002134,ACC0193,2025-04-20,101932.82,Swiggy
TXN015229,ACC0261,2025-06-05,146733.82,BigBasket
TXN009619,ACC0443,2025-04-05,1055.64,Uber
TXN019347,ACC0087,2025-01-19,84331.68,Amazon
TXN001303,ACC0037,2025-03-02,108224.39,BigBasket
TXN014201,ACC0346,2025-01-22,99229.48,Amazon
TXN000211,ACC0171,2025-06-08,57014.5,BigBasket
TXN010376,ACC0166,2025-07-23,47993.35,Uber
TXN014378,ACC0488,2025-04-26,1353.3,Amazon
TXN003741,ACC0254,2025-02-06,137380.76,Uber
TXN017976,ACC0217,2025-05-05,10147.73,BigBasket
TXN004504,ACC0195,2025-02-09,129417.52,Amazon
TXN012851,ACC0028,2025-04-26,20699.2,Uber
TXN019870,ACC0041,2025-06-01,149867.16,Unknown_POS
TXN007691,ACC0160,2025-01-29,91726.03,ATM_Withdrawal
TXN017061,ACC0398,2025-01-29,128174.73,ATM_Withdrawal
TXN017397,ACC0358,2025-07-30,34302.44,Swiggy
TXN016511,ACC0277,2025-02-10,75074.73,Flipkart
TXN009568,ACC0323,2025-05-02,112121.09,Swiggy
TXN000740,ACC0199,2025-05-01,137689.4,Amazon
TXN012603,ACC0467,2025-03-07,20327.92,ATM_Withdrawal
TXN019693,ACC0039,2025-06-19,139395.59,Amazon
TXN008893,ACC0050,2025-01-22,51280.62,Swiggy
TXN015252,ACC0237,2025-03-26,86011.91,Amazon
TXN014063,ACC0152,2025-06-05,15582.89,Unknown_POS
TXN017196,ACC0268,2025-03-29,120846.0,Amazon
TXN011301,ACC0487,2025-02-06,81498.02,ATM_Withdrawal
TXN016742,ACC0389,2025-04-14,25343.52,Uber
TXN004116,ACC0383,2025-04-14,3093.92,Flipkart
TXN006459,ACC0414,2025-05-16,128382.62,Uber
TXN001302,ACC0081,2025-07-21,4408.33,Flipkart
TXN006823,ACC0191,2025-07-20,15311.89,Flipkart
TXN013245,ACC0241,2025-03-06,149822.51,Zomato
TXN006862,ACC0100,2025-05-03,108446.75,Swiggy
TXN016414,ACC0033,2025-01-29,66958.89,BigBasket
TXN011100,ACC0284,2025-06-20,114658.15,Flipkart
TXN003724,ACC0045,2025-06-04,38017.39,Swiggy
TXN004367,ACC0443,2025-04-12,44137.78,Amazon
TXN008189,ACC0287,2025-05-22,100378.65,Zomato
TXN006519,ACC0078,2025-02-13,34238.45,Amazon
TXN001839,ACC0222,2025-07-26,3652.33,BigBasket
TXN015531,ACC0032,2025-04-23,138147.78,Flipkart
TXN016986,ACC0394,2025-05-28,105614.81,Swiggy
TXN015414,ACC0410,2025-01-31,61734.56,Uber
TXN005718,ACC0456,2025-01-25,108465.73,Zomato
TXN001662,ACC0243,2025-04-19,3321.43,Swiggy
TXN013423,ACC0158,2025-07-03,87982.49,Amazon
TXN019706,ACC0280,2025-01-30,93001.01,Unknown_POS
TXN006567,ACC0450,2025-04-26,92705.63,Amazon
TXN015271,ACC0070,2025-03-23,103828.84,Zomato
TXN018868,ACC0018,2025-02-06,147452.02,BigBasket
TXN017829,ACC0243,2025-04-16,108835.95,Amazon
TXN001665,ACC0300,2025-03-04,30240.7,Unknown_POS
TXN006307,ACC0209,2025-02-03,130923.3,Swiggy
TXN000903,ACC0093,2025-02-19,134360.06,Uber
TXN000924,ACC0129,2025-01-11,72821.05,ATM_Withdrawal
TXN010518,ACC0200,2025-02-12,99509.68,Unknown_POS
TXN004542,ACC0121,2025-04-10,96828.76,BigBasket
TXN010537,ACC0168,2025-02-11,31393.38,Unknown_POS
TXN011512,ACC0386,2025-03-17,87556.3,Swiggy
TXN005980,ACC0247,2025-04-28,46383.05,BigBasket
TXN002174,ACC0215,2025-07-30,23066.04,Unknown_POS
TXN007542,ACC0427,2025-03-22,149043.08,Flipkart
TXN010999,ACC0052,2025-07-04,104368.49,BigBasket
TXN004247,ACC0021,2025-04-15,128229.29,Flipkart
TXN011631,ACC0244,2025-07-09,122167.85,Zomato
TXN011644,ACC0437,2025-03-16,11314.35,Unknown_POS
TXN015592,ACC0341,2025-05-05,66225.83,ATM_Withdrawal
TXN002132,ACC0377,2025-06-16,1419.42,Flipkart
TXN017262,ACC0190,2025-06-23,145911.39,Swiggy
TXN009581,ACC0459,2025-04-24,87273.17,Zomato
TXN009344,ACC0023,2025-05-04,120638.89,Flipkart
TXN012780,ACC0398,2025-01-27,92227.08,ATM_Withdrawal
TXN014381,ACC0006,2025-04-28,125973.38,Unknown_POS
TXN000646,ACC0450,2025-04-19,121255.3,Flipkart
TXN005446,ACC0248,2025-03-20,100030.26,Zomato
TXN006326,ACC0497,2025-04-11,6296.92,Unknown_POS
TXN019207,ACC0046,2025-02-18,55458.05,Unknown_POS
TXN002027,ACC0389,2025-03-18,89297.75,Swiggy
TXN019745,ACC0319,2025-01-17,11036.2,Unknown_POS
TXN017232,ACC0086,2025-04-24,31492.33,BigBasket
TXN019010,ACC0401,2025-05-07,8128.53,Zomato
TXN017752,ACC0236,2025-06-10,86256.0,Amazon
TXN000173,ACC0154,2025-06-25,124217.91,Flipkart
TXN016889,ACC0431,2025-01-14,40319.76,Swiggy
TXN012422,ACC0284,2025-02-09,42055.58,Amazon
TXN007453,ACC0432,2025-06-11,129851.04,Zomato
TXN017572,ACC0383,2025-07-10,101168.76,Flipkart
TXN016425,ACC0346,2025-06-23,109579.01,Amazon
TXN003979,ACC0488,2025-05-11,45994.49,Unknown_POS
TXN009031,ACC0131,2025-05-07,118926.62,Zomato
TXN018554,ACC0359,2025-03-15,93378.25,Unknown_POS
TXN018681,ACC0323,2025-01-07,92442.45,Zomato
TXN011101,ACC0415,2025-02-04,134141.52,Flipkart
TXN009611,ACC0127,2025-07-03,97586.48,ATM_Withdrawal
TXN014424,ACC0470,2025-05-16,28418.99,ATM_Withdrawal
TXN016057,ACC0269,2025-01-12,91263.31,Flipkart
TXN015522,ACC0133,2025-03-25,124871.33,ATM_Withdrawal
TXN017656,ACC0437,2025-03-01,76144.39,Unknown_POS
TXN008887,ACC0404,2025-07-28,133796.04,Zomato
TXN002400,ACC0021,2025-04-04,128857.54,Unknown_POS
TXN010124,ACC0473,2025-07-19,52698.41,ATM_Withdrawal
TXN010238,ACC0354,2025-07-14,147087.88,Amazon
TXN012991,ACC0178,2025-02-16,66472.99,Unknown_POS
TXN007589,ACC0101,2025-05-17,9801.35,Uber
TXN012078,ACC0165,2025-06-11,119271.44,Flipkart
TXN004613,ACC0154,2025-02-21,120163.95,Swiggy
TXN012323,ACC0325,2025-05-28,136034.19,Swiggy
TXN004973,ACC0325,2025-03-31,124274.92,Flipkart
TXN014245,ACC0077,2025-07-12,132206.5,ATM_Withdrawal
TXN001597,ACC0060,2025-03-22,6672.12,Swiggy
TXN010030,ACC0089,2025-01-08,84138.22,ATM_Withdrawal
TXN007215,ACC0269,2025-04-04,74411.73,Zomato
TXN017766,ACC0304,2025-03-15,1841.27,Amazon
TXN001199,ACC0373,2025-07-20,84577.76,Amazon
TXN015105,ACC0357,2025-06-24,102136.69,Uber
TXN008907,ACC0287,2025-06-22,125825.42,ATM_Withdrawal
TXN006455,ACC0455,2025-05-07,52842.16,Swiggy
TXN005714,ACC0483,2025-05-21,63817.35,Uber
TXN004773,ACC0131,2025-03-20,97940.55,Uber
TXN017246,ACC0027,2025-02-15,24064.87,Amazon
TXN015832,ACC0444,2025-05-11,118263.1,Zomato
TXN011028,ACC0236,2025-01-31,83758.88,Zomato
TXN006330,ACC0323,2025-06-01,142775.3,Amazon
TXN006105,ACC0341,2025-02-24,3386.86,Unknown_POS
TXN002891,ACC0204,2025-07-17,34855.73,BigBasket
TXN001083,ACC0293,2025-07-06,146903.52,Flipkart
TXN012098,ACC0141,2025-07-08,146613.46,Flipkart
TXN013244,ACC0351,2025-04-17,86037.6,Uber
TXN008221,ACC0226,2025-03-16,142589.96,Unknown_POS
TXN018892,ACC0300,2025-02-10,10990.24,Flipkart
TXN018899,ACC0379,2025-05-05,31354.82,Amazon
TXN018843,ACC0176,2025-07-08,65676.05,Zomato
TXN004015,ACC0021,2025-02-26,142803.69,ATM_Withdrawal
TXN014528,ACC0192,2025-01-28,16172.66,Zomato
TXN013395,ACC0229,2025-04-18,134457.04,Amazon
TXN006649,ACC0264,2025-02-19,7812.54,BigBasket
TXN001283,ACC0125,2025-05-29,6152.8,Flipkart
TXN018202,ACC0303,2025-07-24,33475.55,Unknown_POS
TXN004640,ACC0077,2025-02-25,72769.07,Amazon
TXN015583,ACC0188,2025-01-23,116370.56,Swiggy
TXN013268,ACC0494,2025-07-11,27209.65,BigBasket
TXN018536,ACC0274,2025-05-12,121776.21,Uber
TXN014493,ACC0200,2025-01-19,73976.96,ATM_Withdrawal
TXN006220,ACC0437,2025-01-09,130613.74,Flipkart
TXN015755,ACC0147,2025-01-15,19302.77,Unknown_POS
TXN006176,ACC0377,2025-07-11,44320.5,Swiggy
TXN000400,ACC0255,2025-01-08,57440.28,Unknown_POS
TXN014930,ACC0126,2025-05-10,29393.96,Zomato
TXN014393,ACC0148,2025-05-06,37643.41,Uber
TXN013247,ACC0200,2025-06-28,142276.76,Zomato
TXN015709,ACC0177,2025-04-16,21574.73,BigBasket
TXN012975,ACC0130,2025-04-13,118982.8,Amazon
TXN017698,ACC0032,2025-04-08,107232.82,Uber
TXN007631,ACC0096,2025-07-03,121719.74,BigBasket
TXN011510,ACC0298,2025-06-12,126686.33,Unknown_POS
TXN001741,ACC0226,2025-06-26,139658.79,ATM_Withdrawal
TXN008950,ACC0189,2025-02-01,18815.4,Zomato
TXN006726,ACC0285,2025-02-05,58020.29,Uber
TXN015842,ACC0472,2025-07-22,44502.11,Unknown_POS
TXN016552,ACC0305,2025-01-21,136933.83,BigBasket
TXN015425,ACC0456,2025-03-28,95095.35,Unknown_POS
TXN016550,ACC0112,2025-04-13,10384.33,BigBasket
TXN019835,ACC0118,2025-01-21,106260.34,Unknown_POS
TXN016844,ACC0080,2025-06-30,142897.93,Zomato
TXN016219,ACC0282,2025-02-10,77573.75,Flipkart
TXN002075,ACC0500,2025-04-02,130967.96,Flipkart
TXN007335,ACC0475,2025-01-06,32506.77,Zomato
TXN019423,ACC0009,2025-06-09,93390.84,Unknown_POS
TXN010513,ACC0367,2025-01-04,128196.47,Unknown_POS
TXN016797,ACC0123,2025-03-28,31652.41,Uber
TXN010237,ACC0302,2025-01-24,37969.74,Swiggy
TXN004163,ACC0475,2025-07-07,119755.4,Amazon
TXN015696,ACC0258,2025-07-02,71461.07,Unknown_POS
TXN004776,ACC0058,2025-02-05,141672.43,Swiggy
TXN004271,ACC0425,2025-04-04,94590.17,BigBasket
TXN005272,ACC0217,2025-04-11,50784.15,ATM_Withdrawal
TXN016771,ACC0143,2025-06-27,994.87,Unknown_POS
TXN017003,ACC0025,2025-04-10,51711.59,Flipkart
TXN011972,ACC0471,2025-02-10,142397.07,Uber
TXN015585,ACC0136,2025-04-09,80747.15,Swiggy
TXN001499,ACC0258,2025-07-27,114747.34,BigBasket
TXN009315,ACC0130,2025-01-07,116209.19,Zomato
TXN018017,ACC0242,2025-07-18,38350.77,Amazon
TXN000410,ACC0199,2025-03-11,27013.39,BigBasket
TXN001221,ACC0313,2025-06-16,128760.43,BigBasket
TXN004434,ACC0351,2025-06-24,137403.77,Swiggy
TXN002273,ACC0307,2025-03-12,104521.1,Swiggy
TXN000370,ACC0106,2025-05-16,147468.21,Unknown_POS
TXN019957,ACC0375,2025-01-02,63765.03,Uber
TXN001099,ACC0427,2025-02-14,29142.64,BigBasket
TXN011143,ACC0266,2025-02-26,55380.51,Uber
TXN004370,ACC0350,2025-03-06,124808.46,Unknown_POS
TXN014815,ACC0160,2025-01-25,5069.07,Uber
TXN004796,ACC0432,2025-04-19,51833.79,Swiggy
TXN013694,ACC0493,2025-04-03,36761.83,Swiggy
TXN013265,ACC0088,2025-07-08,35429.58,Uber
TXN001304,ACC0215,2025-02-20,112075.66,BigBasket
TXN004239,ACC0425,2025-05-15,38694.68,BigBasket
TXN006882,ACC0011,2025-02-05,90784.87,Unknown_POS
TXN006109,ACC0467,2025-05-28,96373.84,Flipkart
TXN011943,ACC0255,2025-07-21,80779.24,Flipkart
TXN004216,ACC0357,2025-04-13,92880.25,Uber
TXN013608,ACC0392,2025-01-24,124654.71,Zomato
TXN005428,ACC0158,2025-06-25,101973.36,Uber
TXN015619,ACC0135,2025-04-09,143522.91,BigBasket
TXN015759,ACC0258,2025-05-04,55612.05,BigBasket
TXN001866,ACC0217,2025-03-30,29351.3,Zomato
TXN006054,ACC0007,2025-06-14,140531.65,Uber
TXN013394,ACC0037,2025-02-06,63451.97,Unknown_POS
TXN002871,ACC0467,2025-04-06,49758.74,Zomato
TXN019700,ACC0030,2025-06-01,13881.01,Amazon
TXN015181,ACC0252,2025-04-15,63542.17,ATM_Withdrawal
TXN012066,ACC0489,2025-01-07,113482.31,Uber
TXN004925,ACC0106,2025-05-25,27456.7,Amazon
TXN006959,ACC0444,2025-04-18,114899.05,ATM_Withdrawal
TXN015320,ACC0329,2025-02-26,52011.55,Flipkart
TXN001685,ACC0452,2025-03-08,53588.73,Swiggy
TXN011869,ACC0470,2025-01-29,40790.18,BigBasket
TXN017172,ACC0477,2025-04-15,110205.27,Amazon
TXN018270,ACC0342,2025-06-30,8132.81,Unknown_POS
TXN017138,ACC0462,2025-03-09,17230.91,BigBasket
TXN009850,ACC0188,2025-03-27,144008.44,ATM_Withdrawal
TXN011886,ACC0031,2025-07-03,83320.61,Uber
TXN000496,ACC0397,2025-03-24,40449.53,Unknown_POS
TXN004704,ACC0141,2025-01-08,118165.31,Unknown_POS
TXN018452,ACC0397,2025-01-29,44875.95,Amazon
TXN011787,ACC0417,2025-04-26,147992.42,Amazon
TXN014122,ACC0177,2025-04-23,62753.88,Amazon
TXN010188,ACC0418,2025-07-05,40635.76,Swiggy
TXN018593,ACC0205,2025-03-04,19183.06,ATM_Withdrawal
TXN008766,ACC0297,2025-04-08,101630.19,Uber
TXN011453,ACC0054,2025-03-19,1586.32,Unknown_POS
TXN018777,ACC0378,2025-02-25,33546.79,Zomato
TXN014071,ACC0054,2025-04-27,49033.13,Amazon
TXN009045,ACC0136,2025-02-26,44760.63,Zomato
TXN012615,ACC0216,2025-02-17,149093.58,Amazon
TXN006909,ACC0146,2025-03-26,56557.83,ATM_Withdrawal
TXN007894,ACC0384,2025-07-04,108807.9,BigBasket
TXN007918,ACC0453,2025-04-23,133561.08,ATM_Withdrawal
TXN004785,ACC0182,2025-07-02,1941.71,Amazon
TXN005101,ACC0016,2025-05-17,96860.21,Flipkart
TXN012388,ACC0292,2025-07-02,66069.17,BigBasket
TXN008131,ACC0220,2025-03-26,113775.34,Zomato
TXN006844,ACC0342,2025-02-07,14647.16,ATM_Withdrawal
TXN010308,ACC0388,2025-07-09,111944.16,ATM_Withdrawal
TXN002532,ACC0314,2025-01-13,59029.46,ATM_Withdrawal
TXN017009,ACC0215,2025-05-25,3657.62,Amazon
TXN010839,ACC0212,2025-05-15,14442.61,Zomato
TXN013454,ACC0280,2025-06-15,148268.56,BigBasket
TXN013406,ACC0098,2025-07-23,18008.42,Flipkart
TXN012470,ACC0215,2025-02-06,113372.09,Flipkart
TXN017753,ACC0363,2025-03-27,56579.09,Zomato
TXN001877,ACC0184,2025-01-08,83226.01,Swiggy
TXN001740,ACC0447,2025-03-09,87666.35,Unknown_POS
TXN018224,ACC0351,2025-06-01,117885.54,Flipkart
TXN008060,ACC0026,2025-02-16,147864.75,Unknown_POS
TXN008978,ACC0238,2025-06-08,100324.15,Unknown_POS
TXN001216,ACC0195,2025-06-24,105855.89,ATM_Withdrawal
TXN009559,ACC0043,2025-06-06,18982.53,Uber
TXN017134,ACC0225,2025-02-18,119462.23,Zomato
TXN008381,ACC0335,2025-06-06,144650.34,Unknown_POS
TXN011674,ACC0360,2025-02-27,55699.36,ATM_Withdrawal
TXN000314,ACC0313,2025-06-16,24659.28,BigBasket
TXN002475,ACC0096,2025-03-03,97895.78,Zomato
TXN015702,ACC0417,2025-02-11,139405.65,Amazon
TXN017644,ACC0083,2025-01-25,2532.45,Zomato
TXN017977,ACC0222,2025-05-01,7416.18,Unknown_POS
TXN017908,ACC0499,2025-07-08,26353.52,ATM_Withdrawal
TXN009288,ACC0346,2025-02-14,8617.37,Unknown_POS
TXN014568,ACC0063,2025-01-20,114217.36,Flipkart
TXN001811,ACC0424,2025-06-03,53726.96,Swiggy
TXN000056,ACC0163,2025-05-03,52353.04,Uber
TXN003130,ACC0388,2025-03-08,51399.31,ATM_Withdrawal
TXN016404,ACC0305,2025-07-07,43452.26,ATM_Withdrawal
TXN004630,ACC0421,2025-07-03,84459.97,Uber
TXN010678,ACC0258,2025-07-15,11836.38,ATM_Withdrawal
TXN014322,ACC0002,2025-04-24,124268.43,Unknown_POS
TXN004702,ACC0064,2025-06-07,14649.35,BigBasket
TXN003088,ACC0285,2025-07-10,73638.99,Zomato
TXN007160,ACC0209,2025-06-04,31662.55,Flipkart
TXN008144,ACC0122,2025-05-14,76524.79,Swiggy
TXN016952,ACC0101,2025-04-16,86994.22,Uber
TXN019698,ACC0001,2025-02-18,132416.67,Amazon
TXN004850,ACC0271,2025-03-01,81013.35,Flipkart
TXN000987,ACC0247,2025-05-24,29756.37,Unknown_POS
TXN003274,ACC0439,2025-05-18,66090.35,Amazon
TXN006781,ACC0123,2025-05-22,118303.27,Flipkart
TXN014929,ACC0387,2025-07-23,91941.1,Zomato
TXN018831,ACC0294,2025-04-18,13268.03,Amazon
TXN002998,ACC0096,2025-04-02,45976.03,ATM_Withdrawal
TXN011681,ACC0043,2025-07-11,17380.53,BigBasket
TXN004568,ACC0069,2025-02-08,89468.67,Unknown_POS
TXN013749,ACC0312,2025-03-18,54619.61,Zomato
TXN014826,ACC0244,2025-05-11,118612.65,ATM_Withdrawal
TXN003317,ACC0247,2025-07-30,24079.93,Zomato
TXN013985,ACC0467,2025-04-14,48067.87,Unknown_POS
TXN003431,ACC0402,2025-04-25,141604.46,Flipkart
TXN006107,ACC0281,2025-02-04,27496.31,Swiggy
TXN002687,ACC0185,2025-07-18,61233.7,Flipkart
TXN004748,ACC0151,2025-02-16,144493.68,ATM_Withdrawal
TXN006805,ACC0043,2025-03-17,128860.26,Uber
TXN017463,ACC0084,2025-05-31,147274.36,Uber
TXN001792,ACC0276,2025-04-19,144204.75,ATM_Withdrawal
TXN007311,ACC0311,2025-05-01,21308.13,Unknown_POS
TXN002303,ACC0454,2025-02-15,122634.01,Zomato
TXN004053,ACC0305,2025-05-14,84233.77,Flipkart
TXN003438,ACC0388,2025-05-20,96497.62,Uber
TXN006933,ACC0292,2025-07-12,80704.21,Swiggy
TXN010957,ACC0248,2025-04-23,56051.45,Unknown_POS
TXN018182,ACC0207,2025-04-24,29106.69,Zomato
TXN011450,ACC0183,2025-02-24,88775.07,Amazon
TXN018916,ACC0294,2025-02-28,98960.01,BigBasket
TXN008963,ACC0004,2025-05-20,103954.31,Uber
TXN008260,ACC0447,2025-02-28,123722.24,ATM_Withdrawal
TXN015048,ACC0414,2025-01-05,88893.84,Amazon
TXN015458,ACC0065,2025-05-16,46462.8,Flipkart
TXN008776,ACC0317,2025-01-30,133184.09,ATM_Withdrawal
TXN007201,ACC0216,2025-02-05,50295.62,BigBasket
TXN002046,ACC0007,2025-01-30,115657.28,Unknown_POS
TXN018553,ACC0372,2025-02-04,146268.98,ATM_Withdrawal
TXN017348,ACC0393,2025-03-13,126736.84,Unknown_POS
TXN003218,ACC0009,2025-05-25,65609.18,Amazon
TXN019319,ACC0277,2025-03-06,71368.94,ATM_Withdrawal
TXN018729,ACC0387,2025-06-25,2673.22,BigBasket
TXN011081,ACC0033,2025-04-04,13154.51,ATM_Withdrawal
TXN016390,ACC0264,2025-07-26,54742.89,Amazon
TXN017743,ACC0421,2025-02-28,63385.86,Amazon
TXN011463,ACC0058,2025-02-09,129918.87,Zomato
TXN011633,ACC0478,2025-05-07,60527.38,Flipkart
TXN011904,ACC0219,2025-06-06,71490.97,Amazon
TXN016491,ACC0013,2025-04-15,138814.95,Unknown_POS
TXN007497,ACC0001,2025-07-14,44127.18,BigBasket
TXN011233,ACC0119,2025-04-21,69521.2,ATM_Withdrawal
TXN010580,ACC0160,2025-06-17,78027.23,BigBasket
TXN001310,ACC0369,2025-02-19,94821.57,Uber
TXN012773,ACC0493,2025-03-01,65751.86,Unknown_POS
TXN004403,ACC0260,2025-03-16,97273.18,Uber
TXN013258,ACC0154,2025-01-16,21034.25,Uber
TXN009390,ACC0196,2025-02-20,32880.78,Swiggy
TXN011776,ACC0451,2025-01-14,134428.62,Uber
TXN009394,ACC0412,2025-04-01,41313.02,Amazon
TXN003993,ACC0402,2025-07-01,129393.03,ATM_Withdrawal
TXN011272,ACC0047,2025-02-22,111147.3,BigBasket
TXN007908,ACC0175,2025-04-29,22521.22,ATM_Withdrawal
TXN008374,ACC0016,2025-06-25,82012.0,Uber
TXN017970,ACC0303,2025-05-19,119049.62,Unknown_POS
TXN009434,ACC0191,2025-05-28,131088.27,BigBasket
TXN012464,ACC0268,2025-04-23,112287.25,Zomato
TXN002069,ACC0050,2025-02-24,78374.06,Amazon
TXN014487,ACC0182,2025-06-02,142827.6,Amazon
TXN013476,ACC0488,2025-07-16,25700.49,Swiggy
TXN005167,ACC0113,2025-07-18,57835.75,Unknown_POS
TXN005919,ACC0055,2025-04-19,24699.03,Uber
TXN009699,ACC0059,2025-01-01,16065.29,Flipkart
TXN015577,ACC0142,2025-01-30,145143.09,Uber
TXN015498,ACC0113,2025-05-30,81642.75,Zomato
TXN006529,ACC0165,2025-05-07,90399.1,Uber
TXN010458,ACC0089,2025-03-06,66167.02,Zomato
TXN004957,ACC0490,2025-02-26,148573.32,BigBasket
TXN006147,ACC0198,2025-06-12,56566.93,Uber
TXN006007,ACC0377,2025-01-02,45411.54,ATM_Withdrawal
TXN010507,ACC0374,2025-06-22,80346.04,BigBasket
TXN019159,ACC0464,2025-05-09,68370.04,BigBasket
TXN009176,ACC0412,2025-06-24,85050.97,Swiggy
TXN013908,ACC0324,2025-06-13,56023.42,Zomato
TXN015773,ACC0186,2025-02-19,60274.31,BigBasket
TXN009982,ACC0286,2025-05-27,53655.26,Zomato
TXN006842,ACC0255,2025-05-24,96389.19,Amazon
TXN018941,ACC0391,2025-03-21,144728.66,Flipkart
TXN016504,ACC0388,2025-07-08,15369.87,Zomato
TXN007267,ACC0227,2025-02-25,101925.64,Unknown_POS
TXN001121,ACC0366,2025-05-14,17419.61,Uber
TXN011764,ACC0196,2025-04-16,62443.11,ATM_Withdrawal
TXN010099,ACC0378,2025-05-08,120200.16,Unknown_POS
TXN009735,ACC0290,2025-01-16,105598.28,Swiggy
TXN005416,ACC0360,2025-04-11,56561.71,Unknown_POS
TXN014492,ACC0382,2025-02-02,25146.18,ATM_Withdrawal
TXN005097,ACC0419,2025-01-30,45184.56,BigBasket
TXN007264,ACC0375,2025-05-09,73401.31,Swiggy
TXN006088,ACC0259,2025-05-14,39325.51,Zomato
TXN019108,ACC0004,2025-05-23,92299.16,Uber
TXN009803,ACC0416,2025-03-25,136797.31,BigBasket
TXN013680,ACC0014,2025-07-20,93053.34,Uber
TXN005353,ACC0115,2025-06-17,80769.55,Amazon
TXN004164,ACC0101,2025-04-14,44365.36,ATM_Withdrawal
TXN005302,ACC0093,2025-02-09,47532.85,Amazon
TXN002954,ACC0141,2025-06-10,8631.19,Amazon
TXN008188,ACC0455,2025-03-19,108955.85,Unknown_POS
TXN008309,ACC0390,2025-03-05,120225.15,Unknown_POS
TXN010412,ACC0217,2025-03-20,49699.37,ATM_Withdrawal
TXN001980,ACC0393,2025-02-21,139326.64,BigBasket
TXN002035,ACC0158,2025-06-14,148128.93,Flipkart
TXN001367,ACC0095,2025-02-22,84394.96,Amazon
TXN008487,ACC0256,2025-05-08,73118.92,Uber
TXN009275,ACC0158,2025-03-14,27555.13,Zomato
TXN015274,ACC0007,2025-03-16,19017.66,Amazon
TXN008659,ACC0090,2025-05-18,75250.15,Swiggy
TXN017471,ACC0297,2025-03-22,85336.72,Uber
TXN002845,ACC0327,2025-03-31,72660.75,Swiggy
TXN012046,ACC0368,2025-01-13,110296.89,Unknown_POS
TXN002496,ACC0373,2025-06-27,140980.22,Uber
TXN004747,ACC0083,2025-02-17,17806.22,Swiggy
TXN015404,ACC0443,2025-01-30,141669.32,Unknown_POS
TXN002172,ACC0325,2025-06-28,96853.41,BigBasket
TXN001373,ACC0332,2025-06-30,44368.75,Uber
TXN014715,ACC0025,2025-06-27,88508.93,BigBasket
TXN017761,ACC0480,2025-01-03,6323.14,Amazon
TXN013860,ACC0316,2025-03-14,74890.44,Amazon
TXN007378,ACC0258,2025-02-27,51294.87,Unknown_POS
TXN019151,ACC0171,2025-02-15,136191.43,Amazon
TXN018262,ACC0495,2025-04-02,131301.01,ATM_Withdrawal
TXN018992,ACC0430,2025-01-14,78091.49,Uber
TXN000898,ACC0008,2025-05-07,32617.35,Unknown_POS
TXN000392,ACC0063,2025-01-04,9297.29,Zomato
TXN008832,ACC0053,2025-03-20,58037.23,Amazon
TXN001875,ACC0414,2025-07-09,56417.97,Unknown_POS
TXN014218,ACC0336,2025-02-18,93333.84,BigBasket
TXN014223,ACC0116,2025-02-26,31999.92,Swiggy
TXN004090,ACC0417,2025-06-14,87051.61,Zomato
TXN018749,ACC0493,2025-01-22,65138.21,Unknown_POS
TXN005424,ACC0322,2025-05-02,21450.77,Unknown_POS
TXN003782,ACC0244,2025-04-13,76091.68,Zomato
TXN017065,ACC0443,2025-03-24,30346.18,ATM_Withdrawal
TXN006306,ACC0449,2025-07-22,72913.34,Unknown_POS
TXN010589,ACC0377,2025-03-07,99152.34,ATM_Withdrawal
TXN009362,ACC0307,2025-06-15,88258.04,Uber
TXN016519,ACC0272,2025-01-29,45495.98,Flipkart
TXN004298,ACC0446,2025-07-19,98532.84,ATM_Withdrawal
TXN006198,ACC0384,2025-01-13,142699.81,Swiggy
TXN900007,ACC0060,2025-02-12,N/A,BigBasket
TXN015955,ACC0202,2025-05-12,111930.46,Swiggy
TXN019930,ACC0362,2025-01-24,63942.43,Unknown_POS
TXN005362,ACC0272,2025-03-25,39358.47,Amazon
TXN012612,ACC0086,2025-02-14,54482.66,BigBasket
TXN016976,ACC0158,2025-07-14,141042.72,Uber
TXN009621,ACC0276,2025-06-15,48084.67,Swiggy
TXN003459,ACC0307,2025-03-05,93283.47,Uber
TXN002563,ACC0137,2025-01-08,71462.25,ATM_Withdrawal
TXN009006,ACC0285,2025-05-25,52212.56,Uber
TXN009917,ACC0054,2025-06-24,28787.81,Flipkart
TXN015412,ACC0270,2025-03-31,12596.33,Unknown_POS
TXN000310,ACC0037,2025-02-28,57491.34,Flipkart
TXN006006,ACC0359,2025-05-19,118692.98,Swiggy
TXN002425,ACC0176,2025-07-12,44570.9,Zomato
TXN016364,ACC0321,2025-03-10,63318.95,BigBasket
TXN004471,ACC0380,2025-06-21,41978.08,BigBasket
TXN004564,ACC0398,2025-05-14,15589.25,Uber
TXN018618,ACC0257,2025-05-23,126379.23,Amazon
TXN012118,ACC0189,2025-01-09,113134.43,BigBasket
TXN011927,ACC0198,2025-03-04,71133.01,ATM_Withdrawal
TXN005087,ACC0294,2025-03-27,138797.69,Uber
TXN006000,ACC0154,2025-03-02,99945.25,Amazon
TXN008232,ACC0227,2025-01-28,86081.48,Unknown_POS
TXN014194,ACC0491,2025-07-14,105546.15,ATM_Withdrawal
TXN008352,ACC0323,2025-04-12,48970.76,Swiggy
TXN011227,ACC0318,2025-03-18,122426.04,Zomato
TXN003364,ACC0492,2025-02-13,48447.83,Flipkart
TXN008908,ACC0235,2025-01-02,8523.09,Flipkart
TXN015626,ACC0031,2025-02-06,12385.44,Uber
TXN004523,ACC0483,2025-01-06,85678.01,Uber
TXN008024,ACC0028,2025-06-02,114083.17,Uber
TXN001859,ACC0247,2025-07-05,93146.59,Swiggy
TXN009040,ACC0182,2025-01-12,90954.21,Unknown_POS
TXN010862,ACC0198,2025-01-13,102799.12,Swiggy
TXN010213,ACC0165,2025-03-21,83634.57,Flipkart
TXN002584,ACC0172,2025-01-06,26668.38,Uber
TXN017730,ACC0209,2025-07-07,7198.6,Unknown_POS
TXN006287,ACC0497,2025-01-11,89507.3,Amazon
TXN004337,ACC0485,2025-01-17,56309.96,Amazon
TXN008677,ACC0246,2025-03-04,51351.36,Unknown_POS
TXN009828,ACC0157,2025-06-05,126197.34,Zomato
TXN002661,ACC0452,2025-07-05,68779.61,Amazon
TXN002085,ACC0179,2025-04-20,140865.76,ATM_Withdrawal
TXN005059,ACC0046,2025-03-17,145300.19,Uber
TXN003588,ACC0033,2025-05-07,51666.28,Amazon
TXN006500,ACC0104,2025-01-01,75154.0,Swiggy
TXN000936,ACC0057,2025-01-25,78503.92,Flipkart
TXN014244,ACC0068,2025-05-11,114302.75,Amazon
TXN002226,ACC0083,2025-02-05,53092.98,Unknown_POS
TXN011924,ACC0424,2025-02-18,83665.78,Zomato
TXN016655,ACC0003,2025-02-05,5684.4,Zomato
TXN006829,ACC0149,2025-01-31,95951.51,BigBasket
TXN013553,ACC0436,2025-02-19,100317.88,ATM_Withdrawal
TXN012031,ACC0057,2025-04-03,23808.13,Swiggy
TXN004480,ACC0410,2025-03-25,130279.34,Flipkart
