order_id,customer_id,order_date,status,region_code
ORD000001,CUST0600,2023-07-02 01:55:29,DELIVERED,EAST
ORD000002,CUST0263,2025-05-31 15:13:40,SHIPPED,EAST
ORD000003,CUST0529,2023-07-19 15:34:28,DELIVERED,SOUTH
ORD000004,CUST0865,2023-09-18 14:48:02,DELIVERED,NORTH
ORD000005,CUST0255,2022-07-11 06:00:41,PLACED,EAST
ORD000006,CUST0523,2022-01-22 15:26:12,CANCELLED,SOUTH
ORD000007,CUST0545,2025-10-18 19:23:03,DELIVERED,CENTRAL
ORD000008,CUST0840,2022-01-15 15:28:22,DELIVERED,SOUTH
ORD000009,CUST0686,17-12-2024,DELIVERED,SOUTH
ORD000010,CUST0882,2024-12-08 08:11:40,DELIVERED,SOUTH
ORD000011,CUST0953,2024-05-15 18:02:27,DELIVERED,NORTH
ORD000012,CUST0693,2025-01-09 04:17:28,DELIVERED,EAST
ORD000013,CUST0747,2025-03-10 14:19:52,DELIVERED,CENTRAL
ORD000014,CUST0038,2024-08-06 22:29:29,PLACED,NORTH
ORD000015,CUST0363,26-12-2023,CANCELLED,SOUTH
ORD000016,CUST0014,2024-06-01 17:54:53,DELIVERED,SOUTH
ORD000017,CUST0913,2022-01-15 05:39:58,SHIPPED,WEST
ORD000018,CUST0323,2024-05-27 06:37:58,SHIPPED,WEST
ORD000019,CUST0474,2022-10-14 12:52:45,PLACED,SOUTH
ORD000020,CUST0298,2022-10-01 14:21:53,DELIVERED,NORTH
ORD000021,CUST0211,2024-09-08 09:40:38,DELIVERED,WEST
ORD000022,CUST0721,2023-10-28 14:33:32,CANCELLED,WEST
ORD000023,CUST0957,2026-06-12 00:46:12,DELIVERED,NORTH
ORD000024,CUST0252,2025-10-21 12:27:25,DELIVERED,NORTH
ORD000025,CUST0306,2024-09-22 03:00:28,SHIPPED,SOUTH
ORD000026,CUST0204,2023-07-30 04:11:15,RETURNED,SOUTH
ORD000027,CUST0461,2024-08-28 03:45:08,DELIVERED,SOUTH
ORD000028,CUST0861,2025-07-12 23:06:02,PLACED,WEST
ORD000029,,2023-01-29 05:19:23,DELIVERED,NORTH
ORD000030,CUST0413,2024-12-11 11:09:26,RETURNED,SOUTH
ORD000031,CUST0516,2024-11-10 15:32:57,DELIVERED,EAST
ORD000032,CUST0941,2025-12-28 15:13:17,CANCELLED,SOUTH
ORD000033,,2022-04-17 11:42:37,DELIVERED,CENTRAL
ORD000034,CUST0203,2024-10-03 13:14:15,PLACED,NORTH
ORD000035,CUST0780,2022-09-24 12:03:32,DELIVERED,CENTRAL
ORD000036,CUST0407,2025-08-24 10:02:48,DELIVERED,NORTH
ORD000037,CUST0750,2022-09-04 01:29:39,CANCELLED,SOUTH
ORD000038,CUST0479,2022-07-22 02:43:34,DELIVERED,EAST
ORD000039,CUST0991,2023-02-18 19:25:34,PLACED,SOUTH
ORD000040,CUST0719,2026-04-05 20:24:05,CANCELLED,WEST
ORD000041,CUST0147,2024-06-12 02:27:54,DELIVERED,CENTRAL
ORD000042,CUST0184,2023-07-16 04:41:39,RETURNED,NORTH
ORD000043,CUST0705,2026-02-25 14:28:20,DELIVERED,CENTRAL
ORD000044,CUST0183,2026-03-18 18:32:32,DELIVERED,WEST
ORD000045,CUST0220,2022-01-08 05:49:31,DELIVERED,NORTH
ORD000046,CUST0800,2024-07-21 18:20:36,DELIVERED,EAST
ORD000047,CUST0319,2023-07-04 20:06:11,SHIPPED,CENTRAL
ORD000048,CUST0044,2022-10-31 10:06:46,SHIPPED,NORTH
ORD000049,CUST0263,2023-03-07 19:27:50,DELIVERED,CENTRAL
ORD000050,CUST0359,2025-12-15 19:59:54,PLACED,CENTRAL
ORD000051,CUST0985,2025-07-05 00:22:44,SHIPPED,EAST
ORD000052,CUST0971,2025-01-05 23:55:55,DELIVERED,CENTRAL
ORD000053,CUST0755,2024-02-22 23:48:18,DELIVERED,CENTRAL
ORD000054,CUST0823,2023-03-28 11:48:21,DELIVERED,WEST
ORD000055,CUST0245,2026-01-27 15:47:52,CANCELLED,NORTH
ORD000056,CUST0491,2026-07-29 06:24:43,DELIVERED,SOUTH
ORD000057,CUST0023,2022-11-30 06:28:15,DELIVERED,SOUTH
ORD000058,CUST0086,2023-05-18 16:34:00,RETURNED,NORTH
ORD000059,CUST0161,2026-03-17 00:25:45,DELIVERED,NORTH
ORD000060,CUST0017,2025-08-12 01:35:33,DELIVERED,EAST
ORD000061,CUST0659,2022-01-28 00:20:31,PLACED,EAST
ORD000062,CUST0099,2022-10-13 17:29:30,CANCELLED,SOUTH
ORD000063,CUST0515,2023-05-15 02:02:03,SHIPPED,CENTRAL
ORD000064,CUST0831,2022-07-30 19:49:47,DELIVERED,WEST
ORD000065,CUST0911,2022-02-19 08:15:10,PLACED,EAST
ORD000066,CUST0878,2024-02-27 04:05:33,RETURNED,SOUTH
ORD000067,CUST0957,2024-01-02 02:46:39,PLACED,NORTH
ORD000068,CUST0639,2022-12-31 15:36:21,DELIVERED,WEST
ORD000069,CUST0687,2023-09-10 22:44:48,DELIVERED,NORTH
ORD000070,CUST0527,2024-01-26 09:39:46,DELIVERED,NORTH
ORD000071,CUST0867,2022-11-01 23:52:44,PLACED,WEST
ORD000072,CUST0789,2024-09-06 02:27:02,DELIVERED,EAST
ORD000073,CUST0358,2022-09-19 06:37:18,DELIVERED,WEST
ORD000074,CUST0705,2024-04-27 21:54:31,DELIVERED,SOUTH
ORD000075,CUST0575,2025-01-08 19:26:02,DELIVERED,SOUTH
ORD000076,CUST0617,2024-05-13 19:11:07,DELIVERED,SOUTH
ORD000077,CUST0249,2022-01-06 07:24:04,PLACED,CENTRAL
ORD000078,CUST0160,2022-08-14 02:10:08,DELIVERED,SOUTH
ORD000079,CUST0166,2025-02-03 15:19:51,DELIVERED,NORTH
ORD000080,CUST0146,2025-11-25 05:12:33,PLACED,WEST
ORD000081,CUST0710,2025-09-19 21:10:32,DELIVERED,SOUTH
ORD000082,,2024-01-19 05:08:37,PLACED,CENTRAL
ORD000083,CUST0451,2026-04-17 06:38:30,PLACED,CENTRAL
ORD000084,CUST0323,2024-04-22 12:16:55,DELIVERED,NORTH
ORD000085,CUST0174,2025-08-08 01:10:09,SHIPPED,SOUTH
ORD000086,,2024-05-17 16:32:25,DELIVERED,CENTRAL
ORD000087,CUST0717,2024-05-17 05:42:32,PLACED,WEST
ORD000088,CUST0153,2023-03-10 14:34:41,SHIPPED,SOUTH
ORD000089,CUST0973,2025-05-24 02:48:39,DELIVERED,EAST
ORD000090,CUST0442,2024-02-19 06:00:03,DELIVERED,WEST
ORD000091,CUST0131,2022-06-09 13:12:20,DELIVERED,NORTH
ORD000092,CUST0181,2022-08-07 02:22:41,PLACED,EAST
ORD000093,CUST0216,2022-03-08 08:45:01,RETURNED,CENTRAL
ORD000094,,07-06-2026,DELIVERED,EAST
ORD000095,,2024-01-01 10:16:55,DELIVERED,EAST
ORD000096,CUST0732,2022-09-23 03:32:43,CANCELLED,CENTRAL
ORD000097,CUST0814,2022-11-04 00:51:44,DELIVERED,CENTRAL
ORD000098,CUST0040,2022-11-27 05:31:02,PLACED,NORTH
ORD000099,CUST0245,2023-03-18 23:49:09,DELIVERED,CENTRAL
ORD000100,CUST0734,2025-08-27 19:03:08,DELIVERED,SOUTH
ORD000101,CUST0394,2024-06-01 01:27:24,DELIVERED,WEST
ORD000102,CUST0998,2025-05-27 02:43:50,DELIVERED,WEST
ORD000103,CUST0017,2026-04-19 11:16:12,RETURNED,NORTH
ORD000104,CUST0489,2022-12-14 10:45:45,SHIPPED,EAST
ORD000105,CUST0085,2025-12-26 16:46:30,DELIVERED,EAST
ORD000106,CUST0477,2022-10-15 04:30:48,DELIVERED,EAST
ORD000107,CUST0439,2025-06-23 04:41:46,DELIVERED,CENTRAL
ORD000108,CUST0407,2025-10-29 15:02:38,SHIPPED,NORTH
ORD000109,CUST0671,2026-02-26 08:54:48,DELIVERED,SOUTH
ORD000110,CUST0308,2022-11-21 20:45:28,PLACED,WEST
ORD000111,CUST0688,2023-12-16 16:57:43,DELIVERED,WEST
ORD000112,CUST0200,2022-08-10 14:27:08,SHIPPED,EAST
ORD000113,CUST0379,2025-05-22 17:42:19,DELIVERED,NORTH
ORD000114,CUST0042,2022-11-15 17:06:39,SHIPPED,CENTRAL
ORD000115,,2025-05-16 13:50:44,DELIVERED,WEST
ORD000116,CUST0227,2023-03-10 00:50:07,DELIVERED,EAST
ORD000117,CUST0195,2022-10-18 02:31:17,PLACED,WEST
ORD000118,CUST0556,2025-10-03 09:26:46,PLACED,WEST
ORD000119,CUST0763,2022-12-03 07:13:51,DELIVERED,WEST
ORD000120,CUST0789,2025-11-27 15:54:10,DELIVERED,WEST
ORD000121,CUST0597,2025-05-07 07:13:45,DELIVERED,CENTRAL
ORD000122,CUST0687,12-02-2026,CANCELLED,SOUTH
ORD000123,CUST0346,2026-06-11 14:47:45,DELIVERED,WEST
ORD000124,CUST0863,2025-07-23 16:21:34,DELIVERED,NORTH
ORD000125,CUST0977,2024-05-10 19:52:56,DELIVERED,SOUTH
ORD000126,CUST0953,2025-10-23 21:00:07,DELIVERED,EAST
ORD000127,,2023-09-21 18:16:49,PLACED,WEST
ORD000128,CUST0489,2024-04-20 12:48:21,DELIVERED,CENTRAL
ORD000129,CUST0370,2022-12-27 16:42:18,SHIPPED,CENTRAL
ORD000130,CUST0466,2023-08-07 15:55:43,DELIVERED,NORTH
ORD000131,CUST0814,2022-08-01 03:15:49,DELIVERED,WEST
ORD000132,CUST0761,2025-07-01 19:49:59,DELIVERED,CENTRAL
ORD000133,CUST0688,2024-05-11 07:42:50,DELIVERED,WEST
ORD000134,CUST0863,2022-09-12 12:45:55,CANCELLED,WEST
ORD000135,CUST0671,26-05-2026,DELIVERED,SOUTH
ORD000136,CUST0283,2025-09-10 09:37:48,CANCELLED,WEST
ORD000137,CUST0007,29-04-2024,SHIPPED,EAST
ORD000138,CUST0549,2026-02-27 21:50:36,SHIPPED,CENTRAL
ORD000139,CUST0255,2024-03-12 07:00:52,DELIVERED,NORTH
ORD000140,CUST0616,2022-09-21 23:09:57,DELIVERED,WEST
ORD000141,CUST0548,2024-06-14 08:24:33,DELIVERED,CENTRAL
ORD000142,CUST0615,2024-03-13 22:50:23,DELIVERED,SOUTH
ORD000143,CUST0216,2022-07-11 00:56:00,DELIVERED,CENTRAL
ORD000144,CUST0652,2025-01-18 02:52:04,PLACED,SOUTH
ORD000145,CUST0663,2026-05-12 13:02:19,DELIVERED,SOUTH
ORD000146,CUST0565,2023-05-18 13:45:59,DELIVERED,EAST
ORD000147,CUST0166,2022-02-17 23:14:34,CANCELLED,NORTH
ORD000148,CUST0635,2022-08-08 05:09:50,CANCELLED,NORTH
ORD000149,CUST0851,2023-03-02 14:13:42,DELIVERED,WEST
ORD000150,CUST0958,2022-06-06 07:39:23,DELIVERED,EAST
ORD000151,CUST0481,2022-11-26 06:32:47,CANCELLED,CENTRAL
ORD000152,CUST0861,2022-08-29 12:28:52,DELIVERED,CENTRAL
ORD000153,CUST0008,2024-12-04 09:15:57,SHIPPED,NORTH
ORD000154,CUST0548,2026-04-08 05:32:48,DELIVERED,SOUTH
ORD000155,,2022-10-11 08:00:04,DELIVERED,SOUTH
ORD000156,CUST0518,2022-07-08 12:41:25,DELIVERED,WEST
ORD000157,CUST0525,2024-11-15 14:33:41,SHIPPED,SOUTH
ORD000158,CUST0886,2023-07-30 14:18:08,DELIVERED,CENTRAL
ORD000159,CUST0801,2026-01-18 17:45:41,DELIVERED,CENTRAL
ORD000160,CUST0823,2025-06-29 03:54:57,DELIVERED,CENTRAL
ORD000161,CUST0900,2026-08-06 02:20:23,CANCELLED,CENTRAL
ORD000162,CUST0448,2025-05-21 23:29:14,DELIVERED,WEST
ORD000163,,2023-01-04 11:44:54,SHIPPED,SOUTH
ORD000164,CUST0681,2024-02-01 05:16:50,PLACED,EAST
ORD000165,CUST0723,2023-03-14 16:56:37,DELIVERED,SOUTH
ORD000166,CUST0422,2025-05-17 07:43:30,PLACED,EAST
ORD000167,CUST0946,2026-07-12 02:43:27,DELIVERED,WEST
ORD000168,CUST0353,2023-02-08 01:48:29,DELIVERED,EAST
ORD000169,CUST0153,2022-12-17 21:53:50,DELIVERED,CENTRAL
ORD000170,,2022-02-06 23:26:06,DELIVERED,NORTH
ORD000171,CUST0298,2024-04-04 01:20:50,CANCELLED,NORTH
ORD000172,CUST0018,2024-08-20 03:27:47,DELIVERED,EAST
ORD000173,CUST0763,2024-03-30 02:54:15,DELIVERED,CENTRAL
ORD000174,,2023-09-04 16:33:02,DELIVERED,NORTH
ORD000175,CUST0939,2022-07-30 01:03:58,DELIVERED,SOUTH
ORD000176,CUST0358,2025-11-09 15:51:45,PLACED,EAST
ORD000177,CUST0567,2022-01-11 01:54:40,DELIVERED,NORTH
ORD000178,,2023-09-16 02:43:55,DELIVERED,WEST
ORD000179,CUST0188,2022-10-10 21:14:34,PLACED,SOUTH
ORD000180,CUST0886,2024-04-26 23:11:20,PLACED,CENTRAL
ORD000181,CUST0515,2024-09-30 10:12:51,DELIVERED,SOUTH
ORD000182,CUST0776,2025-12-27 03:00:52,DELIVERED,SOUTH
ORD000183,CUST0745,2023-02-26 02:50:25,DELIVERED,SOUTH
ORD000184,,2023-03-19 17:02:41,SHIPPED,NORTH
ORD000185,CUST0822,2026-04-09 19:12:39,DELIVERED,EAST
ORD000186,CUST0680,2024-10-30 03:50:49,SHIPPED,EAST
ORD000187,CUST0484,2025-06-24 18:41:40,DELIVERED,NORTH
ORD000188,CUST0181,2023-09-22 21:01:00,PLACED,NORTH
ORD000189,CUST0255,2024-08-01 06:48:34,DELIVERED,CENTRAL
ORD000190,CUST0280,2025-02-01 03:03:38,SHIPPED,WEST
ORD000191,CUST0538,2022-04-19 16:04:07,PLACED,WEST
ORD000192,CUST0459,2023-08-26 06:53:51,DELIVERED,CENTRAL
ORD000193,CUST0549,2022-08-12 01:48:56,RETURNED,SOUTH
ORD000194,CUST0897,2025-03-24 09:41:28,DELIVERED,EAST
ORD000195,CUST0653,2026-01-06 14:43:46,PLACED,EAST
ORD000196,CUST0189,2023-02-21 12:39:24,DELIVERED,EAST
ORD000197,CUST0106,2024-10-27 22:39:02,DELIVERED,SOUTH
ORD000198,CUST0696,2022-12-08 06:49:15,DELIVERED,NORTH
ORD000199,CUST0461,2022-02-12 06:27:47,CANCELLED,SOUTH
ORD000200,CUST0861,2025-05-01 12:49:16,DELIVERED,WEST
ORD000201,CUST0509,2022-04-03 00:37:59,RETURNED,SOUTH
ORD000202,CUST0184,2022-10-28 03:25:08,DELIVERED,EAST
ORD000203,CUST0745,2025-01-22 09:22:10,SHIPPED,WEST
ORD000204,,2023-12-24 10:57:50,CANCELLED,CENTRAL
ORD000205,CUST0285,29-11-2024,RETURNED,SOUTH
ORD000206,CUST0163,2024-10-16 01:07:30,DELIVERED,WEST
ORD000207,CUST0753,2023-02-01 13:45:16,RETURNED,CENTRAL
ORD000208,CUST0481,2024-12-15 06:22:11,DELIVERED,EAST
ORD000209,CUST0451,2023-07-20 11:15:43,DELIVERED,EAST
ORD000210,CUST0151,2026-06-17 16:34:01,DELIVERED,EAST
ORD000211,CUST0971,2024-10-18 05:21:24,SHIPPED,EAST
ORD000212,CUST0687,2023-09-14 17:43:29,DELIVERED,NORTH
ORD000213,CUST0235,2025-04-29 04:29:38,DELIVERED,WEST
ORD000214,CUST0844,2022-04-13 09:09:15,CANCELLED,CENTRAL
ORD000215,CUST0779,2022-11-14 03:07:52,PLACED,SOUTH
ORD000216,CUST0918,19-08-2023,CANCELLED,SOUTH
ORD000217,CUST0666,2024-05-15 14:31:52,PLACED,EAST
ORD000218,CUST0636,2022-12-21 20:31:52,CANCELLED,CENTRAL
ORD000219,CUST0778,2023-05-28 04:56:25,SHIPPED,EAST
ORD000220,CUST0600,2025-07-10 16:47:24,DELIVERED,WEST
ORD000221,CUST0558,2025-11-22 11:24:19,DELIVERED,EAST
ORD000222,CUST0461,2024-05-11 14:56:13,CANCELLED,NORTH
ORD000223,CUST0456,2026-03-28 05:07:06,DELIVERED,SOUTH
ORD000224,CUST0407,2025-06-25 19:46:47,CANCELLED,NORTH
ORD000225,CUST0432,2024-04-05 00:13:00,DELIVERED,CENTRAL
ORD000226,CUST0065,2022-04-23 09:50:12,DELIVERED,EAST
ORD000227,CUST0826,2025-03-04 17:31:46,CANCELLED,NORTH
ORD000228,CUST0690,2026-02-23 01:55:49,DELIVERED,CENTRAL
ORD000229,CUST0525,2023-04-03 23:17:22,DELIVERED,EAST
ORD000230,CUST0938,2026-07-08 17:39:24,SHIPPED,NORTH
ORD000231,,2025-05-21 04:24:24,SHIPPED,NORTH
ORD000232,CUST0842,2024-06-27 14:13:31,PLACED,WEST
ORD000233,CUST0203,2023-04-27 19:54:19,DELIVERED,WEST
ORD000234,CUST0649,2024-06-04 05:19:28,SHIPPED,SOUTH
ORD000235,CUST0749,2025-01-24 07:17:40,SHIPPED,NORTH
ORD000236,CUST0523,2025-09-29 10:01:08,DELIVERED,NORTH
ORD000237,CUST0820,2022-10-31 01:01:06,PLACED,WEST
ORD000238,,2023-09-13 01:14:27,CANCELLED,CENTRAL
ORD000239,CUST0910,2023-12-28 05:04:18,DELIVERED,EAST
ORD000240,,2022-11-21 13:01:30,CANCELLED,SOUTH
ORD000241,CUST0713,2024-03-10 18:40:45,DELIVERED,EAST
ORD000242,CUST0598,2024-07-30 05:05:55,DELIVERED,EAST
ORD000243,CUST0079,2025-08-14 17:36:45,DELIVERED,SOUTH
ORD000244,CUST0925,2026-05-08 23:59:24,PLACED,EAST
ORD000245,CUST0617,2025-04-12 22:28:53,PLACED,NORTH
ORD000246,CUST0177,2022-07-17 03:52:02,DELIVERED,EAST
ORD000247,CUST0978,2026-07-14 08:36:53,CANCELLED,WEST
ORD000248,CUST0454,2022-05-12 02:15:16,PLACED,NORTH
ORD000249,CUST0407,2025-07-16 01:04:21,DELIVERED,WEST
ORD000250,CUST0990,2025-03-21 20:15:37,SHIPPED,WEST
ORD000251,CUST0240,2026-02-28 05:54:05,DELIVERED,SOUTH
ORD000252,CUST0025,2025-10-01 03:30:09,DELIVERED,NORTH
ORD000253,CUST0448,2025-01-24 02:37:12,DELIVERED,CENTRAL
ORD000254,CUST0842,2025-03-14 17:14:53,DELIVERED,CENTRAL
ORD000255,CUST0808,2024-06-17 15:33:54,CANCELLED,CENTRAL
ORD000256,CUST0788,2023-09-03 03:40:26,SHIPPED,CENTRAL
ORD000257,CUST0024,2023-08-17 09:09:09,DELIVERED,SOUTH
ORD000258,CUST0088,2025-03-24 08:47:20,CANCELLED,CENTRAL
ORD000259,CUST0652,2025-01-23 04:02:12,CANCELLED,EAST
ORD000260,CUST0036,2024-05-13 09:29:54,CANCELLED,NORTH
ORD000261,CUST0573,2026-02-11 12:00:02,DELIVERED,NORTH
ORD000262,CUST0087,2025-02-28 22:12:34,DELIVERED,NORTH
ORD000263,CUST0084,2024-05-02 21:46:40,CANCELLED,CENTRAL
ORD000264,CUST0158,2026-01-21 01:31:11,DELIVERED,SOUTH
ORD000265,CUST0462,14-09-2023,PLACED,SOUTH
ORD000266,CUST0867,2025-10-28 00:39:31,PLACED,WEST
ORD000267,CUST0461,2024-05-24 20:00:29,DELIVERED,CENTRAL
ORD000268,CUST0402,2023-02-01 12:29:34,PLACED,SOUTH
ORD000269,CUST0014,2024-04-25 19:31:23,RETURNED,NORTH
ORD000270,CUST0266,2022-04-27 02:47:21,DELIVERED,EAST
ORD000271,,2023-12-18 21:55:59,SHIPPED,EAST
ORD000272,CUST0434,2025-09-08 04:27:20,PLACED,CENTRAL
ORD000273,CUST0712,2026-07-24 12:59:47,CANCELLED,WEST
ORD000274,CUST0941,2026-05-17 20:04:33,DELIVERED,CENTRAL
ORD000275,CUST0350,2025-01-13 18:19:47,DELIVERED,WEST
ORD000276,CUST0654,2023-07-27 02:51:22,PLACED,CENTRAL
ORD000277,CUST0750,2023-03-08 04:28:08,DELIVERED,SOUTH
ORD000278,,2023-04-27 16:01:48,DELIVERED,NORTH
ORD000279,,2022-03-11 09:50:28,DELIVERED,NORTH
ORD000280,CUST0861,26-02-2024,DELIVERED,WEST
ORD000281,,2023-02-26 13:48:39,DELIVERED,NORTH
ORD000282,CUST0036,2026-04-12 12:39:47,CANCELLED,EAST
ORD000283,CUST0910,2026-07-18 21:30:58,PLACED,CENTRAL
ORD000284,CUST0461,2026-02-02 02:04:46,DELIVERED,EAST
ORD000285,CUST0939,2024-08-07 15:25:52,DELIVERED,CENTRAL
ORD000286,CUST0960,2024-08-15 08:40:24,PLACED,EAST
ORD000287,CUST0266,2025-01-16 10:46:14,DELIVERED,CENTRAL
ORD000288,CUST0284,2023-05-29 23:46:34,DELIVERED,NORTH
ORD000289,CUST0686,2023-06-26 06:30:33,PLACED,NORTH
ORD000290,CUST0966,2024-09-10 23:13:10,SHIPPED,NORTH
ORD000291,CUST0093,2025-06-03 20:04:39,PLACED,SOUTH
ORD000292,CUST0793,2023-06-16 18:01:11,DELIVERED,SOUTH
ORD000293,CUST0680,2023-04-22 04:10:00,SHIPPED,CENTRAL
ORD000294,CUST0616,2022-03-27 20:08:56,PLACED,EAST
ORD000295,CUST0018,2023-12-25 19:40:36,DELIVERED,EAST
ORD000296,CUST0537,2022-08-20 18:36:22,SHIPPED,CENTRAL
ORD000297,CUST0826,2024-05-01 02:35:57,CANCELLED,SOUTH
ORD000298,,2025-05-28 13:07:03,DELIVERED,EAST
ORD000299,CUST0973,2025-06-27 01:08:03,PLACED,SOUTH
ORD000300,CUST0027,2025-06-01 07:41:59,DELIVERED,CENTRAL
ORD000301,CUST0720,2023-03-17 13:47:35,PLACED,SOUTH
ORD000302,CUST0999,2022-06-10 02:48:53,RETURNED,CENTRAL
ORD000303,CUST0611,2025-01-27 15:13:18,PLACED,CENTRAL
ORD000304,CUST0642,2025-09-12 19:05:40,DELIVERED,SOUTH
ORD000305,CUST0313,2023-05-15 11:58:01,DELIVERED,EAST
ORD000306,CUST0344,2022-08-25 08:46:34,RETURNED,WEST
ORD000307,CUST0391,2024-11-01 02:46:59,DELIVERED,CENTRAL
ORD000308,CUST0792,2023-04-16 20:43:44,RETURNED,CENTRAL
ORD000309,CUST0910,2025-10-12 21:17:25,DELIVERED,EAST
ORD000310,CUST0147,2024-04-16 15:19:44,PLACED,WEST
ORD000311,CUST0781,04-01-2023,PLACED,EAST
ORD000312,CUST0719,2024-08-20 03:40:37,PLACED,WEST
ORD000313,,2022-12-08 02:39:30,CANCELLED,WEST
ORD000314,CUST0391,2024-04-03 20:16:39,SHIPPED,EAST
ORD000315,CUST0903,2025-04-26 22:09:51,RETURNED,NORTH
ORD000316,CUST0918,2024-07-08 14:53:12,DELIVERED,WEST
ORD000317,CUST0513,2022-10-03 06:40:45,DELIVERED,CENTRAL
ORD000318,CUST0897,2025-04-30 21:35:32,DELIVERED,WEST
ORD000319,CUST0196,2026-01-19 21:24:40,DELIVERED,SOUTH
ORD000320,CUST0374,2025-03-01 18:50:53,DELIVERED,WEST
ORD000321,CUST0419,2026-03-31 06:29:45,PLACED,SOUTH
ORD000322,CUST0292,2025-06-14 11:26:44,SHIPPED,NORTH
ORD000323,CUST0521,2023-04-04 06:09:53,CANCELLED,CENTRAL
ORD000324,CUST0920,2025-09-26 10:08:40,SHIPPED,CENTRAL
ORD000325,CUST0028,2022-03-23 19:39:16,SHIPPED,WEST
ORD000326,CUST0028,2023-02-21 10:15:41,DELIVERED,WEST
ORD000327,CUST0840,2023-08-28 03:59:27,CANCELLED,NORTH
ORD000328,CUST0462,2023-06-23 03:09:45,RETURNED,NORTH
ORD000329,CUST0811,2026-03-05 08:05:55,DELIVERED,CENTRAL
ORD000330,CUST0486,2026-02-15 18:40:19,PLACED,EAST
ORD000331,CUST0043,2022-07-25 18:58:47,DELIVERED,NORTH
ORD000332,CUST0659,2023-05-19 04:59:00,CANCELLED,SOUTH
ORD000333,CUST0280,2022-11-07 17:38:25,DELIVERED,EAST
ORD000334,CUST0663,2022-07-01 18:47:53,DELIVERED,NORTH
ORD000335,CUST0521,2025-06-05 07:35:34,PLACED,EAST
ORD000336,CUST0662,2023-04-26 23:13:06,DELIVERED,SOUTH
ORD000337,CUST0847,2023-08-22 17:39:37,DELIVERED,CENTRAL
ORD000338,CUST0518,2022-07-17 07:58:15,CANCELLED,EAST
ORD000339,CUST0479,2023-05-22 15:28:07,DELIVERED,EAST
ORD000340,CUST0387,2024-03-26 04:39:44,DELIVERED,WEST
ORD000341,CUST0699,2022-03-01 10:35:32,SHIPPED,WEST
ORD000342,CUST0780,2023-06-20 11:33:50,DELIVERED,WEST
ORD000343,CUST0911,2023-07-04 17:40:36,DELIVERED,NORTH
ORD000344,CUST0448,2025-03-18 06:03:48,DELIVERED,NORTH
ORD000345,CUST0648,2023-11-07 04:42:16,PLACED,NORTH
ORD000346,CUST0103,2025-12-14 12:08:04,DELIVERED,CENTRAL
ORD000347,CUST0060,2023-03-08 13:11:00,RETURNED,CENTRAL
ORD000348,CUST0724,2023-08-18 05:52:35,DELIVERED,SOUTH
ORD000349,CUST0262,2022-01-28 01:18:48,DELIVERED,CENTRAL
ORD000350,CUST0435,2024-09-20 01:32:22,DELIVERED,SOUTH
ORD000351,CUST0699,2022-03-11 09:55:11,DELIVERED,WEST
ORD000352,CUST0160,2026-02-25 09:49:49,PLACED,CENTRAL
ORD000353,CUST0774,30-04-2024,DELIVERED,CENTRAL
ORD000354,CUST0108,2025-04-19 14:14:25,DELIVERED,EAST
ORD000355,CUST0459,2026-03-03 00:51:11,DELIVERED,NORTH
ORD000356,CUST0680,2024-08-23 13:42:39,PLACED,WEST
ORD000357,CUST0518,2025-12-10 19:24:48,DELIVERED,WEST
ORD000358,CUST0952,2026-04-12 19:54:01,DELIVERED,CENTRAL
ORD000359,CUST0434,2023-04-21 16:16:40,DELIVERED,EAST
ORD000360,CUST0816,2022-06-21 03:28:22,SHIPPED,WEST
ORD000361,CUST0098,2024-04-05 22:26:44,DELIVERED,CENTRAL
ORD000362,CUST0070,2024-10-07 09:10:33,DELIVERED,SOUTH
ORD000363,,2025-11-12 20:34:56,CANCELLED,EAST
ORD000364,CUST0766,2026-06-16 17:47:38,DELIVERED,SOUTH
ORD000365,CUST0717,2024-11-19 20:11:59,RETURNED,NORTH
ORD000366,CUST0460,2022-06-08 13:40:41,PLACED,CENTRAL
ORD000367,CUST0184,15-06-2024,DELIVERED,SOUTH
ORD000368,CUST0556,2022-10-14 19:55:07,PLACED,NORTH
ORD000369,CUST0315,2025-10-17 09:52:14,DELIVERED,EAST
ORD000370,CUST0184,2023-08-18 19:03:03,DELIVERED,EAST
ORD000371,CUST0267,2024-08-05 07:40:06,CANCELLED,SOUTH
ORD000372,CUST0721,2024-08-28 00:21:27,SHIPPED,WEST
ORD000373,CUST0974,2023-10-01 06:49:58,PLACED,WEST
ORD000374,CUST0074,2024-08-17 21:38:36,DELIVERED,CENTRAL
ORD000375,CUST0384,2022-01-29 07:00:49,DELIVERED,WEST
ORD000376,CUST0333,2025-07-02 14:40:57,DELIVERED,SOUTH
ORD000377,CUST0168,2026-02-05 07:52:49,SHIPPED,NORTH
ORD000378,CUST0555,2025-08-13 13:56:33,DELIVERED,CENTRAL
ORD000379,CUST0967,2026-02-18 22:25:25,DELIVERED,SOUTH
ORD000380,,2023-04-20 07:52:49,DELIVERED,SOUTH
ORD000381,CUST0510,2022-01-01 11:46:20,RETURNED,SOUTH
ORD000382,CUST0474,2025-09-23 17:10:25,DELIVERED,NORTH
ORD000383,CUST0432,2026-05-04 14:02:12,DELIVERED,CENTRAL
ORD000384,CUST0092,2025-05-24 07:47:16,CANCELLED,EAST
ORD000385,CUST0846,2025-02-21 16:04:47,DELIVERED,NORTH
ORD000386,CUST0466,15-12-2023,DELIVERED,WEST
ORD000387,CUST0385,2024-05-18 07:47:00,CANCELLED,SOUTH
ORD000388,CUST0198,2026-03-12 00:23:18,DELIVERED,SOUTH
ORD000389,,2023-09-28 11:57:30,DELIVERED,EAST
ORD000390,CUST0016,2023-07-14 01:13:14,DELIVERED,WEST
ORD000391,,2025-11-25 09:12:46,PLACED,CENTRAL
ORD000392,CUST0867,2024-08-22 22:07:12,DELIVERED,WEST
ORD000393,CUST0673,22-01-2025,PLACED,SOUTH
ORD000394,CUST0196,2022-09-27 03:00:55,DELIVERED,NORTH
ORD000395,CUST0717,2023-10-06 03:32:56,SHIPPED,SOUTH
ORD000396,CUST0746,2023-11-13 11:31:21,SHIPPED,CENTRAL
ORD000397,CUST0401,2022-01-30 14:40:44,DELIVERED,NORTH
ORD000398,CUST0831,2024-10-24 05:22:14,PLACED,WEST
ORD000399,,2025-05-31 07:14:01,DELIVERED,NORTH
ORD000400,CUST0597,2022-08-30 12:25:54,DELIVERED,NORTH
ORD000401,CUST0494,2022-08-27 03:17:50,PLACED,EAST
ORD000402,CUST0966,2026-04-20 06:09:55,SHIPPED,EAST
ORD000403,CUST0877,2023-05-21 11:12:21,DELIVERED,SOUTH
ORD000404,CUST0747,2023-09-28 01:56:30,SHIPPED,EAST
ORD000405,CUST0344,2023-04-08 06:51:13,SHIPPED,EAST
ORD000406,CUST0474,2022-07-09 17:50:10,DELIVERED,CENTRAL
ORD000407,CUST0662,2022-12-16 01:20:14,DELIVERED,SOUTH
ORD000408,CUST0224,2025-12-09 15:47:46,DELIVERED,EAST
ORD000409,CUST0708,2024-10-28 20:05:00,DELIVERED,NORTH
ORD000410,CUST0225,2023-03-23 17:01:40,CANCELLED,CENTRAL
ORD000411,CUST0204,2022-10-14 17:00:42,DELIVERED,WEST
ORD000412,CUST0904,2023-10-23 03:48:31,CANCELLED,NORTH
ORD000413,CUST0510,2023-11-21 23:35:19,SHIPPED,EAST
ORD000414,CUST0502,2023-01-17 00:47:30,DELIVERED,CENTRAL
ORD000415,CUST0466,2024-03-28 17:14:32,SHIPPED,EAST
ORD000416,CUST0518,01-04-2024,CANCELLED,SOUTH
ORD000417,CUST0904,2024-11-04 03:55:36,DELIVERED,CENTRAL
ORD000418,CUST0032,2024-11-14 06:03:28,CANCELLED,CENTRAL
ORD000419,CUST0971,2026-03-20 05:04:50,DELIVERED,NORTH
ORD000420,CUST0337,2026-04-18 05:09:01,DELIVERED,SOUTH
ORD000421,CUST0682,2023-02-15 06:15:53,PLACED,SOUTH
ORD000422,CUST0468,2026-01-23 08:54:37,DELIVERED,EAST
ORD000423,,2022-11-23 12:33:02,DELIVERED,WEST
ORD000424,CUST0912,2025-09-30 13:42:01,DELIVERED,NORTH
ORD000425,CUST0348,2022-10-01 14:33:33,CANCELLED,WEST
ORD000426,CUST0564,2023-12-12 17:46:43,RETURNED,NORTH
ORD000427,CUST0643,2026-04-22 08:33:42,DELIVERED,NORTH
ORD000428,CUST0762,2022-06-08 23:30:17,DELIVERED,NORTH
ORD000429,CUST0466,2023-11-27 13:59:00,DELIVERED,EAST
ORD000430,CUST0691,2024-09-11 01:16:04,RETURNED,SOUTH
ORD000431,CUST0696,2022-08-06 16:55:38,DELIVERED,NORTH
ORD000432,CUST0442,2026-07-11 00:26:42,PLACED,CENTRAL
ORD000433,CUST0488,2024-09-22 23:48:17,DELIVERED,NORTH
ORD000434,CUST0272,2025-07-22 04:13:18,DELIVERED,WEST
ORD000435,CUST0786,2025-12-29 12:11:57,RETURNED,NORTH
ORD000436,CUST0978,2024-12-24 13:57:42,PLACED,NORTH
ORD000437,CUST0934,2025-04-23 09:23:15,DELIVERED,WEST
ORD000438,CUST0497,2022-03-23 04:25:31,DELIVERED,NORTH
ORD000439,CUST0699,2023-06-01 15:29:57,SHIPPED,NORTH
ORD000440,CUST0197,01-01-2024,DELIVERED,NORTH
ORD000441,CUST0393,2022-03-16 19:20:34,SHIPPED,NORTH
ORD000442,CUST0154,2022-10-24 23:02:38,CANCELLED,EAST
ORD000443,CUST0699,2023-05-15 19:03:43,PLACED,EAST
ORD000444,CUST0166,2026-01-22 23:13:19,PLACED,CENTRAL
ORD000445,CUST0093,2025-07-28 10:59:41,PLACED,EAST
ORD000446,CUST0751,2022-06-12 15:46:51,DELIVERED,CENTRAL
ORD000447,CUST0329,2024-11-18 19:37:48,SHIPPED,NORTH
ORD000448,CUST0509,2026-04-07 15:54:31,DELIVERED,SOUTH
ORD000449,CUST0688,2025-05-23 14:30:54,DELIVERED,EAST
ORD000450,,2023-03-01 00:40:53,DELIVERED,EAST
ORD000451,CUST0637,2025-07-24 11:35:01,SHIPPED,EAST
ORD000452,CUST0644,2026-01-31 22:11:04,DELIVERED,CENTRAL
ORD000453,CUST0429,2025-02-16 00:27:27,DELIVERED,WEST
ORD000454,CUST0861,2024-10-18 07:40:08,SHIPPED,WEST
ORD000455,CUST0036,2025-03-16 02:51:43,DELIVERED,EAST
ORD000456,CUST0758,2024-12-20 13:26:30,DELIVERED,WEST
ORD000457,CUST0035,2025-07-03 21:17:48,DELIVERED,WEST
ORD000458,CUST0776,2026-03-19 10:20:09,DELIVERED,SOUTH
ORD000459,CUST0567,2024-02-15 22:06:16,PLACED,WEST
ORD000460,CUST0993,2025-03-14 10:32:05,SHIPPED,WEST
ORD000461,CUST0391,2023-03-22 15:13:31,SHIPPED,EAST
ORD000462,CUST0687,2025-11-07 23:03:04,DELIVERED,CENTRAL
ORD000463,CUST0240,2024-04-07 18:00:58,SHIPPED,WEST
ORD000464,CUST0873,30-03-2024,DELIVERED,WEST
ORD000465,CUST0697,2022-07-21 13:57:26,DELIVERED,WEST
ORD000466,CUST0664,2025-06-21 08:09:45,DELIVERED,NORTH
ORD000467,CUST0740,2022-02-16 11:50:01,SHIPPED,WEST
ORD000468,CUST0953,2022-02-16 21:53:39,DELIVERED,CENTRAL
ORD000469,CUST0207,2022-11-27 16:40:00,CANCELLED,SOUTH
ORD000470,CUST0720,2023-02-14 11:45:00,PLACED,NORTH
ORD000471,CUST0494,2023-05-17 21:57:49,SHIPPED,SOUTH
ORD000472,CUST0527,2022-08-16 21:59:28,CANCELLED,SOUTH
ORD000473,CUST0725,2022-05-24 00:15:02,DELIVERED,WEST
ORD000474,CUST0996,2024-02-29 02:33:42,RETURNED,CENTRAL
ORD000475,CUST0783,2025-08-18 19:26:54,DELIVERED,NORTH
ORD000476,CUST0436,2026-01-25 01:27:10,DELIVERED,CENTRAL
ORD000477,CUST0474,2026-06-01 04:31:00,DELIVERED,CENTRAL
ORD000478,CUST0135,2022-12-13 13:20:33,DELIVERED,SOUTH
ORD000479,CUST0223,2022-07-18 12:00:57,PLACED,WEST
ORD000480,CUST0769,2023-12-03 10:45:04,DELIVERED,WEST
ORD000481,CUST0601,2025-05-02 01:18:05,PLACED,EAST
ORD000482,,2024-01-30 20:31:04,SHIPPED,SOUTH
ORD000483,CUST0331,2025-12-31 16:00:53,SHIPPED,SOUTH
ORD000484,CUST0313,2024-02-26 09:22:05,PLACED,SOUTH
ORD000485,CUST0167,2022-01-25 09:26:42,DELIVERED,CENTRAL
ORD000486,CUST0652,2022-12-15 12:31:56,DELIVERED,CENTRAL
ORD000487,CUST0407,2024-09-20 23:36:24,DELIVERED,SOUTH
ORD000488,CUST0413,2025-10-01 02:21:27,DELIVERED,SOUTH
ORD000489,CUST0643,2026-02-01 04:21:15,DELIVERED,WEST
ORD000490,CUST0667,2022-01-25 19:04:57,DELIVERED,EAST
ORD000491,CUST0437,2022-07-22 11:59:50,SHIPPED,CENTRAL
ORD000492,CUST0567,2022-06-12 02:02:16,DELIVERED,SOUTH
ORD000493,CUST0747,2025-11-13 23:41:42,SHIPPED,WEST
ORD000494,CUST0977,2023-06-29 20:05:48,DELIVERED,NORTH
ORD000495,CUST0160,2023-09-13 02:12:57,SHIPPED,CENTRAL
ORD000496,CUST0112,2026-05-20 01:51:35,DELIVERED,SOUTH
ORD000497,CUST0477,2024-09-01 07:11:13,DELIVERED,CENTRAL
ORD000498,CUST0601,2025-04-06 15:38:48,PLACED,WEST
ORD000499,CUST0207,2026-07-09 23:07:01,DELIVERED,NORTH
ORD000500,CUST0445,2023-07-09 17:56:06,DELIVERED,WEST
ORD000501,CUST0952,2023-09-06 09:37:09,SHIPPED,EAST
ORD000502,CUST0530,2025-07-05 16:01:17,DELIVERED,SOUTH
ORD000503,CUST0352,2024-11-09 17:07:50,SHIPPED,WEST
ORD000504,CUST0107,2024-06-26 12:28:03,DELIVERED,SOUTH
ORD000505,CUST0131,2023-04-20 07:45:46,DELIVERED,CENTRAL
ORD000506,CUST0699,2025-06-02 07:39:23,SHIPPED,SOUTH
ORD000507,CUST0434,2022-12-18 05:45:01,SHIPPED,CENTRAL
ORD000508,CUST0679,2026-06-04 15:10:45,SHIPPED,EAST
ORD000509,CUST0862,2023-09-14 13:30:00,DELIVERED,EAST
ORD000510,CUST0344,2023-09-23 15:29:04,DELIVERED,NORTH
ORD000511,CUST0442,2024-04-17 12:52:28,PLACED,WEST
ORD000512,CUST0022,2025-12-13 07:21:44,DELIVERED,EAST
ORD000513,CUST0025,2024-05-25 13:55:22,DELIVERED,SOUTH
ORD000514,CUST0651,2024-06-20 09:58:28,SHIPPED,EAST
ORD000515,CUST0941,2025-04-29 17:06:27,CANCELLED,WEST
ORD000516,CUST0910,2024-09-24 09:05:47,DELIVERED,WEST
ORD000517,CUST0066,2023-12-03 10:03:01,DELIVERED,EAST
ORD000518,CUST0160,2026-03-16 02:41:37,DELIVERED,WEST
ORD000519,CUST0873,2025-04-22 10:52:51,DELIVERED,WEST
ORD000520,CUST0603,2026-04-12 09:29:32,DELIVERED,NORTH
ORD000521,CUST0780,2026-05-29 11:25:51,DELIVERED,WEST
ORD000522,CUST0230,2023-10-20 17:03:04,DELIVERED,SOUTH
ORD000523,CUST0711,2023-06-07 21:58:37,PLACED,NORTH
ORD000524,CUST0461,2026-07-09 17:42:27,DELIVERED,NORTH
ORD000525,CUST0542,2022-02-03 20:35:49,PLACED,CENTRAL
ORD000526,CUST0361,2025-01-08 17:54:48,DELIVERED,NORTH
ORD000527,CUST0600,2025-02-17 04:05:23,DELIVERED,NORTH
ORD000528,CUST0505,2025-08-24 06:57:00,DELIVERED,WEST
ORD000529,CUST0500,2026-02-22 05:32:29,PLACED,CENTRAL
ORD000530,CUST0558,2025-11-19 15:44:35,DELIVERED,EAST
ORD000531,,09-03-2024,DELIVERED,SOUTH
ORD000532,CUST0237,2025-10-13 11:53:30,DELIVERED,SOUTH
ORD000533,CUST0611,2023-12-28 21:00:09,DELIVERED,SOUTH
ORD000534,CUST0115,2024-12-28 21:54:55,PLACED,SOUTH
ORD000535,CUST0955,2023-11-02 11:28:51,DELIVERED,SOUTH
ORD000536,CUST0459,2023-07-10 08:28:57,SHIPPED,EAST
ORD000537,,2024-06-19 04:28:56,DELIVERED,WEST
ORD000538,CUST0861,04-03-2023,DELIVERED,SOUTH
ORD000539,CUST0414,2026-07-27 04:32:18,SHIPPED,CENTRAL
ORD000540,CUST0149,2026-03-30 07:37:57,DELIVERED,CENTRAL
ORD000541,CUST0996,2024-04-30 06:57:12,PLACED,CENTRAL
ORD000542,CUST0269,18-08-2022,DELIVERED,WEST
ORD000543,CUST0864,2023-12-28 13:07:17,DELIVERED,WEST
ORD000544,CUST0678,2023-04-15 03:04:29,DELIVERED,WEST
ORD000545,,2023-07-17 23:34:10,PLACED,SOUTH
ORD000546,CUST0014,2024-11-28 05:40:15,DELIVERED,NORTH
ORD000547,CUST0809,2026-02-24 10:40:15,DELIVERED,SOUTH
ORD000548,CUST0194,2024-11-28 05:30:41,DELIVERED,SOUTH
ORD000549,CUST0920,30-05-2026,SHIPPED,WEST
ORD000550,CUST0910,2023-06-28 22:38:35,DELIVERED,EAST
ORD000551,,2024-08-21 01:14:45,PLACED,WEST
ORD000552,,2024-02-12 21:47:27,SHIPPED,NORTH
ORD000553,,2023-04-02 03:21:14,PLACED,WEST
ORD000554,CUST0450,2025-01-04 16:02:06,DELIVERED,NORTH
ORD000555,CUST0505,2023-06-11 04:40:03,DELIVERED,CENTRAL
ORD000556,CUST0108,2024-10-06 20:47:53,SHIPPED,SOUTH
ORD000557,CUST0165,2025-09-12 02:59:32,DELIVERED,EAST
ORD000558,CUST0124,2023-04-09 09:07:35,DELIVERED,EAST
ORD000559,CUST0494,2025-04-24 18:55:46,RETURNED,EAST
ORD000560,CUST0160,2024-05-14 13:38:41,DELIVERED,NORTH
ORD000561,CUST0808,2025-07-18 01:44:53,RETURNED,NORTH
ORD000562,CUST0038,2026-06-16 08:39:32,DELIVERED,CENTRAL
ORD000563,CUST0865,2023-01-20 22:53:26,RETURNED,WEST
ORD000564,CUST0230,2025-06-26 09:34:06,PLACED,EAST
ORD000565,CUST0545,2023-11-22 12:16:44,SHIPPED,EAST
ORD000566,CUST0521,2025-01-29 16:36:50,DELIVERED,EAST
ORD000567,CUST0276,2026-05-21 13:18:16,PLACED,CENTRAL
ORD000568,CUST0242,2024-07-25 04:02:46,DELIVERED,SOUTH
ORD000569,CUST0336,2024-06-12 20:08:41,PLACED,CENTRAL
ORD000570,CUST0825,2024-11-12 07:05:43,DELIVERED,NORTH
ORD000571,CUST0753,2024-12-12 21:52:45,DELIVERED,CENTRAL
ORD000572,CUST0808,2024-01-13 19:38:27,CANCELLED,CENTRAL
ORD000573,CUST0176,2025-10-25 06:01:50,CANCELLED,SOUTH
ORD000574,CUST0762,2022-11-08 19:41:26,DELIVERED,SOUTH
ORD000575,CUST0957,2024-03-31 10:47:42,DELIVERED,WEST
ORD000576,CUST0504,06-10-2022,SHIPPED,CENTRAL
ORD000577,CUST0222,2026-02-11 22:19:22,PLACED,WEST
ORD000578,CUST0518,2022-11-25 08:49:40,SHIPPED,WEST
ORD000579,CUST0207,2023-12-19 02:34:04,CANCELLED,SOUTH
ORD000580,CUST0153,2026-02-23 21:19:58,SHIPPED,WEST
ORD000581,CUST0291,2023-11-02 00:23:31,DELIVERED,CENTRAL
ORD000582,CUST0661,2024-08-22 08:27:12,SHIPPED,NORTH
ORD000583,CUST0644,2022-11-11 02:33:47,DELIVERED,EAST
ORD000584,CUST0949,2022-03-25 13:53:24,SHIPPED,WEST
ORD000585,CUST0187,2025-12-24 17:44:31,SHIPPED,NORTH
ORD000586,CUST0739,2025-05-11 13:12:00,DELIVERED,WEST
ORD000587,CUST0965,2024-05-13 02:03:45,CANCELLED,EAST
ORD000588,CUST0741,2023-05-31 23:18:40,DELIVERED,EAST
ORD000589,CUST0096,2022-07-27 17:40:41,DELIVERED,CENTRAL
ORD000590,CUST0280,2026-05-19 17:45:45,DELIVERED,WEST
ORD000591,CUST0869,29-09-2025,PLACED,NORTH
ORD000592,CUST0147,2026-04-14 08:41:15,DELIVERED,CENTRAL
ORD000593,CUST0432,2026-03-05 01:27:05,DELIVERED,WEST
ORD000594,CUST0556,2024-03-27 22:52:08,DELIVERED,NORTH
ORD000595,CUST0200,2025-07-15 11:58:37,CANCELLED,NORTH
ORD000596,CUST0858,2023-06-04 13:03:20,DELIVERED,SOUTH
ORD000597,CUST0789,2023-10-27 16:40:57,DELIVERED,SOUTH
ORD000598,CUST0780,2025-01-25 23:36:12,DELIVERED,EAST
ORD000599,CUST0190,2024-10-20 03:14:08,DELIVERED,SOUTH
ORD000600,CUST0333,2026-01-18 03:17:33,DELIVERED,WEST
ORD000601,CUST0768,2023-02-19 09:38:12,DELIVERED,EAST
ORD000602,CUST0897,2026-03-26 05:47:48,DELIVERED,NORTH
ORD000603,CUST0338,2024-11-02 23:23:08,DELIVERED,CENTRAL
ORD000604,CUST0652,2022-06-05 07:13:53,DELIVERED,WEST
ORD000605,CUST0166,2023-11-28 19:23:58,PLACED,WEST
ORD000606,CUST0957,2026-07-27 10:42:03,RETURNED,EAST
ORD000607,CUST0477,2022-03-25 08:57:11,DELIVERED,EAST
ORD000608,,2023-04-05 07:58:21,SHIPPED,SOUTH
ORD000609,CUST0320,2022-02-12 22:17:24,DELIVERED,CENTRAL
ORD000610,CUST0601,2024-04-24 06:46:26,DELIVERED,CENTRAL
ORD000611,CUST0977,2026-03-10 09:31:14,RETURNED,EAST
ORD000612,CUST0401,2023-04-26 11:39:23,PLACED,SOUTH
ORD000613,CUST0833,2025-12-09 08:59:21,DELIVERED,NORTH
ORD000614,CUST0789,2024-11-05 17:19:15,PLACED,CENTRAL
ORD000615,CUST0387,2025-12-08 23:28:56,DELIVERED,SOUTH
ORD000616,CUST0609,2022-04-19 16:45:24,DELIVERED,WEST
ORD000617,CUST0996,2022-02-15 20:23:14,DELIVERED,EAST
ORD000618,CUST0713,2022-05-11 12:54:13,DELIVERED,CENTRAL
ORD000619,CUST0900,2022-02-26 21:45:46,DELIVERED,SOUTH
ORD000620,CUST0231,2024-07-14 11:16:49,DELIVERED,EAST
ORD000621,CUST0806,2024-11-06 14:49:24,DELIVERED,CENTRAL
ORD000622,CUST0009,2025-06-02 01:55:43,DELIVERED,NORTH
ORD000623,CUST0085,2022-05-11 19:17:18,SHIPPED,SOUTH
ORD000624,CUST0638,2026-04-04 06:31:46,PLACED,WEST
ORD000625,CUST0365,2022-07-12 14:41:34,CANCELLED,WEST
ORD000626,CUST0414,2024-08-29 05:02:34,SHIPPED,EAST
ORD000627,CUST0714,2023-06-01 18:11:34,SHIPPED,SOUTH
ORD000628,CUST0987,2025-07-20 02:58:11,DELIVERED,CENTRAL
ORD000629,CUST0879,2022-05-05 20:17:03,DELIVERED,SOUTH
ORD000630,,19-12-2024,DELIVERED,NORTH
ORD000631,CUST0601,2024-02-07 02:31:34,SHIPPED,CENTRAL
ORD000632,CUST0565,2023-12-09 03:31:49,CANCELLED,CENTRAL
ORD000633,CUST0196,2024-06-21 06:27:44,DELIVERED,WEST
ORD000634,,2022-03-21 19:34:22,DELIVERED,NORTH
ORD000635,CUST0341,2023-08-20 03:55:26,SHIPPED,CENTRAL
ORD000636,CUST0115,2023-01-31 21:58:22,DELIVERED,EAST
ORD000637,CUST0926,2025-01-27 14:09:26,CANCELLED,CENTRAL
ORD000638,CUST0258,2022-10-17 08:43:05,DELIVERED,WEST
ORD000639,,2022-05-01 17:29:30,CANCELLED,CENTRAL
ORD000640,CUST0553,2025-09-20 23:50:26,DELIVERED,CENTRAL
ORD000641,CUST0555,2026-03-31 19:53:35,SHIPPED,SOUTH
ORD000642,CUST0211,2025-07-06 15:31:18,DELIVERED,WEST
ORD000643,,2022-08-02 11:42:21,DELIVERED,EAST
ORD000644,CUST0792,2023-08-12 02:00:24,PLACED,NORTH
ORD000645,CUST0624,2025-03-15 19:45:44,DELIVERED,NORTH
ORD000646,CUST0055,2023-09-13 14:00:49,RETURNED,NORTH
ORD000647,CUST0697,2024-06-07 18:30:33,SHIPPED,EAST
ORD000648,CUST0053,2023-03-16 03:35:30,SHIPPED,SOUTH
ORD000649,CUST0087,2023-02-21 18:01:56,DELIVERED,NORTH
ORD000650,,2024-02-21 07:30:04,PLACED,EAST
ORD000651,,2023-05-08 12:02:32,RETURNED,SOUTH
ORD000652,CUST0846,2022-04-02 05:40:37,SHIPPED,EAST
ORD000653,CUST0459,2025-03-14 22:47:56,CANCELLED,EAST
ORD000654,CUST0014,2024-04-27 13:43:51,CANCELLED,WEST
ORD000655,CUST0015,19-11-2025,DELIVERED,SOUTH
ORD000656,CUST0237,2025-07-29 04:09:52,CANCELLED,WEST
ORD000657,CUST0566,2022-12-09 09:20:19,DELIVERED,WEST
ORD000658,CUST0299,2025-03-13 09:31:15,PLACED,SOUTH
ORD000659,CUST0583,2024-10-16 07:18:37,RETURNED,WEST
ORD000660,CUST0134,2022-03-19 14:07:44,DELIVERED,NORTH
ORD000661,CUST0648,2024-06-16 05:11:51,DELIVERED,CENTRAL
ORD000662,CUST0204,07-03-2023,PLACED,SOUTH
ORD000663,CUST0950,2022-12-26 12:44:50,CANCELLED,NORTH
ORD000664,CUST0170,2023-08-21 18:24:29,SHIPPED,SOUTH
ORD000665,CUST0725,2022-02-21 16:02:21,SHIPPED,CENTRAL
ORD000666,CUST0179,2025-01-25 11:33:42,DELIVERED,WEST
ORD000667,CUST0019,2026-01-15 06:11:11,DELIVERED,NORTH
ORD000668,CUST0120,2023-04-24 00:12:53,DELIVERED,WEST
ORD000669,CUST0148,05-04-2023,DELIVERED,NORTH
ORD000670,CUST0911,2025-03-16 23:28:33,DELIVERED,WEST
ORD000671,CUST0758,2025-10-30 17:51:38,DELIVERED,WEST
ORD000672,CUST0904,2024-07-19 19:31:54,SHIPPED,EAST
ORD000673,CUST0194,2024-03-06 09:21:53,DELIVERED,NORTH
ORD000674,CUST0325,2022-03-29 16:44:44,CANCELLED,SOUTH
ORD000675,CUST0153,2025-07-07 12:51:00,DELIVERED,WEST
ORD000676,CUST0484,2024-03-06 16:52:34,DELIVERED,WEST
ORD000677,CUST0559,2023-05-19 07:53:57,DELIVERED,CENTRAL
ORD000678,CUST0496,2026-04-14 14:51:44,DELIVERED,WEST
ORD000679,CUST0131,2025-08-28 16:28:06,DELIVERED,CENTRAL
ORD000680,CUST0211,2023-11-23 20:05:11,DELIVERED,CENTRAL
ORD000681,CUST0941,2022-02-18 07:31:00,DELIVERED,EAST
ORD000682,CUST0696,2026-04-25 05:40:28,DELIVERED,SOUTH
ORD000683,CUST0346,2023-05-19 04:45:12,DELIVERED,CENTRAL
ORD000684,CUST0647,2026-02-14 22:52:04,DELIVERED,NORTH
ORD000685,CUST0014,2022-04-19 12:04:11,DELIVERED,EAST
ORD000686,CUST0167,2023-03-13 11:11:52,DELIVERED,EAST
ORD000687,CUST0834,2024-08-30 12:19:43,SHIPPED,NORTH
ORD000688,CUST0179,2022-11-08 05:56:38,DELIVERED,CENTRAL
ORD000689,CUST0598,2025-07-11 17:05:47,SHIPPED,SOUTH
ORD000690,CUST0687,2022-10-28 16:11:54,PLACED,WEST
ORD000691,CUST0513,2026-04-21 00:43:35,RETURNED,EAST
ORD000692,CUST0622,2023-01-08 16:17:12,RETURNED,CENTRAL
ORD000693,CUST0372,2022-06-24 13:28:12,PLACED,EAST
ORD000694,CUST0917,2022-08-16 07:10:38,DELIVERED,NORTH
ORD000695,CUST0981,2024-10-10 00:34:51,DELIVERED,SOUTH
ORD000696,CUST0267,2024-11-17 10:12:12,CANCELLED,NORTH
ORD000697,CUST0906,2022-04-17 23:38:38,DELIVERED,WEST
ORD000698,CUST0371,2023-07-13 23:54:34,PLACED,CENTRAL
ORD000699,,2025-07-02 00:23:19,PLACED,WEST
ORD000700,CUST0507,2024-03-06 01:18:36,SHIPPED,WEST
ORD000701,CUST0810,2026-05-25 15:27:21,DELIVERED,EAST
ORD000702,CUST0580,2024-09-28 10:15:15,CANCELLED,NORTH
ORD000703,CUST0913,08-11-2024,PLACED,NORTH
ORD000704,CUST0196,2022-05-14 05:36:25,SHIPPED,NORTH
ORD000705,CUST0014,2022-01-28 12:25:13,DELIVERED,SOUTH
ORD000706,CUST0966,2024-08-01 22:58:26,DELIVERED,NORTH
ORD000707,CUST0066,2022-10-12 07:15:51,CANCELLED,SOUTH
ORD000708,CUST0952,2022-01-08 15:45:50,SHIPPED,NORTH
ORD000709,CUST0426,2025-07-04 19:16:20,DELIVERED,WEST
ORD000710,CUST0204,2023-08-13 21:32:49,PLACED,SOUTH
ORD000711,CUST0093,2023-02-09 09:35:06,DELIVERED,SOUTH
ORD000712,CUST0710,2022-06-05 06:51:07,DELIVERED,SOUTH
ORD000713,CUST0663,2025-04-28 10:48:11,DELIVERED,EAST
ORD000714,CUST0267,2023-12-08 08:45:58,DELIVERED,EAST
ORD000715,CUST0179,2022-05-07 02:17:09,CANCELLED,NORTH
ORD000716,CUST0824,13-06-2022,DELIVERED,NORTH
ORD000717,CUST0780,2024-01-11 22:02:44,PLACED,EAST
ORD000718,CUST0351,2024-01-04 17:29:33,DELIVERED,WEST
ORD000719,CUST1000,2023-01-25 08:18:19,PLACED,EAST
ORD000720,CUST0879,2023-10-27 14:40:53,CANCELLED,WEST
ORD000721,CUST0747,2024-02-29 15:16:37,CANCELLED,EAST
ORD000722,CUST0868,2022-11-02 14:32:32,DELIVERED,SOUTH
ORD000723,CUST0946,21-03-2023,DELIVERED,EAST
ORD000724,CUST0024,2024-03-14 05:45:50,RETURNED,CENTRAL
ORD000725,CUST0204,2025-05-27 18:10:22,CANCELLED,SOUTH
ORD000726,CUST0687,2023-12-25 03:51:35,DELIVERED,WEST
ORD000727,CUST0163,2024-11-28 17:59:39,DELIVERED,NORTH
ORD000728,CUST0662,2023-11-25 22:57:15,DELIVERED,CENTRAL
ORD000729,CUST0158,2023-08-01 12:25:08,DELIVERED,SOUTH
ORD000730,CUST0971,2022-05-10 00:38:41,DELIVERED,SOUTH
ORD000731,CUST0699,2023-10-03 23:04:42,RETURNED,EAST
ORD000732,CUST0616,2023-11-10 07:04:37,RETURNED,CENTRAL
ORD000733,CUST0242,2025-04-29 22:11:13,DELIVERED,WEST
ORD000734,CUST0890,2023-10-04 18:36:12,DELIVERED,SOUTH
ORD000735,CUST0094,2024-10-02 16:50:45,CANCELLED,EAST
ORD000736,CUST0431,2023-01-31 10:03:23,DELIVERED,NORTH
ORD000737,CUST0237,2022-01-07 11:54:48,DELIVERED,CENTRAL
ORD000738,CUST0287,2023-10-18 17:38:50,DELIVERED,CENTRAL
ORD000739,CUST0818,2023-01-21 21:45:26,SHIPPED,NORTH
ORD000740,CUST0207,2026-06-25 18:21:17,DELIVERED,WEST
ORD000741,CUST0861,2023-09-03 09:30:08,SHIPPED,NORTH
ORD000742,CUST0774,2022-06-11 13:25:17,CANCELLED,SOUTH
ORD000743,CUST0415,2022-11-18 21:37:16,DELIVERED,EAST
ORD000744,CUST0211,2025-05-27 16:30:19,DELIVERED,EAST
ORD000745,CUST0153,2023-10-31 20:07:07,PLACED,WEST
ORD000746,CUST0661,2025-08-16 11:47:32,DELIVERED,NORTH
ORD000747,CUST0359,30-03-2026,DELIVERED,SOUTH
ORD000748,CUST0922,2022-10-14 05:31:06,SHIPPED,SOUTH
ORD000749,CUST0394,2024-01-02 12:18:43,DELIVERED,NORTH
ORD000750,CUST0572,2024-12-10 15:09:32,DELIVERED,SOUTH
ORD000751,CUST0102,2023-03-01 16:19:45,DELIVERED,EAST
ORD000752,CUST0066,31-10-2025,DELIVERED,SOUTH
ORD000753,CUST0050,2026-04-03 08:28:15,RETURNED,SOUTH
ORD000754,CUST0358,2026-03-29 23:05:42,PLACED,EAST
ORD000755,CUST0688,2025-11-28 15:06:26,PLACED,CENTRAL
ORD000756,,2023-04-16 21:13:00,DELIVERED,NORTH
ORD000757,CUST0402,2022-12-03 14:27:39,DELIVERED,CENTRAL
ORD000758,CUST0586,2024-11-12 14:08:30,SHIPPED,CENTRAL
ORD000759,CUST0208,2023-06-18 14:17:43,SHIPPED,NORTH
ORD000760,CUST0968,2025-10-07 18:38:03,SHIPPED,NORTH
ORD000761,,2026-07-06 03:53:09,CANCELLED,SOUTH
ORD000762,CUST0745,2023-09-04 07:48:14,DELIVERED,EAST
ORD000763,CUST0673,2023-04-16 20:38:17,DELIVERED,SOUTH
ORD000764,CUST0337,2023-03-20 06:35:13,SHIPPED,WEST
ORD000765,CUST0490,2024-03-11 21:54:40,CANCELLED,WEST
ORD000766,CUST0299,2025-09-28 09:02:53,PLACED,NORTH
ORD000767,CUST0653,2022-01-23 09:59:04,DELIVERED,WEST
ORD000768,CUST0961,2022-07-19 01:56:57,DELIVERED,WEST
ORD000769,CUST0407,2023-07-28 15:12:00,SHIPPED,NORTH
ORD000770,CUST0326,2023-06-23 16:38:10,CANCELLED,SOUTH
ORD000771,CUST0665,2025-10-28 01:06:20,CANCELLED,SOUTH
ORD000772,,2022-06-26 08:32:56,CANCELLED,CENTRAL
ORD000773,CUST0024,2025-02-27 17:27:58,DELIVERED,SOUTH
ORD000774,CUST0691,2022-03-03 01:21:10,DELIVERED,WEST
ORD000775,CUST0016,2022-04-01 23:54:23,DELIVERED,EAST
ORD000776,CUST0724,20-02-2023,SHIPPED,SOUTH
ORD000777,CUST0481,04-01-2022,DELIVERED,WEST
ORD000778,CUST0710,2026-06-10 08:25:45,DELIVERED,EAST
ORD000779,CUST0637,2024-07-23 17:12:08,DELIVERED,EAST
ORD000780,CUST0569,2023-10-19 23:16:36,SHIPPED,WEST
ORD000781,CUST0981,2026-04-21 10:38:51,DELIVERED,WEST
ORD000782,CUST0448,2024-06-03 03:08:50,CANCELLED,EAST
ORD000783,CUST0671,2024-07-12 19:37:55,SHIPPED,NORTH
ORD000784,CUST0918,2025-07-04 05:16:52,DELIVERED,SOUTH
ORD000785,CUST0605,2026-07-30 07:29:36,DELIVERED,WEST
ORD000786,CUST0992,2025-01-19 01:31:42,DELIVERED,EAST
ORD000787,CUST0687,2022-12-04 08:15:24,DELIVERED,WEST
ORD000788,CUST0739,2026-06-21 13:35:32,DELIVERED,WEST
ORD000789,CUST0390,2024-04-15 03:52:29,DELIVERED,SOUTH
ORD000790,CUST0897,2023-01-21 00:01:18,RETURNED,NORTH
ORD000791,CUST0917,2025-11-24 11:09:40,DELIVERED,SOUTH
ORD000792,CUST0108,27-07-2026,PLACED,NORTH
ORD000793,CUST0833,2025-10-25 02:35:50,DELIVERED,NORTH
ORD000794,CUST0393,2024-04-05 00:23:05,DELIVERED,WEST
ORD000795,CUST0329,2025-06-22 21:28:11,DELIVERED,CENTRAL
ORD000796,,2024-10-03 01:08:51,DELIVERED,EAST
ORD000797,CUST0867,2024-02-25 19:37:30,DELIVERED,CENTRAL
ORD000798,CUST0390,2025-11-03 17:51:05,DELIVERED,WEST
ORD000799,CUST0101,2023-06-01 19:47:48,SHIPPED,NORTH
ORD000800,CUST0761,2023-05-10 21:58:36,PLACED,EAST
ORD000801,CUST0711,2024-07-13 07:53:04,PLACED,SOUTH
ORD000802,CUST0691,2022-02-27 18:26:01,DELIVERED,WEST
ORD000803,CUST0600,2026-06-30 19:30:10,PLACED,CENTRAL
ORD000804,CUST0545,2022-12-23 16:26:48,SHIPPED,EAST
ORD000805,CUST0461,2025-11-07 05:38:09,PLACED,WEST
ORD000806,CUST0008,2026-05-08 23:48:24,DELIVERED,NORTH
ORD000807,CUST0237,2025-10-30 21:14:49,SHIPPED,WEST
ORD000808,CUST0948,2022-08-26 03:41:48,PLACED,CENTRAL
ORD000809,CUST0470,21-01-2024,DELIVERED,EAST
ORD000810,CUST0126,2024-08-28 01:13:15,DELIVERED,WEST
ORD000811,CUST0101,2025-09-23 13:01:16,DELIVERED,SOUTH
ORD000812,CUST0875,2022-09-05 00:52:40,DELIVERED,SOUTH
ORD000813,CUST0998,2024-02-04 20:17:35,PLACED,SOUTH
ORD000814,CUST0144,2022-03-23 08:27:21,DELIVERED,WEST
ORD000815,,2022-05-03 18:34:32,PLACED,EAST
ORD000816,CUST0014,2026-07-20 04:59:24,SHIPPED,WEST
ORD000817,CUST0204,2024-08-30 17:24:48,PLACED,WEST
ORD000818,CUST0658,2026-07-05 02:34:55,PLACED,CENTRAL
ORD000819,CUST0771,2024-09-05 18:41:30,PLACED,SOUTH
ORD000820,CUST0763,2025-07-05 13:10:11,DELIVERED,WEST
ORD000821,CUST0462,19-10-2023,DELIVERED,EAST
ORD000822,CUST0641,2023-04-06 04:38:08,CANCELLED,CENTRAL
ORD000823,CUST0671,2026-03-28 23:07:55,DELIVERED,EAST
ORD000824,CUST0088,2025-05-13 01:07:31,DELIVERED,SOUTH
ORD000825,CUST0044,2023-07-23 14:19:06,DELIVERED,EAST
ORD000826,CUST0565,2023-11-01 11:13:08,DELIVERED,WEST
ORD000827,CUST0871,2025-11-10 21:27:54,CANCELLED,CENTRAL
ORD000828,CUST0789,2022-10-09 17:05:15,DELIVERED,EAST
ORD000829,CUST0649,2022-05-09 09:09:36,CANCELLED,EAST
ORD000830,CUST0242,2023-10-26 08:43:00,DELIVERED,EAST
ORD000831,CUST0368,2025-10-16 14:59:01,DELIVERED,SOUTH
ORD000832,CUST0890,2022-10-13 10:44:28,DELIVERED,CENTRAL
ORD000833,CUST0216,2024-08-05 21:10:51,PLACED,EAST
ORD000834,CUST0217,2026-06-06 23:03:46,SHIPPED,WEST
ORD000835,CUST0432,2026-01-08 09:51:26,DELIVERED,EAST
ORD000836,CUST0641,2023-06-02 04:31:49,DELIVERED,WEST
ORD000837,,2023-01-22 09:16:38,DELIVERED,CENTRAL
ORD000838,CUST0291,2025-03-08 15:18:34,PLACED,WEST
ORD000839,CUST0521,2022-08-10 17:20:38,DELIVERED,SOUTH
ORD000840,CUST0395,30-06-2026,PLACED,NORTH
ORD000841,CUST0284,2026-05-25 03:29:28,DELIVERED,SOUTH
ORD000842,,2025-09-14 20:37:41,PLACED,CENTRAL
ORD000843,CUST0297,2023-05-08 08:23:30,DELIVERED,EAST
ORD000844,CUST0391,30-04-2023,DELIVERED,SOUTH
ORD000845,CUST0966,2024-02-24 07:23:46,PLACED,SOUTH
ORD000846,CUST0747,2023-07-07 17:42:14,SHIPPED,WEST
ORD000847,CUST0491,2022-12-06 06:19:06,SHIPPED,NORTH
ORD000848,CUST0337,2025-04-02 21:50:06,DELIVERED,SOUTH
ORD000849,CUST0094,2025-12-30 16:10:13,DELIVERED,WEST
ORD000850,CUST0762,2022-02-17 19:42:24,SHIPPED,WEST
ORD000851,CUST0874,03-12-2023,DELIVERED,WEST
ORD000852,CUST0641,2024-02-03 05:15:41,DELIVERED,WEST
ORD000853,CUST0442,2023-03-23 11:26:24,SHIPPED,EAST
ORD000854,CUST0412,2024-08-19 00:53:01,DELIVERED,NORTH
ORD000855,CUST0808,2024-03-07 20:48:48,DELIVERED,WEST
ORD000856,CUST0479,2024-05-18 03:15:25,DELIVERED,EAST
ORD000857,CUST0998,2024-09-07 05:45:22,CANCELLED,CENTRAL
ORD000858,CUST0818,2022-03-16 13:53:16,DELIVERED,NORTH
ORD000859,CUST0176,2025-06-14 20:07:39,PLACED,EAST
ORD000860,CUST0314,2024-06-11 10:08:25,SHIPPED,WEST
ORD000861,CUST0553,2023-04-20 03:21:34,DELIVERED,SOUTH
ORD000862,CUST0507,2024-05-16 06:06:50,DELIVERED,SOUTH
ORD000863,CUST0090,2026-05-02 03:41:45,DELIVERED,CENTRAL
ORD000864,CUST0494,2026-04-08 13:25:56,SHIPPED,SOUTH
ORD000865,CUST0014,2022-12-18 09:54:55,PLACED,CENTRAL
ORD000866,CUST0432,2022-12-09 01:45:36,DELIVERED,SOUTH
ORD000867,CUST0844,2025-03-21 10:10:05,DELIVERED,NORTH
ORD000868,CUST0181,2025-05-26 01:32:20,DELIVERED,NORTH
ORD000869,CUST0559,2024-09-30 14:22:55,DELIVERED,CENTRAL
ORD000870,CUST0673,2024-11-30 12:53:11,DELIVERED,WEST
ORD000871,CUST0556,2024-04-14 06:04:35,DELIVERED,NORTH
ORD000872,CUST0637,2024-01-23 10:51:57,CANCELLED,WEST
ORD000873,CUST0407,2023-10-07 17:44:21,PLACED,WEST
ORD000874,CUST0761,2024-07-10 21:29:48,DELIVERED,EAST
ORD000875,CUST0165,2023-04-11 15:59:04,DELIVERED,WEST
ORD000876,CUST0216,2022-09-25 15:08:19,SHIPPED,SOUTH
ORD000877,CUST0918,2023-08-29 13:37:05,DELIVERED,WEST
ORD000878,CUST0872,2022-06-09 21:46:52,DELIVERED,CENTRAL
ORD000879,CUST0934,2024-09-08 02:28:00,SHIPPED,CENTRAL
ORD000880,CUST0993,2022-10-26 20:26:48,PLACED,SOUTH
ORD000881,CUST0406,2024-07-07 14:41:16,DELIVERED,EAST
ORD000882,CUST0298,2022-04-15 18:49:23,CANCELLED,WEST
ORD000883,CUST0545,2025-09-26 19:57:06,DELIVERED,NORTH
ORD000884,CUST0170,2024-02-13 12:01:13,DELIVERED,EAST
ORD000885,CUST0774,2023-02-07 03:23:34,SHIPPED,SOUTH
ORD000886,,2023-09-13 00:26:27,SHIPPED,CENTRAL
ORD000887,CUST0808,2022-11-07 15:32:36,SHIPPED,SOUTH
ORD000888,,2022-05-16 05:56:56,SHIPPED,WEST
ORD000889,CUST0235,2022-12-06 17:58:01,DELIVERED,EAST
ORD000890,CUST0977,2024-08-18 09:23:47,DELIVERED,EAST
ORD000891,CUST0361,2022-11-15 21:28:23,SHIPPED,CENTRAL
ORD000892,CUST0257,2026-07-27 00:48:33,SHIPPED,CENTRAL
ORD000893,CUST0972,2024-04-08 01:52:02,DELIVERED,EAST
ORD000894,CUST0167,2023-04-03 07:58:18,SHIPPED,SOUTH
ORD000895,CUST0707,2024-11-01 13:12:58,DELIVERED,CENTRAL
ORD000896,CUST0094,2022-11-29 22:41:05,CANCELLED,NORTH
ORD000897,CUST0921,2022-04-27 15:51:38,DELIVERED,WEST
ORD000898,CUST0036,2024-01-29 04:18:16,DELIVERED,WEST
ORD000899,CUST0434,2023-03-15 14:45:25,SHIPPED,SOUTH
ORD000900,CUST0182,2022-11-23 21:46:18,DELIVERED,NORTH
ORD000901,CUST0095,2026-02-19 00:18:32,DELIVERED,NORTH
ORD000902,CUST0801,2025-11-29 23:35:30,PLACED,WEST
ORD000903,CUST0160,2024-01-22 13:00:25,PLACED,SOUTH
ORD000904,CUST0363,2022-03-21 21:13:17,PLACED,NORTH
ORD000905,CUST0206,2022-12-15 14:13:51,DELIVERED,EAST
ORD000906,CUST0648,2024-12-13 02:36:35,SHIPPED,NORTH
ORD000907,CUST0861,2022-11-19 23:25:40,DELIVERED,WEST
ORD000908,CUST0699,2022-03-07 14:19:22,DELIVERED,WEST
ORD000909,CUST0394,2024-11-08 11:09:20,DELIVERED,WEST
ORD000910,CUST0929,2026-06-15 11:15:43,SHIPPED,WEST
ORD000911,CUST0173,2022-06-12 02:08:20,PLACED,NORTH
ORD000912,CUST0154,2026-01-20 02:40:26,DELIVERED,EAST
ORD000913,CUST0724,2024-06-10 14:55:23,DELIVERED,CENTRAL
ORD000914,CUST0326,2025-12-23 07:38:15,DELIVERED,EAST
ORD000915,CUST0206,16-05-2022,CANCELLED,EAST
ORD000916,CUST0820,2024-08-07 23:58:08,DELIVERED,EAST
ORD000917,CUST0823,2026-03-07 15:22:38,RETURNED,CENTRAL
ORD000918,CUST0203,2026-05-24 05:58:39,DELIVERED,WEST
ORD000919,CUST0368,2022-03-28 05:06:34,DELIVERED,EAST
ORD000920,CUST0725,2024-05-05 01:23:59,DELIVERED,EAST
ORD000921,CUST0407,2022-01-06 03:48:29,DELIVERED,CENTRAL
ORD000922,CUST0167,2025-10-25 23:58:52,DELIVERED,EAST
ORD000923,CUST0888,2025-04-24 22:17:56,SHIPPED,NORTH
ORD000924,CUST0724,2025-01-25 10:33:56,DELIVERED,NORTH
ORD000925,CUST0019,2025-04-21 22:49:47,PLACED,WEST
ORD000926,CUST0915,2025-05-31 20:49:19,DELIVERED,CENTRAL
ORD000927,CUST0279,2025-08-28 01:24:33,DELIVERED,CENTRAL
ORD000928,CUST0280,22-12-2024,RETURNED,WEST
ORD000929,CUST0005,2022-04-08 02:46:15,SHIPPED,CENTRAL
ORD000930,CUST0018,2026-02-09 23:18:08,DELIVERED,NORTH
ORD000931,CUST0616,2024-12-29 20:06:38,PLACED,SOUTH
ORD000932,CUST0429,2026-01-26 11:57:48,DELIVERED,NORTH
ORD000933,CUST0093,2025-08-17 08:56:30,PLACED,SOUTH
ORD000934,CUST0739,2022-12-13 23:56:14,SHIPPED,SOUTH
ORD000935,CUST0216,2022-12-02 13:09:33,CANCELLED,EAST
ORD000936,CUST0701,2025-08-01 02:29:50,SHIPPED,NORTH
ORD000937,CUST0007,2023-05-06 02:24:08,DELIVERED,EAST
ORD000938,CUST0137,2024-07-13 12:17:20,DELIVERED,CENTRAL
ORD000939,CUST0149,2025-09-30 22:22:06,PLACED,NORTH
ORD000940,CUST0428,2023-01-23 19:51:14,DELIVERED,CENTRAL
ORD000941,CUST0801,2022-06-26 02:18:34,DELIVERED,CENTRAL
ORD000942,CUST0565,2024-09-07 22:59:41,DELIVERED,WEST
ORD000943,CUST0462,2026-07-12 18:39:23,DELIVERED,SOUTH
ORD000944,CUST0666,2026-05-04 21:20:54,PLACED,SOUTH
ORD000945,CUST0934,2026-05-19 17:59:58,DELIVERED,EAST
ORD000946,CUST0211,2022-03-27 01:19:28,PLACED,EAST
ORD000947,,2025-09-23 13:33:49,DELIVERED,NORTH
ORD000948,CUST0867,2022-06-24 04:52:54,DELIVERED,CENTRAL
ORD000949,CUST0629,2024-08-27 17:59:54,DELIVERED,EAST
ORD000950,CUST0818,2026-05-30 23:13:54,DELIVERED,WEST
ORD000951,CUST0866,2022-04-23 10:55:48,RETURNED,EAST
ORD000952,CUST1000,2023-07-29 12:22:36,RETURNED,CENTRAL
ORD000953,CUST0526,2026-02-21 10:54:58,PLACED,EAST
ORD000954,CUST0720,2022-10-09 19:06:46,CANCELLED,EAST
ORD000955,CUST0973,2026-04-22 12:09:09,PLACED,CENTRAL
ORD000956,CUST0808,2023-04-20 01:47:12,DELIVERED,CENTRAL
ORD000957,CUST0912,2022-06-13 19:59:10,CANCELLED,CENTRAL
ORD000958,CUST0579,2023-09-02 03:39:24,DELIVERED,NORTH
ORD000959,CUST0878,2022-07-10 23:57:11,DELIVERED,SOUTH
ORD000960,CUST0949,2025-04-19 00:08:45,DELIVERED,WEST
ORD000961,CUST0444,2022-08-07 09:37:20,CANCELLED,SOUTH
ORD000962,CUST0187,2025-08-21 20:43:01,PLACED,NORTH
ORD000963,CUST0734,2022-09-17 06:09:59,DELIVERED,CENTRAL
ORD000964,CUST0448,2025-10-27 19:02:27,DELIVERED,SOUTH
ORD000965,CUST0253,2024-05-30 07:40:57,DELIVERED,CENTRAL
ORD000966,CUST0161,2025-04-24 14:59:01,SHIPPED,SOUTH
ORD000967,CUST0888,2025-12-18 15:17:59,DELIVERED,NORTH
ORD000968,CUST0443,2023-01-27 09:12:32,DELIVERED,CENTRAL
ORD000969,CUST0688,2022-09-29 01:27:49,SHIPPED,NORTH
ORD000970,CUST0697,2022-09-30 07:56:31,PLACED,NORTH
ORD000971,CUST0723,2025-11-26 00:30:03,DELIVERED,WEST
ORD000972,CUST0730,2026-05-28 04:29:13,DELIVERED,WEST
ORD000973,CUST0549,2023-07-18 16:08:38,CANCELLED,SOUTH
ORD000974,CUST0391,2025-09-25 08:50:20,CANCELLED,WEST
ORD000975,,2022-01-07 15:46:32,PLACED,NORTH
ORD000976,CUST0556,2023-02-22 15:03:05,SHIPPED,EAST
ORD000977,CUST0461,2022-01-29 17:13:47,DELIVERED,CENTRAL
ORD000978,CUST0329,2023-04-05 16:21:36,CANCELLED,WEST
ORD000979,CUST0284,2024-09-10 08:01:49,PLACED,SOUTH
ORD000980,CUST0419,2025-02-03 18:33:27,PLACED,EAST
ORD000981,CUST0555,2025-11-13 03:35:54,DELIVERED,EAST
ORD000982,CUST0023,2025-03-07 03:54:00,SHIPPED,SOUTH
ORD000983,CUST0688,2025-02-12 22:20:25,CANCELLED,SOUTH
ORD000984,CUST0974,2022-01-07 05:25:42,DELIVERED,CENTRAL
ORD000985,CUST0374,2024-09-12 07:02:31,DELIVERED,WEST
ORD000986,CUST0812,2025-04-15 07:15:44,DELIVERED,CENTRAL
ORD000987,CUST0392,2024-02-18 17:10:46,CANCELLED,EAST
ORD000988,,2023-11-20 12:59:37,SHIPPED,EAST
ORD000989,CUST0462,2025-02-25 00:35:53,PLACED,SOUTH
ORD000990,CUST0867,2023-02-24 17:00:21,RETURNED,NORTH
ORD000991,CUST0991,2025-01-28 16:03:59,SHIPPED,SOUTH
ORD000992,CUST0108,2023-06-10 00:25:33,DELIVERED,EAST
ORD000993,CUST0888,2023-03-05 03:24:12,SHIPPED,NORTH
ORD000994,CUST0266,2025-05-10 19:32:51,CANCELLED,SOUTH
ORD000995,,2025-11-12 10:05:17,DELIVERED,NORTH
ORD000996,CUST0521,2023-03-20 14:59:36,PLACED,CENTRAL
ORD000997,CUST0920,2023-07-23 00:00:12,DELIVERED,EAST
ORD000998,CUST0586,2022-12-03 00:58:45,RETURNED,CENTRAL
ORD000999,,2023-07-18 07:00:37,SHIPPED,NORTH
ORD001000,CUST0208,2023-03-05 07:11:45,DELIVERED,WEST
ORD001001,CUST0160,2022-08-30 07:26:00,DELIVERED,EAST
ORD001002,CUST0462,2025-11-09 02:18:12,SHIPPED,WEST
ORD001003,,2024-02-07 01:16:44,DELIVERED,WEST
ORD001004,CUST0774,2023-03-10 02:39:56,PLACED,SOUTH
ORD001005,CUST0184,2026-01-01 18:56:31,CANCELLED,CENTRAL
ORD001006,CUST0932,2025-04-14 12:01:00,SHIPPED,CENTRAL
ORD001007,CUST0600,2024-07-08 15:28:10,DELIVERED,WEST
ORD001008,CUST0273,2023-03-15 00:43:45,SHIPPED,CENTRAL
ORD001009,CUST0104,2025-04-05 04:11:58,PLACED,NORTH
ORD001010,CUST0709,2022-08-20 20:23:28,CANCELLED,CENTRAL
ORD001011,CUST0823,2022-04-19 18:51:29,CANCELLED,SOUTH
ORD001012,CUST0061,2025-05-27 19:47:39,SHIPPED,CENTRAL
ORD001013,CUST0556,2022-07-11 09:27:13,DELIVERED,SOUTH
ORD001014,,2024-10-01 07:28:29,DELIVERED,NORTH
ORD001015,CUST0658,2022-05-27 15:22:08,DELIVERED,EAST
ORD001016,CUST0696,23-11-2023,PLACED,NORTH
ORD001017,CUST0701,2026-07-17 01:06:17,SHIPPED,CENTRAL
ORD001018,CUST0699,2024-09-11 03:34:39,CANCELLED,EAST
ORD001019,CUST0662,2025-05-23 00:56:27,RETURNED,EAST
ORD001020,CUST0143,2024-10-29 23:30:21,SHIPPED,SOUTH
ORD001021,CUST0820,2025-05-14 20:59:07,SHIPPED,CENTRAL
ORD001022,CUST0089,2022-12-26 10:31:16,DELIVERED,EAST
ORD001023,CUST0044,09-06-2024,DELIVERED,NORTH
ORD001024,CUST0884,2024-02-13 12:34:25,PLACED,CENTRAL
ORD001025,CUST0167,2024-02-13 20:29:53,DELIVERED,EAST
ORD001026,CUST0992,2024-01-27 01:47:02,DELIVERED,CENTRAL
ORD001027,CUST0050,2026-01-02 01:26:01,PLACED,SOUTH
ORD001028,CUST0638,2025-06-11 20:19:32,DELIVERED,NORTH
ORD001029,CUST0785,2024-12-12 06:43:37,PLACED,NORTH
ORD001030,CUST0867,2023-06-02 19:14:41,DELIVERED,CENTRAL
ORD001031,CUST0274,2026-02-10 09:25:03,DELIVERED,CENTRAL
ORD001032,CUST0526,2023-05-25 18:46:29,DELIVERED,SOUTH
ORD001033,CUST0075,2023-07-03 08:49:09,PLACED,WEST
ORD001034,CUST0317,2022-12-16 18:59:43,DELIVERED,EAST
ORD001035,CUST0176,2023-05-13 15:17:03,PLACED,CENTRAL
ORD001036,CUST0120,2026-05-13 09:10:10,CANCELLED,WEST
ORD001037,CUST0979,2024-03-09 05:42:15,DELIVERED,EAST
ORD001038,CUST0050,2024-04-05 08:20:25,DELIVERED,CENTRAL
ORD001039,CUST0315,2026-02-02 00:50:49,DELIVERED,EAST
ORD001040,CUST0292,2023-08-19 18:40:37,DELIVERED,CENTRAL
ORD001041,CUST0024,2023-04-08 03:58:02,DELIVERED,CENTRAL
ORD001042,CUST0837,2023-07-19 12:04:17,PLACED,CENTRAL
ORD001043,CUST0074,10-11-2025,DELIVERED,NORTH
ORD001044,CUST0310,2023-02-24 07:52:09,DELIVERED,EAST
ORD001045,CUST0556,2025-04-17 11:28:17,PLACED,SOUTH
ORD001046,CUST0814,2022-07-04 03:26:36,DELIVERED,WEST
ORD001047,CUST0794,2025-01-19 01:45:34,SHIPPED,CENTRAL
ORD001048,CUST0692,2024-10-05 07:53:34,DELIVERED,SOUTH
ORD001049,,2024-04-12 01:15:55,RETURNED,CENTRAL
ORD001050,CUST0526,2023-11-02 14:10:31,RETURNED,WEST
ORD001051,CUST0725,10-12-2024,SHIPPED,NORTH
ORD001052,CUST0034,2022-08-07 12:10:55,PLACED,SOUTH
ORD001053,CUST0556,2022-01-27 08:53:52,DELIVERED,WEST
ORD001054,CUST0297,2025-05-05 04:21:29,CANCELLED,NORTH
ORD001055,CUST0696,2024-03-13 13:23:42,DELIVERED,NORTH
ORD001056,CUST0639,2026-07-14 04:29:04,DELIVERED,CENTRAL
ORD001057,CUST0568,2023-04-08 08:25:23,DELIVERED,NORTH
ORD001058,CUST0768,2024-04-14 07:05:20,DELIVERED,SOUTH
ORD001059,CUST0534,2022-05-31 08:44:35,DELIVERED,WEST
ORD001060,CUST0269,2022-03-16 10:42:08,DELIVERED,NORTH
ORD001061,CUST0661,2026-05-13 12:17:15,CANCELLED,WEST
ORD001062,CUST0800,2022-04-05 18:54:30,PLACED,SOUTH
ORD001063,CUST0856,2022-03-28 07:01:28,PLACED,SOUTH
ORD001064,CUST0434,2025-05-29 03:13:04,DELIVERED,WEST
ORD001065,CUST0489,2023-10-19 07:44:59,SHIPPED,SOUTH
ORD001066,CUST0373,2022-04-17 15:38:53,SHIPPED,CENTRAL
ORD001067,CUST0658,2024-09-20 15:27:16,DELIVERED,SOUTH
ORD001068,CUST0982,2023-06-25 10:34:23,PLACED,SOUTH
ORD001069,CUST0583,2026-06-14 19:13:01,DELIVERED,EAST
ORD001070,CUST0513,2025-09-28 20:02:07,DELIVERED,WEST
ORD001071,,2023-04-24 23:29:19,DELIVERED,NORTH
ORD001072,CUST0406,2025-11-16 00:39:26,PLACED,EAST
ORD001073,CUST0617,2022-05-13 10:32:05,SHIPPED,NORTH
ORD001074,CUST0486,2023-06-07 21:13:21,DELIVERED,CENTRAL
ORD001075,CUST0657,2025-07-05 15:19:06,DELIVERED,WEST
ORD001076,CUST0681,2025-02-05 23:21:55,DELIVERED,WEST
ORD001077,CUST0555,2022-10-25 19:29:18,DELIVERED,CENTRAL
ORD001078,CUST0364,30-07-2022,DELIVERED,EAST
ORD001079,CUST0800,2023-02-03 06:22:33,PLACED,SOUTH
ORD001080,CUST0163,2024-05-30 14:43:00,RETURNED,NORTH
ORD001081,CUST0708,2025-02-16 17:13:14,DELIVERED,WEST
ORD001082,CUST0971,2022-03-04 23:22:19,DELIVERED,EAST
ORD001083,CUST0994,2023-04-13 18:55:56,DELIVERED,CENTRAL
ORD001084,CUST0677,2024-12-01 05:02:36,DELIVERED,NORTH
ORD001085,CUST0978,2022-01-07 12:32:58,CANCELLED,NORTH
ORD001086,CUST0906,2025-03-05 22:12:34,PLACED,SOUTH
ORD001087,CUST0774,2025-01-20 05:20:16,SHIPPED,CENTRAL
ORD001088,CUST0411,2024-04-13 22:57:01,DELIVERED,NORTH
ORD001089,CUST0816,2022-07-21 05:18:19,DELIVERED,EAST
ORD001090,CUST0977,2026-03-17 04:22:33,SHIPPED,EAST
ORD001091,CUST0167,2025-04-18 11:18:49,SHIPPED,NORTH
ORD001092,CUST0842,2022-12-03 17:25:07,PLACED,CENTRAL
ORD001093,CUST0431,2024-03-08 02:16:45,PLACED,WEST
ORD001094,CUST0088,2025-09-30 07:02:20,DELIVERED,NORTH
ORD001095,,2022-05-16 13:39:37,DELIVERED,EAST
ORD001096,CUST0661,2022-05-30 11:42:05,DELIVERED,SOUTH
ORD001097,CUST0555,2025-04-07 16:08:26,DELIVERED,NORTH
ORD001098,CUST0237,28-07-2023,DELIVERED,WEST
ORD001099,CUST0432,2022-04-30 16:20:54,DELIVERED,WEST
ORD001100,CUST0636,2023-12-07 00:42:30,PLACED,WEST
ORD001101,CUST0831,2024-02-27 01:44:11,DELIVERED,CENTRAL
ORD001102,CUST0784,2022-02-16 14:27:52,DELIVERED,EAST
ORD001103,CUST0208,2023-02-20 16:31:29,CANCELLED,EAST
ORD001104,CUST0929,2023-02-19 12:33:05,DELIVERED,WEST
ORD001105,CUST0093,2022-01-22 07:27:38,CANCELLED,SOUTH
ORD001106,CUST0093,2022-12-01 00:01:00,SHIPPED,WEST
ORD001107,CUST0544,2025-10-03 11:34:08,DELIVERED,CENTRAL
ORD001108,CUST0408,2023-01-25 07:56:46,CANCELLED,CENTRAL
ORD001109,CUST0279,2022-04-11 06:08:31,DELIVERED,SOUTH
ORD001110,CUST0315,2022-03-30 03:26:28,SHIPPED,NORTH
ORD001111,CUST0216,2023-05-28 03:41:58,DELIVERED,SOUTH
ORD001112,CUST0749,2024-10-20 18:41:31,SHIPPED,NORTH
ORD001113,CUST0668,2024-10-03 21:26:40,SHIPPED,SOUTH
ORD001114,CUST0929,2024-05-09 06:14:54,DELIVERED,WEST
ORD001115,CUST0699,2024-06-15 08:30:53,CANCELLED,SOUTH
ORD001116,CUST0568,2022-08-24 18:45:41,DELIVERED,EAST
ORD001117,CUST0372,2025-03-18 16:22:15,PLACED,CENTRAL
ORD001118,CUST0665,2024-04-04 04:19:56,DELIVERED,WEST
ORD001119,CUST0526,2024-04-09 18:52:11,PLACED,NORTH
ORD001120,CUST0005,2025-01-12 05:13:45,DELIVERED,SOUTH
ORD001121,CUST0389,2025-10-12 05:47:48,DELIVERED,EAST
ORD001122,,2023-11-18 19:37:37,CANCELLED,EAST
ORD001123,CUST0167,2022-05-30 19:02:09,CANCELLED,NORTH
ORD001124,CUST0161,2025-03-08 14:29:17,DELIVERED,NORTH
ORD001125,CUST0564,2025-10-28 09:46:35,DELIVERED,CENTRAL
ORD001126,CUST0573,2022-02-03 05:45:53,CANCELLED,EAST
ORD001127,CUST0952,2025-11-17 08:22:00,DELIVERED,CENTRAL
ORD001128,CUST0267,2023-08-21 23:36:23,CANCELLED,EAST
ORD001129,CUST0644,2025-02-07 22:55:11,PLACED,EAST
ORD001130,CUST0572,2024-07-26 01:18:12,DELIVERED,EAST
ORD001131,CUST0249,2025-01-19 14:37:25,DELIVERED,CENTRAL
ORD001132,CUST0681,2022-02-23 22:24:45,DELIVERED,NORTH
ORD001133,CUST0074,2025-07-09 16:47:57,DELIVERED,WEST
ORD001134,CUST0863,2025-03-22 15:53:28,DELIVERED,SOUTH
ORD001135,CUST0158,2024-11-23 21:00:02,RETURNED,NORTH
ORD001136,CUST0562,27-10-2025,DELIVERED,SOUTH
ORD001137,CUST0706,2022-03-03 13:07:12,DELIVERED,CENTRAL
ORD001138,CUST0489,2022-03-20 01:06:55,SHIPPED,CENTRAL
ORD001139,CUST0755,2024-02-07 09:46:09,CANCELLED,WEST
ORD001140,CUST0432,2022-10-15 12:51:11,DELIVERED,SOUTH
ORD001141,CUST0662,2022-09-30 19:23:42,DELIVERED,WEST
ORD001142,CUST0237,2023-02-03 19:53:09,CANCELLED,NORTH
ORD001143,CUST0181,2022-06-13 11:56:15,DELIVERED,WEST
ORD001144,CUST0944,2024-03-07 06:06:18,SHIPPED,CENTRAL
ORD001145,CUST0705,2023-12-05 19:17:14,DELIVERED,NORTH
ORD001146,CUST0992,2024-10-30 03:52:01,DELIVERED,EAST
ORD001147,,2025-08-15 17:49:37,RETURNED,CENTRAL
ORD001148,CUST0644,2026-03-29 17:45:32,SHIPPED,EAST
ORD001149,CUST0207,2025-07-10 22:41:21,DELIVERED,CENTRAL
ORD001150,CUST0088,2022-08-20 17:31:14,SHIPPED,SOUTH
ORD001151,CUST0712,2025-04-06 08:35:35,PLACED,EAST
ORD001152,CUST0336,2023-10-29 10:41:29,DELIVERED,EAST
ORD001153,CUST0234,2022-12-22 13:19:46,SHIPPED,WEST
ORD001154,CUST0853,2024-12-10 03:32:43,DELIVERED,EAST
ORD001155,,2025-06-25 09:40:32,PLACED,NORTH
ORD001156,CUST0780,2022-06-28 01:16:52,SHIPPED,WEST
ORD001157,CUST0948,2022-09-07 21:32:39,DELIVERED,CENTRAL
ORD001158,CUST0160,2024-09-05 00:14:41,PLACED,CENTRAL
ORD001159,CUST0863,2023-12-15 14:38:36,PLACED,EAST
ORD001160,CUST0912,2026-05-08 15:35:18,RETURNED,CENTRAL
ORD001161,CUST0800,2024-07-10 19:37:16,SHIPPED,SOUTH
ORD001162,CUST0713,2024-11-10 12:16:48,CANCELLED,EAST
ORD001163,CUST0372,2025-04-19 15:21:47,DELIVERED,EAST
ORD001164,CUST0847,2023-08-13 06:28:21,DELIVERED,CENTRAL
ORD001165,CUST0968,2026-07-22 15:35:12,PLACED,NORTH
ORD001166,CUST0050,2026-06-30 11:10:18,SHIPPED,SOUTH
ORD001167,CUST0252,2025-08-09 04:12:49,CANCELLED,NORTH
ORD001168,CUST0359,2024-09-11 01:13:48,DELIVERED,WEST
ORD001169,CUST0203,2022-07-25 10:20:12,CANCELLED,CENTRAL
ORD001170,CUST0422,2025-06-23 17:51:47,RETURNED,SOUTH
ORD001171,CUST0904,2026-06-04 16:03:31,SHIPPED,WEST
ORD001172,CUST0009,2024-01-21 18:45:43,DELIVERED,EAST
ORD001173,CUST0950,2022-05-23 19:08:41,DELIVERED,CENTRAL
ORD001174,CUST0125,2022-10-01 06:55:59,PLACED,CENTRAL
ORD001175,CUST0847,2022-01-15 22:49:30,PLACED,WEST
ORD001176,CUST0884,2024-11-30 08:54:39,DELIVERED,SOUTH
ORD001177,CUST0495,2022-02-19 19:23:17,DELIVERED,CENTRAL
ORD001178,CUST0687,2022-12-29 06:34:40,DELIVERED,EAST
ORD001179,CUST0973,2025-02-25 22:51:18,PLACED,SOUTH
ORD001180,CUST0941,2023-10-29 05:11:10,DELIVERED,WEST
ORD001181,CUST0681,2023-05-09 03:43:22,DELIVERED,SOUTH
ORD001182,CUST0960,2025-08-14 17:04:02,DELIVERED,SOUTH
ORD001183,CUST0793,2026-01-31 07:54:38,DELIVERED,SOUTH
ORD001184,CUST0921,2023-10-30 06:37:07,DELIVERED,CENTRAL
ORD001185,CUST0229,2024-04-23 06:13:58,DELIVERED,EAST
ORD001186,CUST0622,2025-08-04 11:02:20,DELIVERED,SOUTH
ORD001187,CUST0360,2024-01-15 08:54:09,CANCELLED,CENTRAL
ORD001188,CUST0586,2023-09-23 09:42:47,DELIVERED,WEST
ORD001189,CUST0882,2023-03-25 05:52:56,SHIPPED,NORTH
ORD001190,CUST0273,2023-06-04 21:01:48,DELIVERED,CENTRAL
ORD001191,CUST0145,2024-07-04 21:58:36,CANCELLED,WEST
ORD001192,,2025-03-15 06:20:49,SHIPPED,EAST
ORD001193,CUST0904,2024-08-17 19:11:14,DELIVERED,SOUTH
ORD001194,CUST0897,2023-11-01 05:02:04,DELIVERED,CENTRAL
ORD001195,CUST0167,2026-07-22 03:35:17,DELIVERED,NORTH
ORD001196,CUST0191,2022-04-02 09:39:34,DELIVERED,WEST
ORD001197,CUST0535,2025-03-11 15:57:38,SHIPPED,EAST
ORD001198,CUST0393,2023-04-30 23:12:28,CANCELLED,NORTH
ORD001199,CUST0292,2023-09-11 08:36:10,DELIVERED,CENTRAL
ORD001200,CUST0605,2022-08-13 16:45:21,DELIVERED,SOUTH
ORD001201,CUST0872,14-03-2025,PLACED,CENTRAL
ORD001202,CUST0922,2025-04-16 12:40:45,PLACED,SOUTH
ORD001203,CUST0679,2026-02-14 18:37:07,DELIVERED,SOUTH
ORD001204,CUST0613,2024-08-20 03:00:32,DELIVERED,NORTH
ORD001205,CUST0143,2024-03-25 01:45:46,DELIVERED,NORTH
ORD001206,CUST0147,2025-11-07 16:45:38,DELIVERED,SOUTH
ORD001207,CUST0641,2026-03-08 03:14:56,DELIVERED,NORTH
ORD001208,CUST0200,2022-09-05 22:28:58,DELIVERED,EAST
ORD001209,CUST0921,2026-04-06 15:56:01,SHIPPED,CENTRAL
ORD001210,CUST0229,2023-08-25 20:49:17,DELIVERED,SOUTH
ORD001211,CUST0686,2024-07-21 23:41:18,DELIVERED,CENTRAL
ORD001212,CUST0774,2023-08-01 06:24:46,SHIPPED,CENTRAL
ORD001213,CUST0658,2022-10-15 12:16:31,DELIVERED,EAST
ORD001214,CUST0167,2023-08-11 13:40:27,DELIVERED,CENTRAL
ORD001215,CUST0857,2023-12-18 13:51:12,PLACED,NORTH
ORD001216,CUST0230,2025-09-27 20:42:42,PLACED,CENTRAL
ORD001217,CUST0018,2022-07-19 08:19:57,PLACED,EAST
ORD001218,CUST0936,2025-01-30 11:53:33,DELIVERED,SOUTH
ORD001219,CUST0028,03-06-2022,RETURNED,NORTH
ORD001220,CUST0395,2022-11-28 17:27:04,DELIVERED,NORTH
ORD001221,CUST0653,2024-06-26 03:06:30,CANCELLED,NORTH
ORD001222,CUST0159,2023-07-31 19:20:05,CANCELLED,EAST
ORD001223,CUST0953,2022-11-21 23:00:02,SHIPPED,EAST
ORD001224,,01-05-2022,DELIVERED,WEST
ORD001225,CUST0600,2026-04-23 23:17:44,DELIVERED,EAST
ORD001226,CUST0406,2025-04-23 12:40:17,DELIVERED,SOUTH
ORD001227,CUST0267,2022-08-06 04:58:58,SHIPPED,WEST
ORD001228,,2022-04-01 20:12:17,PLACED,CENTRAL
ORD001229,CUST0220,2026-07-09 15:01:16,PLACED,WEST
ORD001230,CUST0941,2024-09-28 05:53:37,PLACED,NORTH
ORD001231,CUST0820,2025-10-04 13:20:04,PLACED,NORTH
ORD001232,CUST0129,2023-12-03 02:12:49,SHIPPED,NORTH
ORD001233,CUST0118,2022-04-21 16:49:08,DELIVERED,NORTH
ORD001234,CUST0305,2024-12-22 10:01:56,SHIPPED,WEST
ORD001235,CUST0711,2022-02-20 00:38:04,SHIPPED,CENTRAL
ORD001236,CUST0691,2024-07-04 15:30:24,DELIVERED,WEST
ORD001237,,04-09-2022,SHIPPED,SOUTH
ORD001238,CUST0175,2026-07-17 16:00:03,DELIVERED,WEST
ORD001239,CUST0167,2023-12-25 21:18:16,SHIPPED,SOUTH
ORD001240,CUST0510,2022-03-07 02:05:47,DELIVERED,WEST
ORD001241,CUST0966,07-07-2025,PLACED,NORTH
ORD001242,CUST0624,2025-09-27 17:00:57,SHIPPED,NORTH
ORD001243,CUST0276,2023-04-29 19:48:07,DELIVERED,CENTRAL
ORD001244,CUST0865,2025-07-16 09:48:51,DELIVERED,NORTH
ORD001245,CUST0190,2023-06-08 22:13:47,PLACED,CENTRAL
ORD001246,CUST0837,2024-10-14 14:22:53,DELIVERED,WEST
ORD001247,CUST0673,2023-02-11 16:51:58,DELIVERED,WEST
ORD001248,CUST0587,2023-08-23 03:42:56,DELIVERED,NORTH
ORD001249,CUST0520,2022-04-11 17:39:32,SHIPPED,SOUTH
ORD001250,CUST0774,2024-06-13 06:39:48,DELIVERED,CENTRAL
ORD001251,CUST0633,2025-04-08 20:41:49,RETURNED,WEST
ORD001252,CUST0077,2023-06-25 06:00:45,DELIVERED,SOUTH
ORD001253,,2024-08-14 01:51:22,DELIVERED,CENTRAL
ORD001254,CUST0125,2024-04-21 01:59:58,DELIVERED,NORTH
ORD001255,CUST0686,2023-06-16 03:27:42,CANCELLED,CENTRAL
ORD001256,CUST0806,2023-04-27 13:26:54,DELIVERED,CENTRAL
ORD001257,CUST0531,2026-05-17 21:17:19,PLACED,NORTH
ORD001258,CUST0477,2022-02-15 19:34:11,DELIVERED,EAST
ORD001259,CUST0538,2026-07-28 02:34:14,CANCELLED,EAST
ORD001260,CUST0161,2026-04-02 04:22:40,CANCELLED,EAST
ORD001261,CUST0746,2023-04-23 20:47:33,RETURNED,EAST
ORD001262,CUST0015,2022-12-20 02:14:49,SHIPPED,NORTH
ORD001263,CUST0353,2025-09-27 03:24:41,SHIPPED,SOUTH
ORD001264,CUST0099,2025-05-04 14:40:52,DELIVERED,NORTH
ORD001265,CUST0540,2024-10-20 21:29:48,SHIPPED,WEST
ORD001266,CUST0531,2024-08-06 14:16:33,RETURNED,WEST
ORD001267,CUST0061,2022-03-30 21:26:20,DELIVERED,EAST
ORD001268,CUST0101,2025-04-04 15:25:11,DELIVERED,WEST
ORD001269,CUST0670,2022-12-29 17:44:58,CANCELLED,CENTRAL
ORD001270,CUST0367,2024-02-12 12:53:25,CANCELLED,CENTRAL
ORD001271,CUST0812,2025-10-04 23:20:40,SHIPPED,NORTH
ORD001272,CUST0922,2025-12-08 23:17:20,DELIVERED,WEST
ORD001273,CUST0725,06-06-2025,DELIVERED,EAST
ORD001274,CUST0477,2022-11-10 20:25:09,DELIVERED,SOUTH
ORD001275,CUST0391,2026-04-06 08:51:11,DELIVERED,CENTRAL
ORD001276,CUST0003,2025-03-21 08:04:58,DELIVERED,CENTRAL
ORD001277,CUST0047,2024-06-11 05:00:17,DELIVERED,SOUTH
ORD001278,CUST0763,2024-06-30 21:54:57,DELIVERED,CENTRAL
ORD001279,CUST0101,2022-06-01 07:48:28,PLACED,SOUTH
ORD001280,CUST0767,2025-05-13 23:18:18,RETURNED,SOUTH
ORD001281,CUST0129,2023-03-13 17:17:53,CANCELLED,EAST
ORD001282,CUST0262,2023-06-06 11:41:42,PLACED,EAST
ORD001283,CUST0709,2022-12-06 13:07:07,SHIPPED,EAST
ORD001284,CUST0276,2025-06-16 03:32:41,DELIVERED,SOUTH
ORD001285,CUST0288,2026-06-02 20:39:06,DELIVERED,WEST
ORD001286,CUST0518,2026-03-11 02:22:43,PLACED,EAST
ORD001287,CUST0605,24-01-2025,DELIVERED,NORTH
ORD001288,CUST0494,2025-02-02 05:17:45,PLACED,EAST
ORD001289,CUST0858,2022-08-03 08:14:44,DELIVERED,WEST
ORD001290,CUST0947,2025-01-23 15:22:16,DELIVERED,SOUTH
ORD001291,CUST0618,2025-11-27 22:31:13,DELIVERED,CENTRAL
ORD001292,CUST0341,2022-07-04 11:55:03,SHIPPED,EAST
ORD001293,CUST0060,2022-09-12 22:20:38,DELIVERED,SOUTH
ORD001294,CUST0699,2024-09-05 13:09:18,CANCELLED,NORTH
ORD001295,CUST0084,2022-06-10 15:22:55,PLACED,CENTRAL
ORD001296,CUST0780,2026-07-12 14:22:38,DELIVERED,WEST
ORD001297,CUST0673,2022-07-24 18:44:18,DELIVERED,CENTRAL
ORD001298,CUST0520,2022-04-11 00:54:07,DELIVERED,EAST
ORD001299,CUST0322,2025-04-03 09:06:36,SHIPPED,WEST
ORD001300,CUST0696,2023-07-16 20:16:14,DELIVERED,WEST
ORD001301,CUST0798,21-06-2023,DELIVERED,EAST
ORD001302,CUST0867,2024-09-30 16:07:57,CANCELLED,CENTRAL
ORD001303,CUST0953,2026-04-22 11:36:43,SHIPPED,CENTRAL
ORD001304,CUST0033,2022-09-25 08:49:47,DELIVERED,WEST
ORD001305,CUST0788,2025-07-21 06:42:39,DELIVERED,EAST
ORD001306,CUST0434,2023-11-16 21:58:41,SHIPPED,NORTH
ORD001307,,2025-10-14 15:29:30,SHIPPED,SOUTH
ORD001308,CUST0201,2026-04-10 16:27:14,CANCELLED,WEST
ORD001309,CUST0160,2023-10-10 22:19:42,PLACED,NORTH
ORD001310,CUST0717,2022-07-24 03:21:37,RETURNED,CENTRAL
ORD001311,CUST0267,2026-06-21 18:49:33,RETURNED,NORTH
ORD001312,CUST0977,2022-01-31 03:56:41,DELIVERED,WEST
ORD001313,CUST0524,2025-02-18 04:39:17,PLACED,CENTRAL
ORD001314,CUST0941,2024-06-28 00:29:45,SHIPPED,SOUTH
ORD001315,CUST0448,2023-06-23 05:58:30,DELIVERED,SOUTH
ORD001316,CUST0918,2022-04-20 07:25:24,SHIPPED,WEST
ORD001317,CUST0461,2025-11-27 21:26:07,CANCELLED,CENTRAL
ORD001318,,2025-02-08 12:45:21,DELIVERED,EAST
ORD001319,CUST0948,2022-12-25 11:16:41,DELIVERED,SOUTH
ORD001320,CUST0878,12-01-2024,DELIVERED,WEST
ORD001321,CUST0679,2023-08-08 23:44:46,DELIVERED,SOUTH
ORD001322,CUST0089,2022-10-14 07:02:48,DELIVERED,WEST
ORD001323,CUST0566,2026-04-17 17:53:09,DELIVERED,NORTH
ORD001324,CUST0904,2024-03-26 07:30:37,SHIPPED,SOUTH
ORD001325,CUST0036,2025-02-10 19:37:14,SHIPPED,NORTH
ORD001326,CUST0391,2022-01-26 23:50:59,DELIVERED,NORTH
ORD001327,CUST0426,2023-05-21 01:31:06,DELIVERED,SOUTH
ORD001328,,2025-05-31 08:21:26,DELIVERED,SOUTH
ORD001329,CUST0894,2023-11-09 08:21:23,PLACED,NORTH
ORD001330,CUST0721,2024-03-22 16:02:22,SHIPPED,NORTH
ORD001331,CUST0385,2022-12-19 10:09:09,CANCELLED,EAST
ORD001332,CUST0461,2024-12-24 07:39:19,CANCELLED,NORTH
ORD001333,CUST0653,2024-07-11 20:06:53,DELIVERED,EAST
ORD001334,CUST0634,2022-10-29 19:32:17,DELIVERED,EAST
ORD001335,CUST0745,2026-07-05 22:38:59,DELIVERED,CENTRAL
ORD001336,CUST0783,2026-04-15 21:48:12,RETURNED,EAST
ORD001337,CUST0710,2024-09-08 03:48:37,DELIVERED,SOUTH
ORD001338,CUST0246,2026-07-18 03:15:36,RETURNED,CENTRAL
ORD001339,CUST0414,2023-06-02 06:22:21,CANCELLED,CENTRAL
ORD001340,CUST0628,2022-11-30 18:59:09,DELIVERED,NORTH
ORD001341,CUST0137,2025-08-16 20:00:51,DELIVERED,SOUTH
ORD001342,CUST0600,2022-12-20 18:49:34,CANCELLED,CENTRAL
ORD001343,CUST0226,26-10-2022,PLACED,SOUTH
ORD001344,CUST0888,2022-02-03 02:17:41,DELIVERED,WEST
ORD001345,CUST0053,2022-03-03 18:29:34,DELIVERED,CENTRAL
ORD001346,CUST0691,2026-01-04 14:03:44,DELIVERED,EAST
ORD001347,CUST0418,2022-07-10 10:30:48,DELIVERED,CENTRAL
ORD001348,CUST0352,2023-05-15 23:20:37,DELIVERED,NORTH
ORD001349,CUST0291,2026-05-23 20:02:13,SHIPPED,EAST
ORD001350,CUST0979,10-10-2023,SHIPPED,NORTH
ORD001351,CUST0762,2023-01-09 00:07:39,DELIVERED,EAST
ORD001352,CUST0624,2024-06-15 02:42:49,CANCELLED,NORTH
ORD001353,CUST0971,2025-09-30 14:11:49,PLACED,NORTH
ORD001354,CUST0432,2024-01-30 10:53:22,DELIVERED,SOUTH
ORD001355,CUST0005,2024-07-04 19:43:15,DELIVERED,CENTRAL
ORD001356,CUST0652,2022-03-27 19:02:03,DELIVERED,CENTRAL
ORD001357,CUST0461,2025-01-27 07:21:56,PLACED,CENTRAL
ORD001358,CUST0600,2024-04-09 05:48:00,DELIVERED,NORTH
ORD001359,CUST0568,2025-02-16 20:13:20,DELIVERED,NORTH
ORD001360,CUST0995,2025-09-14 23:19:56,DELIVERED,EAST
ORD001361,,2026-07-03 21:31:50,DELIVERED,NORTH
ORD001362,CUST0900,2022-02-17 21:39:08,PLACED,NORTH
ORD001363,CUST0880,2026-04-14 13:03:10,RETURNED,CENTRAL
ORD001364,CUST0840,18-01-2023,RETURNED,CENTRAL
ORD001365,CUST0773,2025-03-16 13:25:05,CANCELLED,WEST
ORD001366,CUST0540,2022-08-30 16:46:07,SHIPPED,NORTH
ORD001367,CUST0161,2023-08-31 14:01:15,DELIVERED,NORTH
ORD001368,CUST0805,2025-08-13 20:04:36,PLACED,CENTRAL
ORD001369,CUST0161,2023-06-30 06:26:43,DELIVERED,WEST
ORD001370,CUST0624,2024-07-09 01:56:38,CANCELLED,EAST
ORD001371,CUST0401,2022-09-28 03:49:53,DELIVERED,EAST
ORD001372,CUST0844,2022-04-03 11:36:46,DELIVERED,NORTH
ORD001373,CUST0163,2024-01-22 18:05:35,DELIVERED,NORTH
ORD001374,CUST0060,2025-07-18 14:32:16,DELIVERED,EAST
ORD001375,CUST0951,2024-07-29 06:15:02,PLACED,WEST
ORD001376,CUST0530,2025-02-20 22:14:48,DELIVERED,EAST
ORD001377,,2022-07-02 17:40:32,CANCELLED,CENTRAL
ORD001378,CUST0699,2026-01-08 16:28:46,PLACED,WEST
ORD001379,CUST0941,15-01-2025,PLACED,EAST
ORD001380,CUST0670,2026-03-23 02:08:53,DELIVERED,NORTH
ORD001381,CUST0850,2026-07-12 03:58:34,DELIVERED,EAST
ORD001382,CUST0094,2022-03-31 13:12:23,DELIVERED,WEST
ORD001383,CUST0601,13-02-2023,PLACED,WEST
ORD001384,CUST0696,2022-01-10 17:37:01,DELIVERED,NORTH
ORD001385,CUST0606,2023-10-02 20:27:12,DELIVERED,SOUTH
ORD001386,CUST0163,2025-03-08 19:00:06,DELIVERED,CENTRAL
ORD001387,CUST0863,2023-12-07 04:47:16,SHIPPED,WEST
ORD001388,CUST0449,2026-02-09 03:12:26,DELIVERED,CENTRAL
ORD001389,CUST0974,2023-02-19 11:19:04,PLACED,NORTH
ORD001390,,2023-11-12 01:39:11,DELIVERED,CENTRAL
ORD001391,CUST0699,2022-05-21 17:02:57,SHIPPED,EAST
ORD001392,CUST0556,2023-05-11 12:17:03,SHIPPED,CENTRAL
ORD001393,CUST0867,22-01-2025,DELIVERED,SOUTH
ORD001394,CUST0235,2026-01-09 09:09:07,CANCELLED,CENTRAL
ORD001395,CUST0329,2022-12-29 11:34:30,DELIVERED,EAST
ORD001396,CUST0161,2022-04-08 12:02:44,DELIVERED,WEST
ORD001397,CUST0712,2024-03-16 13:06:39,DELIVERED,NORTH
ORD001398,CUST0434,2023-02-26 20:33:19,DELIVERED,CENTRAL
ORD001399,,2023-11-14 11:48:59,DELIVERED,EAST
ORD001400,CUST0687,2025-05-13 03:42:12,PLACED,NORTH
ORD001401,CUST0494,2024-11-05 14:07:22,RETURNED,NORTH
ORD001402,CUST0813,2025-12-13 16:12:31,PLACED,SOUTH
ORD001403,CUST0025,2026-01-08 22:36:33,SHIPPED,EAST
ORD001404,CUST0096,2022-12-29 00:01:25,DELIVERED,SOUTH
ORD001405,CUST0343,2026-06-14 20:36:12,RETURNED,NORTH
ORD001406,CUST0452,2026-07-22 01:50:55,PLACED,SOUTH
ORD001407,CUST0929,2023-12-12 23:50:09,DELIVERED,WEST
ORD001408,CUST0651,2022-03-07 15:56:57,RETURNED,WEST
ORD001409,CUST0477,2023-01-27 04:42:06,DELIVERED,EAST
ORD001410,CUST0626,20-01-2024,SHIPPED,NORTH
ORD001411,,2024-03-15 10:28:48,DELIVERED,EAST
ORD001412,CUST0015,2025-11-14 21:04:47,SHIPPED,SOUTH
ORD001413,CUST0878,2024-05-27 01:39:37,DELIVERED,EAST
ORD001414,CUST0569,2025-07-07 22:20:03,RETURNED,EAST
ORD001415,CUST0649,2022-12-23 19:51:32,DELIVERED,SOUTH
ORD001416,CUST0699,29-11-2023,DELIVERED,NORTH
ORD001417,CUST0965,12-03-2025,PLACED,CENTRAL
ORD001418,CUST0915,2025-01-26 02:08:25,DELIVERED,WEST
ORD001419,CUST0052,2025-11-25 08:47:51,DELIVERED,SOUTH
ORD001420,CUST0957,2025-09-18 07:03:27,SHIPPED,CENTRAL
ORD001421,CUST0988,06-04-2023,DELIVERED,WEST
ORD001422,CUST0856,16-11-2023,SHIPPED,EAST
ORD001423,CUST0087,2023-03-12 13:48:59,PLACED,WEST
ORD001424,CUST0125,2025-01-05 09:16:33,PLACED,SOUTH
ORD001425,CUST0603,2026-05-15 05:26:28,SHIPPED,EAST
ORD001426,CUST0082,2026-02-18 01:09:47,DELIVERED,WEST
ORD001427,CUST0053,2023-05-16 00:12:16,RETURNED,CENTRAL
ORD001428,CUST0540,2023-05-13 00:30:27,CANCELLED,NORTH
ORD001429,CUST0477,2026-06-16 04:57:16,PLACED,EAST
ORD001430,CUST0919,2024-07-23 12:09:48,RETURNED,CENTRAL
ORD001431,CUST0570,2023-10-25 20:35:33,PLACED,CENTRAL
ORD001432,CUST0780,2023-10-01 06:05:52,SHIPPED,SOUTH
ORD001433,CUST0811,2023-01-02 00:18:30,PLACED,EAST
ORD001434,CUST0204,2023-06-08 16:49:07,CANCELLED,CENTRAL
ORD001435,CUST0909,2022-08-23 03:18:25,DELIVERED,SOUTH
ORD001436,CUST0577,2023-01-06 06:52:58,RETURNED,NORTH
ORD001437,CUST0643,2025-09-14 06:13:22,CANCELLED,CENTRAL
ORD001438,CUST0555,2024-09-28 00:09:20,DELIVERED,WEST
ORD001439,CUST0136,2024-06-13 07:41:53,DELIVERED,CENTRAL
ORD001440,CUST0624,2023-10-03 20:42:56,DELIVERED,WEST
ORD001441,CUST0701,2024-02-21 20:14:37,DELIVERED,EAST
ORD001442,CUST0515,2026-04-17 21:59:10,PLACED,WEST
ORD001443,CUST0172,2025-04-06 17:27:41,DELIVERED,EAST
ORD001444,CUST0882,2022-04-20 23:56:01,DELIVERED,SOUTH
ORD001445,CUST0513,2022-01-03 01:57:54,SHIPPED,EAST
ORD001446,CUST0658,2023-04-14 04:55:30,SHIPPED,EAST
ORD001447,CUST0292,2023-07-25 23:50:30,PLACED,CENTRAL
ORD001448,CUST0077,2024-01-08 21:01:04,SHIPPED,NORTH
ORD001449,CUST0745,2026-02-13 00:28:29,DELIVERED,NORTH
ORD001450,CUST0721,2022-11-02 07:58:27,PLACED,WEST
ORD001451,CUST0860,2022-09-18 03:45:31,DELIVERED,NORTH
ORD001452,CUST0770,2024-10-27 03:24:20,CANCELLED,WEST
ORD001453,CUST0210,2025-10-29 02:05:28,DELIVERED,SOUTH
ORD001454,CUST0474,2024-07-30 12:57:23,DELIVERED,CENTRAL
ORD001455,CUST0160,2022-05-26 00:50:03,RETURNED,NORTH
ORD001456,CUST0882,2025-11-05 02:41:42,DELIVERED,CENTRAL
ORD001457,,2022-11-22 21:11:29,DELIVERED,NORTH
ORD001458,CUST0034,2023-05-23 19:42:17,PLACED,WEST
ORD001459,CUST0168,2022-06-16 07:23:30,DELIVERED,NORTH
ORD001460,CUST0401,2025-02-15 13:25:09,DELIVERED,WEST
ORD001461,CUST0763,2022-03-25 13:57:02,DELIVERED,SOUTH
ORD001462,CUST0542,2024-03-17 13:10:54,DELIVERED,EAST
ORD001463,CUST0788,08-09-2023,RETURNED,WEST
ORD001464,CUST0699,2025-05-23 06:51:55,DELIVERED,EAST
ORD001465,,2025-08-18 22:00:35,DELIVERED,SOUTH
ORD001466,CUST0421,2024-06-07 04:16:37,RETURNED,EAST
ORD001467,CUST0449,2022-10-09 12:30:26,DELIVERED,EAST
ORD001468,CUST0168,2025-10-22 18:44:21,DELIVERED,NORTH
ORD001469,CUST0523,2025-05-01 22:29:23,DELIVERED,WEST
ORD001470,CUST0255,2023-09-30 03:04:53,DELIVERED,WEST
ORD001471,CUST0214,2023-11-25 08:43:01,DELIVERED,EAST
ORD001472,CUST0973,2023-01-18 13:18:44,DELIVERED,SOUTH
ORD001473,CUST0273,2023-02-19 01:15:52,SHIPPED,NORTH
ORD001474,CUST0401,2025-10-01 19:15:37,PLACED,EAST
ORD001475,CUST0502,2026-01-30 14:12:51,DELIVERED,EAST
ORD001476,CUST0805,2024-04-02 21:21:56,DELIVERED,EAST
ORD001477,CUST0941,2025-07-25 12:12:55,DELIVERED,SOUTH
ORD001478,CUST0600,2023-07-09 14:18:34,DELIVERED,CENTRAL
ORD001479,CUST0814,2024-06-01 07:35:44,PLACED,SOUTH
ORD001480,CUST0405,2025-01-01 00:17:18,CANCELLED,CENTRAL
ORD001481,CUST0334,2022-06-29 12:26:26,DELIVERED,SOUTH
ORD001482,CUST0940,2025-03-25 13:52:56,DELIVERED,SOUTH
ORD001483,CUST0918,2022-01-28 16:30:01,SHIPPED,SOUTH
ORD001484,CUST0723,2022-09-01 09:40:25,PLACED,EAST
ORD001485,CUST0687,2023-06-27 23:41:23,SHIPPED,SOUTH
ORD001486,CUST0823,2023-09-09 11:31:55,SHIPPED,NORTH
ORD001487,CUST0449,2025-09-09 16:40:17,RETURNED,NORTH
ORD001488,,2025-08-15 04:26:28,DELIVERED,EAST
ORD001489,CUST0165,2022-09-04 02:53:27,DELIVERED,NORTH
ORD001490,CUST0588,2023-10-14 05:41:42,DELIVERED,EAST
ORD001491,CUST0195,2024-11-01 16:46:18,DELIVERED,WEST
ORD001492,,2024-10-15 07:03:47,SHIPPED,NORTH
ORD001493,CUST0449,2023-12-01 05:22:24,DELIVERED,WEST
ORD001494,CUST0461,2025-10-28 11:47:36,SHIPPED,NORTH
ORD001495,CUST0911,2025-08-15 01:41:53,DELIVERED,EAST
ORD001496,CUST0821,04-01-2025,CANCELLED,EAST
ORD001497,CUST0682,04-04-2022,SHIPPED,SOUTH
ORD001498,CUST0076,2023-01-17 11:38:35,DELIVERED,SOUTH
ORD001499,CUST0028,2023-09-09 08:15:15,DELIVERED,NORTH
ORD001500,CUST0235,2024-03-26 19:15:48,DELIVERED,WEST
ORD001501,CUST0910,2023-02-11 04:25:41,DELIVERED,EAST
ORD001502,CUST0548,2024-03-11 06:24:30,PLACED,SOUTH
ORD001503,CUST0662,2024-09-19 08:57:40,DELIVERED,CENTRAL
ORD001504,CUST0893,2025-09-12 07:45:45,PLACED,SOUTH
ORD001505,CUST0780,2024-06-25 08:15:32,SHIPPED,CENTRAL
ORD001506,CUST0193,2023-08-12 13:14:16,DELIVERED,SOUTH
ORD001507,CUST0240,2023-04-10 15:24:33,DELIVERED,NORTH
ORD001508,CUST0104,2022-04-11 20:04:10,PLACED,SOUTH
ORD001509,CUST0526,2022-09-05 18:24:38,DELIVERED,SOUTH
ORD001510,CUST0112,2024-10-03 04:32:22,PLACED,CENTRAL
ORD001511,CUST0965,2025-10-20 20:23:49,SHIPPED,NORTH
ORD001512,CUST0523,2026-06-14 22:56:50,DELIVERED,EAST
ORD001513,CUST0272,2024-04-04 17:25:14,DELIVERED,EAST
ORD001514,CUST0223,2023-03-20 05:33:43,SHIPPED,CENTRAL
ORD001515,,2022-08-06 22:06:56,RETURNED,EAST
ORD001516,CUST0688,2026-02-25 20:36:36,DELIVERED,SOUTH
ORD001517,CUST0957,2024-04-09 02:04:52,DELIVERED,CENTRAL
ORD001518,CUST0371,01-02-2024,DELIVERED,WEST
ORD001519,CUST0257,2025-08-19 04:10:39,SHIPPED,WEST
ORD001520,CUST0833,2022-01-13 17:40:44,SHIPPED,CENTRAL
ORD001521,CUST0780,2025-08-30 20:27:01,PLACED,NORTH
ORD001522,CUST0421,2024-04-01 02:05:14,SHIPPED,WEST
ORD001523,CUST0834,2024-08-27 23:54:54,PLACED,EAST
ORD001524,CUST0053,2023-10-15 09:09:15,DELIVERED,NORTH
ORD001525,CUST0461,2026-01-15 09:44:43,DELIVERED,EAST
ORD001526,CUST0286,2025-03-12 03:19:30,DELIVERED,SOUTH
ORD001527,CUST0481,2024-10-14 13:01:31,PLACED,NORTH
ORD001528,CUST0019,2022-12-12 15:49:23,DELIVERED,NORTH
ORD001529,CUST0678,2022-07-16 04:56:59,PLACED,EAST
ORD001530,CUST0216,2023-05-14 15:39:20,DELIVERED,WEST
ORD001531,CUST0672,2024-04-11 01:19:22,DELIVERED,SOUTH
ORD001532,CUST0461,2024-09-17 08:25:20,DELIVERED,SOUTH
ORD001533,CUST0678,2025-10-14 01:01:51,DELIVERED,CENTRAL
ORD001534,CUST0565,2024-08-31 23:37:12,DELIVERED,SOUTH
ORD001535,CUST0699,2025-12-01 11:14:30,DELIVERED,WEST
ORD001536,CUST0204,2024-11-15 21:03:08,SHIPPED,NORTH
ORD001537,CUST0176,2025-04-15 02:31:17,PLACED,EAST
ORD001538,CUST0411,2023-08-03 20:29:58,DELIVERED,EAST
ORD001539,CUST0717,2022-01-03 05:06:26,DELIVERED,WEST
ORD001540,CUST0570,2026-04-11 15:50:50,SHIPPED,WEST
ORD001541,CUST0919,2022-07-02 15:17:02,DELIVERED,EAST
ORD001542,CUST0992,11-06-2023,DELIVERED,EAST
ORD001543,CUST0237,2023-02-12 01:22:12,DELIVERED,EAST
ORD001544,CUST0649,2024-08-09 16:04:12,CANCELLED,CENTRAL
ORD001545,CUST0161,2025-11-26 13:50:27,SHIPPED,EAST
ORD001546,CUST0724,2023-01-03 13:23:55,SHIPPED,SOUTH
ORD001547,CUST0690,2024-05-23 10:54:43,PLACED,EAST
ORD001548,CUST0917,2025-06-25 20:22:26,DELIVERED,CENTRAL
ORD001549,CUST0918,2024-04-27 23:56:14,SHIPPED,EAST
ORD001550,CUST0874,2023-08-22 08:03:40,SHIPPED,NORTH
ORD001551,CUST0331,2022-09-06 14:24:01,DELIVERED,SOUTH
ORD001552,CUST0255,2025-12-16 09:24:39,DELIVERED,SOUTH
ORD001553,CUST0284,19-04-2024,DELIVERED,CENTRAL
ORD001554,CUST0239,2025-04-30 11:56:56,PLACED,WEST
ORD001555,CUST0235,2025-03-24 19:24:44,CANCELLED,CENTRAL
ORD001556,CUST0284,2023-05-26 05:44:29,PLACED,CENTRAL
ORD001557,CUST0074,2022-12-21 04:11:32,DELIVERED,WEST
ORD001558,CUST0904,2024-11-28 12:39:39,DELIVERED,WEST
ORD001559,CUST0509,2025-04-14 04:48:09,PLACED,SOUTH
ORD001560,,2023-09-11 10:07:36,DELIVERED,WEST
ORD001561,CUST0167,2025-06-05 08:08:07,DELIVERED,SOUTH
ORD001562,CUST0874,2022-08-07 04:57:53,SHIPPED,WEST
ORD001563,CUST0432,2023-12-31 19:15:06,DELIVERED,EAST
ORD001564,CUST0660,2024-08-23 00:05:03,DELIVERED,NORTH
ORD001565,CUST0644,2022-05-21 09:30:21,DELIVERED,SOUTH
ORD001566,CUST0361,2024-03-05 08:03:24,SHIPPED,CENTRAL
ORD001567,CUST0057,2023-02-24 10:47:59,SHIPPED,WEST
ORD001568,CUST0688,2022-10-05 01:13:09,SHIPPED,WEST
ORD001569,CUST0280,2023-03-02 23:53:06,DELIVERED,WEST
ORD001570,CUST0450,2026-02-27 23:57:29,DELIVERED,NORTH
ORD001571,,2026-06-09 23:42:24,DELIVERED,SOUTH
ORD001572,CUST0293,2026-03-23 21:12:38,SHIPPED,NORTH
ORD001573,CUST0971,2024-06-16 10:24:52,SHIPPED,NORTH
ORD001574,CUST0847,2022-04-30 05:38:57,DELIVERED,EAST
ORD001575,CUST0181,2026-07-28 20:21:20,SHIPPED,WEST
ORD001576,CUST0481,2023-11-21 05:48:23,PLACED,SOUTH
ORD001577,CUST0247,2022-10-07 00:35:28,DELIVERED,NORTH
ORD001578,CUST0878,2023-04-16 00:47:59,SHIPPED,WEST
ORD001579,CUST0744,2022-09-09 15:34:29,DELIVERED,NORTH
ORD001580,CUST0461,2026-05-09 17:25:03,DELIVERED,EAST
ORD001581,CUST0758,2022-12-22 10:07:17,SHIPPED,NORTH
ORD001582,CUST0191,2023-04-18 21:10:47,SHIPPED,WEST
ORD001583,CUST0034,09-07-2023,DELIVERED,WEST
ORD001584,CUST0971,2025-04-05 00:35:47,DELIVERED,SOUTH
ORD001585,CUST0160,2022-04-17 13:35:29,DELIVERED,WEST
ORD001586,CUST0272,2025-01-24 16:50:29,RETURNED,WEST
ORD001587,CUST0701,2023-10-20 09:28:57,DELIVERED,CENTRAL
ORD001588,CUST0203,2023-06-25 01:49:19,DELIVERED,SOUTH
ORD001589,CUST0918,2022-11-12 17:04:53,DELIVERED,NORTH
ORD001590,CUST0346,2022-03-24 21:17:48,DELIVERED,WEST
ORD001591,CUST0294,2023-06-06 18:27:50,PLACED,SOUTH
ORD001592,CUST0659,2024-07-13 20:52:37,PLACED,SOUTH
ORD001593,CUST0098,2022-04-07 04:20:27,RETURNED,NORTH
ORD001594,CUST0387,2025-11-10 20:07:36,CANCELLED,CENTRAL
ORD001595,,2022-06-01 16:32:41,CANCELLED,WEST
ORD001596,CUST0038,2025-07-12 08:12:41,DELIVERED,CENTRAL
ORD001597,CUST0650,2025-11-23 12:55:25,DELIVERED,NORTH
ORD001598,CUST0191,2022-10-19 17:55:17,DELIVERED,SOUTH
ORD001599,CUST0487,2022-12-01 00:46:53,SHIPPED,SOUTH
ORD001600,CUST0195,2025-10-22 11:40:08,SHIPPED,WEST
ORD001601,CUST0206,2023-02-04 00:03:17,DELIVERED,SOUTH
ORD001602,CUST0316,2024-06-25 00:40:27,DELIVERED,WEST
ORD001603,CUST0616,2023-11-09 00:25:39,PLACED,SOUTH
ORD001604,,2024-02-06 22:20:58,DELIVERED,EAST
ORD001605,CUST0776,2023-10-04 06:53:53,DELIVERED,EAST
ORD001606,CUST0906,2024-03-24 15:33:05,SHIPPED,CENTRAL
ORD001607,CUST0449,2023-07-03 06:44:06,DELIVERED,EAST
ORD001608,CUST0179,2024-01-05 20:39:09,DELIVERED,WEST
ORD001609,CUST0098,2026-07-16 22:00:44,DELIVERED,CENTRAL
ORD001610,CUST0176,2025-04-28 10:24:25,DELIVERED,WEST
ORD001611,CUST0168,2023-10-13 11:29:53,DELIVERED,WEST
ORD001612,CUST0257,2025-09-30 05:36:47,SHIPPED,CENTRAL
ORD001613,CUST0687,2023-01-04 01:33:22,PLACED,EAST
ORD001614,CUST0028,2025-10-01 20:04:10,SHIPPED,NORTH
ORD001615,CUST0567,2022-03-24 01:35:15,DELIVERED,SOUTH
ORD001616,CUST0175,2026-08-05 23:23:16,CANCELLED,NORTH
ORD001617,CUST0191,2022-06-06 13:32:53,DELIVERED,NORTH
ORD001618,CUST0567,2024-06-10 19:47:09,DELIVERED,WEST
ORD001619,CUST0014,2026-04-13 21:13:15,DELIVERED,CENTRAL
ORD001620,CUST0431,2023-09-18 04:51:46,DELIVERED,NORTH
ORD001621,CUST0196,2024-10-26 18:07:31,DELIVERED,SOUTH
ORD001622,CUST0553,2026-05-09 14:06:58,SHIPPED,WEST
ORD001623,CUST0783,2022-09-01 21:41:31,PLACED,EAST
ORD001624,CUST0135,2022-10-16 15:52:42,SHIPPED,SOUTH
ORD001625,CUST0333,2022-05-11 01:39:20,DELIVERED,CENTRAL
ORD001626,CUST0971,2023-07-31 17:40:48,CANCELLED,CENTRAL
ORD001627,CUST0709,2022-08-18 03:16:42,DELIVERED,SOUTH
ORD001628,CUST0444,2025-06-02 21:37:44,SHIPPED,CENTRAL
ORD001629,CUST0179,2025-12-01 07:15:04,DELIVERED,NORTH
ORD001630,CUST0462,2024-04-19 00:45:44,DELIVERED,NORTH
ORD001631,CUST0387,2023-02-07 05:52:21,SHIPPED,WEST
ORD001632,CUST0108,21-10-2023,DELIVERED,EAST
ORD001633,CUST0559,2023-04-27 20:01:07,CANCELLED,CENTRAL
ORD001634,CUST0920,2026-07-18 22:25:33,DELIVERED,CENTRAL
ORD001635,CUST0482,2024-12-29 15:44:08,DELIVERED,WEST
ORD001636,CUST0865,2022-12-30 20:14:11,SHIPPED,CENTRAL
ORD001637,CUST0421,2026-06-06 07:25:18,DELIVERED,NORTH
ORD001638,CUST0663,2025-07-16 19:44:44,DELIVERED,WEST
ORD001639,CUST0489,2023-05-23 15:48:12,RETURNED,NORTH
ORD001640,,2022-06-02 06:54:46,DELIVERED,SOUTH
ORD001641,CUST0240,2025-05-31 05:32:49,DELIVERED,CENTRAL
ORD001642,CUST0237,2023-01-18 16:47:15,DELIVERED,NORTH
ORD001643,CUST0361,2026-04-15 00:43:13,CANCELLED,WEST
ORD001644,CUST0677,2024-05-15 22:54:23,DELIVERED,SOUTH
ORD001645,,2025-01-07 19:01:44,DELIVERED,EAST
ORD001646,CUST0088,2022-09-18 17:00:22,RETURNED,NORTH
ORD001647,CUST0530,2022-08-15 12:49:42,DELIVERED,CENTRAL
ORD001648,CUST0569,2023-09-05 12:44:27,SHIPPED,NORTH
ORD001649,CUST0826,2022-11-05 14:13:41,DELIVERED,WEST
ORD001650,CUST0774,2025-06-06 12:53:06,PLACED,EAST
ORD001651,CUST0337,2024-11-04 21:35:48,RETURNED,EAST
ORD001652,CUST0638,2025-10-06 15:50:36,PLACED,WEST
ORD001653,CUST0885,01-04-2025,SHIPPED,WEST
ORD001654,CUST0650,2024-05-16 21:29:27,DELIVERED,WEST
ORD001655,CUST0434,14-02-2022,DELIVERED,WEST
ORD001656,CUST0694,2023-06-07 20:21:28,DELIVERED,CENTRAL
ORD001657,CUST0291,2024-11-08 07:02:47,DELIVERED,EAST
ORD001658,CUST0494,2023-08-15 16:41:14,DELIVERED,SOUTH
ORD001659,CUST0618,2026-07-14 19:24:49,DELIVERED,CENTRAL
ORD001660,CUST0280,2023-10-10 00:21:34,SHIPPED,CENTRAL
ORD001661,CUST0876,2023-11-01 06:13:20,CANCELLED,NORTH
ORD001662,CUST0162,2024-07-28 01:25:22,SHIPPED,CENTRAL
ORD001663,CUST0019,2025-01-19 06:31:20,DELIVERED,EAST
ORD001664,CUST0780,2022-01-02 20:15:12,DELIVERED,SOUTH
ORD001665,CUST0812,2023-11-07 17:33:57,DELIVERED,CENTRAL
ORD001666,CUST0632,2024-08-28 09:32:09,DELIVERED,NORTH
ORD001667,CUST0450,2023-04-30 00:31:49,RETURNED,EAST
ORD001668,CUST0055,2023-03-12 01:40:19,DELIVERED,WEST
ORD001669,CUST0887,2026-05-14 21:42:56,SHIPPED,EAST
ORD001670,CUST0109,2023-06-19 20:34:59,DELIVERED,CENTRAL
ORD001671,CUST0900,2023-08-26 15:43:42,PLACED,WEST
ORD001672,CUST0911,2025-08-31 04:18:27,SHIPPED,NORTH
ORD001673,,2025-07-16 07:25:44,CANCELLED,NORTH
ORD001674,,2023-07-10 10:45:48,RETURNED,SOUTH
ORD001675,CUST0939,2024-03-16 17:37:12,DELIVERED,WEST
ORD001676,CUST0926,2026-08-04 13:37:30,CANCELLED,WEST
ORD001677,CUST0784,2022-08-28 11:46:55,DELIVERED,WEST
ORD001678,CUST0161,2024-05-21 06:29:24,CANCELLED,NORTH
ORD001679,CUST0365,2023-03-18 23:07:37,SHIPPED,NORTH
ORD001680,CUST0336,2024-03-07 11:03:10,DELIVERED,EAST
ORD001681,CUST0237,2024-06-14 11:52:43,DELIVERED,SOUTH
ORD001682,CUST0341,2024-09-28 02:58:46,SHIPPED,EAST
ORD001683,CUST0184,05-05-2025,SHIPPED,SOUTH
ORD001684,CUST0947,2022-05-20 17:11:45,DELIVERED,SOUTH
ORD001685,CUST0495,2022-11-18 15:29:44,DELIVERED,CENTRAL
ORD001686,CUST0651,2025-02-12 11:41:12,DELIVERED,EAST
ORD001687,CUST0621,2023-09-18 06:12:03,DELIVERED,EAST
ORD001688,CUST0144,2024-10-25 11:55:51,DELIVERED,WEST
ORD001689,CUST0370,2022-04-17 19:15:49,PLACED,EAST
ORD001690,CUST0272,2024-07-19 11:11:12,SHIPPED,EAST
ORD001691,CUST0392,2022-10-17 10:50:02,DELIVERED,EAST
ORD001692,CUST0798,2024-08-02 04:20:08,DELIVERED,CENTRAL
ORD001693,CUST0273,20-05-2025,SHIPPED,CENTRAL
ORD001694,CUST0237,2022-09-13 19:17:28,PLACED,NORTH
ORD001695,CUST0255,2025-08-12 18:58:30,RETURNED,WEST
ORD001696,CUST0544,2024-11-02 19:28:36,DELIVERED,CENTRAL
ORD001697,CUST0802,2024-09-09 19:46:52,PLACED,CENTRAL
ORD001698,CUST0346,2022-05-09 11:24:45,DELIVERED,EAST
ORD001699,CUST0841,2023-03-12 11:55:17,DELIVERED,CENTRAL
ORD001700,CUST0542,2022-08-08 12:58:13,DELIVERED,EAST
ORD001701,CUST0414,2022-06-29 17:26:48,DELIVERED,SOUTH
ORD001702,CUST0434,2022-05-14 11:18:03,DELIVERED,SOUTH
ORD001703,CUST0613,2024-02-10 22:54:18,SHIPPED,EAST
ORD001704,CUST0624,2025-04-14 01:03:20,PLACED,CENTRAL
ORD001705,CUST0372,12-04-2023,CANCELLED,EAST
ORD001706,CUST0711,2025-01-11 21:38:35,DELIVERED,EAST
ORD001707,CUST0316,2023-07-22 18:44:09,SHIPPED,CENTRAL
ORD001708,CUST0618,2024-06-16 06:12:53,CANCELLED,WEST
ORD001709,CUST0717,2023-12-15 18:55:44,DELIVERED,NORTH
ORD001710,CUST0061,2022-10-21 02:36:06,DELIVERED,CENTRAL
ORD001711,CUST0900,2025-07-16 02:41:36,SHIPPED,CENTRAL
ORD001712,CUST0643,2024-07-14 02:59:01,CANCELLED,CENTRAL
ORD001713,CUST0917,2023-06-22 11:58:07,DELIVERED,SOUTH
ORD001714,CUST0772,2022-11-24 19:02:40,RETURNED,NORTH
ORD001715,CUST0734,2025-07-31 01:04:50,DELIVERED,WEST
ORD001716,CUST0140,2022-06-17 21:02:55,RETURNED,WEST
ORD001717,CUST0093,21-11-2023,DELIVERED,CENTRAL
ORD001718,CUST0867,2026-01-14 20:51:25,SHIPPED,NORTH
ORD001719,CUST0616,2024-01-29 11:29:29,CANCELLED,WEST
ORD001720,CUST0237,2026-06-05 13:36:17,DELIVERED,EAST
ORD001721,CUST0567,2022-02-12 16:55:06,PLACED,EAST
ORD001722,CUST0690,2022-02-10 04:25:30,SHIPPED,CENTRAL
ORD001723,CUST0262,2024-12-26 04:34:29,RETURNED,EAST
ORD001724,CUST0867,2023-12-17 04:24:54,DELIVERED,CENTRAL
ORD001725,CUST0560,2024-12-31 03:40:46,DELIVERED,NORTH
ORD001726,CUST0074,2022-10-05 10:53:54,DELIVERED,WEST
ORD001727,CUST0379,2025-11-28 19:19:50,DELIVERED,WEST
ORD001728,CUST0474,2023-03-21 12:41:42,DELIVERED,CENTRAL
ORD001729,CUST0391,2026-06-24 22:31:31,PLACED,EAST
ORD001730,CUST0973,2026-03-19 15:39:47,DELIVERED,EAST
ORD001731,CUST0258,2025-08-25 12:10:18,DELIVERED,SOUTH
ORD001732,CUST0601,2024-01-02 12:37:24,PLACED,WEST
ORD001733,CUST0432,22-10-2025,PLACED,CENTRAL
ORD001734,CUST0507,08-01-2023,SHIPPED,CENTRAL
ORD001735,CUST0776,14-02-2024,CANCELLED,EAST
ORD001736,CUST0095,2026-07-12 09:16:48,DELIVERED,WEST
ORD001737,CUST0893,2025-06-30 16:48:52,DELIVERED,SOUTH
ORD001738,CUST0872,2025-07-24 10:54:30,SHIPPED,EAST
ORD001739,CUST0040,2025-10-02 20:23:48,PLACED,SOUTH
ORD001740,,2022-10-20 17:43:00,DELIVERED,CENTRAL
ORD001741,CUST0277,2023-06-15 09:51:06,DELIVERED,CENTRAL
ORD001742,CUST0347,2023-03-09 00:47:12,DELIVERED,NORTH
ORD001743,CUST0440,2025-11-24 22:05:36,DELIVERED,NORTH
ORD001744,CUST0191,2025-01-03 10:07:46,DELIVERED,EAST
ORD001745,CUST0765,2023-12-20 04:04:25,SHIPPED,EAST
ORD001746,CUST0891,2022-10-06 17:52:31,SHIPPED,SOUTH
ORD001747,,2024-05-20 20:07:36,RETURNED,NORTH
ORD001748,CUST0846,2026-08-08 09:51:59,DELIVERED,NORTH
ORD001749,CUST0947,2025-04-24 18:20:44,CANCELLED,CENTRAL
ORD001750,CUST0574,2024-06-26 23:44:05,RETURNED,SOUTH
ORD001751,CUST0230,2023-08-05 17:17:25,DELIVERED,NORTH
ORD001752,CUST0014,2022-01-26 22:40:17,CANCELLED,EAST
ORD001753,CUST0831,2024-05-08 00:50:39,PLACED,SOUTH
ORD001754,CUST0794,2022-03-22 09:32:16,DELIVERED,SOUTH
ORD001755,CUST0644,2026-01-23 23:45:07,DELIVERED,NORTH
ORD001756,CUST0292,2022-02-10 02:03:38,DELIVERED,CENTRAL
ORD001757,CUST0286,2025-03-03 07:49:52,DELIVERED,SOUTH
ORD001758,CUST0670,2022-05-02 22:37:26,DELIVERED,NORTH
ORD001759,CUST0919,2022-10-23 10:05:13,DELIVERED,CENTRAL
ORD001760,CUST0591,2022-11-06 14:11:28,CANCELLED,CENTRAL
ORD001761,CUST0203,2024-02-04 02:50:40,DELIVERED,SOUTH
ORD001762,CUST0017,2025-11-22 23:30:31,SHIPPED,NORTH
ORD001763,CUST0834,2022-04-16 01:17:25,DELIVERED,WEST
ORD001764,CUST0414,13-04-2022,DELIVERED,WEST
ORD001765,CUST0187,07-11-2022,DELIVERED,SOUTH
ORD001766,CUST0810,2026-01-17 04:56:05,DELIVERED,WEST
ORD001767,CUST0621,2022-01-21 12:20:28,DELIVERED,NORTH
ORD001768,CUST0525,2022-10-07 12:08:37,DELIVERED,NORTH
ORD001769,,2024-08-02 07:52:16,PLACED,NORTH
ORD001770,CUST0189,2022-07-11 03:58:27,DELIVERED,CENTRAL
ORD001771,,2024-11-09 17:12:26,DELIVERED,WEST
ORD001772,CUST0148,2026-07-06 09:14:37,CANCELLED,EAST
ORD001773,CUST0800,2024-10-12 04:02:23,DELIVERED,NORTH
ORD001774,CUST0009,2023-06-10 11:09:19,PLACED,SOUTH
ORD001775,CUST0771,2023-08-24 04:47:48,PLACED,WEST
ORD001776,,2023-12-03 06:35:35,DELIVERED,NORTH
ORD001777,CUST0741,2025-09-22 00:37:10,DELIVERED,WEST
ORD001778,CUST0510,2023-01-05 13:41:00,SHIPPED,SOUTH
ORD001779,CUST0658,2023-10-09 03:26:09,PLACED,WEST
ORD001780,CUST0499,2026-08-03 10:55:35,PLACED,SOUTH
ORD001781,CUST0384,2025-11-18 13:04:26,DELIVERED,WEST
ORD001782,,2022-08-05 03:52:13,PLACED,CENTRAL
ORD001783,CUST0847,2022-12-16 15:39:03,DELIVERED,EAST
ORD001784,CUST0809,2024-04-27 09:17:42,DELIVERED,CENTRAL
ORD001785,CUST0155,2024-08-07 13:48:44,CANCELLED,CENTRAL
ORD001786,CUST0341,2023-06-15 00:51:37,SHIPPED,CENTRAL
ORD001787,CUST0974,13-08-2022,SHIPPED,CENTRAL
ORD001788,CUST0469,2022-03-31 01:49:59,DELIVERED,CENTRAL
ORD001789,CUST0779,2023-02-17 14:18:36,DELIVERED,SOUTH
ORD001790,CUST0789,2023-04-17 10:08:36,DELIVERED,EAST
ORD001791,CUST0950,2024-10-29 05:44:32,DELIVERED,CENTRAL
ORD001792,CUST0290,2023-01-19 05:23:23,PLACED,NORTH
ORD001793,CUST0211,2026-01-28 17:54:03,DELIVERED,NORTH
ORD001794,CUST0363,03-03-2023,PLACED,CENTRAL
ORD001795,CUST0262,2023-08-21 14:41:02,DELIVERED,CENTRAL
ORD001796,,2024-11-23 18:58:20,DELIVERED,NORTH
ORD001797,CUST0148,23-06-2026,RETURNED,NORTH
ORD001798,CUST0763,2025-07-09 05:32:38,PLACED,WEST
ORD001799,CUST0489,2025-04-06 19:22:01,DELIVERED,WEST
ORD001800,CUST0651,2024-03-06 00:19:27,DELIVERED,EAST
ORD001801,CUST0850,2022-06-18 19:56:16,RETURNED,WEST
ORD001802,CUST0061,2025-05-07 21:27:45,DELIVERED,SOUTH
ORD001803,CUST0890,2026-01-20 08:53:43,PLACED,NORTH
ORD001804,CUST0099,2022-07-09 21:59:44,DELIVERED,EAST
ORD001805,CUST0163,2025-03-20 11:15:07,PLACED,EAST
ORD001806,CUST0687,2022-05-21 13:13:01,DELIVERED,EAST
ORD001807,CUST0035,2023-10-21 13:39:20,DELIVERED,EAST
ORD001808,CUST0890,2023-07-14 14:43:28,PLACED,NORTH
ORD001809,CUST0577,2023-07-01 23:26:45,DELIVERED,CENTRAL
ORD001810,CUST0699,2022-11-08 05:00:58,DELIVERED,CENTRAL
ORD001811,CUST0306,2022-01-03 05:26:07,DELIVERED,NORTH
ORD001812,CUST0528,2022-05-24 18:05:27,DELIVERED,SOUTH
ORD001813,CUST0798,2024-01-05 23:11:55,DELIVERED,SOUTH
ORD001814,CUST0237,19-07-2024,PLACED,CENTRAL
ORD001815,CUST0780,2022-10-13 20:05:07,PLACED,NORTH
ORD001816,CUST0939,2025-07-10 06:25:59,RETURNED,EAST
ORD001817,CUST0300,2024-03-25 04:09:57,PLACED,CENTRAL
ORD001818,CUST0066,23-05-2024,PLACED,CENTRAL
ORD001819,CUST0166,2022-06-27 01:04:42,CANCELLED,SOUTH
ORD001820,CUST0906,2025-03-08 22:50:01,DELIVERED,SOUTH
ORD001821,,2023-06-26 19:22:56,PLACED,WEST
ORD001822,CUST0360,2026-07-27 09:24:48,DELIVERED,EAST
ORD001823,CUST0894,2024-06-19 15:15:14,CANCELLED,EAST
ORD001824,CUST0966,2022-08-08 22:38:51,SHIPPED,EAST
ORD001825,CUST0753,2025-07-05 07:27:44,DELIVERED,SOUTH
ORD001826,CUST0389,2024-05-13 03:01:28,DELIVERED,SOUTH
ORD001827,CUST0348,2022-07-27 04:35:43,DELIVERED,SOUTH
ORD001828,CUST0988,2024-11-09 14:16:18,DELIVERED,WEST
ORD001829,CUST0931,2026-05-23 14:34:13,CANCELLED,EAST
ORD001830,CUST0957,2025-06-26 16:05:24,DELIVERED,CENTRAL
ORD001831,CUST0862,2023-07-07 22:42:09,DELIVERED,NORTH
ORD001832,CUST0616,2025-08-01 07:33:42,PLACED,NORTH
ORD001833,CUST0329,2025-03-04 17:35:56,RETURNED,SOUTH
ORD001834,CUST0867,2026-07-21 07:37:36,DELIVERED,WEST
ORD001835,CUST0763,2025-01-26 05:32:50,SHIPPED,EAST
ORD001836,CUST0462,2023-06-02 22:00:46,DELIVERED,EAST
ORD001837,CUST0789,2022-02-05 14:33:05,SHIPPED,EAST
ORD001838,CUST0101,2022-09-11 03:40:48,DELIVERED,SOUTH
ORD001839,CUST0093,2022-10-28 16:52:44,CANCELLED,WEST
ORD001840,CUST0240,2025-10-18 21:21:47,DELIVERED,CENTRAL
ORD001841,CUST0729,2024-12-17 18:49:00,DELIVERED,CENTRAL
ORD001842,,2024-04-09 14:45:04,DELIVERED,EAST
ORD001843,CUST0823,2022-03-31 06:37:01,DELIVERED,EAST
ORD001844,CUST0680,2023-07-26 02:59:42,SHIPPED,NORTH
ORD001845,CUST0439,2023-09-29 22:15:24,DELIVERED,NORTH
ORD001846,CUST0255,2022-10-19 03:39:30,DELIVERED,CENTRAL
ORD001847,CUST0990,2023-02-19 05:56:25,DELIVERED,NORTH
ORD001848,CUST0577,2025-04-27 22:40:44,RETURNED,NORTH
ORD001849,CUST0291,2022-01-28 07:38:26,CANCELLED,NORTH
ORD001850,CUST0761,2024-10-13 03:36:03,DELIVERED,CENTRAL
ORD001851,CUST0786,2022-08-03 22:57:00,CANCELLED,SOUTH
ORD001852,CUST0940,2025-11-01 22:27:30,RETURNED,CENTRAL
ORD001853,CUST0618,2023-08-07 23:09:39,DELIVERED,EAST
ORD001854,CUST0661,2022-06-07 07:30:05,DELIVERED,EAST
ORD001855,CUST0713,2022-02-16 17:12:17,DELIVERED,WEST
ORD001856,CUST0007,2022-10-09 17:02:19,PLACED,SOUTH
ORD001857,CUST0946,05-08-2022,DELIVERED,NORTH
ORD001858,CUST0507,2022-11-13 04:43:30,DELIVERED,CENTRAL
ORD001859,CUST0419,2024-09-12 17:51:19,DELIVERED,WEST
ORD001860,CUST0241,2024-07-05 15:15:48,PLACED,NORTH
ORD001861,CUST0300,2022-01-31 19:59:23,DELIVERED,CENTRAL
ORD001862,,2022-12-14 23:42:51,CANCELLED,SOUTH
ORD001863,CUST0160,2024-03-20 06:46:48,DELIVERED,WEST
ORD001864,CUST0798,2024-02-27 21:56:06,DELIVERED,EAST
ORD001865,CUST0273,26-09-2025,DELIVERED,EAST
ORD001866,CUST0653,2022-08-31 08:57:11,RETURNED,EAST
ORD001867,CUST0939,2022-10-18 03:15:23,DELIVERED,WEST
ORD001868,CUST0829,06-03-2024,CANCELLED,SOUTH
ORD001869,CUST0053,2026-07-24 23:37:16,SHIPPED,SOUTH
ORD001870,CUST0226,2026-03-13 04:05:46,CANCELLED,CENTRAL
ORD001871,CUST0569,2023-08-23 18:19:40,PLACED,EAST
ORD001872,CUST0747,2025-05-15 02:42:57,DELIVERED,SOUTH
ORD001873,,2022-07-26 13:24:33,DELIVERED,EAST
ORD001874,CUST0721,2024-03-05 10:35:15,DELIVERED,SOUTH
ORD001875,CUST0936,2023-11-07 08:28:16,PLACED,NORTH
ORD001876,CUST0825,2026-04-08 10:03:13,DELIVERED,SOUTH
ORD001877,CUST0825,2025-04-13 15:27:18,PLACED,WEST
ORD001878,CUST0371,2026-03-05 04:02:50,DELIVERED,WEST
ORD001879,CUST0363,2022-07-21 04:52:41,DELIVERED,CENTRAL
ORD001880,CUST0112,2024-01-12 09:27:05,CANCELLED,NORTH
ORD001881,CUST0820,2024-08-03 05:51:13,DELIVERED,SOUTH
ORD001882,CUST0313,2026-04-03 13:27:51,DELIVERED,WEST
ORD001883,CUST0038,2022-05-13 16:04:33,DELIVERED,NORTH
ORD001884,CUST0496,2024-01-11 13:59:27,DELIVERED,WEST
ORD001885,CUST0670,2023-04-16 17:31:05,PLACED,NORTH
ORD001886,CUST0336,13-04-2023,SHIPPED,WEST
ORD001887,CUST0087,2023-09-10 18:19:22,DELIVERED,SOUTH
ORD001888,CUST0181,2022-12-20 12:05:59,DELIVERED,CENTRAL
ORD001889,CUST0166,2024-07-12 06:46:11,DELIVERED,NORTH
ORD001890,CUST0461,2022-10-06 00:22:28,CANCELLED,SOUTH
ORD001891,CUST0946,2025-12-17 07:31:09,SHIPPED,CENTRAL
ORD001892,CUST0439,2024-05-05 05:02:15,PLACED,CENTRAL
ORD001893,CUST0531,2024-08-31 22:06:50,CANCELLED,NORTH
ORD001894,CUST0547,2024-12-07 14:19:21,SHIPPED,NORTH
ORD001895,CUST0786,2026-05-12 08:34:03,DELIVERED,NORTH
ORD001896,CUST0941,2025-05-21 05:16:17,DELIVERED,NORTH
ORD001897,CUST0361,2024-07-09 15:37:18,DELIVERED,EAST
ORD001898,CUST0680,2023-10-21 14:58:55,DELIVERED,CENTRAL
ORD001899,CUST0495,2025-12-26 12:20:33,SHIPPED,NORTH
ORD001900,CUST0867,2023-05-10 19:11:10,DELIVERED,WEST
ORD001901,CUST0441,2022-09-24 16:34:55,SHIPPED,SOUTH
ORD001902,CUST0670,2024-09-14 03:45:38,PLACED,WEST
ORD001903,CUST0678,2024-09-30 15:30:27,RETURNED,NORTH
ORD001904,CUST0069,2023-08-27 05:44:18,DELIVERED,NORTH
ORD001905,CUST0846,2024-04-07 21:00:44,PLACED,SOUTH
ORD001906,CUST0845,2025-03-30 00:17:10,CANCELLED,SOUTH
ORD001907,CUST0903,2026-03-10 15:02:40,RETURNED,CENTRAL
ORD001908,,2023-06-30 06:42:47,SHIPPED,NORTH
ORD001909,CUST0573,2022-05-27 16:24:18,CANCELLED,NORTH
ORD001910,CUST0814,2022-06-14 14:33:56,DELIVERED,NORTH
ORD001911,CUST0699,2022-03-09 10:36:08,SHIPPED,WEST
ORD001912,CUST0203,2023-07-27 13:42:59,CANCELLED,WEST
ORD001913,CUST0292,2024-06-27 15:46:24,CANCELLED,NORTH
ORD001914,CUST0957,2022-03-08 14:28:47,DELIVERED,NORTH
ORD001915,CUST0389,2026-02-01 22:18:34,DELIVERED,NORTH
ORD001916,CUST0235,2025-05-23 08:11:13,DELIVERED,WEST
ORD001917,CUST0867,2022-11-24 20:50:50,DELIVERED,EAST
ORD001918,CUST0321,2026-05-01 20:30:21,PLACED,WEST
ORD001919,CUST0485,2025-08-15 12:03:21,DELIVERED,SOUTH
ORD001920,CUST0329,2023-02-25 21:24:45,DELIVERED,CENTRAL
ORD001921,CUST0485,2022-01-02 18:24:38,DELIVERED,NORTH
ORD001922,CUST0525,2024-01-15 15:01:44,PLACED,NORTH
ORD001923,CUST0687,2022-07-31 20:34:21,DELIVERED,CENTRAL
ORD001924,,2023-01-17 02:49:51,DELIVERED,EAST
ORD001925,CUST0253,2022-03-08 10:10:33,DELIVERED,NORTH
ORD001926,CUST0191,2022-11-18 12:41:18,SHIPPED,SOUTH
ORD001927,,2022-12-10 08:54:30,PLACED,EAST
ORD001928,CUST0813,2023-12-06 02:09:42,CANCELLED,SOUTH
ORD001929,CUST0297,2026-06-19 01:12:56,DELIVERED,CENTRAL
ORD001930,CUST0816,2023-08-07 07:34:42,DELIVERED,SOUTH
ORD001931,CUST0181,2023-05-20 14:20:57,DELIVERED,SOUTH
ORD001932,,2025-01-05 00:58:13,DELIVERED,CENTRAL
ORD001933,CUST0244,2022-09-16 09:48:39,PLACED,CENTRAL
ORD001934,CUST0785,2026-03-19 21:47:19,CANCELLED,CENTRAL
ORD001935,CUST0160,2022-04-26 04:17:33,RETURNED,WEST
ORD001936,CUST0518,2023-09-25 21:24:30,SHIPPED,NORTH
ORD001937,CUST0633,2023-07-04 23:20:06,SHIPPED,WEST
ORD001938,CUST0988,2022-07-20 21:20:02,DELIVERED,NORTH
ORD001939,CUST0115,2024-02-02 08:27:04,PLACED,WEST
ORD001940,CUST0288,2023-10-15 05:30:10,DELIVERED,WEST
ORD001941,CUST0118,2022-10-18 00:55:29,DELIVERED,WEST
ORD001942,CUST0242,2022-01-10 20:47:32,DELIVERED,CENTRAL
ORD001943,CUST0344,2022-10-09 09:50:52,SHIPPED,NORTH
ORD001944,CUST0701,11-11-2023,PLACED,SOUTH
ORD001945,CUST0162,2025-04-06 23:17:46,SHIPPED,NORTH
ORD001946,CUST0477,2025-04-25 16:47:03,SHIPPED,CENTRAL
ORD001947,CUST0407,2026-02-27 09:09:01,SHIPPED,NORTH
ORD001948,CUST0251,2026-08-04 09:15:41,DELIVERED,CENTRAL
ORD001949,CUST0627,2026-02-16 00:16:13,DELIVERED,WEST
ORD001950,,2024-10-06 23:05:05,DELIVERED,SOUTH
ORD001951,CUST0769,2025-04-21 21:27:55,DELIVERED,NORTH
ORD001952,CUST0651,2022-04-28 06:02:28,DELIVERED,EAST
ORD001953,CUST0290,2024-11-30 12:08:38,DELIVERED,EAST
ORD001954,CUST0559,2026-02-22 19:42:53,DELIVERED,WEST
ORD001955,CUST0515,08-04-2024,DELIVERED,WEST
ORD001956,CUST0682,2026-05-15 06:07:37,CANCELLED,EAST
ORD001957,CUST0093,2025-04-14 14:15:52,SHIPPED,SOUTH
ORD001958,CUST0014,2022-08-06 19:24:58,DELIVERED,WEST
ORD001959,CUST0882,2023-09-07 16:16:58,DELIVERED,CENTRAL
ORD001960,CUST0880,2025-08-16 00:27:46,CANCELLED,SOUTH
ORD001961,CUST0288,2023-08-12 20:44:35,DELIVERED,NORTH
ORD001962,CUST0680,2024-03-18 06:11:53,DELIVERED,SOUTH
ORD001963,CUST0002,2023-12-03 01:54:56,DELIVERED,SOUTH
ORD001964,CUST0514,07-08-2023,DELIVERED,CENTRAL
ORD001965,CUST0746,2022-06-22 20:55:56,DELIVERED,SOUTH
ORD001966,CUST0196,2022-11-25 10:50:43,PLACED,CENTRAL
ORD001967,CUST0861,2025-11-24 01:42:11,PLACED,CENTRAL
ORD001968,CUST0520,2022-03-18 11:39:51,DELIVERED,WEST
ORD001969,CUST0066,2024-06-11 04:43:33,SHIPPED,CENTRAL
ORD001970,CUST0391,2022-01-31 20:50:31,DELIVERED,SOUTH
ORD001971,CUST0103,2024-05-21 23:59:41,SHIPPED,NORTH
ORD001972,CUST0867,2023-02-10 14:56:27,DELIVERED,CENTRAL
ORD001973,CUST0720,2024-06-10 10:54:38,SHIPPED,NORTH
ORD001974,CUST0291,2026-08-01 10:28:30,DELIVERED,WEST
ORD001975,CUST0507,2024-03-06 19:03:17,RETURNED,NORTH
ORD001976,CUST0702,2026-06-07 09:08:20,SHIPPED,NORTH
ORD001977,CUST0879,2026-07-15 02:31:44,CANCELLED,NORTH
ORD001978,CUST0476,2022-06-27 18:00:03,DELIVERED,SOUTH
ORD001979,CUST0203,2022-12-12 10:27:01,DELIVERED,EAST
ORD001980,CUST0090,2024-10-13 06:07:28,DELIVERED,EAST
ORD001981,CUST0528,2024-03-07 20:50:51,DELIVERED,NORTH
ORD001982,CUST0873,2026-05-02 19:31:03,SHIPPED,SOUTH
ORD001983,CUST0601,2023-07-30 17:01:30,DELIVERED,EAST
ORD001984,CUST0015,2022-01-07 21:41:09,DELIVERED,EAST
ORD001985,CUST0342,2026-02-28 09:45:16,DELIVERED,EAST
ORD001986,CUST0786,2025-05-20 00:34:57,PLACED,SOUTH
ORD001987,CUST0090,08-10-2025,DELIVERED,WEST
ORD001988,CUST0315,2024-07-22 18:23:36,DELIVERED,EAST
ORD001989,CUST0061,2026-01-30 13:39:35,DELIVERED,EAST
ORD001990,CUST0270,2024-04-28 17:00:57,CANCELLED,SOUTH
ORD001991,CUST0920,2026-05-21 02:26:40,SHIPPED,NORTH
ORD001992,CUST0823,2026-03-09 22:10:13,CANCELLED,SOUTH
ORD001993,CUST0920,2022-12-08 21:00:10,PLACED,CENTRAL
ORD001994,CUST0047,2024-07-19 23:39:32,DELIVERED,NORTH
ORD001995,CUST0251,23-04-2024,CANCELLED,SOUTH
ORD001996,CUST0477,2024-05-20 21:33:32,SHIPPED,WEST
ORD001997,CUST0474,2023-03-09 00:48:36,DELIVERED,NORTH
ORD001998,CUST0160,2026-02-14 06:40:39,CANCELLED,WEST
ORD001999,CUST0670,2026-05-09 02:57:33,DELIVERED,WEST
ORD002000,CUST0537,2023-11-05 07:56:17,DELIVERED,CENTRAL
ORD002001,CUST0426,2026-08-21 00:00:00,DELIVERED,CENTRAL
ORD002002,CUST0216,2026-11-24 00:00:00,DELIVERED,SOUTH
ORD002003,CUST0545,2027-02-04 00:00:00,DELIVERED,CENTRAL
ORD002004,CUST0518,2027-02-19 00:00:00,DELIVERED,EAST
ORD002005,CUST0358,2027-01-20 00:00:00,PLACED,EAST
ORD002006,CUST0161,2027-01-03 00:00:00,DELIVERED,WEST
ORD002007,CUST0276,2026-08-25 00:00:00,CANCELLED,WEST
ORD002008,CUST0709,2027-02-21 00:00:00,PLACED,WEST
ORD002009,CUST0726,2027-01-31 00:00:00,PLACED,WEST
ORD002010,CUST0204,2026-10-01 00:00:00,PLACED,NORTH
ORD001197,CUST0535,2025-03-11 15:57:38,SHIPPED,EAST
ORD000527,CUST0600,2025-02-17 04:05:23,DELIVERED,NORTH
ORD000394,CUST0196,2022-09-27 03:00:55,DELIVERED,NORTH
ORD001405,CUST0343,2026-06-14 20:36:12,RETURNED,NORTH
ORD000434,CUST0272,2025-07-22 04:13:18,DELIVERED,WEST
ORD000577,CUST0222,2026-02-11 22:19:22,PLACED,WEST
ORD001212,CUST0774,2023-08-01 06:24:46,SHIPPED,CENTRAL
ORD000430,CUST0691,2024-09-11 01:16:04,RETURNED,SOUTH
ORD000612,CUST0401,2023-04-26 11:39:23,PLACED,SOUTH
ORD000531,,09-03-2024,DELIVERED,SOUTH
ORD000813,CUST0998,2024-02-04 20:17:35,PLACED,SOUTH
ORD001451,CUST0860,2022-09-18 03:45:31,DELIVERED,NORTH
